--- run 1 ---
-------------------------------------------------------------
STREAM (dynamic) version — custom malloc-based implementation
-------------------------------------------------------------
This system uses 8 bytes per array element.
-------------------------------------------------------------
Array size = 341 (elements), Offset = 0 (elements)
Memory per array = 0.0 MiB (= 0.0 GiB).
Total memory required = 0.0 MiB (= 0.0 GiB).
Each kernel will be executed 20 times.
-------------------------------------------------------------
Function    Best Rate MB/s  Avg time     Min time     Max time
Copy:               inf     0.000000     0.000000     0.000001
Scale:              inf     0.000001     0.000000     0.000001
Add:                inf     0.000000     0.000000     0.000001
Triad:              inf     0.000000     0.000000     0.000001
-------------------------------------------------------------
Solution Validates: avg error less than 1.000000e-13 on all three arrays
-------------------------------------------------------------



--- run 2 ---
-------------------------------------------------------------
STREAM (dynamic) version — custom malloc-based implementation
-------------------------------------------------------------
This system uses 8 bytes per array element.
-------------------------------------------------------------
Array size = 341 (elements), Offset = 0 (elements)
Memory per array = 0.0 MiB (= 0.0 GiB).
Total memory required = 0.0 MiB (= 0.0 GiB).
Each kernel will be executed 20 times.
-------------------------------------------------------------
Function    Best Rate MB/s  Avg time     Min time     Max time
Copy:               inf     0.000000     0.000000     0.000001
Scale:              inf     0.000000     0.000000     0.000001
Add:                inf     0.000000     0.000000     0.000001
Triad:              inf     0.000000     0.000000     0.000001
-------------------------------------------------------------
Solution Validates: avg error less than 1.000000e-13 on all three arrays
-------------------------------------------------------------



--- run 3 ---
-------------------------------------------------------------
STREAM (dynamic) version — custom malloc-based implementation
-------------------------------------------------------------
This system uses 8 bytes per array element.
-------------------------------------------------------------
Array size = 341 (elements), Offset = 0 (elements)
Memory per array = 0.0 MiB (= 0.0 GiB).
Total memory required = 0.0 MiB (= 0.0 GiB).
Each kernel will be executed 20 times.
-------------------------------------------------------------
Function    Best Rate MB/s  Avg time     Min time     Max time
Copy:               inf     0.000000     0.000000     0.000001
Scale:              inf     0.000000     0.000000     0.000001
Add:                inf     0.000000     0.000000     0.000001
Triad:              inf     0.000000     0.000000     0.000001
-------------------------------------------------------------
Solution Validates: avg error less than 1.000000e-13 on all three arrays
-------------------------------------------------------------



--- run 1 ---
-------------------------------------------------------------
STREAM (dynamic) version — custom malloc-based implementation
-------------------------------------------------------------
This system uses 8 bytes per array element.
-------------------------------------------------------------
Array size = 384 (elements), Offset = 0 (elements)
Memory per array = 0.0 MiB (= 0.0 GiB).
Total memory required = 0.0 MiB (= 0.0 GiB).
Each kernel will be executed 20 times.
-------------------------------------------------------------
Function    Best Rate MB/s  Avg time     Min time     Max time
Copy:               inf     0.000000     0.000000     0.000001
Scale:              inf     0.000000     0.000000     0.000001
Add:                inf     0.000000     0.000000     0.000001
Triad:              inf     0.000000     0.000000     0.000001
-------------------------------------------------------------
Solution Validates: avg error less than 1.000000e-13 on all three arrays
-------------------------------------------------------------



--- run 2 ---
-------------------------------------------------------------
STREAM (dynamic) version — custom malloc-based implementation
-------------------------------------------------------------
This system uses 8 bytes per array element.
-------------------------------------------------------------
Array size = 384 (elements), Offset = 0 (elements)
Memory per array = 0.0 MiB (= 0.0 GiB).
Total memory required = 0.0 MiB (= 0.0 GiB).
Each kernel will be executed 20 times.
-------------------------------------------------------------
Function    Best Rate MB/s  Avg time     Min time     Max time
Copy:               inf     0.000000     0.000000     0.000001
Scale:              inf     0.000000     0.000000     0.000001
Add:                inf     0.000001     0.000000     0.000001
Triad:              inf     0.000000     0.000000     0.000001
-------------------------------------------------------------
Solution Validates: avg error less than 1.000000e-13 on all three arrays
-------------------------------------------------------------



--- run 3 ---
-------------------------------------------------------------
STREAM (dynamic) version — custom malloc-based implementation
-------------------------------------------------------------
This system uses 8 bytes per array element.
-------------------------------------------------------------
Array size = 384 (elements), Offset = 0 (elements)
Memory per array = 0.0 MiB (= 0.0 GiB).
Total memory required = 0.0 MiB (= 0.0 GiB).
Each kernel will be executed 20 times.
-------------------------------------------------------------
Function    Best Rate MB/s  Avg time     Min time     Max time
Copy:               inf     0.000000     0.000000     0.000001
Scale:              inf     0.000000     0.000000     0.000001
Add:                inf     0.000000     0.000000     0.000001
Triad:              inf     0.000000     0.000000     0.000001
-------------------------------------------------------------
Solution Validates: avg error less than 1.000000e-13 on all three arrays
-------------------------------------------------------------



--- run 1 ---
-------------------------------------------------------------
STREAM (dynamic) version — custom malloc-based implementation
-------------------------------------------------------------
This system uses 8 bytes per array element.
-------------------------------------------------------------
Array size = 426 (elements), Offset = 0 (elements)
Memory per array = 0.0 MiB (= 0.0 GiB).
Total memory required = 0.0 MiB (= 0.0 GiB).
Each kernel will be executed 20 times.
-------------------------------------------------------------
Function    Best Rate MB/s  Avg time     Min time     Max time
Copy:               inf     0.000000     0.000000     0.000001
Scale:              inf     0.000001     0.000000     0.000001
Add:                inf     0.000000     0.000000     0.000001
Triad:              inf     0.000001     0.000000     0.000001
-------------------------------------------------------------
Solution Validates: avg error less than 1.000000e-13 on all three arrays
-------------------------------------------------------------



--- run 2 ---
-------------------------------------------------------------
STREAM (dynamic) version — custom malloc-based implementation
-------------------------------------------------------------
This system uses 8 bytes per array element.
-------------------------------------------------------------
Array size = 426 (elements), Offset = 0 (elements)
Memory per array = 0.0 MiB (= 0.0 GiB).
Total memory required = 0.0 MiB (= 0.0 GiB).
Each kernel will be executed 20 times.
-------------------------------------------------------------
Function    Best Rate MB/s  Avg time     Min time     Max time
Copy:               inf     0.000000     0.000000     0.000001
Scale:              inf     0.000000     0.000000     0.000001
Add:                inf     0.000000     0.000000     0.000001
Triad:              inf     0.000001     0.000000     0.000001
-------------------------------------------------------------
Solution Validates: avg error less than 1.000000e-13 on all three arrays
-------------------------------------------------------------



--- run 3 ---
-------------------------------------------------------------
STREAM (dynamic) version — custom malloc-based implementation
-------------------------------------------------------------
This system uses 8 bytes per array element.
-------------------------------------------------------------
Array size = 426 (elements), Offset = 0 (elements)
Memory per array = 0.0 MiB (= 0.0 GiB).
Total memory required = 0.0 MiB (= 0.0 GiB).
Each kernel will be executed 20 times.
-------------------------------------------------------------
Function    Best Rate MB/s  Avg time     Min time     Max time
Copy:               inf     0.000000     0.000000     0.000001
Scale:              inf     0.000001     0.000000     0.000001
Add:                inf     0.000000     0.000000     0.000001
Triad:              inf     0.000001     0.000000     0.000001
-------------------------------------------------------------
Solution Validates: avg error less than 1.000000e-13 on all three arrays
-------------------------------------------------------------



--- run 1 ---
-------------------------------------------------------------
STREAM (dynamic) version — custom malloc-based implementation
-------------------------------------------------------------
This system uses 8 bytes per array element.
-------------------------------------------------------------
Array size = 469 (elements), Offset = 0 (elements)
Memory per array = 0.0 MiB (= 0.0 GiB).
Total memory required = 0.0 MiB (= 0.0 GiB).
Each kernel will be executed 20 times.
-------------------------------------------------------------
Function    Best Rate MB/s  Avg time     Min time     Max time
Copy:               inf     0.000000     0.000000     0.000001
Scale:              inf     0.000000     0.000000     0.000001
Add:                inf     0.000001     0.000000     0.000001
Triad:              inf     0.000000     0.000000     0.000001
-------------------------------------------------------------
Solution Validates: avg error less than 1.000000e-13 on all three arrays
-------------------------------------------------------------



--- run 2 ---
-------------------------------------------------------------
STREAM (dynamic) version — custom malloc-based implementation
-------------------------------------------------------------
This system uses 8 bytes per array element.
-------------------------------------------------------------
Array size = 469 (elements), Offset = 0 (elements)
Memory per array = 0.0 MiB (= 0.0 GiB).
Total memory required = 0.0 MiB (= 0.0 GiB).
Each kernel will be executed 20 times.
-------------------------------------------------------------
Function    Best Rate MB/s  Avg time     Min time     Max time
Copy:               inf     0.000000     0.000000     0.000001
Scale:              inf     0.000000     0.000000     0.000001
Add:                inf     0.000000     0.000000     0.000001
Triad:              inf     0.000001     0.000000     0.000001
-------------------------------------------------------------
Solution Validates: avg error less than 1.000000e-13 on all three arrays
-------------------------------------------------------------



--- run 3 ---
-------------------------------------------------------------
STREAM (dynamic) version — custom malloc-based implementation
-------------------------------------------------------------
This system uses 8 bytes per array element.
-------------------------------------------------------------
Array size = 469 (elements), Offset = 0 (elements)
Memory per array = 0.0 MiB (= 0.0 GiB).
Total memory required = 0.0 MiB (= 0.0 GiB).
Each kernel will be executed 20 times.
-------------------------------------------------------------
Function    Best Rate MB/s  Avg time     Min time     Max time
Copy:               inf     0.000000     0.000000     0.000001
Scale:              inf     0.000001     0.000000     0.000001
Add:                inf     0.000000     0.000000     0.000001
Triad:              inf     0.000001     0.000000     0.000001
-------------------------------------------------------------
Solution Validates: avg error less than 1.000000e-13 on all three arrays
-------------------------------------------------------------



--- run 1 ---
-------------------------------------------------------------
STREAM (dynamic) version — custom malloc-based implementation
-------------------------------------------------------------
This system uses 8 bytes per array element.
-------------------------------------------------------------
Array size = 554 (elements), Offset = 0 (elements)
Memory per array = 0.0 MiB (= 0.0 GiB).
Total memory required = 0.0 MiB (= 0.0 GiB).
Each kernel will be executed 20 times.
-------------------------------------------------------------
Function    Best Rate MB/s  Avg time     Min time     Max time
Copy:               inf     0.000000     0.000000     0.000001
Scale:              inf     0.000001     0.000000     0.000001
Add:                inf     0.000000     0.000000     0.000001
Triad:              inf     0.000001     0.000000     0.000001
-------------------------------------------------------------
Solution Validates: avg error less than 1.000000e-13 on all three arrays
-------------------------------------------------------------



--- run 2 ---
-------------------------------------------------------------
STREAM (dynamic) version — custom malloc-based implementation
-------------------------------------------------------------
This system uses 8 bytes per array element.
-------------------------------------------------------------
Array size = 554 (elements), Offset = 0 (elements)
Memory per array = 0.0 MiB (= 0.0 GiB).
Total memory required = 0.0 MiB (= 0.0 GiB).
Each kernel will be executed 20 times.
-------------------------------------------------------------
Function    Best Rate MB/s  Avg time     Min time     Max time
Copy:               inf     0.000000     0.000000     0.000001
Scale:              inf     0.000001     0.000000     0.000001
Add:                inf     0.000001     0.000000     0.000001
Triad:              inf     0.000001     0.000000     0.000001
-------------------------------------------------------------
Solution Validates: avg error less than 1.000000e-13 on all three arrays
-------------------------------------------------------------



--- run 3 ---
-------------------------------------------------------------
STREAM (dynamic) version — custom malloc-based implementation
-------------------------------------------------------------
This system uses 8 bytes per array element.
-------------------------------------------------------------
Array size = 554 (elements), Offset = 0 (elements)
Memory per array = 0.0 MiB (= 0.0 GiB).
Total memory required = 0.0 MiB (= 0.0 GiB).
Each kernel will be executed 20 times.
-------------------------------------------------------------
Function    Best Rate MB/s  Avg time     Min time     Max time
Copy:               inf     0.000000     0.000000     0.000001
Scale:              inf     0.000001     0.000000     0.000001
Add:                inf     0.000001     0.000000     0.000001
Triad:              inf     0.000001     0.000000     0.000001
-------------------------------------------------------------
Solution Validates: avg error less than 1.000000e-13 on all three arrays
-------------------------------------------------------------



--- run 1 ---
-------------------------------------------------------------
STREAM (dynamic) version — custom malloc-based implementation
-------------------------------------------------------------
This system uses 8 bytes per array element.
-------------------------------------------------------------
Array size = 597 (elements), Offset = 0 (elements)
Memory per array = 0.0 MiB (= 0.0 GiB).
Total memory required = 0.0 MiB (= 0.0 GiB).
Each kernel will be executed 20 times.
-------------------------------------------------------------
Function    Best Rate MB/s  Avg time     Min time     Max time
Copy:               inf     0.000000     0.000000     0.000001
Scale:              inf     0.000001     0.000000     0.000001
Add:                inf     0.000001     0.000000     0.000001
Triad:              inf     0.000001     0.000000     0.000001
-------------------------------------------------------------
Solution Validates: avg error less than 1.000000e-13 on all three arrays
-------------------------------------------------------------



--- run 2 ---
-------------------------------------------------------------
STREAM (dynamic) version — custom malloc-based implementation
-------------------------------------------------------------
This system uses 8 bytes per array element.
-------------------------------------------------------------
Array size = 597 (elements), Offset = 0 (elements)
Memory per array = 0.0 MiB (= 0.0 GiB).
Total memory required = 0.0 MiB (= 0.0 GiB).
Each kernel will be executed 20 times.
-------------------------------------------------------------
Function    Best Rate MB/s  Avg time     Min time     Max time
Copy:               inf     0.000000     0.000000     0.000001
Scale:              inf     0.000001     0.000000     0.000001
Add:                inf     0.000001     0.000000     0.000001
Triad:              inf     0.000001     0.000000     0.000001
-------------------------------------------------------------
Solution Validates: avg error less than 1.000000e-13 on all three arrays
-------------------------------------------------------------



--- run 3 ---
-------------------------------------------------------------
STREAM (dynamic) version — custom malloc-based implementation
-------------------------------------------------------------
This system uses 8 bytes per array element.
-------------------------------------------------------------
Array size = 597 (elements), Offset = 0 (elements)
Memory per array = 0.0 MiB (= 0.0 GiB).
Total memory required = 0.0 MiB (= 0.0 GiB).
Each kernel will be executed 20 times.
-------------------------------------------------------------
Function    Best Rate MB/s  Avg time     Min time     Max time
Copy:               inf     0.000000     0.000000     0.000001
Scale:              inf     0.000001     0.000000     0.000001
Add:                inf     0.000001     0.000000     0.000001
Triad:              inf     0.000001     0.000000     0.000001
-------------------------------------------------------------
Solution Validates: avg error less than 1.000000e-13 on all three arrays
-------------------------------------------------------------



--- run 1 ---
-------------------------------------------------------------
STREAM (dynamic) version — custom malloc-based implementation
-------------------------------------------------------------
This system uses 8 bytes per array element.
-------------------------------------------------------------
Array size = 682 (elements), Offset = 0 (elements)
Memory per array = 0.0 MiB (= 0.0 GiB).
Total memory required = 0.0 MiB (= 0.0 GiB).
Each kernel will be executed 20 times.
-------------------------------------------------------------
Function    Best Rate MB/s  Avg time     Min time     Max time
Copy:               inf     0.000000     0.000000     0.000001
Scale:              inf     0.000001     0.000000     0.000001
Add:                inf     0.000001     0.000000     0.000001
Triad:              inf     0.000001     0.000000     0.000001
-------------------------------------------------------------
Solution Validates: avg error less than 1.000000e-13 on all three arrays
-------------------------------------------------------------



--- run 2 ---
-------------------------------------------------------------
STREAM (dynamic) version — custom malloc-based implementation
-------------------------------------------------------------
This system uses 8 bytes per array element.
-------------------------------------------------------------
Array size = 682 (elements), Offset = 0 (elements)
Memory per array = 0.0 MiB (= 0.0 GiB).
Total memory required = 0.0 MiB (= 0.0 GiB).
Each kernel will be executed 20 times.
-------------------------------------------------------------
Function    Best Rate MB/s  Avg time     Min time     Max time
Copy:               inf     0.000000     0.000000     0.000001
Scale:              inf     0.000001     0.000000     0.000001
Add:                inf     0.000001     0.000000     0.000001
Triad:              inf     0.000001     0.000000     0.000001
-------------------------------------------------------------
Solution Validates: avg error less than 1.000000e-13 on all three arrays
-------------------------------------------------------------



--- run 3 ---
-------------------------------------------------------------
STREAM (dynamic) version — custom malloc-based implementation
-------------------------------------------------------------
This system uses 8 bytes per array element.
-------------------------------------------------------------
Array size = 682 (elements), Offset = 0 (elements)
Memory per array = 0.0 MiB (= 0.0 GiB).
Total memory required = 0.0 MiB (= 0.0 GiB).
Each kernel will be executed 20 times.
-------------------------------------------------------------
Function    Best Rate MB/s  Avg time     Min time     Max time
Copy:               inf     0.000000     0.000000     0.000001
Scale:              inf     0.000001     0.000000     0.000001
Add:                inf     0.000001     0.000000     0.000001
Triad:              inf     0.000001     0.000000     0.000001
-------------------------------------------------------------
Solution Validates: avg error less than 1.000000e-13 on all three arrays
-------------------------------------------------------------



--- run 1 ---
-------------------------------------------------------------
STREAM (dynamic) version — custom malloc-based implementation
-------------------------------------------------------------
This system uses 8 bytes per array element.
-------------------------------------------------------------
Array size = 768 (elements), Offset = 0 (elements)
Memory per array = 0.0 MiB (= 0.0 GiB).
Total memory required = 0.0 MiB (= 0.0 GiB).
Each kernel will be executed 20 times.
-------------------------------------------------------------
Function    Best Rate MB/s  Avg time     Min time     Max time
Copy:               inf     0.000000     0.000000     0.000001
Scale:              inf     0.000001     0.000000     0.000001
Add:                inf     0.000001     0.000000     0.000001
Triad:              inf     0.000001     0.000000     0.000001
-------------------------------------------------------------
Solution Validates: avg error less than 1.000000e-13 on all three arrays
-------------------------------------------------------------



--- run 2 ---
-------------------------------------------------------------
STREAM (dynamic) version — custom malloc-based implementation
-------------------------------------------------------------
This system uses 8 bytes per array element.
-------------------------------------------------------------
Array size = 768 (elements), Offset = 0 (elements)
Memory per array = 0.0 MiB (= 0.0 GiB).
Total memory required = 0.0 MiB (= 0.0 GiB).
Each kernel will be executed 20 times.
-------------------------------------------------------------
Function    Best Rate MB/s  Avg time     Min time     Max time
Copy:               inf     0.000000     0.000000     0.000001
Scale:              inf     0.000001     0.000000     0.000001
Add:                inf     0.000001     0.000000     0.000001
Triad:              inf     0.000001     0.000000     0.000001
-------------------------------------------------------------
Solution Validates: avg error less than 1.000000e-13 on all three arrays
-------------------------------------------------------------



--- run 3 ---
-------------------------------------------------------------
STREAM (dynamic) version — custom malloc-based implementation
-------------------------------------------------------------
This system uses 8 bytes per array element.
-------------------------------------------------------------
Array size = 768 (elements), Offset = 0 (elements)
Memory per array = 0.0 MiB (= 0.0 GiB).
Total memory required = 0.0 MiB (= 0.0 GiB).
Each kernel will be executed 20 times.
-------------------------------------------------------------
Function    Best Rate MB/s  Avg time     Min time     Max time
Copy:               inf     0.000000     0.000000     0.000001
Scale:              inf     0.000001     0.000000     0.000001
Add:                inf     0.000001     0.000000     0.000001
Triad:              inf     0.000001     0.000000     0.000001
-------------------------------------------------------------
Solution Validates: avg error less than 1.000000e-13 on all three arrays
-------------------------------------------------------------



--- run 1 ---
-------------------------------------------------------------
STREAM (dynamic) version — custom malloc-based implementation
-------------------------------------------------------------
This system uses 8 bytes per array element.
-------------------------------------------------------------
Array size = 853 (elements), Offset = 0 (elements)
Memory per array = 0.0 MiB (= 0.0 GiB).
Total memory required = 0.0 MiB (= 0.0 GiB).
Each kernel will be executed 20 times.
-------------------------------------------------------------
Function    Best Rate MB/s  Avg time     Min time     Max time
Copy:               inf     0.000001     0.000000     0.000001
Scale:              inf     0.000001     0.000000     0.000001
Add:                inf     0.000001     0.000000     0.000001
Triad:          21466.4     0.000001     0.000001     0.000002
-------------------------------------------------------------
Solution Validates: avg error less than 1.000000e-13 on all three arrays
-------------------------------------------------------------



--- run 2 ---
-------------------------------------------------------------
STREAM (dynamic) version — custom malloc-based implementation
-------------------------------------------------------------
This system uses 8 bytes per array element.
-------------------------------------------------------------
Array size = 853 (elements), Offset = 0 (elements)
Memory per array = 0.0 MiB (= 0.0 GiB).
Total memory required = 0.0 MiB (= 0.0 GiB).
Each kernel will be executed 20 times.
-------------------------------------------------------------
Function    Best Rate MB/s  Avg time     Min time     Max time
Copy:               inf     0.000000     0.000000     0.000001
Scale:              inf     0.000001     0.000000     0.000001
Add:                inf     0.000001     0.000000     0.000001
Triad:          21466.4     0.000001     0.000001     0.000002
-------------------------------------------------------------
Solution Validates: avg error less than 1.000000e-13 on all three arrays
-------------------------------------------------------------



--- run 3 ---
-------------------------------------------------------------
STREAM (dynamic) version — custom malloc-based implementation
-------------------------------------------------------------
This system uses 8 bytes per array element.
-------------------------------------------------------------
Array size = 853 (elements), Offset = 0 (elements)
Memory per array = 0.0 MiB (= 0.0 GiB).
Total memory required = 0.0 MiB (= 0.0 GiB).
Each kernel will be executed 20 times.
-------------------------------------------------------------
Function    Best Rate MB/s  Avg time     Min time     Max time
Copy:               inf     0.000000     0.000000     0.000001
Scale:              inf     0.000001     0.000000     0.000001
Add:                inf     0.000001     0.000000     0.000001
Triad:          21466.4     0.000001     0.000001     0.000002
-------------------------------------------------------------
Solution Validates: avg error less than 1.000000e-13 on all three arrays
-------------------------------------------------------------



--- run 1 ---
-------------------------------------------------------------
STREAM (dynamic) version — custom malloc-based implementation
-------------------------------------------------------------
This system uses 8 bytes per array element.
-------------------------------------------------------------
Array size = 981 (elements), Offset = 0 (elements)
Memory per array = 0.0 MiB (= 0.0 GiB).
Total memory required = 0.0 MiB (= 0.0 GiB).
Each kernel will be executed 20 times.
-------------------------------------------------------------
Function    Best Rate MB/s  Avg time     Min time     Max time
Copy:               inf     0.000001     0.000000     0.000001
Scale:          16458.4     0.000001     0.000001     0.000001
Add:                inf     0.000001     0.000000     0.000001
Triad:          24687.7     0.000001     0.000001     0.000002
-------------------------------------------------------------
Solution Validates: avg error less than 1.000000e-13 on all three arrays
-------------------------------------------------------------



--- run 2 ---
-------------------------------------------------------------
STREAM (dynamic) version — custom malloc-based implementation
-------------------------------------------------------------
This system uses 8 bytes per array element.
-------------------------------------------------------------
Array size = 981 (elements), Offset = 0 (elements)
Memory per array = 0.0 MiB (= 0.0 GiB).
Total memory required = 0.0 MiB (= 0.0 GiB).
Each kernel will be executed 20 times.
-------------------------------------------------------------
Function    Best Rate MB/s  Avg time     Min time     Max time
Copy:               inf     0.000001     0.000000     0.000001
Scale:          16458.4     0.000001     0.000001     0.000001
Add:            24687.7     0.000001     0.000001     0.000001
Triad:          24687.7     0.000001     0.000001     0.000002
-------------------------------------------------------------
Solution Validates: avg error less than 1.000000e-13 on all three arrays
-------------------------------------------------------------



--- run 3 ---
-------------------------------------------------------------
STREAM (dynamic) version — custom malloc-based implementation
-------------------------------------------------------------
This system uses 8 bytes per array element.
-------------------------------------------------------------
Array size = 981 (elements), Offset = 0 (elements)
Memory per array = 0.0 MiB (= 0.0 GiB).
Total memory required = 0.0 MiB (= 0.0 GiB).
Each kernel will be executed 20 times.
-------------------------------------------------------------
Function    Best Rate MB/s  Avg time     Min time     Max time
Copy:               inf     0.000000     0.000000     0.000001
Scale:          16458.4     0.000001     0.000001     0.000001
Add:            24687.7     0.000001     0.000001     0.000001
Triad:          24687.7     0.000001     0.000001     0.000002
-------------------------------------------------------------
Solution Validates: avg error less than 1.000000e-13 on all three arrays
-------------------------------------------------------------



--- run 1 ---
-------------------------------------------------------------
STREAM (dynamic) version — custom malloc-based implementation
-------------------------------------------------------------
This system uses 8 bytes per array element.
-------------------------------------------------------------
Array size = 1066 (elements), Offset = 0 (elements)
Memory per array = 0.0 MiB (= 0.0 GiB).
Total memory required = 0.0 MiB (= 0.0 GiB).
Each kernel will be executed 20 times.
-------------------------------------------------------------
Function    Best Rate MB/s  Avg time     Min time     Max time
Copy:               inf     0.000001     0.000000     0.000001
Scale:          17884.5     0.000001     0.000001     0.000001
Add:            26826.8     0.000001     0.000001     0.000001
Triad:          26826.8     0.000001     0.000001     0.000002
-------------------------------------------------------------
Solution Validates: avg error less than 1.000000e-13 on all three arrays
-------------------------------------------------------------



--- run 2 ---
-------------------------------------------------------------
STREAM (dynamic) version — custom malloc-based implementation
-------------------------------------------------------------
This system uses 8 bytes per array element.
-------------------------------------------------------------
Array size = 1066 (elements), Offset = 0 (elements)
Memory per array = 0.0 MiB (= 0.0 GiB).
Total memory required = 0.0 MiB (= 0.0 GiB).
Each kernel will be executed 20 times.
-------------------------------------------------------------
Function    Best Rate MB/s  Avg time     Min time     Max time
Copy:               inf     0.000001     0.000000     0.000001
Scale:          17884.5     0.000001     0.000001     0.000001
Add:            26826.8     0.000001     0.000001     0.000002
Triad:          26826.8     0.000001     0.000001     0.000002
-------------------------------------------------------------
Solution Validates: avg error less than 1.000000e-13 on all three arrays
-------------------------------------------------------------



--- run 3 ---
-------------------------------------------------------------
STREAM (dynamic) version — custom malloc-based implementation
-------------------------------------------------------------
This system uses 8 bytes per array element.
-------------------------------------------------------------
Array size = 1066 (elements), Offset = 0 (elements)
Memory per array = 0.0 MiB (= 0.0 GiB).
Total memory required = 0.0 MiB (= 0.0 GiB).
Each kernel will be executed 20 times.
-------------------------------------------------------------
Function    Best Rate MB/s  Avg time     Min time     Max time
Copy:               inf     0.000001     0.000000     0.000001
Scale:          17884.5     0.000001     0.000001     0.000001
Add:            26826.8     0.000001     0.000001     0.000002
Triad:          26826.8     0.000001     0.000001     0.000002
-------------------------------------------------------------
Solution Validates: avg error less than 1.000000e-13 on all three arrays
-------------------------------------------------------------



--- run 1 ---
-------------------------------------------------------------
STREAM (dynamic) version — custom malloc-based implementation
-------------------------------------------------------------
This system uses 8 bytes per array element.
-------------------------------------------------------------
Array size = 1237 (elements), Offset = 0 (elements)
Memory per array = 0.0 MiB (= 0.0 GiB).
Total memory required = 0.0 MiB (= 0.0 GiB).
Each kernel will be executed 20 times.
-------------------------------------------------------------
Function    Best Rate MB/s  Avg time     Min time     Max time
Copy:               inf     0.000001     0.000000     0.000001
Scale:          20753.4     0.000001     0.000001     0.000002
Add:            31130.1     0.000001     0.000001     0.000002
Triad:          31130.1     0.000001     0.000001     0.000002
-------------------------------------------------------------
Solution Validates: avg error less than 1.000000e-13 on all three arrays
-------------------------------------------------------------



--- run 2 ---
-------------------------------------------------------------
STREAM (dynamic) version — custom malloc-based implementation
-------------------------------------------------------------
This system uses 8 bytes per array element.
-------------------------------------------------------------
Array size = 1237 (elements), Offset = 0 (elements)
Memory per array = 0.0 MiB (= 0.0 GiB).
Total memory required = 0.0 MiB (= 0.0 GiB).
Each kernel will be executed 20 times.
-------------------------------------------------------------
Function    Best Rate MB/s  Avg time     Min time     Max time
Copy:               inf     0.000001     0.000000     0.000001
Scale:          20753.4     0.000001     0.000001     0.000002
Add:            31130.1     0.000001     0.000001     0.000002
Triad:          31130.1     0.000002     0.000001     0.000002
-------------------------------------------------------------
Solution Validates: avg error less than 1.000000e-13 on all three arrays
-------------------------------------------------------------



--- run 3 ---
-------------------------------------------------------------
STREAM (dynamic) version — custom malloc-based implementation
-------------------------------------------------------------
This system uses 8 bytes per array element.
-------------------------------------------------------------
Array size = 1237 (elements), Offset = 0 (elements)
Memory per array = 0.0 MiB (= 0.0 GiB).
Total memory required = 0.0 MiB (= 0.0 GiB).
Each kernel will be executed 20 times.
-------------------------------------------------------------
Function    Best Rate MB/s  Avg time     Min time     Max time
Copy:               inf     0.000001     0.000000     0.000001
Scale:          20753.4     0.000001     0.000001     0.000002
Add:            31130.1     0.000001     0.000001     0.000002
Triad:          31130.1     0.000001     0.000001     0.000002
-------------------------------------------------------------
Solution Validates: avg error less than 1.000000e-13 on all three arrays
-------------------------------------------------------------



--- run 1 ---
-------------------------------------------------------------
STREAM (dynamic) version — custom malloc-based implementation
-------------------------------------------------------------
This system uses 8 bytes per array element.
-------------------------------------------------------------
Array size = 1365 (elements), Offset = 0 (elements)
Memory per array = 0.0 MiB (= 0.0 GiB).
Total memory required = 0.0 MiB (= 0.0 GiB).
Each kernel will be executed 20 times.
-------------------------------------------------------------
Function    Best Rate MB/s  Avg time     Min time     Max time
Copy:               inf     0.000001     0.000000     0.000001
Scale:          22900.9     0.000001     0.000001     0.000002
Add:            34351.3     0.000001     0.000001     0.000002
Triad:          34351.3     0.000002     0.000001     0.000002
-------------------------------------------------------------
Solution Validates: avg error less than 1.000000e-13 on all three arrays
-------------------------------------------------------------



--- run 2 ---
-------------------------------------------------------------
STREAM (dynamic) version — custom malloc-based implementation
-------------------------------------------------------------
This system uses 8 bytes per array element.
-------------------------------------------------------------
Array size = 1365 (elements), Offset = 0 (elements)
Memory per array = 0.0 MiB (= 0.0 GiB).
Total memory required = 0.0 MiB (= 0.0 GiB).
Each kernel will be executed 20 times.
-------------------------------------------------------------
Function    Best Rate MB/s  Avg time     Min time     Max time
Copy:               inf     0.000001     0.000000     0.000001
Scale:          22900.9     0.000001     0.000001     0.000002
Add:            34351.3     0.000001     0.000001     0.000002
Triad:          34351.3     0.000002     0.000001     0.000002
-------------------------------------------------------------
Solution Validates: avg error less than 1.000000e-13 on all three arrays
-------------------------------------------------------------



--- run 3 ---
-------------------------------------------------------------
STREAM (dynamic) version — custom malloc-based implementation
-------------------------------------------------------------
This system uses 8 bytes per array element.
-------------------------------------------------------------
Array size = 1365 (elements), Offset = 0 (elements)
Memory per array = 0.0 MiB (= 0.0 GiB).
Total memory required = 0.0 MiB (= 0.0 GiB).
Each kernel will be executed 20 times.
-------------------------------------------------------------
Function    Best Rate MB/s  Avg time     Min time     Max time
Copy:               inf     0.000001     0.000000     0.000001
Scale:          22900.9     0.000001     0.000001     0.000002
Add:            34351.3     0.000001     0.000001     0.000002
Triad:          34351.3     0.000002     0.000001     0.000002
-------------------------------------------------------------
Solution Validates: avg error less than 1.000000e-13 on all three arrays
-------------------------------------------------------------



--- run 1 ---
-------------------------------------------------------------
STREAM (dynamic) version — custom malloc-based implementation
-------------------------------------------------------------
This system uses 8 bytes per array element.
-------------------------------------------------------------
Array size = 1536 (elements), Offset = 0 (elements)
Memory per array = 0.0 MiB (= 0.0 GiB).
Total memory required = 0.0 MiB (= 0.0 GiB).
Each kernel will be executed 20 times.
-------------------------------------------------------------
Function    Best Rate MB/s  Avg time     Min time     Max time
Copy:               inf     0.000001     0.000000     0.000001
Scale:          25769.8     0.000002     0.000001     0.000002
Add:            38654.7     0.000001     0.000001     0.000002
Triad:          38654.7     0.000002     0.000001     0.000008
-------------------------------------------------------------
Solution Validates: avg error less than 1.000000e-13 on all three arrays
-------------------------------------------------------------



--- run 2 ---
-------------------------------------------------------------
STREAM (dynamic) version — custom malloc-based implementation
-------------------------------------------------------------
This system uses 8 bytes per array element.
-------------------------------------------------------------
Array size = 1536 (elements), Offset = 0 (elements)
Memory per array = 0.0 MiB (= 0.0 GiB).
Total memory required = 0.0 MiB (= 0.0 GiB).
Each kernel will be executed 20 times.
-------------------------------------------------------------
Function    Best Rate MB/s  Avg time     Min time     Max time
Copy:               inf     0.000001     0.000000     0.000001
Scale:          25769.8     0.000001     0.000001     0.000002
Add:            38654.7     0.000001     0.000001     0.000002
Triad:          38654.7     0.000002     0.000001     0.000002
-------------------------------------------------------------
Solution Validates: avg error less than 1.000000e-13 on all three arrays
-------------------------------------------------------------



--- run 3 ---
-------------------------------------------------------------
STREAM (dynamic) version — custom malloc-based implementation
-------------------------------------------------------------
This system uses 8 bytes per array element.
-------------------------------------------------------------
Array size = 1536 (elements), Offset = 0 (elements)
Memory per array = 0.0 MiB (= 0.0 GiB).
Total memory required = 0.0 MiB (= 0.0 GiB).
Each kernel will be executed 20 times.
-------------------------------------------------------------
Function    Best Rate MB/s  Avg time     Min time     Max time
Copy:               inf     0.000001     0.000000     0.000001
Scale:          25769.8     0.000001     0.000001     0.000002
Add:            38654.7     0.000002     0.000001     0.000002
Triad:          38654.7     0.000002     0.000001     0.000002
-------------------------------------------------------------
Solution Validates: avg error less than 1.000000e-13 on all three arrays
-------------------------------------------------------------



--- run 1 ---
-------------------------------------------------------------
STREAM (dynamic) version — custom malloc-based implementation
-------------------------------------------------------------
This system uses 8 bytes per array element.
-------------------------------------------------------------
Array size = 1706 (elements), Offset = 0 (elements)
Memory per array = 0.0 MiB (= 0.0 GiB).
Total memory required = 0.0 MiB (= 0.0 GiB).
Each kernel will be executed 20 times.
-------------------------------------------------------------
Function    Best Rate MB/s  Avg time     Min time     Max time
Copy:               inf     0.000001     0.000000     0.000001
Scale:          28621.9     0.000002     0.000001     0.000002
Add:            42932.9     0.000002     0.000001     0.000002
Triad:          21466.4     0.000002     0.000002     0.000002
-------------------------------------------------------------
Solution Validates: avg error less than 1.000000e-13 on all three arrays
-------------------------------------------------------------



--- run 2 ---
-------------------------------------------------------------
STREAM (dynamic) version — custom malloc-based implementation
-------------------------------------------------------------
This system uses 8 bytes per array element.
-------------------------------------------------------------
Array size = 1706 (elements), Offset = 0 (elements)
Memory per array = 0.0 MiB (= 0.0 GiB).
Total memory required = 0.0 MiB (= 0.0 GiB).
Each kernel will be executed 20 times.
-------------------------------------------------------------
Function    Best Rate MB/s  Avg time     Min time     Max time
Copy:               inf     0.000001     0.000000     0.000001
Scale:          28621.9     0.000002     0.000001     0.000002
Add:            42932.9     0.000002     0.000001     0.000002
Triad:          21466.4     0.000002     0.000002     0.000003
-------------------------------------------------------------
Solution Validates: avg error less than 1.000000e-13 on all three arrays
-------------------------------------------------------------



--- run 3 ---
-------------------------------------------------------------
STREAM (dynamic) version — custom malloc-based implementation
-------------------------------------------------------------
This system uses 8 bytes per array element.
-------------------------------------------------------------
Array size = 1706 (elements), Offset = 0 (elements)
Memory per array = 0.0 MiB (= 0.0 GiB).
Total memory required = 0.0 MiB (= 0.0 GiB).
Each kernel will be executed 20 times.
-------------------------------------------------------------
Function    Best Rate MB/s  Avg time     Min time     Max time
Copy:               inf     0.000001     0.000000     0.000001
Scale:          28621.9     0.000002     0.000001     0.000002
Add:            42932.9     0.000002     0.000001     0.000002
Triad:          21466.4     0.000002     0.000002     0.000002
-------------------------------------------------------------
Solution Validates: avg error less than 1.000000e-13 on all three arrays
-------------------------------------------------------------



--- run 1 ---
-------------------------------------------------------------
STREAM (dynamic) version — custom malloc-based implementation
-------------------------------------------------------------
This system uses 8 bytes per array element.
-------------------------------------------------------------
Array size = 1920 (elements), Offset = 0 (elements)
Memory per array = 0.0 MiB (= 0.0 GiB).
Total memory required = 0.0 MiB (= 0.0 GiB).
Each kernel will be executed 20 times.
-------------------------------------------------------------
Function    Best Rate MB/s  Avg time     Min time     Max time
Copy:               inf     0.000001     0.000000     0.000001
Scale:          32212.3     0.000002     0.000001     0.000002
Add:            48318.4     0.000002     0.000001     0.000002
Triad:          24159.2     0.000002     0.000002     0.000003
-------------------------------------------------------------
Solution Validates: avg error less than 1.000000e-13 on all three arrays
-------------------------------------------------------------



--- run 2 ---
-------------------------------------------------------------
STREAM (dynamic) version — custom malloc-based implementation
-------------------------------------------------------------
This system uses 8 bytes per array element.
-------------------------------------------------------------
Array size = 1920 (elements), Offset = 0 (elements)
Memory per array = 0.0 MiB (= 0.0 GiB).
Total memory required = 0.0 MiB (= 0.0 GiB).
Each kernel will be executed 20 times.
-------------------------------------------------------------
Function    Best Rate MB/s  Avg time     Min time     Max time
Copy:               inf     0.000001     0.000000     0.000001
Scale:          32212.3     0.000002     0.000001     0.000002
Add:            48318.4     0.000002     0.000001     0.000002
Triad:          24159.2     0.000002     0.000002     0.000003
-------------------------------------------------------------
Solution Validates: avg error less than 1.000000e-13 on all three arrays
-------------------------------------------------------------



--- run 3 ---
-------------------------------------------------------------
STREAM (dynamic) version — custom malloc-based implementation
-------------------------------------------------------------
This system uses 8 bytes per array element.
-------------------------------------------------------------
Array size = 1920 (elements), Offset = 0 (elements)
Memory per array = 0.0 MiB (= 0.0 GiB).
Total memory required = 0.0 MiB (= 0.0 GiB).
Each kernel will be executed 20 times.
-------------------------------------------------------------
Function    Best Rate MB/s  Avg time     Min time     Max time
Copy:           32212.3     0.000001     0.000001     0.000001
Scale:          32212.3     0.000002     0.000001     0.000002
Add:            48318.4     0.000002     0.000001     0.000002
Triad:          24159.2     0.000002     0.000002     0.000003
-------------------------------------------------------------
Solution Validates: avg error less than 1.000000e-13 on all three arrays
-------------------------------------------------------------



--- run 1 ---
-------------------------------------------------------------
STREAM (dynamic) version — custom malloc-based implementation
-------------------------------------------------------------
This system uses 8 bytes per array element.
-------------------------------------------------------------
Array size = 2176 (elements), Offset = 0 (elements)
Memory per array = 0.0 MiB (= 0.0 GiB).
Total memory required = 0.0 MiB (= 0.0 GiB).
Each kernel will be executed 20 times.
-------------------------------------------------------------
Function    Best Rate MB/s  Avg time     Min time     Max time
Copy:           36507.2     0.000001     0.000001     0.000001
Scale:          18253.6     0.000002     0.000002     0.000003
Add:            27380.4     0.000002     0.000002     0.000003
Triad:          27380.4     0.000002     0.000002     0.000002
-------------------------------------------------------------
Solution Validates: avg error less than 1.000000e-13 on all three arrays
-------------------------------------------------------------



--- run 2 ---
-------------------------------------------------------------
STREAM (dynamic) version — custom malloc-based implementation
-------------------------------------------------------------
This system uses 8 bytes per array element.
-------------------------------------------------------------
Array size = 2176 (elements), Offset = 0 (elements)
Memory per array = 0.0 MiB (= 0.0 GiB).
Total memory required = 0.0 MiB (= 0.0 GiB).
Each kernel will be executed 20 times.
-------------------------------------------------------------
Function    Best Rate MB/s  Avg time     Min time     Max time
Copy:           36507.2     0.000001     0.000001     0.000002
Scale:          18253.6     0.000002     0.000002     0.000002
Add:            27380.4     0.000002     0.000002     0.000003
Triad:          27380.4     0.000003     0.000002     0.000003
-------------------------------------------------------------
Solution Validates: avg error less than 1.000000e-13 on all three arrays
-------------------------------------------------------------



--- run 3 ---
-------------------------------------------------------------
STREAM (dynamic) version — custom malloc-based implementation
-------------------------------------------------------------
This system uses 8 bytes per array element.
-------------------------------------------------------------
Array size = 2176 (elements), Offset = 0 (elements)
Memory per array = 0.0 MiB (= 0.0 GiB).
Total memory required = 0.0 MiB (= 0.0 GiB).
Each kernel will be executed 20 times.
-------------------------------------------------------------
Function    Best Rate MB/s  Avg time     Min time     Max time
Copy:           36507.2     0.000001     0.000001     0.000002
Scale:          18253.6     0.000002     0.000002     0.000002
Add:            27380.4     0.000002     0.000002     0.000003
Triad:          27380.4     0.000003     0.000002     0.000003
-------------------------------------------------------------
Solution Validates: avg error less than 1.000000e-13 on all three arrays
-------------------------------------------------------------



--- run 1 ---
-------------------------------------------------------------
STREAM (dynamic) version — custom malloc-based implementation
-------------------------------------------------------------
This system uses 8 bytes per array element.
-------------------------------------------------------------
Array size = 2432 (elements), Offset = 0 (elements)
Memory per array = 0.0 MiB (= 0.0 GiB).
Total memory required = 0.1 MiB (= 0.0 GiB).
Each kernel will be executed 20 times.
-------------------------------------------------------------
Function    Best Rate MB/s  Avg time     Min time     Max time
Copy:           40802.2     0.000002     0.000001     0.000002
Scale:          20401.1     0.000002     0.000002     0.000003
Add:            30601.6     0.000002     0.000002     0.000002
Triad:          20401.1     0.000003     0.000003     0.000003
-------------------------------------------------------------
Solution Validates: avg error less than 1.000000e-13 on all three arrays
-------------------------------------------------------------



--- run 2 ---
-------------------------------------------------------------
STREAM (dynamic) version — custom malloc-based implementation
-------------------------------------------------------------
This system uses 8 bytes per array element.
-------------------------------------------------------------
Array size = 2432 (elements), Offset = 0 (elements)
Memory per array = 0.0 MiB (= 0.0 GiB).
Total memory required = 0.1 MiB (= 0.0 GiB).
Each kernel will be executed 20 times.
-------------------------------------------------------------
Function    Best Rate MB/s  Avg time     Min time     Max time
Copy:           40802.2     0.000001     0.000001     0.000002
Scale:          20401.1     0.000002     0.000002     0.000003
Add:            30601.6     0.000002     0.000002     0.000003
Triad:          30601.6     0.000003     0.000002     0.000003
-------------------------------------------------------------
Solution Validates: avg error less than 1.000000e-13 on all three arrays
-------------------------------------------------------------



--- run 3 ---
-------------------------------------------------------------
STREAM (dynamic) version — custom malloc-based implementation
-------------------------------------------------------------
This system uses 8 bytes per array element.
-------------------------------------------------------------
Array size = 2432 (elements), Offset = 0 (elements)
Memory per array = 0.0 MiB (= 0.0 GiB).
Total memory required = 0.1 MiB (= 0.0 GiB).
Each kernel will be executed 20 times.
-------------------------------------------------------------
Function    Best Rate MB/s  Avg time     Min time     Max time
Copy:           40802.2     0.000001     0.000001     0.000002
Scale:          20401.1     0.000003     0.000002     0.000003
Add:            30601.6     0.000002     0.000002     0.000003
Triad:          30601.6     0.000003     0.000002     0.000003
-------------------------------------------------------------
Solution Validates: avg error less than 1.000000e-13 on all three arrays
-------------------------------------------------------------



--- run 1 ---
-------------------------------------------------------------
STREAM (dynamic) version — custom malloc-based implementation
-------------------------------------------------------------
This system uses 8 bytes per array element.
-------------------------------------------------------------
Array size = 2730 (elements), Offset = 0 (elements)
Memory per array = 0.0 MiB (= 0.0 GiB).
Total memory required = 0.1 MiB (= 0.0 GiB).
Each kernel will be executed 20 times.
-------------------------------------------------------------
Function    Best Rate MB/s  Avg time     Min time     Max time
Copy:           45801.8     0.000001     0.000001     0.000002
Scale:          22900.9     0.000003     0.000002     0.000003
Add:            34351.3     0.000003     0.000002     0.000003
Triad:          22900.9     0.000003     0.000003     0.000004
-------------------------------------------------------------
Solution Validates: avg error less than 1.000000e-13 on all three arrays
-------------------------------------------------------------



--- run 2 ---
-------------------------------------------------------------
STREAM (dynamic) version — custom malloc-based implementation
-------------------------------------------------------------
This system uses 8 bytes per array element.
-------------------------------------------------------------
Array size = 2730 (elements), Offset = 0 (elements)
Memory per array = 0.0 MiB (= 0.0 GiB).
Total memory required = 0.1 MiB (= 0.0 GiB).
Each kernel will be executed 20 times.
-------------------------------------------------------------
Function    Best Rate MB/s  Avg time     Min time     Max time
Copy:           45801.8     0.000002     0.000001     0.000002
Scale:          22900.9     0.000002     0.000002     0.000003
Add:            34351.3     0.000003     0.000002     0.000003
Triad:          22900.9     0.000003     0.000003     0.000004
-------------------------------------------------------------
Solution Validates: avg error less than 1.000000e-13 on all three arrays
-------------------------------------------------------------



--- run 3 ---
-------------------------------------------------------------
STREAM (dynamic) version — custom malloc-based implementation
-------------------------------------------------------------
This system uses 8 bytes per array element.
-------------------------------------------------------------
Array size = 2730 (elements), Offset = 0 (elements)
Memory per array = 0.0 MiB (= 0.0 GiB).
Total memory required = 0.1 MiB (= 0.0 GiB).
Each kernel will be executed 20 times.
-------------------------------------------------------------
Function    Best Rate MB/s  Avg time     Min time     Max time
Copy:           45801.8     0.000002     0.000001     0.000002
Scale:          22900.9     0.000002     0.000002     0.000003
Add:            30534.5     0.000003     0.000002     0.000003
Triad:          22900.9     0.000003     0.000003     0.000004
-------------------------------------------------------------
Solution Validates: avg error less than 1.000000e-13 on all three arrays
-------------------------------------------------------------



--- run 1 ---
-------------------------------------------------------------
STREAM (dynamic) version — custom malloc-based implementation
-------------------------------------------------------------
This system uses 8 bytes per array element.
-------------------------------------------------------------
Array size = 3072 (elements), Offset = 0 (elements)
Memory per array = 0.0 MiB (= 0.0 GiB).
Total memory required = 0.1 MiB (= 0.0 GiB).
Each kernel will be executed 20 times.
-------------------------------------------------------------
Function    Best Rate MB/s  Avg time     Min time     Max time
Copy:           51539.6     0.000002     0.000001     0.000002
Scale:          17179.9     0.000003     0.000003     0.000003
Add:            25769.8     0.000003     0.000003     0.000004
Triad:          25769.8     0.000004     0.000003     0.000004
-------------------------------------------------------------
Solution Validates: avg error less than 1.000000e-13 on all three arrays
-------------------------------------------------------------



--- run 2 ---
-------------------------------------------------------------
STREAM (dynamic) version — custom malloc-based implementation
-------------------------------------------------------------
This system uses 8 bytes per array element.
-------------------------------------------------------------
Array size = 3072 (elements), Offset = 0 (elements)
Memory per array = 0.0 MiB (= 0.0 GiB).
Total memory required = 0.1 MiB (= 0.0 GiB).
Each kernel will be executed 20 times.
-------------------------------------------------------------
Function    Best Rate MB/s  Avg time     Min time     Max time
Copy:           51539.6     0.000002     0.000001     0.000002
Scale:          22906.5     0.000003     0.000002     0.000003
Add:            25769.8     0.000003     0.000003     0.000004
Triad:          25769.8     0.000004     0.000003     0.000004
-------------------------------------------------------------
Solution Validates: avg error less than 1.000000e-13 on all three arrays
-------------------------------------------------------------



--- run 3 ---
-------------------------------------------------------------
STREAM (dynamic) version — custom malloc-based implementation
-------------------------------------------------------------
This system uses 8 bytes per array element.
-------------------------------------------------------------
Array size = 3072 (elements), Offset = 0 (elements)
Memory per array = 0.0 MiB (= 0.0 GiB).
Total memory required = 0.1 MiB (= 0.0 GiB).
Each kernel will be executed 20 times.
-------------------------------------------------------------
Function    Best Rate MB/s  Avg time     Min time     Max time
Copy:           51539.6     0.000002     0.000001     0.000002
Scale:          25769.8     0.000003     0.000002     0.000003
Add:            25769.8     0.000003     0.000003     0.000004
Triad:          25769.8     0.000004     0.000003     0.000004
-------------------------------------------------------------
Solution Validates: avg error less than 1.000000e-13 on all three arrays
-------------------------------------------------------------



--- run 1 ---
-------------------------------------------------------------
STREAM (dynamic) version — custom malloc-based implementation
-------------------------------------------------------------
This system uses 8 bytes per array element.
-------------------------------------------------------------
Array size = 3456 (elements), Offset = 0 (elements)
Memory per array = 0.0 MiB (= 0.0 GiB).
Total memory required = 0.1 MiB (= 0.0 GiB).
Each kernel will be executed 20 times.
-------------------------------------------------------------
Function    Best Rate MB/s  Avg time     Min time     Max time
Copy:           28991.0     0.000002     0.000002     0.000003
Scale:          19327.4     0.000003     0.000003     0.000004
Add:            28991.0     0.000004     0.000003     0.000004
Triad:          21743.3     0.000004     0.000004     0.000005
-------------------------------------------------------------
Solution Validates: avg error less than 1.000000e-13 on all three arrays
-------------------------------------------------------------



--- run 2 ---
-------------------------------------------------------------
STREAM (dynamic) version — custom malloc-based implementation
-------------------------------------------------------------
This system uses 8 bytes per array element.
-------------------------------------------------------------
Array size = 3456 (elements), Offset = 0 (elements)
Memory per array = 0.0 MiB (= 0.0 GiB).
Total memory required = 0.1 MiB (= 0.0 GiB).
Each kernel will be executed 20 times.
-------------------------------------------------------------
Function    Best Rate MB/s  Avg time     Min time     Max time
Copy:           28991.0     0.000002     0.000002     0.000003
Scale:          19327.4     0.000003     0.000003     0.000004
Add:            28991.0     0.000004     0.000003     0.000004
Triad:          21743.3     0.000004     0.000004     0.000005
-------------------------------------------------------------
Solution Validates: avg error less than 1.000000e-13 on all three arrays
-------------------------------------------------------------



--- run 3 ---
-------------------------------------------------------------
STREAM (dynamic) version — custom malloc-based implementation
-------------------------------------------------------------
This system uses 8 bytes per array element.
-------------------------------------------------------------
Array size = 3456 (elements), Offset = 0 (elements)
Memory per array = 0.0 MiB (= 0.0 GiB).
Total memory required = 0.1 MiB (= 0.0 GiB).
Each kernel will be executed 20 times.
-------------------------------------------------------------
Function    Best Rate MB/s  Avg time     Min time     Max time
Copy:           28991.0     0.000002     0.000002     0.000003
Scale:          19327.4     0.000003     0.000003     0.000004
Add:            28991.0     0.000004     0.000003     0.000004
Triad:          21743.3     0.000004     0.000004     0.000005
-------------------------------------------------------------
Solution Validates: avg error less than 1.000000e-13 on all three arrays
-------------------------------------------------------------



--- run 1 ---
-------------------------------------------------------------
STREAM (dynamic) version — custom malloc-based implementation
-------------------------------------------------------------
This system uses 8 bytes per array element.
-------------------------------------------------------------
Array size = 3882 (elements), Offset = 0 (elements)
Memory per array = 0.0 MiB (= 0.0 GiB).
Total memory required = 0.1 MiB (= 0.0 GiB).
Each kernel will be executed 20 times.
-------------------------------------------------------------
Function    Best Rate MB/s  Avg time     Min time     Max time
Copy:           32564.6     0.000002     0.000002     0.000003
Scale:          21709.7     0.000004     0.000003     0.000004
Add:            24423.4     0.000004     0.000004     0.000005
Triad:          24423.4     0.000005     0.000004     0.000005
-------------------------------------------------------------
Solution Validates: avg error less than 1.000000e-13 on all three arrays
-------------------------------------------------------------



--- run 2 ---
-------------------------------------------------------------
STREAM (dynamic) version — custom malloc-based implementation
-------------------------------------------------------------
This system uses 8 bytes per array element.
-------------------------------------------------------------
Array size = 3882 (elements), Offset = 0 (elements)
Memory per array = 0.0 MiB (= 0.0 GiB).
Total memory required = 0.1 MiB (= 0.0 GiB).
Each kernel will be executed 20 times.
-------------------------------------------------------------
Function    Best Rate MB/s  Avg time     Min time     Max time
Copy:           32564.6     0.000002     0.000002     0.000003
Scale:          21709.7     0.000004     0.000003     0.000004
Add:            24423.4     0.000004     0.000004     0.000005
Triad:          24423.4     0.000005     0.000004     0.000005
-------------------------------------------------------------
Solution Validates: avg error less than 1.000000e-13 on all three arrays
-------------------------------------------------------------



--- run 3 ---
-------------------------------------------------------------
STREAM (dynamic) version — custom malloc-based implementation
-------------------------------------------------------------
This system uses 8 bytes per array element.
-------------------------------------------------------------
Array size = 3882 (elements), Offset = 0 (elements)
Memory per array = 0.0 MiB (= 0.0 GiB).
Total memory required = 0.1 MiB (= 0.0 GiB).
Each kernel will be executed 20 times.
-------------------------------------------------------------
Function    Best Rate MB/s  Avg time     Min time     Max time
Copy:           32564.6     0.000002     0.000002     0.000003
Scale:          21709.7     0.000004     0.000003     0.000004
Add:            24423.4     0.000004     0.000004     0.000005
Triad:          22986.8     0.000005     0.000004     0.000005
-------------------------------------------------------------
Solution Validates: avg error less than 1.000000e-13 on all three arrays
-------------------------------------------------------------



--- run 1 ---
-------------------------------------------------------------
STREAM (dynamic) version — custom malloc-based implementation
-------------------------------------------------------------
This system uses 8 bytes per array element.
-------------------------------------------------------------
Array size = 4352 (elements), Offset = 0 (elements)
Memory per array = 0.0 MiB (= 0.0 GiB).
Total memory required = 0.1 MiB (= 0.0 GiB).
Each kernel will be executed 20 times.
-------------------------------------------------------------
Function    Best Rate MB/s  Avg time     Min time     Max time
Copy:           24338.1     0.000003     0.000003     0.000003
Scale:          18253.6     0.000004     0.000004     0.000005
Add:            21904.3     0.000005     0.000005     0.000005
Triad:          21904.3     0.000005     0.000005     0.000006
-------------------------------------------------------------
Solution Validates: avg error less than 1.000000e-13 on all three arrays
-------------------------------------------------------------



--- run 2 ---
-------------------------------------------------------------
STREAM (dynamic) version — custom malloc-based implementation
-------------------------------------------------------------
This system uses 8 bytes per array element.
-------------------------------------------------------------
Array size = 4352 (elements), Offset = 0 (elements)
Memory per array = 0.0 MiB (= 0.0 GiB).
Total memory required = 0.1 MiB (= 0.0 GiB).
Each kernel will be executed 20 times.
-------------------------------------------------------------
Function    Best Rate MB/s  Avg time     Min time     Max time
Copy:           36507.2     0.000003     0.000002     0.000003
Scale:          18253.6     0.000004     0.000004     0.000004
Add:            20861.3     0.000005     0.000005     0.000006
Triad:          20861.3     0.000005     0.000005     0.000006
-------------------------------------------------------------
Solution Validates: avg error less than 1.000000e-13 on all three arrays
-------------------------------------------------------------



--- run 3 ---
-------------------------------------------------------------
STREAM (dynamic) version — custom malloc-based implementation
-------------------------------------------------------------
This system uses 8 bytes per array element.
-------------------------------------------------------------
Array size = 4352 (elements), Offset = 0 (elements)
Memory per array = 0.0 MiB (= 0.0 GiB).
Total memory required = 0.1 MiB (= 0.0 GiB).
Each kernel will be executed 20 times.
-------------------------------------------------------------
Function    Best Rate MB/s  Avg time     Min time     Max time
Copy:           36507.2     0.000003     0.000002     0.000003
Scale:          18253.6     0.000004     0.000004     0.000005
Add:            20861.3     0.000005     0.000005     0.000006
Triad:          20861.3     0.000005     0.000005     0.000006
-------------------------------------------------------------
Solution Validates: avg error less than 1.000000e-13 on all three arrays
-------------------------------------------------------------



--- run 1 ---
-------------------------------------------------------------
STREAM (dynamic) version — custom malloc-based implementation
-------------------------------------------------------------
This system uses 8 bytes per array element.
-------------------------------------------------------------
Array size = 4864 (elements), Offset = 0 (elements)
Memory per array = 0.0 MiB (= 0.0 GiB).
Total memory required = 0.1 MiB (= 0.0 GiB).
Each kernel will be executed 20 times.
-------------------------------------------------------------
Function    Best Rate MB/s  Avg time     Min time     Max time
Copy:           27201.5     0.000004     0.000003     0.000005
Scale:          20401.1     0.000005     0.000004     0.000005
Add:            23315.5     0.000006     0.000005     0.000006
Triad:          23315.5     0.000006     0.000005     0.000006
-------------------------------------------------------------
Solution Validates: avg error less than 1.000000e-13 on all three arrays
-------------------------------------------------------------



--- run 2 ---
-------------------------------------------------------------
STREAM (dynamic) version — custom malloc-based implementation
-------------------------------------------------------------
This system uses 8 bytes per array element.
-------------------------------------------------------------
Array size = 4864 (elements), Offset = 0 (elements)
Memory per array = 0.0 MiB (= 0.0 GiB).
Total memory required = 0.1 MiB (= 0.0 GiB).
Each kernel will be executed 20 times.
-------------------------------------------------------------
Function    Best Rate MB/s  Avg time     Min time     Max time
Copy:           27201.5     0.000004     0.000003     0.000005
Scale:          20401.1     0.000004     0.000004     0.000005
Add:            23315.5     0.000006     0.000005     0.000006
Triad:          23315.5     0.000006     0.000005     0.000006
-------------------------------------------------------------
Solution Validates: avg error less than 1.000000e-13 on all three arrays
-------------------------------------------------------------



--- run 3 ---
-------------------------------------------------------------
STREAM (dynamic) version — custom malloc-based implementation
-------------------------------------------------------------
This system uses 8 bytes per array element.
-------------------------------------------------------------
Array size = 4864 (elements), Offset = 0 (elements)
Memory per array = 0.0 MiB (= 0.0 GiB).
Total memory required = 0.1 MiB (= 0.0 GiB).
Each kernel will be executed 20 times.
-------------------------------------------------------------
Function    Best Rate MB/s  Avg time     Min time     Max time
Copy:           27201.5     0.000003     0.000003     0.000004
Scale:          20401.1     0.000005     0.000004     0.000005
Add:            23315.5     0.000006     0.000005     0.000006
Triad:          23315.5     0.000006     0.000005     0.000006
-------------------------------------------------------------
Solution Validates: avg error less than 1.000000e-13 on all three arrays
-------------------------------------------------------------



--- run 1 ---
-------------------------------------------------------------
STREAM (dynamic) version — custom malloc-based implementation
-------------------------------------------------------------
This system uses 8 bytes per array element.
-------------------------------------------------------------
Array size = 5461 (elements), Offset = 0 (elements)
Memory per array = 0.0 MiB (= 0.0 GiB).
Total memory required = 0.1 MiB (= 0.0 GiB).
Each kernel will be executed 20 times.
-------------------------------------------------------------
Function    Best Rate MB/s  Avg time     Min time     Max time
Copy:           30540.1     0.000004     0.000003     0.000004
Scale:          17451.5     0.000005     0.000005     0.000006
Add:            21988.9     0.000006     0.000006     0.000007
Triad:          21988.9     0.000006     0.000006     0.000007
-------------------------------------------------------------
Solution Validates: avg error less than 1.000000e-13 on all three arrays
-------------------------------------------------------------



--- run 2 ---
-------------------------------------------------------------
STREAM (dynamic) version — custom malloc-based implementation
-------------------------------------------------------------
This system uses 8 bytes per array element.
-------------------------------------------------------------
Array size = 5461 (elements), Offset = 0 (elements)
Memory per array = 0.0 MiB (= 0.0 GiB).
Total memory required = 0.1 MiB (= 0.0 GiB).
Each kernel will be executed 20 times.
-------------------------------------------------------------
Function    Best Rate MB/s  Avg time     Min time     Max time
Copy:           30540.1     0.000004     0.000003     0.000004
Scale:          18324.1     0.000005     0.000005     0.000005
Add:            21988.9     0.000006     0.000006     0.000007
Triad:          21988.9     0.000006     0.000006     0.000007
-------------------------------------------------------------
Solution Validates: avg error less than 1.000000e-13 on all three arrays
-------------------------------------------------------------



--- run 3 ---
-------------------------------------------------------------
STREAM (dynamic) version — custom malloc-based implementation
-------------------------------------------------------------
This system uses 8 bytes per array element.
-------------------------------------------------------------
Array size = 5461 (elements), Offset = 0 (elements)
Memory per array = 0.0 MiB (= 0.0 GiB).
Total memory required = 0.1 MiB (= 0.0 GiB).
Each kernel will be executed 20 times.
-------------------------------------------------------------
Function    Best Rate MB/s  Avg time     Min time     Max time
Copy:           30540.1     0.000003     0.000003     0.000004
Scale:          17451.5     0.000005     0.000005     0.000006
Add:            21988.9     0.000007     0.000006     0.000016
Triad:          21988.9     0.000006     0.000006     0.000007
-------------------------------------------------------------
Solution Validates: avg error less than 1.000000e-13 on all three arrays
-------------------------------------------------------------



--- run 1 ---
-------------------------------------------------------------
STREAM (dynamic) version — custom malloc-based implementation
-------------------------------------------------------------
This system uses 8 bytes per array element.
-------------------------------------------------------------
Array size = 6144 (elements), Offset = 0 (elements)
Memory per array = 0.0 MiB (= 0.0 GiB).
Total memory required = 0.1 MiB (= 0.0 GiB).
Each kernel will be executed 20 times.
-------------------------------------------------------------
Function    Best Rate MB/s  Avg time     Min time     Max time
Copy:           25769.8     0.000004     0.000004     0.000005
Scale:          19634.1     0.000006     0.000005     0.000006
Add:            21326.7     0.000007     0.000007     0.000008
Triad:          21326.7     0.000007     0.000007     0.000008
-------------------------------------------------------------
Solution Validates: avg error less than 1.000000e-13 on all three arrays
-------------------------------------------------------------



--- run 2 ---
-------------------------------------------------------------
STREAM (dynamic) version — custom malloc-based implementation
-------------------------------------------------------------
This system uses 8 bytes per array element.
-------------------------------------------------------------
Array size = 6144 (elements), Offset = 0 (elements)
Memory per array = 0.0 MiB (= 0.0 GiB).
Total memory required = 0.1 MiB (= 0.0 GiB).
Each kernel will be executed 20 times.
-------------------------------------------------------------
Function    Best Rate MB/s  Avg time     Min time     Max time
Copy:           31716.7     0.000004     0.000003     0.000005
Scale:          19634.1     0.000006     0.000005     0.000006
Add:            21326.7     0.000007     0.000007     0.000008
Triad:          21326.7     0.000007     0.000007     0.000008
-------------------------------------------------------------
Solution Validates: avg error less than 1.000000e-13 on all three arrays
-------------------------------------------------------------



--- run 3 ---
-------------------------------------------------------------
STREAM (dynamic) version — custom malloc-based implementation
-------------------------------------------------------------
This system uses 8 bytes per array element.
-------------------------------------------------------------
Array size = 6144 (elements), Offset = 0 (elements)
Memory per array = 0.0 MiB (= 0.0 GiB).
Total memory required = 0.1 MiB (= 0.0 GiB).
Each kernel will be executed 20 times.
-------------------------------------------------------------
Function    Best Rate MB/s  Avg time     Min time     Max time
Copy:           25769.8     0.000005     0.000004     0.000006
Scale:          19634.1     0.000006     0.000005     0.000006
Add:            21326.7     0.000007     0.000007     0.000008
Triad:          21326.7     0.000007     0.000007     0.000008
-------------------------------------------------------------
Solution Validates: avg error less than 1.000000e-13 on all three arrays
-------------------------------------------------------------



--- run 1 ---
-------------------------------------------------------------
STREAM (dynamic) version — custom malloc-based implementation
-------------------------------------------------------------
This system uses 8 bytes per array element.
-------------------------------------------------------------
Array size = 6869 (elements), Offset = 0 (elements)
Memory per array = 0.1 MiB (= 0.0 GiB).
Total memory required = 0.2 MiB (= 0.0 GiB).
Each kernel will be executed 20 times.
-------------------------------------------------------------
Function    Best Rate MB/s  Avg time     Min time     Max time
Copy:           28810.7     0.000004     0.000004     0.000004
Scale:          18438.8     0.000007     0.000006     0.000007
Add:            23843.3     0.000007     0.000007     0.000008
Triad:          20953.2     0.000008     0.000008     0.000008
-------------------------------------------------------------
Solution Validates: avg error less than 1.000000e-13 on all three arrays
-------------------------------------------------------------



--- run 2 ---
-------------------------------------------------------------
STREAM (dynamic) version — custom malloc-based implementation
-------------------------------------------------------------
This system uses 8 bytes per array element.
-------------------------------------------------------------
Array size = 6869 (elements), Offset = 0 (elements)
Memory per array = 0.1 MiB (= 0.0 GiB).
Total memory required = 0.2 MiB (= 0.0 GiB).
Each kernel will be executed 20 times.
-------------------------------------------------------------
Function    Best Rate MB/s  Avg time     Min time     Max time
Copy:           28810.7     0.000004     0.000004     0.000004
Scale:          18438.8     0.000007     0.000006     0.000007
Add:            23843.3     0.000008     0.000007     0.000008
Triad:          23843.3     0.000008     0.000007     0.000008
-------------------------------------------------------------
Solution Validates: avg error less than 1.000000e-13 on all three arrays
-------------------------------------------------------------



--- run 3 ---
-------------------------------------------------------------
STREAM (dynamic) version — custom malloc-based implementation
-------------------------------------------------------------
This system uses 8 bytes per array element.
-------------------------------------------------------------
Array size = 6869 (elements), Offset = 0 (elements)
Memory per array = 0.1 MiB (= 0.0 GiB).
Total memory required = 0.2 MiB (= 0.0 GiB).
Each kernel will be executed 20 times.
-------------------------------------------------------------
Function    Best Rate MB/s  Avg time     Min time     Max time
Copy:           28810.7     0.000004     0.000004     0.000005
Scale:          18438.8     0.000006     0.000006     0.000007
Add:            23843.3     0.000008     0.000007     0.000008
Triad:          20953.2     0.000008     0.000008     0.000009
-------------------------------------------------------------
Solution Validates: avg error less than 1.000000e-13 on all three arrays
-------------------------------------------------------------



--- run 1 ---
-------------------------------------------------------------
STREAM (dynamic) version — custom malloc-based implementation
-------------------------------------------------------------
This system uses 8 bytes per array element.
-------------------------------------------------------------
Array size = 7722 (elements), Offset = 0 (elements)
Memory per array = 0.1 MiB (= 0.0 GiB).
Total memory required = 0.2 MiB (= 0.0 GiB).
Each kernel will be executed 20 times.
-------------------------------------------------------------
Function    Best Rate MB/s  Avg time     Min time     Max time
Copy:           25910.7     0.000005     0.000005     0.000005
Scale:          17869.5     0.000007     0.000007     0.000008
Add:            23555.2     0.000009     0.000008     0.000009
Triad:          22862.4     0.000009     0.000008     0.000009
-------------------------------------------------------------
Solution Validates: avg error less than 1.000000e-13 on all three arrays
-------------------------------------------------------------



--- run 2 ---
-------------------------------------------------------------
STREAM (dynamic) version — custom malloc-based implementation
-------------------------------------------------------------
This system uses 8 bytes per array element.
-------------------------------------------------------------
Array size = 7722 (elements), Offset = 0 (elements)
Memory per array = 0.1 MiB (= 0.0 GiB).
Total memory required = 0.2 MiB (= 0.0 GiB).
Each kernel will be executed 20 times.
-------------------------------------------------------------
Function    Best Rate MB/s  Avg time     Min time     Max time
Copy:           24676.9     0.000006     0.000005     0.000007
Scale:          17869.5     0.000007     0.000007     0.000008
Add:            23555.2     0.000009     0.000008     0.000009
Triad:          23555.2     0.000009     0.000008     0.000009
-------------------------------------------------------------
Solution Validates: avg error less than 1.000000e-13 on all three arrays
-------------------------------------------------------------



--- run 3 ---
-------------------------------------------------------------
STREAM (dynamic) version — custom malloc-based implementation
-------------------------------------------------------------
This system uses 8 bytes per array element.
-------------------------------------------------------------
Array size = 7722 (elements), Offset = 0 (elements)
Memory per array = 0.1 MiB (= 0.0 GiB).
Total memory required = 0.2 MiB (= 0.0 GiB).
Each kernel will be executed 20 times.
-------------------------------------------------------------
Function    Best Rate MB/s  Avg time     Min time     Max time
Copy:           24676.9     0.000005     0.000005     0.000006
Scale:          17869.5     0.000007     0.000007     0.000008
Add:            23555.2     0.000009     0.000008     0.000009
Triad:          21008.7     0.000009     0.000009     0.000009
-------------------------------------------------------------
Solution Validates: avg error less than 1.000000e-13 on all three arrays
-------------------------------------------------------------



--- run 1 ---
-------------------------------------------------------------
STREAM (dynamic) version — custom malloc-based implementation
-------------------------------------------------------------
This system uses 8 bytes per array element.
-------------------------------------------------------------
Array size = 8661 (elements), Offset = 0 (elements)
Memory per array = 0.1 MiB (= 0.0 GiB).
Total memory required = 0.2 MiB (= 0.0 GiB).
Each kernel will be executed 20 times.
-------------------------------------------------------------
Function    Best Rate MB/s  Avg time     Min time     Max time
Copy:           27677.6     0.000006     0.000005     0.000006
Scale:          17613.0     0.000008     0.000008     0.000009
Add:            23563.4     0.000010     0.000009     0.000010
Triad:          21264.5     0.000010     0.000010     0.000011
-------------------------------------------------------------
Solution Validates: avg error less than 1.000000e-13 on all three arrays
-------------------------------------------------------------



--- run 2 ---
-------------------------------------------------------------
STREAM (dynamic) version — custom malloc-based implementation
-------------------------------------------------------------
This system uses 8 bytes per array element.
-------------------------------------------------------------
Array size = 8661 (elements), Offset = 0 (elements)
Memory per array = 0.1 MiB (= 0.0 GiB).
Total memory required = 0.2 MiB (= 0.0 GiB).
Each kernel will be executed 20 times.
-------------------------------------------------------------
Function    Best Rate MB/s  Avg time     Min time     Max time
Copy:           27677.6     0.000006     0.000005     0.000006
Scale:          17613.0     0.000008     0.000008     0.000008
Add:            22943.3     0.000010     0.000009     0.000011
Triad:          21264.5     0.000010     0.000010     0.000011
-------------------------------------------------------------
Solution Validates: avg error less than 1.000000e-13 on all three arrays
-------------------------------------------------------------



--- run 3 ---
-------------------------------------------------------------
STREAM (dynamic) version — custom malloc-based implementation
-------------------------------------------------------------
This system uses 8 bytes per array element.
-------------------------------------------------------------
Array size = 8661 (elements), Offset = 0 (elements)
Memory per array = 0.1 MiB (= 0.0 GiB).
Total memory required = 0.2 MiB (= 0.0 GiB).
Each kernel will be executed 20 times.
-------------------------------------------------------------
Function    Best Rate MB/s  Avg time     Min time     Max time
Copy:           27677.6     0.000006     0.000005     0.000006
Scale:          17613.0     0.000008     0.000008     0.000009
Add:            21264.5     0.000010     0.000010     0.000011
Triad:          20758.2     0.000010     0.000010     0.000010
-------------------------------------------------------------
Solution Validates: avg error less than 1.000000e-13 on all three arrays
-------------------------------------------------------------



--- run 1 ---
-------------------------------------------------------------
STREAM (dynamic) version — custom malloc-based implementation
-------------------------------------------------------------
This system uses 8 bytes per array element.
-------------------------------------------------------------
Array size = 9728 (elements), Offset = 0 (elements)
Memory per array = 0.1 MiB (= 0.0 GiB).
Total memory required = 0.2 MiB (= 0.0 GiB).
Each kernel will be executed 20 times.
-------------------------------------------------------------
Function    Best Rate MB/s  Avg time     Min time     Max time
Copy:           26113.4     0.000008     0.000006     0.000008
Scale:          17644.2     0.000009     0.000009     0.000009
Add:            23315.5     0.000011     0.000010     0.000011
Triad:          21288.1     0.000011     0.000011     0.000012
-------------------------------------------------------------
Solution Validates: avg error less than 1.000000e-13 on all three arrays
-------------------------------------------------------------



--- run 2 ---
-------------------------------------------------------------
STREAM (dynamic) version — custom malloc-based implementation
-------------------------------------------------------------
This system uses 8 bytes per array element.
-------------------------------------------------------------
Array size = 9728 (elements), Offset = 0 (elements)
Memory per array = 0.1 MiB (= 0.0 GiB).
Total memory required = 0.2 MiB (= 0.0 GiB).
Each kernel will be executed 20 times.
-------------------------------------------------------------
Function    Best Rate MB/s  Avg time     Min time     Max time
Copy:           26113.4     0.000007     0.000006     0.000009
Scale:          17644.2     0.000009     0.000009     0.000010
Add:            21288.1     0.000011     0.000011     0.000012
Triad:          21288.1     0.000011     0.000011     0.000012
-------------------------------------------------------------
Solution Validates: avg error less than 1.000000e-13 on all three arrays
-------------------------------------------------------------



--- run 3 ---
-------------------------------------------------------------
STREAM (dynamic) version — custom malloc-based implementation
-------------------------------------------------------------
This system uses 8 bytes per array element.
-------------------------------------------------------------
Array size = 9728 (elements), Offset = 0 (elements)
Memory per array = 0.1 MiB (= 0.0 GiB).
Total memory required = 0.2 MiB (= 0.0 GiB).
Each kernel will be executed 20 times.
-------------------------------------------------------------
Function    Best Rate MB/s  Avg time     Min time     Max time
Copy:           26113.4     0.000006     0.000006     0.000007
Scale:          17644.2     0.000009     0.000009     0.000009
Add:            21288.1     0.000011     0.000011     0.000011
Triad:          21288.1     0.000011     0.000011     0.000012
-------------------------------------------------------------
Solution Validates: avg error less than 1.000000e-13 on all three arrays
-------------------------------------------------------------



--- run 1 ---
-------------------------------------------------------------
STREAM (dynamic) version — custom malloc-based implementation
-------------------------------------------------------------
This system uses 8 bytes per array element.
-------------------------------------------------------------
Array size = 10922 (elements), Offset = 0 (elements)
Memory per array = 0.1 MiB (= 0.0 GiB).
Total memory required = 0.2 MiB (= 0.0 GiB).
Each kernel will be executed 20 times.
-------------------------------------------------------------
Function    Best Rate MB/s  Avg time     Min time     Max time
Copy:           25274.6     0.000007     0.000007     0.000007
Scale:          17451.5     0.000010     0.000010     0.000011
Add:            21988.9     0.000012     0.000012     0.000013
Triad:          21988.9     0.000012     0.000012     0.000013
-------------------------------------------------------------
Solution Validates: avg error less than 1.000000e-13 on all three arrays
-------------------------------------------------------------



--- run 2 ---
-------------------------------------------------------------
STREAM (dynamic) version — custom malloc-based implementation
-------------------------------------------------------------
This system uses 8 bytes per array element.
-------------------------------------------------------------
Array size = 10922 (elements), Offset = 0 (elements)
Memory per array = 0.1 MiB (= 0.0 GiB).
Total memory required = 0.2 MiB (= 0.0 GiB).
Each kernel will be executed 20 times.
-------------------------------------------------------------
Function    Best Rate MB/s  Avg time     Min time     Max time
Copy:           25274.6     0.000009     0.000007     0.000009
Scale:          17451.5     0.000010     0.000010     0.000011
Add:            21988.9     0.000012     0.000012     0.000013
Triad:          21988.9     0.000013     0.000012     0.000013
-------------------------------------------------------------
Solution Validates: avg error less than 1.000000e-13 on all three arrays
-------------------------------------------------------------



--- run 3 ---
-------------------------------------------------------------
STREAM (dynamic) version — custom malloc-based implementation
-------------------------------------------------------------
This system uses 8 bytes per array element.
-------------------------------------------------------------
Array size = 10922 (elements), Offset = 0 (elements)
Memory per array = 0.1 MiB (= 0.0 GiB).
Total memory required = 0.2 MiB (= 0.0 GiB).
Each kernel will be executed 20 times.
-------------------------------------------------------------
Function    Best Rate MB/s  Avg time     Min time     Max time
Copy:           25274.6     0.000009     0.000007     0.000009
Scale:          17877.1     0.000010     0.000010     0.000011
Add:            21988.9     0.000012     0.000012     0.000013
Triad:          21988.9     0.000013     0.000012     0.000013
-------------------------------------------------------------
Solution Validates: avg error less than 1.000000e-13 on all three arrays
-------------------------------------------------------------



--- run 1 ---
-------------------------------------------------------------
STREAM (dynamic) version — custom malloc-based implementation
-------------------------------------------------------------
This system uses 8 bytes per array element.
-------------------------------------------------------------
Array size = 12245 (elements), Offset = 0 (elements)
Memory per array = 0.1 MiB (= 0.0 GiB).
Total memory required = 0.3 MiB (= 0.0 GiB).
Each kernel will be executed 20 times.
-------------------------------------------------------------
Function    Best Rate MB/s  Avg time     Min time     Max time
Copy:           28336.1     0.000008     0.000007     0.000008
Scale:          17864.1     0.000011     0.000011     0.000012
Add:            22411.3     0.000014     0.000013     0.000015
Triad:          21252.1     0.000014     0.000014     0.000015
-------------------------------------------------------------
Solution Validates: avg error less than 1.000000e-13 on all three arrays
-------------------------------------------------------------



--- run 2 ---
-------------------------------------------------------------
STREAM (dynamic) version — custom malloc-based implementation
-------------------------------------------------------------
This system uses 8 bytes per array element.
-------------------------------------------------------------
Array size = 12245 (elements), Offset = 0 (elements)
Memory per array = 0.1 MiB (= 0.0 GiB).
Total memory required = 0.3 MiB (= 0.0 GiB).
Each kernel will be executed 20 times.
-------------------------------------------------------------
Function    Best Rate MB/s  Avg time     Min time     Max time
Copy:           28336.1     0.000008     0.000007     0.000008
Scale:          17864.1     0.000011     0.000011     0.000012
Add:            22826.3     0.000014     0.000013     0.000014
Triad:          21252.1     0.000014     0.000014     0.000015
-------------------------------------------------------------
Solution Validates: avg error less than 1.000000e-13 on all three arrays
-------------------------------------------------------------



--- run 3 ---
-------------------------------------------------------------
STREAM (dynamic) version — custom malloc-based implementation
-------------------------------------------------------------
This system uses 8 bytes per array element.
-------------------------------------------------------------
Array size = 12245 (elements), Offset = 0 (elements)
Memory per array = 0.1 MiB (= 0.0 GiB).
Total memory required = 0.3 MiB (= 0.0 GiB).
Each kernel will be executed 20 times.
-------------------------------------------------------------
Function    Best Rate MB/s  Avg time     Min time     Max time
Copy:           28336.1     0.000008     0.000007     0.000012
Scale:          17864.1     0.000011     0.000011     0.000013
Add:            22826.3     0.000014     0.000013     0.000018
Triad:          20891.9     0.000014     0.000014     0.000015
-------------------------------------------------------------
Solution Validates: avg error less than 1.000000e-13 on all three arrays
-------------------------------------------------------------



--- run 1 ---
-------------------------------------------------------------
STREAM (dynamic) version — custom malloc-based implementation
-------------------------------------------------------------
This system uses 8 bytes per array element.
-------------------------------------------------------------
Array size = 13781 (elements), Offset = 0 (elements)
Memory per array = 0.1 MiB (= 0.0 GiB).
Total memory required = 0.3 MiB (= 0.0 GiB).
Each kernel will be executed 20 times.
-------------------------------------------------------------
Function    Best Rate MB/s  Avg time     Min time     Max time
Copy:           27200.8     0.000009     0.000008     0.000009
Scale:          18496.5     0.000013     0.000012     0.000013
Add:            22374.9     0.000016     0.000015     0.000033
Triad:          22019.7     0.000016     0.000015     0.000016
-------------------------------------------------------------
Solution Validates: avg error less than 1.000000e-13 on all three arrays
-------------------------------------------------------------



--- run 2 ---
-------------------------------------------------------------
STREAM (dynamic) version — custom malloc-based implementation
-------------------------------------------------------------
This system uses 8 bytes per array element.
-------------------------------------------------------------
Array size = 13781 (elements), Offset = 0 (elements)
Memory per array = 0.1 MiB (= 0.0 GiB).
Total memory required = 0.3 MiB (= 0.0 GiB).
Each kernel will be executed 20 times.
-------------------------------------------------------------
Function    Best Rate MB/s  Avg time     Min time     Max time
Copy:           28025.1     0.000010     0.000008     0.000037
Scale:          18496.5     0.000013     0.000012     0.000013
Add:            22374.9     0.000016     0.000015     0.000016
Triad:          22019.7     0.000016     0.000015     0.000016
-------------------------------------------------------------
Solution Validates: avg error less than 1.000000e-13 on all three arrays
-------------------------------------------------------------



--- run 3 ---
-------------------------------------------------------------
STREAM (dynamic) version — custom malloc-based implementation
-------------------------------------------------------------
This system uses 8 bytes per array element.
-------------------------------------------------------------
Array size = 13781 (elements), Offset = 0 (elements)
Memory per array = 0.1 MiB (= 0.0 GiB).
Total memory required = 0.3 MiB (= 0.0 GiB).
Each kernel will be executed 20 times.
-------------------------------------------------------------
Function    Best Rate MB/s  Avg time     Min time     Max time
Copy:           24995.3     0.000009     0.000009     0.000009
Scale:          18496.5     0.000013     0.000012     0.000013
Add:            22374.9     0.000015     0.000015     0.000016
Triad:          20705.1     0.000016     0.000016     0.000016
-------------------------------------------------------------
Solution Validates: avg error less than 1.000000e-13 on all three arrays
-------------------------------------------------------------



--- run 1 ---
-------------------------------------------------------------
STREAM (dynamic) version — custom malloc-based implementation
-------------------------------------------------------------
This system uses 8 bytes per array element.
-------------------------------------------------------------
Array size = 15445 (elements), Offset = 0 (elements)
Memory per array = 0.1 MiB (= 0.0 GiB).
Total memory required = 0.4 MiB (= 0.0 GiB).
Each kernel will be executed 20 times.
-------------------------------------------------------------
Function    Best Rate MB/s  Avg time     Min time     Max time
Copy:           28013.4     0.000010     0.000009     0.000010
Scale:          17870.6     0.000014     0.000014     0.000015
Add:            21897.8     0.000017     0.000017     0.000018
Triad:          21897.8     0.000018     0.000017     0.000018
-------------------------------------------------------------
Solution Validates: avg error less than 1.000000e-13 on all three arrays
-------------------------------------------------------------



--- run 2 ---
-------------------------------------------------------------
STREAM (dynamic) version — custom malloc-based implementation
-------------------------------------------------------------
This system uses 8 bytes per array element.
-------------------------------------------------------------
Array size = 15445 (elements), Offset = 0 (elements)
Memory per array = 0.1 MiB (= 0.0 GiB).
Total memory required = 0.4 MiB (= 0.0 GiB).
Each kernel will be executed 20 times.
-------------------------------------------------------------
Function    Best Rate MB/s  Avg time     Min time     Max time
Copy:           28013.4     0.000010     0.000009     0.000010
Scale:          17870.6     0.000014     0.000014     0.000015
Add:            21897.8     0.000017     0.000017     0.000018
Triad:          21897.8     0.000018     0.000017     0.000018
-------------------------------------------------------------
Solution Validates: avg error less than 1.000000e-13 on all three arrays
-------------------------------------------------------------



--- run 3 ---
-------------------------------------------------------------
STREAM (dynamic) version — custom malloc-based implementation
-------------------------------------------------------------
This system uses 8 bytes per array element.
-------------------------------------------------------------
Array size = 15445 (elements), Offset = 0 (elements)
Memory per array = 0.1 MiB (= 0.0 GiB).
Total memory required = 0.4 MiB (= 0.0 GiB).
Each kernel will be executed 20 times.
-------------------------------------------------------------
Function    Best Rate MB/s  Avg time     Min time     Max time
Copy:           28013.4     0.000010     0.000009     0.000010
Scale:          17870.6     0.000014     0.000014     0.000015
Add:            21897.8     0.000017     0.000017     0.000018
Triad:          21897.8     0.000018     0.000017     0.000018
-------------------------------------------------------------
Solution Validates: avg error less than 1.000000e-13 on all three arrays
-------------------------------------------------------------



--- run 1 ---
-------------------------------------------------------------
STREAM (dynamic) version — custom malloc-based implementation
-------------------------------------------------------------
This system uses 8 bytes per array element.
-------------------------------------------------------------
Array size = 17322 (elements), Offset = 0 (elements)
Memory per array = 0.1 MiB (= 0.0 GiB).
Total memory required = 0.4 MiB (= 0.0 GiB).
Each kernel will be executed 20 times.
-------------------------------------------------------------
Function    Best Rate MB/s  Avg time     Min time     Max time
Copy:           25270.9     0.000011     0.000011     0.000011
Scale:          18451.7     0.000016     0.000015     0.000016
Add:            20758.2     0.000023     0.000020     0.000023
Triad:          22072.0     0.000020     0.000019     0.000025
-------------------------------------------------------------
Solution Validates: avg error less than 1.000000e-13 on all three arrays
-------------------------------------------------------------



--- run 2 ---
-------------------------------------------------------------
STREAM (dynamic) version — custom malloc-based implementation
-------------------------------------------------------------
This system uses 8 bytes per array element.
-------------------------------------------------------------
Array size = 17322 (elements), Offset = 0 (elements)
Memory per array = 0.1 MiB (= 0.0 GiB).
Total memory required = 0.4 MiB (= 0.0 GiB).
Each kernel will be executed 20 times.
-------------------------------------------------------------
Function    Best Rate MB/s  Avg time     Min time     Max time
Copy:           25270.9     0.000011     0.000011     0.000012
Scale:          17350.1     0.000017     0.000016     0.000029
Add:            21796.1     0.000022     0.000019     0.000023
Triad:          20758.2     0.000024     0.000020     0.000025
-------------------------------------------------------------
Solution Validates: avg error less than 1.000000e-13 on all three arrays
-------------------------------------------------------------



--- run 3 ---
-------------------------------------------------------------
STREAM (dynamic) version — custom malloc-based implementation
-------------------------------------------------------------
This system uses 8 bytes per array element.
-------------------------------------------------------------
Array size = 17322 (elements), Offset = 0 (elements)
Memory per array = 0.1 MiB (= 0.0 GiB).
Total memory required = 0.4 MiB (= 0.0 GiB).
Each kernel will be executed 20 times.
-------------------------------------------------------------
Function    Best Rate MB/s  Avg time     Min time     Max time
Copy:           25270.9     0.000011     0.000011     0.000011
Scale:          18451.7     0.000017     0.000015     0.000031
Add:            22072.0     0.000022     0.000019     0.000023
Triad:          21008.3     0.000021     0.000020     0.000025
-------------------------------------------------------------
Solution Validates: avg error less than 1.000000e-13 on all three arrays
-------------------------------------------------------------



--- run 1 ---
-------------------------------------------------------------
STREAM (dynamic) version — custom malloc-based implementation
-------------------------------------------------------------
This system uses 8 bytes per array element.
-------------------------------------------------------------
Array size = 19456 (elements), Offset = 0 (elements)
Memory per array = 0.1 MiB (= 0.0 GiB).
Total memory required = 0.4 MiB (= 0.0 GiB).
Each kernel will be executed 20 times.
-------------------------------------------------------------
Function    Best Rate MB/s  Avg time     Min time     Max time
Copy:           26113.4     0.000014     0.000012     0.000034
Scale:          18389.7     0.000018     0.000017     0.000018
Add:            18831.8     0.000025     0.000025     0.000026
Triad:          17331.9     0.000027     0.000027     0.000028
-------------------------------------------------------------
Solution Validates: avg error less than 1.000000e-13 on all three arrays
-------------------------------------------------------------



--- run 2 ---
-------------------------------------------------------------
STREAM (dynamic) version — custom malloc-based implementation
-------------------------------------------------------------
This system uses 8 bytes per array element.
-------------------------------------------------------------
Array size = 19456 (elements), Offset = 0 (elements)
Memory per array = 0.1 MiB (= 0.0 GiB).
Total memory required = 0.4 MiB (= 0.0 GiB).
Each kernel will be executed 20 times.
-------------------------------------------------------------
Function    Best Rate MB/s  Avg time     Min time     Max time
Copy:           26113.4     0.000012     0.000012     0.000013
Scale:          18389.7     0.000019     0.000017     0.000031
Add:            21288.1     0.000023     0.000022     0.000023
Triad:          21288.1     0.000022     0.000022     0.000023
-------------------------------------------------------------
Solution Validates: avg error less than 1.000000e-13 on all three arrays
-------------------------------------------------------------



--- run 3 ---
-------------------------------------------------------------
STREAM (dynamic) version — custom malloc-based implementation
-------------------------------------------------------------
This system uses 8 bytes per array element.
-------------------------------------------------------------
Array size = 19456 (elements), Offset = 0 (elements)
Memory per array = 0.1 MiB (= 0.0 GiB).
Total memory required = 0.4 MiB (= 0.0 GiB).
Each kernel will be executed 20 times.
-------------------------------------------------------------
Function    Best Rate MB/s  Avg time     Min time     Max time
Copy:           26113.4     0.000013     0.000012     0.000013
Scale:          18389.7     0.000019     0.000017     0.000047
Add:            21059.2     0.000025     0.000022     0.000026
Triad:          17967.9     0.000028     0.000026     0.000041
-------------------------------------------------------------
Solution Validates: avg error less than 1.000000e-13 on all three arrays
-------------------------------------------------------------



--- run 1 ---
-------------------------------------------------------------
STREAM (dynamic) version — custom malloc-based implementation
-------------------------------------------------------------
This system uses 8 bytes per array element.
-------------------------------------------------------------
Array size = 21845 (elements), Offset = 0 (elements)
Memory per array = 0.2 MiB (= 0.0 GiB).
Total memory required = 0.5 MiB (= 0.0 GiB).
Each kernel will be executed 20 times.
-------------------------------------------------------------
Function    Best Rate MB/s  Avg time     Min time     Max time
Copy:           26654.4     0.000014     0.000013     0.000014
Scale:          17662.6     0.000020     0.000020     0.000020
Add:            18794.8     0.000029     0.000028     0.000043
Triad:          21144.1     0.000026     0.000025     0.000031
-------------------------------------------------------------
Solution Validates: avg error less than 1.000000e-13 on all three arrays
-------------------------------------------------------------



--- run 2 ---
-------------------------------------------------------------
STREAM (dynamic) version — custom malloc-based implementation
-------------------------------------------------------------
This system uses 8 bytes per array element.
-------------------------------------------------------------
Array size = 21845 (elements), Offset = 0 (elements)
Memory per array = 0.2 MiB (= 0.0 GiB).
Total memory required = 0.5 MiB (= 0.0 GiB).
Each kernel will be executed 20 times.
-------------------------------------------------------------
Function    Best Rate MB/s  Avg time     Min time     Max time
Copy:           27148.0     0.000014     0.000013     0.000014
Scale:          17662.6     0.000020     0.000020     0.000020
Add:            20942.8     0.000029     0.000025     0.000043
Triad:          21144.1     0.000026     0.000025     0.000031
-------------------------------------------------------------
Solution Validates: avg error less than 1.000000e-13 on all three arrays
-------------------------------------------------------------



--- run 3 ---
-------------------------------------------------------------
STREAM (dynamic) version — custom malloc-based implementation
-------------------------------------------------------------
This system uses 8 bytes per array element.
-------------------------------------------------------------
Array size = 21845 (elements), Offset = 0 (elements)
Memory per array = 0.2 MiB (= 0.0 GiB).
Total memory required = 0.5 MiB (= 0.0 GiB).
Each kernel will be executed 20 times.
-------------------------------------------------------------
Function    Best Rate MB/s  Avg time     Min time     Max time
Copy:           27148.0     0.000014     0.000013     0.000014
Scale:          17662.6     0.000020     0.000020     0.000020
Add:            21989.9     0.000027     0.000024     0.000029
Triad:          20942.8     0.000030     0.000025     0.000031
-------------------------------------------------------------
Solution Validates: avg error less than 1.000000e-13 on all three arrays
-------------------------------------------------------------



--- run 1 ---
-------------------------------------------------------------
STREAM (dynamic) version — custom malloc-based implementation
-------------------------------------------------------------
This system uses 8 bytes per array element.
-------------------------------------------------------------
Array size = 24533 (elements), Offset = 0 (elements)
Memory per array = 0.2 MiB (= 0.0 GiB).
Total memory required = 0.6 MiB (= 0.0 GiB).
Each kernel will be executed 20 times.
-------------------------------------------------------------
Function    Best Rate MB/s  Avg time     Min time     Max time
Copy:           26133.0     0.000016     0.000015     0.000017
Scale:          17895.5     0.000023     0.000022     0.000024
Add:            22656.6     0.000031     0.000026     0.000034
Triad:          21107.5     0.000036     0.000028     0.000055
-------------------------------------------------------------
Solution Validates: avg error less than 1.000000e-13 on all three arrays
-------------------------------------------------------------



--- run 2 ---
-------------------------------------------------------------
STREAM (dynamic) version — custom malloc-based implementation
-------------------------------------------------------------
This system uses 8 bytes per array element.
-------------------------------------------------------------
Array size = 24533 (elements), Offset = 0 (elements)
Memory per array = 0.2 MiB (= 0.0 GiB).
Total memory required = 0.6 MiB (= 0.0 GiB).
Each kernel will be executed 20 times.
-------------------------------------------------------------
Function    Best Rate MB/s  Avg time     Min time     Max time
Copy:           26554.5     0.000016     0.000015     0.000018
Scale:          17895.5     0.000023     0.000022     0.000023
Add:            22656.6     0.000032     0.000026     0.000034
Triad:          21107.5     0.000034     0.000028     0.000038
-------------------------------------------------------------
Solution Validates: avg error less than 1.000000e-13 on all three arrays
-------------------------------------------------------------



--- run 3 ---
-------------------------------------------------------------
STREAM (dynamic) version — custom malloc-based implementation
-------------------------------------------------------------
This system uses 8 bytes per array element.
-------------------------------------------------------------
Array size = 24533 (elements), Offset = 0 (elements)
Memory per array = 0.2 MiB (= 0.0 GiB).
Total memory required = 0.6 MiB (= 0.0 GiB).
Each kernel will be executed 20 times.
-------------------------------------------------------------
Function    Best Rate MB/s  Avg time     Min time     Max time
Copy:           26554.5     0.000016     0.000015     0.000018
Scale:          17895.5     0.000025     0.000022     0.000067
Add:            22656.6     0.000032     0.000026     0.000035
Triad:          20242.4     0.000036     0.000029     0.000038
-------------------------------------------------------------
Solution Validates: avg error less than 1.000000e-13 on all three arrays
-------------------------------------------------------------



--- run 1 ---
-------------------------------------------------------------
STREAM (dynamic) version — custom malloc-based implementation
-------------------------------------------------------------
This system uses 8 bytes per array element.
-------------------------------------------------------------
Array size = 27520 (elements), Offset = 0 (elements)
Memory per array = 0.2 MiB (= 0.0 GiB).
Total memory required = 0.6 MiB (= 0.0 GiB).
Each kernel will be executed 20 times.
-------------------------------------------------------------
Function    Best Rate MB/s  Avg time     Min time     Max time
Copy:           26011.8     0.000018     0.000017     0.000018
Scale:          17758.0     0.000025     0.000025     0.000026
Add:            21309.6     0.000034     0.000031     0.000054
Triad:          21309.6     0.000038     0.000031     0.000039
-------------------------------------------------------------
Solution Validates: avg error less than 1.000000e-13 on all three arrays
-------------------------------------------------------------



--- run 2 ---
-------------------------------------------------------------
STREAM (dynamic) version — custom malloc-based implementation
-------------------------------------------------------------
This system uses 8 bytes per array element.
-------------------------------------------------------------
Array size = 27520 (elements), Offset = 0 (elements)
Memory per array = 0.2 MiB (= 0.0 GiB).
Total memory required = 0.6 MiB (= 0.0 GiB).
Each kernel will be executed 20 times.
-------------------------------------------------------------
Function    Best Rate MB/s  Avg time     Min time     Max time
Copy:           26011.8     0.000017     0.000017     0.000018
Scale:          17758.0     0.000025     0.000025     0.000026
Add:            21986.1     0.000034     0.000030     0.000036
Triad:          21309.6     0.000033     0.000031     0.000038
-------------------------------------------------------------
Solution Validates: avg error less than 1.000000e-13 on all three arrays
-------------------------------------------------------------



--- run 3 ---
-------------------------------------------------------------
STREAM (dynamic) version — custom malloc-based implementation
-------------------------------------------------------------
This system uses 8 bytes per array element.
-------------------------------------------------------------
Array size = 27520 (elements), Offset = 0 (elements)
Memory per array = 0.2 MiB (= 0.0 GiB).
Total memory required = 0.6 MiB (= 0.0 GiB).
Each kernel will be executed 20 times.
-------------------------------------------------------------
Function    Best Rate MB/s  Avg time     Min time     Max time
Copy:           26011.8     0.000017     0.000017     0.000018
Scale:          17758.0     0.000026     0.000025     0.000040
Add:            21309.6     0.000035     0.000031     0.000036
Triad:          21309.6     0.000037     0.000031     0.000039
-------------------------------------------------------------
Solution Validates: avg error less than 1.000000e-13 on all three arrays
-------------------------------------------------------------



--- run 1 ---
-------------------------------------------------------------
STREAM (dynamic) version — custom malloc-based implementation
-------------------------------------------------------------
This system uses 8 bytes per array element.
-------------------------------------------------------------
Array size = 30890 (elements), Offset = 0 (elements)
Memory per array = 0.2 MiB (= 0.0 GiB).
Total memory required = 0.7 MiB (= 0.0 GiB).
Each kernel will be executed 20 times.
-------------------------------------------------------------
Function    Best Rate MB/s  Avg time     Min time     Max time
Copy:           26240.4     0.000020     0.000019     0.000020
Scale:          17717.9     0.000028     0.000028     0.000029
Add:            18619.7     0.000041     0.000040     0.000057
Triad:          21153.0     0.000044     0.000035     0.000063
-------------------------------------------------------------
Solution Validates: avg error less than 1.000000e-13 on all three arrays
-------------------------------------------------------------



--- run 2 ---
-------------------------------------------------------------
STREAM (dynamic) version — custom malloc-based implementation
-------------------------------------------------------------
This system uses 8 bytes per array element.
-------------------------------------------------------------
Array size = 30890 (elements), Offset = 0 (elements)
Memory per array = 0.2 MiB (= 0.0 GiB).
Total memory required = 0.7 MiB (= 0.0 GiB).
Each kernel will be executed 20 times.
-------------------------------------------------------------
Function    Best Rate MB/s  Avg time     Min time     Max time
Copy:           26240.4     0.000019     0.000019     0.000020
Scale:          17717.9     0.000028     0.000028     0.000029
Add:            18960.3     0.000040     0.000039     0.000041
Triad:          21297.9     0.000037     0.000035     0.000043
-------------------------------------------------------------
Solution Validates: avg error less than 1.000000e-13 on all three arrays
-------------------------------------------------------------



--- run 3 ---
-------------------------------------------------------------
STREAM (dynamic) version — custom malloc-based implementation
-------------------------------------------------------------
This system uses 8 bytes per array element.
-------------------------------------------------------------
Array size = 30890 (elements), Offset = 0 (elements)
Memory per array = 0.2 MiB (= 0.0 GiB).
Total memory required = 0.7 MiB (= 0.0 GiB).
Each kernel will be executed 20 times.
-------------------------------------------------------------
Function    Best Rate MB/s  Avg time     Min time     Max time
Copy:           26240.4     0.000019     0.000019     0.000020
Scale:          17717.9     0.000029     0.000028     0.000038
Add:            18960.3     0.000040     0.000039     0.000041
Triad:          17274.9     0.000043     0.000043     0.000044
-------------------------------------------------------------
Solution Validates: avg error less than 1.000000e-13 on all three arrays
-------------------------------------------------------------



--- run 1 ---
-------------------------------------------------------------
STREAM (dynamic) version — custom malloc-based implementation
-------------------------------------------------------------
This system uses 8 bytes per array element.
-------------------------------------------------------------
Array size = 34688 (elements), Offset = 0 (elements)
Memory per array = 0.3 MiB (= 0.0 GiB).
Total memory required = 0.8 MiB (= 0.0 GiB).
Each kernel will be executed 20 times.
-------------------------------------------------------------
Function    Best Rate MB/s  Avg time     Min time     Max time
Copy:           26453.1     0.000022     0.000021     0.000022
Scale:          17906.7     0.000032     0.000031     0.000032
Add:            23124.6     0.000041     0.000036     0.000060
Triad:          20909.0     0.000051     0.000040     0.000057
-------------------------------------------------------------
Solution Validates: avg error less than 1.000000e-13 on all three arrays
-------------------------------------------------------------



--- run 2 ---
-------------------------------------------------------------
STREAM (dynamic) version — custom malloc-based implementation
-------------------------------------------------------------
This system uses 8 bytes per array element.
-------------------------------------------------------------
Array size = 34688 (elements), Offset = 0 (elements)
Memory per array = 0.3 MiB (= 0.0 GiB).
Total memory required = 0.8 MiB (= 0.0 GiB).
Each kernel will be executed 20 times.
-------------------------------------------------------------
Function    Best Rate MB/s  Avg time     Min time     Max time
Copy:           26453.1     0.000022     0.000021     0.000022
Scale:          17906.7     0.000032     0.000031     0.000032
Add:            23124.6     0.000042     0.000036     0.000075
Triad:          20784.6     0.000054     0.000040     0.000066
-------------------------------------------------------------
Solution Validates: avg error less than 1.000000e-13 on all three arrays
-------------------------------------------------------------



--- run 3 ---
-------------------------------------------------------------
STREAM (dynamic) version — custom malloc-based implementation
-------------------------------------------------------------
This system uses 8 bytes per array element.
-------------------------------------------------------------
Array size = 34688 (elements), Offset = 0 (elements)
Memory per array = 0.3 MiB (= 0.0 GiB).
Total memory required = 0.8 MiB (= 0.0 GiB).
Each kernel will be executed 20 times.
-------------------------------------------------------------
Function    Best Rate MB/s  Avg time     Min time     Max time
Copy:           26453.1     0.000022     0.000021     0.000022
Scale:          17906.7     0.000032     0.000031     0.000032
Add:            23124.6     0.000042     0.000036     0.000060
Triad:          20784.6     0.000053     0.000040     0.000057
-------------------------------------------------------------
Solution Validates: avg error less than 1.000000e-13 on all three arrays
-------------------------------------------------------------



--- run 1 ---
-------------------------------------------------------------
STREAM (dynamic) version — custom malloc-based implementation
-------------------------------------------------------------
This system uses 8 bytes per array element.
-------------------------------------------------------------
Array size = 38912 (elements), Offset = 0 (elements)
Memory per array = 0.3 MiB (= 0.0 GiB).
Total memory required = 0.9 MiB (= 0.0 GiB).
Each kernel will be executed 20 times.
-------------------------------------------------------------
Function    Best Rate MB/s  Avg time     Min time     Max time
Copy:           26113.4     0.000024     0.000024     0.000025
Scale:          17764.2     0.000036     0.000035     0.000036
Add:            21761.2     0.000044     0.000043     0.000045
Triad:          21288.1     0.000047     0.000044     0.000061
-------------------------------------------------------------
Solution Validates: avg error less than 1.000000e-13 on all three arrays
-------------------------------------------------------------



--- run 2 ---
-------------------------------------------------------------
STREAM (dynamic) version — custom malloc-based implementation
-------------------------------------------------------------
This system uses 8 bytes per array element.
-------------------------------------------------------------
Array size = 38912 (elements), Offset = 0 (elements)
Memory per array = 0.3 MiB (= 0.0 GiB).
Total memory required = 0.9 MiB (= 0.0 GiB).
Each kernel will be executed 20 times.
-------------------------------------------------------------
Function    Best Rate MB/s  Avg time     Min time     Max time
Copy:           26113.4     0.000025     0.000024     0.000025
Scale:          17885.9     0.000036     0.000035     0.000036
Add:            21761.2     0.000045     0.000043     0.000056
Triad:          20835.2     0.000046     0.000045     0.000050
-------------------------------------------------------------
Solution Validates: avg error less than 1.000000e-13 on all three arrays
-------------------------------------------------------------



--- run 3 ---
-------------------------------------------------------------
STREAM (dynamic) version — custom malloc-based implementation
-------------------------------------------------------------
This system uses 8 bytes per array element.
-------------------------------------------------------------
Array size = 38912 (elements), Offset = 0 (elements)
Memory per array = 0.3 MiB (= 0.0 GiB).
Total memory required = 0.9 MiB (= 0.0 GiB).
Each kernel will be executed 20 times.
-------------------------------------------------------------
Function    Best Rate MB/s  Avg time     Min time     Max time
Copy:           26113.4     0.000025     0.000024     0.000025
Scale:          17764.2     0.000036     0.000035     0.000036
Add:            21288.1     0.000044     0.000044     0.000045
Triad:          21288.1     0.000045     0.000044     0.000046
-------------------------------------------------------------
Solution Validates: avg error less than 1.000000e-13 on all three arrays
-------------------------------------------------------------



--- run 1 ---
-------------------------------------------------------------
STREAM (dynamic) version — custom malloc-based implementation
-------------------------------------------------------------
This system uses 8 bytes per array element.
-------------------------------------------------------------
Array size = 43690 (elements), Offset = 0 (elements)
Memory per array = 0.3 MiB (= 0.0 GiB).
Total memory required = 1.0 MiB (= 0.0 GiB).
Each kernel will be executed 20 times.
-------------------------------------------------------------
Function    Best Rate MB/s  Avg time     Min time     Max time
Copy:           25946.8     0.000028     0.000027     0.000029
Scale:          17987.6     0.000041     0.000039     0.000060
Add:            20942.8     0.000057     0.000050     0.000060
Triad:          21043.0     0.000053     0.000050     0.000063
-------------------------------------------------------------
Solution Validates: avg error less than 1.000000e-13 on all three arrays
-------------------------------------------------------------



--- run 2 ---
-------------------------------------------------------------
STREAM (dynamic) version — custom malloc-based implementation
-------------------------------------------------------------
This system uses 8 bytes per array element.
-------------------------------------------------------------
Array size = 43690 (elements), Offset = 0 (elements)
Memory per array = 0.3 MiB (= 0.0 GiB).
Total memory required = 1.0 MiB (= 0.0 GiB).
Each kernel will be executed 20 times.
-------------------------------------------------------------
Function    Best Rate MB/s  Avg time     Min time     Max time
Copy:           25946.8     0.000028     0.000027     0.000028
Scale:          17878.0     0.000041     0.000039     0.000050
Add:            21349.4     0.000057     0.000049     0.000058
Triad:          17247.0     0.000061     0.000061     0.000062
-------------------------------------------------------------
Solution Validates: avg error less than 1.000000e-13 on all three arrays
-------------------------------------------------------------



--- run 3 ---
-------------------------------------------------------------
STREAM (dynamic) version — custom malloc-based implementation
-------------------------------------------------------------
This system uses 8 bytes per array element.
-------------------------------------------------------------
Array size = 43690 (elements), Offset = 0 (elements)
Memory per array = 0.3 MiB (= 0.0 GiB).
Total memory required = 1.0 MiB (= 0.0 GiB).
Each kernel will be executed 20 times.
-------------------------------------------------------------
Function    Best Rate MB/s  Avg time     Min time     Max time
Copy:           25946.8     0.000028     0.000027     0.000034
Scale:          17987.6     0.000040     0.000039     0.000040
Add:            21349.4     0.000056     0.000049     0.000057
Triad:          21043.0     0.000053     0.000050     0.000069
-------------------------------------------------------------
Solution Validates: avg error less than 1.000000e-13 on all three arrays
-------------------------------------------------------------



--- run 1 ---
-------------------------------------------------------------
STREAM (dynamic) version — custom malloc-based implementation
-------------------------------------------------------------
This system uses 8 bytes per array element.
-------------------------------------------------------------
Array size = 49024 (elements), Offset = 0 (elements)
Memory per array = 0.4 MiB (= 0.0 GiB).
Total memory required = 1.1 MiB (= 0.0 GiB).
Each kernel will be executed 20 times.
-------------------------------------------------------------
Function    Best Rate MB/s  Avg time     Min time     Max time
Copy:           26110.7     0.000031     0.000030     0.000032
Scale:          17880.1     0.000045     0.000044     0.000045
Add:            19277.0     0.000063     0.000061     0.000082
Triad:          20562.2     0.000074     0.000057     0.000078
-------------------------------------------------------------
Solution Validates: avg error less than 1.000000e-13 on all three arrays
-------------------------------------------------------------



--- run 2 ---
-------------------------------------------------------------
STREAM (dynamic) version — custom malloc-based implementation
-------------------------------------------------------------
This system uses 8 bytes per array element.
-------------------------------------------------------------
Array size = 49024 (elements), Offset = 0 (elements)
Memory per array = 0.4 MiB (= 0.0 GiB).
Total memory required = 1.1 MiB (= 0.0 GiB).
Each kernel will be executed 20 times.
-------------------------------------------------------------
Function    Best Rate MB/s  Avg time     Min time     Max time
Copy:           26110.7     0.000031     0.000030     0.000031
Scale:          17880.1     0.000054     0.000044     0.000221
Add:            23612.0     0.000059     0.000050     0.000068
Triad:          16842.7     0.000075     0.000070     0.000078
-------------------------------------------------------------
Solution Validates: avg error less than 1.000000e-13 on all three arrays
-------------------------------------------------------------



--- run 3 ---
-------------------------------------------------------------
STREAM (dynamic) version — custom malloc-based implementation
-------------------------------------------------------------
This system uses 8 bytes per array element.
-------------------------------------------------------------
Array size = 49024 (elements), Offset = 0 (elements)
Memory per array = 0.4 MiB (= 0.0 GiB).
Total memory required = 1.1 MiB (= 0.0 GiB).
Each kernel will be executed 20 times.
-------------------------------------------------------------
Function    Best Rate MB/s  Avg time     Min time     Max time
Copy:           26110.7     0.000032     0.000030     0.000047
Scale:          17880.1     0.000045     0.000044     0.000045
Add:            23612.0     0.000055     0.000050     0.000090
Triad:          21089.4     0.000072     0.000056     0.000078
-------------------------------------------------------------
Solution Validates: avg error less than 1.000000e-13 on all three arrays
-------------------------------------------------------------



--- run 1 ---
-------------------------------------------------------------
STREAM (dynamic) version — custom malloc-based implementation
-------------------------------------------------------------
This system uses 8 bytes per array element.
-------------------------------------------------------------
Array size = 55040 (elements), Offset = 0 (elements)
Memory per array = 0.4 MiB (= 0.0 GiB).
Total memory required = 1.3 MiB (= 0.0 GiB).
Each kernel will be executed 20 times.
-------------------------------------------------------------
Function    Best Rate MB/s  Avg time     Min time     Max time
Copy:           26011.8     0.000035     0.000034     0.000036
Scale:          17673.1     0.000050     0.000050     0.000051
Add:            23182.0     0.000068     0.000057     0.000078
Triad:          20673.5     0.000085     0.000064     0.000104
-------------------------------------------------------------
Solution Validates: avg error less than 1.000000e-13 on all three arrays
-------------------------------------------------------------



--- run 2 ---
-------------------------------------------------------------
STREAM (dynamic) version — custom malloc-based implementation
-------------------------------------------------------------
This system uses 8 bytes per array element.
-------------------------------------------------------------
Array size = 55040 (elements), Offset = 0 (elements)
Memory per array = 0.4 MiB (= 0.0 GiB).
Total memory required = 1.3 MiB (= 0.0 GiB).
Each kernel will be executed 20 times.
-------------------------------------------------------------
Function    Best Rate MB/s  Avg time     Min time     Max time
Copy:           26011.8     0.000035     0.000034     0.000035
Scale:          17673.1     0.000050     0.000050     0.000051
Add:            23677.4     0.000057     0.000056     0.000059
Triad:          21309.6     0.000063     0.000062     0.000069
-------------------------------------------------------------
Solution Validates: avg error less than 1.000000e-13 on all three arrays
-------------------------------------------------------------



--- run 3 ---
-------------------------------------------------------------
STREAM (dynamic) version — custom malloc-based implementation
-------------------------------------------------------------
This system uses 8 bytes per array element.
-------------------------------------------------------------
Array size = 55040 (elements), Offset = 0 (elements)
Memory per array = 0.4 MiB (= 0.0 GiB).
Total memory required = 1.3 MiB (= 0.0 GiB).
Each kernel will be executed 20 times.
-------------------------------------------------------------
Function    Best Rate MB/s  Avg time     Min time     Max time
Copy:           26011.8     0.000035     0.000034     0.000041
Scale:          17673.1     0.000050     0.000050     0.000051
Add:            23182.0     0.000064     0.000057     0.000074
Triad:          20986.8     0.000083     0.000063     0.000089
-------------------------------------------------------------
Solution Validates: avg error less than 1.000000e-13 on all three arrays
-------------------------------------------------------------



--- run 1 ---
-------------------------------------------------------------
STREAM (dynamic) version — custom malloc-based implementation
-------------------------------------------------------------
This system uses 8 bytes per array element.
-------------------------------------------------------------
Array size = 61781 (elements), Offset = 0 (elements)
Memory per array = 0.5 MiB (= 0.0 GiB).
Total memory required = 1.4 MiB (= 0.0 GiB).
Each kernel will be executed 20 times.
-------------------------------------------------------------
Function    Best Rate MB/s  Avg time     Min time     Max time
Copy:           25912.8     0.000039     0.000038     0.000040
Scale:          17642.8     0.000056     0.000056     0.000057
Add:            18564.4     0.000082     0.000080     0.000106
Triad:          21225.5     0.000077     0.000070     0.000112
-------------------------------------------------------------
Solution Validates: avg error less than 1.000000e-13 on all three arrays
-------------------------------------------------------------



--- run 2 ---
-------------------------------------------------------------
STREAM (dynamic) version — custom malloc-based implementation
-------------------------------------------------------------
This system uses 8 bytes per array element.
-------------------------------------------------------------
Array size = 61781 (elements), Offset = 0 (elements)
Memory per array = 0.5 MiB (= 0.0 GiB).
Total memory required = 1.4 MiB (= 0.0 GiB).
Each kernel will be executed 20 times.
-------------------------------------------------------------
Function    Best Rate MB/s  Avg time     Min time     Max time
Copy:           26075.8     0.000039     0.000038     0.000040
Scale:          17718.2     0.000057     0.000056     0.000057
Add:            21519.3     0.000079     0.000069     0.000081
Triad:          20869.4     0.000086     0.000071     0.000095
-------------------------------------------------------------
Solution Validates: avg error less than 1.000000e-13 on all three arrays
-------------------------------------------------------------



--- run 3 ---
-------------------------------------------------------------
STREAM (dynamic) version — custom malloc-based implementation
-------------------------------------------------------------
This system uses 8 bytes per array element.
-------------------------------------------------------------
Array size = 61781 (elements), Offset = 0 (elements)
Memory per array = 0.5 MiB (= 0.0 GiB).
Total memory required = 1.4 MiB (= 0.0 GiB).
Each kernel will be executed 20 times.
-------------------------------------------------------------
Function    Best Rate MB/s  Avg time     Min time     Max time
Copy:           25435.9     0.000040     0.000039     0.000050
Scale:          17642.8     0.000058     0.000056     0.000091
Add:            21225.5     0.000079     0.000070     0.000083
Triad:          17275.2     0.000087     0.000086     0.000087
-------------------------------------------------------------
Solution Validates: avg error less than 1.000000e-13 on all three arrays
-------------------------------------------------------------



--- run 1 ---
-------------------------------------------------------------
STREAM (dynamic) version — custom malloc-based implementation
-------------------------------------------------------------
This system uses 8 bytes per array element.
-------------------------------------------------------------
Array size = 69333 (elements), Offset = 0 (elements)
Memory per array = 0.5 MiB (= 0.0 GiB).
Total memory required = 1.6 MiB (= 0.0 GiB).
Each kernel will be executed 20 times.
-------------------------------------------------------------
Function    Best Rate MB/s  Avg time     Min time     Max time
Copy:           25849.2     0.000044     0.000043     0.000045
Scale:          17624.5     0.000064     0.000063     0.000082
Add:            23110.2     0.000086     0.000072     0.000097
Triad:          21085.5     0.000104     0.000079     0.000112
-------------------------------------------------------------
Solution Validates: avg error less than 1.000000e-13 on all three arrays
-------------------------------------------------------------



--- run 2 ---
-------------------------------------------------------------
STREAM (dynamic) version — custom malloc-based implementation
-------------------------------------------------------------
This system uses 8 bytes per array element.
-------------------------------------------------------------
Array size = 69333 (elements), Offset = 0 (elements)
Memory per array = 0.5 MiB (= 0.0 GiB).
Total memory required = 1.6 MiB (= 0.0 GiB).
Each kernel will be executed 20 times.
-------------------------------------------------------------
Function    Best Rate MB/s  Avg time     Min time     Max time
Copy:           25706.4     0.000044     0.000043     0.000046
Scale:          17624.5     0.000063     0.000063     0.000064
Add:            23110.2     0.000084     0.000072     0.000105
Triad:          21085.5     0.000092     0.000079     0.000107
-------------------------------------------------------------
Solution Validates: avg error less than 1.000000e-13 on all three arrays
-------------------------------------------------------------



--- run 3 ---
-------------------------------------------------------------
STREAM (dynamic) version — custom malloc-based implementation
-------------------------------------------------------------
This system uses 8 bytes per array element.
-------------------------------------------------------------
Array size = 69333 (elements), Offset = 0 (elements)
Memory per array = 0.5 MiB (= 0.0 GiB).
Total memory required = 1.6 MiB (= 0.0 GiB).
Each kernel will be executed 20 times.
-------------------------------------------------------------
Function    Best Rate MB/s  Avg time     Min time     Max time
Copy:           25849.2     0.000044     0.000043     0.000047
Scale:          17624.5     0.000063     0.000063     0.000064
Add:            23110.2     0.000085     0.000072     0.000091
Triad:          21085.5     0.000086     0.000079     0.000113
-------------------------------------------------------------
Solution Validates: avg error less than 1.000000e-13 on all three arrays
-------------------------------------------------------------



--- run 1 ---
-------------------------------------------------------------
STREAM (dynamic) version — custom malloc-based implementation
-------------------------------------------------------------
This system uses 8 bytes per array element.
-------------------------------------------------------------
Array size = 77866 (elements), Offset = 0 (elements)
Memory per array = 0.6 MiB (= 0.0 GiB).
Total memory required = 1.8 MiB (= 0.0 GiB).
Each kernel will be executed 20 times.
-------------------------------------------------------------
Function    Best Rate MB/s  Avg time     Min time     Max time
Copy:           24883.3     0.000052     0.000050     0.000056
Scale:          17535.2     0.000073     0.000071     0.000074
Add:            21014.1     0.000098     0.000089     0.000114
Triad:          20572.8     0.000098     0.000091     0.000117
-------------------------------------------------------------
Solution Validates: avg error less than 1.000000e-13 on all three arrays
-------------------------------------------------------------



--- run 2 ---
-------------------------------------------------------------
STREAM (dynamic) version — custom malloc-based implementation
-------------------------------------------------------------
This system uses 8 bytes per array element.
-------------------------------------------------------------
Array size = 77866 (elements), Offset = 0 (elements)
Memory per array = 0.6 MiB (= 0.0 GiB).
Total memory required = 1.8 MiB (= 0.0 GiB).
Each kernel will be executed 20 times.
-------------------------------------------------------------
Function    Best Rate MB/s  Avg time     Min time     Max time
Copy:           24883.3     0.000053     0.000050     0.000058
Scale:          17303.0     0.000075     0.000072     0.000107
Add:            20791.1     0.000092     0.000090     0.000097
Triad:          20791.1     0.000092     0.000090     0.000095
-------------------------------------------------------------
Solution Validates: avg error less than 1.000000e-13 on all three arrays
-------------------------------------------------------------



--- run 3 ---
-------------------------------------------------------------
STREAM (dynamic) version — custom malloc-based implementation
-------------------------------------------------------------
This system uses 8 bytes per array element.
-------------------------------------------------------------
Array size = 77866 (elements), Offset = 0 (elements)
Memory per array = 0.6 MiB (= 0.0 GiB).
Total memory required = 1.8 MiB (= 0.0 GiB).
Each kernel will be executed 20 times.
-------------------------------------------------------------
Function    Best Rate MB/s  Avg time     Min time     Max time
Copy:           24418.2     0.000055     0.000051     0.000098
Scale:          17535.2     0.000072     0.000071     0.000076
Add:            20736.1     0.000095     0.000090     0.000114
Triad:          21014.1     0.000094     0.000089     0.000114
-------------------------------------------------------------
Solution Validates: avg error less than 1.000000e-13 on all three arrays
-------------------------------------------------------------



--- run 1 ---
-------------------------------------------------------------
STREAM (dynamic) version — custom malloc-based implementation
-------------------------------------------------------------
This system uses 8 bytes per array element.
-------------------------------------------------------------
Array size = 87381 (elements), Offset = 0 (elements)
Memory per array = 0.7 MiB (= 0.0 GiB).
Total memory required = 2.0 MiB (= 0.0 GiB).
Each kernel will be executed 20 times.
-------------------------------------------------------------
Function    Best Rate MB/s  Avg time     Min time     Max time
Copy:           25832.8     0.000055     0.000054     0.000058
Scale:          17716.1     0.000080     0.000079     0.000081
Add:            21195.3     0.000112     0.000099     0.000127
Triad:          21195.3     0.000108     0.000099     0.000125
-------------------------------------------------------------
Solution Validates: avg error less than 1.000000e-13 on all three arrays
-------------------------------------------------------------



--- run 2 ---
-------------------------------------------------------------
STREAM (dynamic) version — custom malloc-based implementation
-------------------------------------------------------------
This system uses 8 bytes per array element.
-------------------------------------------------------------
Array size = 87381 (elements), Offset = 0 (elements)
Memory per array = 0.7 MiB (= 0.0 GiB).
Total memory required = 2.0 MiB (= 0.0 GiB).
Each kernel will be executed 20 times.
-------------------------------------------------------------
Function    Best Rate MB/s  Avg time     Min time     Max time
Copy:           25495.8     0.000056     0.000055     0.000070
Scale:          17716.1     0.000080     0.000079     0.000081
Add:            21401.6     0.000112     0.000098     0.000154
Triad:          20943.0     0.000121     0.000100     0.000125
-------------------------------------------------------------
Solution Validates: avg error less than 1.000000e-13 on all three arrays
-------------------------------------------------------------



--- run 3 ---
-------------------------------------------------------------
STREAM (dynamic) version — custom malloc-based implementation
-------------------------------------------------------------
This system uses 8 bytes per array element.
-------------------------------------------------------------
Array size = 87381 (elements), Offset = 0 (elements)
Memory per array = 0.7 MiB (= 0.0 GiB).
Total memory required = 2.0 MiB (= 0.0 GiB).
Each kernel will be executed 20 times.
-------------------------------------------------------------
Function    Best Rate MB/s  Avg time     Min time     Max time
Copy:           25495.8     0.000055     0.000055     0.000057
Scale:          17716.1     0.000080     0.000079     0.000080
Add:            21401.6     0.000115     0.000098     0.000151
Triad:          21195.3     0.000104     0.000099     0.000125
-------------------------------------------------------------
Solution Validates: avg error less than 1.000000e-13 on all three arrays
-------------------------------------------------------------



--- run 1 ---
-------------------------------------------------------------
STREAM (dynamic) version — custom malloc-based implementation
-------------------------------------------------------------
This system uses 8 bytes per array element.
-------------------------------------------------------------
Array size = 98090 (elements), Offset = 0 (elements)
Memory per array = 0.7 MiB (= 0.0 GiB).
Total memory required = 2.2 MiB (= 0.0 GiB).
Each kernel will be executed 20 times.
-------------------------------------------------------------
Function    Best Rate MB/s  Avg time     Min time     Max time
Copy:           25318.1     0.000064     0.000062     0.000068
Scale:          17460.8     0.000092     0.000090     0.000124
Add:            22856.6     0.000129     0.000103     0.000143
Triad:          20657.0     0.000152     0.000114     0.000169
-------------------------------------------------------------
Solution Validates: avg error less than 1.000000e-13 on all three arrays
-------------------------------------------------------------



--- run 2 ---
-------------------------------------------------------------
STREAM (dynamic) version — custom malloc-based implementation
-------------------------------------------------------------
This system uses 8 bytes per array element.
-------------------------------------------------------------
Array size = 98090 (elements), Offset = 0 (elements)
Memory per array = 0.7 MiB (= 0.0 GiB).
Total memory required = 2.2 MiB (= 0.0 GiB).
Each kernel will be executed 20 times.
-------------------------------------------------------------
Function    Best Rate MB/s  Avg time     Min time     Max time
Copy:           24562.3     0.000065     0.000064     0.000073
Scale:          17600.8     0.000090     0.000089     0.000091
Add:            18387.5     0.000132     0.000128     0.000137
Triad:          18387.5     0.000155     0.000128     0.000184
-------------------------------------------------------------
Solution Validates: avg error less than 1.000000e-13 on all three arrays
-------------------------------------------------------------



--- run 3 ---
-------------------------------------------------------------
STREAM (dynamic) version — custom malloc-based implementation
-------------------------------------------------------------
This system uses 8 bytes per array element.
-------------------------------------------------------------
Array size = 98090 (elements), Offset = 0 (elements)
Memory per array = 0.7 MiB (= 0.0 GiB).
Total memory required = 2.2 MiB (= 0.0 GiB).
Each kernel will be executed 20 times.
-------------------------------------------------------------
Function    Best Rate MB/s  Avg time     Min time     Max time
Copy:           25318.1     0.000064     0.000062     0.000083
Scale:          17460.8     0.000090     0.000090     0.000092
Add:            23124.3     0.000123     0.000102     0.000137
Triad:          20831.4     0.000140     0.000113     0.000163
-------------------------------------------------------------
Solution Validates: avg error less than 1.000000e-13 on all three arrays
-------------------------------------------------------------



--- run 1 ---
-------------------------------------------------------------
STREAM (dynamic) version — custom malloc-based implementation
-------------------------------------------------------------
This system uses 8 bytes per array element.
-------------------------------------------------------------
Array size = 110080 (elements), Offset = 0 (elements)
Memory per array = 0.8 MiB (= 0.0 GiB).
Total memory required = 2.5 MiB (= 0.0 GiB).
Each kernel will be executed 20 times.
-------------------------------------------------------------
Function    Best Rate MB/s  Avg time     Min time     Max time
Copy:           24789.7     0.000073     0.000071     0.000077
Scale:          17300.6     0.000103     0.000102     0.000109
Add:            22614.3     0.000120     0.000117     0.000124
Triad:          20482.5     0.000130     0.000129     0.000142
-------------------------------------------------------------
Solution Validates: avg error less than 1.000000e-13 on all three arrays
-------------------------------------------------------------



--- run 2 ---
-------------------------------------------------------------
STREAM (dynamic) version — custom malloc-based implementation
-------------------------------------------------------------
This system uses 8 bytes per array element.
-------------------------------------------------------------
Array size = 110080 (elements), Offset = 0 (elements)
Memory per array = 0.8 MiB (= 0.0 GiB).
Total memory required = 2.5 MiB (= 0.0 GiB).
Each kernel will be executed 20 times.
-------------------------------------------------------------
Function    Best Rate MB/s  Avg time     Min time     Max time
Copy:           24461.4     0.000073     0.000072     0.000075
Scale:          17464.2     0.000102     0.000101     0.000120
Add:            22568.3     0.000119     0.000117     0.000127
Triad:          20829.0     0.000129     0.000127     0.000137
-------------------------------------------------------------
Solution Validates: avg error less than 1.000000e-13 on all three arrays
-------------------------------------------------------------



--- run 3 ---
-------------------------------------------------------------
STREAM (dynamic) version — custom malloc-based implementation
-------------------------------------------------------------
This system uses 8 bytes per array element.
-------------------------------------------------------------
Array size = 110080 (elements), Offset = 0 (elements)
Memory per array = 0.8 MiB (= 0.0 GiB).
Total memory required = 2.5 MiB (= 0.0 GiB).
Each kernel will be executed 20 times.
-------------------------------------------------------------
Function    Best Rate MB/s  Avg time     Min time     Max time
Copy:           24461.4     0.000073     0.000072     0.000077
Scale:          17464.2     0.000102     0.000101     0.000103
Add:            22431.2     0.000120     0.000118     0.000133
Triad:          20444.7     0.000131     0.000129     0.000139
-------------------------------------------------------------
Solution Validates: avg error less than 1.000000e-13 on all three arrays
-------------------------------------------------------------



--- run 1 ---
-------------------------------------------------------------
STREAM (dynamic) version — custom malloc-based implementation
-------------------------------------------------------------
This system uses 8 bytes per array element.
-------------------------------------------------------------
Array size = 123562 (elements), Offset = 0 (elements)
Memory per array = 0.9 MiB (= 0.0 GiB).
Total memory required = 2.8 MiB (= 0.0 GiB).
Each kernel will be executed 20 times.
-------------------------------------------------------------
Function    Best Rate MB/s  Avg time     Min time     Max time
Copy:           23557.1     0.000086     0.000084     0.000093
Scale:          17203.5     0.000118     0.000115     0.000155
Add:            17038.6     0.000181     0.000174     0.000207
Triad:          19901.1     0.000186     0.000149     0.000195
-------------------------------------------------------------
Solution Validates: avg error less than 1.000000e-13 on all three arrays
-------------------------------------------------------------



--- run 2 ---
-------------------------------------------------------------
STREAM (dynamic) version — custom malloc-based implementation
-------------------------------------------------------------
This system uses 8 bytes per array element.
-------------------------------------------------------------
Array size = 123562 (elements), Offset = 0 (elements)
Memory per array = 0.9 MiB (= 0.0 GiB).
Total memory required = 2.8 MiB (= 0.0 GiB).
Each kernel will be executed 20 times.
-------------------------------------------------------------
Function    Best Rate MB/s  Avg time     Min time     Max time
Copy:           23557.1     0.000088     0.000084     0.000105
Scale:          17347.5     0.000116     0.000114     0.000124
Add:            17543.2     0.000178     0.000169     0.000193
Triad:          20457.5     0.000180     0.000145     0.000218
-------------------------------------------------------------
Solution Validates: avg error less than 1.000000e-13 on all three arrays
-------------------------------------------------------------



--- run 3 ---
-------------------------------------------------------------
STREAM (dynamic) version — custom malloc-based implementation
-------------------------------------------------------------
This system uses 8 bytes per array element.
-------------------------------------------------------------
Array size = 123562 (elements), Offset = 0 (elements)
Memory per array = 0.9 MiB (= 0.0 GiB).
Total memory required = 2.8 MiB (= 0.0 GiB).
Each kernel will be executed 20 times.
-------------------------------------------------------------
Function    Best Rate MB/s  Avg time     Min time     Max time
Copy:           23827.9     0.000088     0.000083     0.000128
Scale:          17203.5     0.000117     0.000115     0.000119
Add:            20159.1     0.000177     0.000147     0.000226
Triad:          16111.6     0.000187     0.000184     0.000198
-------------------------------------------------------------
Solution Validates: avg error less than 1.000000e-13 on all three arrays
-------------------------------------------------------------



--- run 1 ---
-------------------------------------------------------------
STREAM (dynamic) version — custom malloc-based implementation
-------------------------------------------------------------
This system uses 8 bytes per array element.
-------------------------------------------------------------
Array size = 138709 (elements), Offset = 0 (elements)
Memory per array = 1.1 MiB (= 0.0 GiB).
Total memory required = 3.2 MiB (= 0.0 GiB).
Each kernel will be executed 20 times.
-------------------------------------------------------------
Function    Best Rate MB/s  Avg time     Min time     Max time
Copy:           21547.7     0.000111     0.000103     0.000166
Scale:          16832.9     0.000146     0.000132     0.000358
Add:            15939.4     0.000216     0.000209     0.000261
Triad:          15618.5     0.000225     0.000213     0.000328
-------------------------------------------------------------
Solution Validates: avg error less than 1.000000e-13 on all three arrays
-------------------------------------------------------------



--- run 2 ---
-------------------------------------------------------------
STREAM (dynamic) version — custom malloc-based implementation
-------------------------------------------------------------
This system uses 8 bytes per array element.
-------------------------------------------------------------
Array size = 138709 (elements), Offset = 0 (elements)
Memory per array = 1.1 MiB (= 0.0 GiB).
Total memory required = 3.2 MiB (= 0.0 GiB).
Each kernel will be executed 20 times.
-------------------------------------------------------------
Function    Best Rate MB/s  Avg time     Min time     Max time
Copy:           22648.7     0.000104     0.000098     0.000123
Scale:          16682.1     0.000140     0.000133     0.000220
Add:            16485.1     0.000219     0.000202     0.000260
Triad:          15618.5     0.000221     0.000213     0.000241
-------------------------------------------------------------
Solution Validates: avg error less than 1.000000e-13 on all three arrays
-------------------------------------------------------------



--- run 3 ---
-------------------------------------------------------------
STREAM (dynamic) version — custom malloc-based implementation
-------------------------------------------------------------
This system uses 8 bytes per array element.
-------------------------------------------------------------
Array size = 138709 (elements), Offset = 0 (elements)
Memory per array = 1.1 MiB (= 0.0 GiB).
Total memory required = 3.2 MiB (= 0.0 GiB).
Each kernel will be executed 20 times.
-------------------------------------------------------------
Function    Best Rate MB/s  Avg time     Min time     Max time
Copy:           21749.1     0.000107     0.000102     0.000123
Scale:          17080.0     0.000132     0.000130     0.000139
Add:            16330.9     0.000210     0.000204     0.000222
Triad:          15777.3     0.000220     0.000211     0.000251
-------------------------------------------------------------
Solution Validates: avg error less than 1.000000e-13 on all three arrays
-------------------------------------------------------------



--- run 1 ---
-------------------------------------------------------------
STREAM (dynamic) version — custom malloc-based implementation
-------------------------------------------------------------
This system uses 8 bytes per array element.
-------------------------------------------------------------
Array size = 155690 (elements), Offset = 0 (elements)
Memory per array = 1.2 MiB (= 0.0 GiB).
Total memory required = 3.6 MiB (= 0.0 GiB).
Each kernel will be executed 20 times.
-------------------------------------------------------------
Function    Best Rate MB/s  Avg time     Min time     Max time
Copy:           19456.6     0.000132     0.000128     0.000144
Scale:          16173.7     0.000158     0.000154     0.000164
Add:            17298.3     0.000264     0.000216     0.000294
Triad:          17890.7     0.000262     0.000209     0.000337
-------------------------------------------------------------
Solution Validates: avg error less than 1.000000e-13 on all three arrays
-------------------------------------------------------------



--- run 2 ---
-------------------------------------------------------------
STREAM (dynamic) version — custom malloc-based implementation
-------------------------------------------------------------
This system uses 8 bytes per array element.
-------------------------------------------------------------
Array size = 155690 (elements), Offset = 0 (elements)
Memory per array = 1.2 MiB (= 0.0 GiB).
Total memory required = 3.6 MiB (= 0.0 GiB).
Each kernel will be executed 20 times.
-------------------------------------------------------------
Function    Best Rate MB/s  Avg time     Min time     Max time
Copy:           19939.3     0.000132     0.000125     0.000166
Scale:          16074.1     0.000162     0.000155     0.000194
Add:            17452.4     0.000252     0.000214     0.000298
Triad:          17972.8     0.000262     0.000208     0.000315
-------------------------------------------------------------
Solution Validates: avg error less than 1.000000e-13 on all three arrays
-------------------------------------------------------------



--- run 3 ---
-------------------------------------------------------------
STREAM (dynamic) version — custom malloc-based implementation
-------------------------------------------------------------
This system uses 8 bytes per array element.
-------------------------------------------------------------
Array size = 155690 (elements), Offset = 0 (elements)
Memory per array = 1.2 MiB (= 0.0 GiB).
Total memory required = 3.6 MiB (= 0.0 GiB).
Each kernel will be executed 20 times.
-------------------------------------------------------------
Function    Best Rate MB/s  Avg time     Min time     Max time
Copy:           19135.9     0.000136     0.000130     0.000161
Scale:          16610.8     0.000160     0.000150     0.000183
Add:            16672.6     0.000277     0.000224     0.000315
Triad:          14417.9     0.000270     0.000259     0.000308
-------------------------------------------------------------
Solution Validates: avg error less than 1.000000e-13 on all three arrays
-------------------------------------------------------------



--- run 1 ---
-------------------------------------------------------------
STREAM (dynamic) version — custom malloc-based implementation
-------------------------------------------------------------
This system uses 8 bytes per array element.
-------------------------------------------------------------
Array size = 174762 (elements), Offset = 0 (elements)
Memory per array = 1.3 MiB (= 0.0 GiB).
Total memory required = 4.0 MiB (= 0.0 GiB).
Each kernel will be executed 20 times.
-------------------------------------------------------------
Function    Best Rate MB/s  Avg time     Min time     Max time
Copy:           17046.6     0.000175     0.000164     0.000209
Scale:          15036.0     0.000195     0.000186     0.000219
Add:            12556.8     0.000348     0.000334     0.000405
Triad:          12831.6     0.000335     0.000327     0.000362
-------------------------------------------------------------
Solution Validates: avg error less than 1.000000e-13 on all three arrays
-------------------------------------------------------------



--- run 2 ---
-------------------------------------------------------------
STREAM (dynamic) version — custom malloc-based implementation
-------------------------------------------------------------
This system uses 8 bytes per array element.
-------------------------------------------------------------
Array size = 174762 (elements), Offset = 0 (elements)
Memory per array = 1.3 MiB (= 0.0 GiB).
Total memory required = 4.0 MiB (= 0.0 GiB).
Each kernel will be executed 20 times.
-------------------------------------------------------------
Function    Best Rate MB/s  Avg time     Min time     Max time
Copy:           16948.1     0.000178     0.000165     0.000238
Scale:          14808.2     0.000197     0.000189     0.000211
Add:            12336.7     0.000352     0.000340     0.000362
Triad:          12785.0     0.000336     0.000328     0.000360
-------------------------------------------------------------
Solution Validates: avg error less than 1.000000e-13 on all three arrays
-------------------------------------------------------------



--- run 3 ---
-------------------------------------------------------------
STREAM (dynamic) version — custom malloc-based implementation
-------------------------------------------------------------
This system uses 8 bytes per array element.
-------------------------------------------------------------
Array size = 174762 (elements), Offset = 0 (elements)
Memory per array = 1.3 MiB (= 0.0 GiB).
Total memory required = 4.0 MiB (= 0.0 GiB).
Each kernel will be executed 20 times.
-------------------------------------------------------------
Function    Best Rate MB/s  Avg time     Min time     Max time
Copy:           17046.6     0.000176     0.000164     0.000194
Scale:          15211.5     0.000195     0.000184     0.000234
Add:            12592.8     0.000350     0.000333     0.000373
Triad:          12831.6     0.000339     0.000327     0.000407
-------------------------------------------------------------
Solution Validates: avg error less than 1.000000e-13 on all three arrays
-------------------------------------------------------------



--- run 1 ---
-------------------------------------------------------------
STREAM (dynamic) version — custom malloc-based implementation
-------------------------------------------------------------
This system uses 8 bytes per array element.
-------------------------------------------------------------
Array size = 196181 (elements), Offset = 0 (elements)
Memory per array = 1.5 MiB (= 0.0 GiB).
Total memory required = 4.5 MiB (= 0.0 GiB).
Each kernel will be executed 20 times.
-------------------------------------------------------------
Function    Best Rate MB/s  Avg time     Min time     Max time
Copy:           15691.9     0.000238     0.000200     0.000319
Scale:          14005.8     0.000255     0.000224     0.000354
Add:            11323.5     0.000444     0.000416     0.000518
Triad:          12258.4     0.000425     0.000384     0.000477
-------------------------------------------------------------
Solution Validates: avg error less than 1.000000e-13 on all three arrays
-------------------------------------------------------------



--- run 2 ---
-------------------------------------------------------------
STREAM (dynamic) version — custom malloc-based implementation
-------------------------------------------------------------
This system uses 8 bytes per array element.
-------------------------------------------------------------
Array size = 196181 (elements), Offset = 0 (elements)
Memory per array = 1.5 MiB (= 0.0 GiB).
Total memory required = 4.5 MiB (= 0.0 GiB).
Each kernel will be executed 20 times.
-------------------------------------------------------------
Function    Best Rate MB/s  Avg time     Min time     Max time
Copy:           15996.9     0.000224     0.000196     0.000233
Scale:          14141.2     0.000231     0.000222     0.000246
Add:            12691.7     0.000424     0.000371     0.000485
Triad:          14186.9     0.000429     0.000332     0.000455
-------------------------------------------------------------
Solution Validates: avg error less than 1.000000e-13 on all three arrays
-------------------------------------------------------------



--- run 3 ---
-------------------------------------------------------------
STREAM (dynamic) version — custom malloc-based implementation
-------------------------------------------------------------
This system uses 8 bytes per array element.
-------------------------------------------------------------
Array size = 196181 (elements), Offset = 0 (elements)
Memory per array = 1.5 MiB (= 0.0 GiB).
Total memory required = 4.5 MiB (= 0.0 GiB).
Each kernel will be executed 20 times.
-------------------------------------------------------------
Function    Best Rate MB/s  Avg time     Min time     Max time
Copy:           15938.8     0.000229     0.000197     0.000301
Scale:          14202.2     0.000236     0.000221     0.000260
Add:            12757.3     0.000424     0.000369     0.000509
Triad:          13926.8     0.000418     0.000338     0.000480
-------------------------------------------------------------
Solution Validates: avg error less than 1.000000e-13 on all three arrays
-------------------------------------------------------------



--- run 1 ---
-------------------------------------------------------------
STREAM (dynamic) version — custom malloc-based implementation
-------------------------------------------------------------
This system uses 8 bytes per array element.
-------------------------------------------------------------
Array size = 220202 (elements), Offset = 0 (elements)
Memory per array = 1.7 MiB (= 0.0 GiB).
Total memory required = 5.0 MiB (= 0.0 GiB).
Each kernel will be executed 20 times.
-------------------------------------------------------------
Function    Best Rate MB/s  Avg time     Min time     Max time
Copy:           15172.0     0.000267     0.000232     0.000404
Scale:          13194.2     0.000295     0.000267     0.000424
Add:            10319.5     0.000526     0.000512     0.000561
Triad:          11617.5     0.000477     0.000455     0.000494
-------------------------------------------------------------
Solution Validates: avg error less than 1.000000e-13 on all three arrays
-------------------------------------------------------------



--- run 2 ---
-------------------------------------------------------------
STREAM (dynamic) version — custom malloc-based implementation
-------------------------------------------------------------
This system uses 8 bytes per array element.
-------------------------------------------------------------
Array size = 220202 (elements), Offset = 0 (elements)
Memory per array = 1.7 MiB (= 0.0 GiB).
Total memory required = 5.0 MiB (= 0.0 GiB).
Each kernel will be executed 20 times.
-------------------------------------------------------------
Function    Best Rate MB/s  Avg time     Min time     Max time
Copy:           14748.0     0.000259     0.000239     0.000283
Scale:          13194.2     0.000285     0.000267     0.000332
Add:            11344.0     0.000520     0.000466     0.000560
Triad:          12637.5     0.000463     0.000418     0.000488
-------------------------------------------------------------
Solution Validates: avg error less than 1.000000e-13 on all three arrays
-------------------------------------------------------------



--- run 3 ---
-------------------------------------------------------------
STREAM (dynamic) version — custom malloc-based implementation
-------------------------------------------------------------
This system uses 8 bytes per array element.
-------------------------------------------------------------
Array size = 220202 (elements), Offset = 0 (elements)
Memory per array = 1.7 MiB (= 0.0 GiB).
Total memory required = 5.0 MiB (= 0.0 GiB).
Each kernel will be executed 20 times.
-------------------------------------------------------------
Function    Best Rate MB/s  Avg time     Min time     Max time
Copy:           14926.8     0.000258     0.000236     0.000275
Scale:          13301.1     0.000292     0.000265     0.000428
Add:            11344.0     0.000516     0.000466     0.000571
Triad:          12798.1     0.000465     0.000413     0.000594
-------------------------------------------------------------
Solution Validates: avg error less than 1.000000e-13 on all three arrays
-------------------------------------------------------------



--- run 1 ---
-------------------------------------------------------------
STREAM (dynamic) version — custom malloc-based implementation
-------------------------------------------------------------
This system uses 8 bytes per array element.
-------------------------------------------------------------
Array size = 247168 (elements), Offset = 0 (elements)
Memory per array = 1.9 MiB (= 0.0 GiB).
Total memory required = 5.7 MiB (= 0.0 GiB).
Each kernel will be executed 20 times.
-------------------------------------------------------------
Function    Best Rate MB/s  Avg time     Min time     Max time
Copy:           14068.8     0.000311     0.000281     0.000334
Scale:          12518.6     0.000339     0.000316     0.000349
Add:             9536.5     0.000632     0.000622     0.000674
Triad:          11471.1     0.000541     0.000517     0.000609
-------------------------------------------------------------
Solution Validates: avg error less than 1.000000e-13 on all three arrays
-------------------------------------------------------------



--- run 2 ---
-------------------------------------------------------------
STREAM (dynamic) version — custom malloc-based implementation
-------------------------------------------------------------
This system uses 8 bytes per array element.
-------------------------------------------------------------
Array size = 247168 (elements), Offset = 0 (elements)
Memory per array = 1.9 MiB (= 0.0 GiB).
Total memory required = 5.7 MiB (= 0.0 GiB).
Each kernel will be executed 20 times.
-------------------------------------------------------------
Function    Best Rate MB/s  Avg time     Min time     Max time
Copy:           13009.5     0.000331     0.000304     0.000520
Scale:          12480.9     0.000343     0.000317     0.000376
Add:             9297.7     0.000662     0.000638     0.000698
Triad:          11112.4     0.000570     0.000534     0.000685
-------------------------------------------------------------
Solution Validates: avg error less than 1.000000e-13 on all three arrays
-------------------------------------------------------------



--- run 3 ---
-------------------------------------------------------------
STREAM (dynamic) version — custom malloc-based implementation
-------------------------------------------------------------
This system uses 8 bytes per array element.
-------------------------------------------------------------
Array size = 247168 (elements), Offset = 0 (elements)
Memory per array = 1.9 MiB (= 0.0 GiB).
Total memory required = 5.7 MiB (= 0.0 GiB).
Each kernel will be executed 20 times.
-------------------------------------------------------------
Function    Best Rate MB/s  Avg time     Min time     Max time
Copy:           13974.0     0.000303     0.000283     0.000435
Scale:          12518.6     0.000335     0.000316     0.000427
Add:            10614.7     0.000586     0.000559     0.000668
Triad:          11719.6     0.000533     0.000506     0.000583
-------------------------------------------------------------
Solution Validates: avg error less than 1.000000e-13 on all three arrays
-------------------------------------------------------------



--- run 1 ---
-------------------------------------------------------------
STREAM (dynamic) version — custom malloc-based implementation
-------------------------------------------------------------
This system uses 8 bytes per array element.
-------------------------------------------------------------
Array size = 277418 (elements), Offset = 0 (elements)
Memory per array = 2.1 MiB (= 0.0 GiB).
Total memory required = 6.3 MiB (= 0.0 GiB).
Each kernel will be executed 20 times.
-------------------------------------------------------------
Function    Best Rate MB/s  Avg time     Min time     Max time
Copy:           13699.2     0.000350     0.000324     0.000372
Scale:          12128.5     0.000381     0.000366     0.000401
Add:             9159.0     0.000741     0.000727     0.000841
Triad:          10435.7     0.000651     0.000638     0.000672
-------------------------------------------------------------
Solution Validates: avg error less than 1.000000e-13 on all three arrays
-------------------------------------------------------------



--- run 2 ---
-------------------------------------------------------------
STREAM (dynamic) version — custom malloc-based implementation
-------------------------------------------------------------
This system uses 8 bytes per array element.
-------------------------------------------------------------
Array size = 277418 (elements), Offset = 0 (elements)
Memory per array = 2.1 MiB (= 0.0 GiB).
Total memory required = 6.3 MiB (= 0.0 GiB).
Each kernel will be executed 20 times.
-------------------------------------------------------------
Function    Best Rate MB/s  Avg time     Min time     Max time
Copy:           13609.1     0.000385     0.000326     0.000550
Scale:          12288.6     0.000389     0.000361     0.000464
Add:             9096.4     0.000739     0.000732     0.000766
Triad:          10638.4     0.000647     0.000626     0.000741
-------------------------------------------------------------
Solution Validates: avg error less than 1.000000e-13 on all three arrays
-------------------------------------------------------------



--- run 3 ---
-------------------------------------------------------------
STREAM (dynamic) version — custom malloc-based implementation
-------------------------------------------------------------
This system uses 8 bytes per array element.
-------------------------------------------------------------
Array size = 277418 (elements), Offset = 0 (elements)
Memory per array = 2.1 MiB (= 0.0 GiB).
Total memory required = 6.3 MiB (= 0.0 GiB).
Each kernel will be executed 20 times.
-------------------------------------------------------------
Function    Best Rate MB/s  Avg time     Min time     Max time
Copy:           13914.2     0.000343     0.000319     0.000502
Scale:          12296.7     0.000375     0.000361     0.000413
Add:            10088.8     0.000710     0.000660     0.000782
Triad:          11059.7     0.000639     0.000602     0.000730
-------------------------------------------------------------
Solution Validates: avg error less than 1.000000e-13 on all three arrays
-------------------------------------------------------------



--- run 1 ---
-------------------------------------------------------------
STREAM (dynamic) version — custom malloc-based implementation
-------------------------------------------------------------
This system uses 8 bytes per array element.
-------------------------------------------------------------
Array size = 311381 (elements), Offset = 0 (elements)
Memory per array = 2.4 MiB (= 0.0 GiB).
Total memory required = 7.1 MiB (= 0.0 GiB).
Each kernel will be executed 20 times.
-------------------------------------------------------------
Function    Best Rate MB/s  Avg time     Min time     Max time
Copy:           13360.9     0.000443     0.000373     0.000678
Scale:          11779.3     0.000445     0.000423     0.000474
Add:             9376.2     0.000853     0.000797     0.000895
Triad:           9795.2     0.000808     0.000763     0.000922
-------------------------------------------------------------
Solution Validates: avg error less than 1.000000e-13 on all three arrays
-------------------------------------------------------------



--- run 2 ---
-------------------------------------------------------------
STREAM (dynamic) version — custom malloc-based implementation
-------------------------------------------------------------
This system uses 8 bytes per array element.
-------------------------------------------------------------
Array size = 311381 (elements), Offset = 0 (elements)
Memory per array = 2.4 MiB (= 0.0 GiB).
Total memory required = 7.1 MiB (= 0.0 GiB).
Each kernel will be executed 20 times.
-------------------------------------------------------------
Function    Best Rate MB/s  Avg time     Min time     Max time
Copy:           13429.6     0.000401     0.000371     0.000483
Scale:          12241.6     0.000433     0.000407     0.000489
Add:             9950.7     0.000848     0.000751     0.000934
Triad:          10628.9     0.000751     0.000703     0.000844
-------------------------------------------------------------
Solution Validates: avg error less than 1.000000e-13 on all three arrays
-------------------------------------------------------------



--- run 3 ---
-------------------------------------------------------------
STREAM (dynamic) version — custom malloc-based implementation
-------------------------------------------------------------
This system uses 8 bytes per array element.
-------------------------------------------------------------
Array size = 311381 (elements), Offset = 0 (elements)
Memory per array = 2.4 MiB (= 0.0 GiB).
Total memory required = 7.1 MiB (= 0.0 GiB).
Each kernel will be executed 20 times.
-------------------------------------------------------------
Function    Best Rate MB/s  Avg time     Min time     Max time
Copy:           13542.7     0.000418     0.000368     0.000595
Scale:          12002.5     0.000464     0.000415     0.000719
Add:             9629.7     0.000832     0.000776     0.000862
Triad:           9872.3     0.000768     0.000757     0.000815
-------------------------------------------------------------
Solution Validates: avg error less than 1.000000e-13 on all three arrays
-------------------------------------------------------------



--- run 1 ---
-------------------------------------------------------------
STREAM (dynamic) version — custom malloc-based implementation
-------------------------------------------------------------
This system uses 8 bytes per array element.
-------------------------------------------------------------
Array size = 349525 (elements), Offset = 0 (elements)
Memory per array = 2.7 MiB (= 0.0 GiB).
Total memory required = 8.0 MiB (= 0.0 GiB).
Each kernel will be executed 20 times.
-------------------------------------------------------------
Function    Best Rate MB/s  Avg time     Min time     Max time
Copy:           13096.7     0.000484     0.000427     0.000752
Scale:          11924.9     0.000482     0.000469     0.000507
Add:             9119.8     0.000930     0.000920     0.000969
Triad:           9435.3     0.000904     0.000889     0.000997
-------------------------------------------------------------
Solution Validates: avg error less than 1.000000e-13 on all three arrays
-------------------------------------------------------------



--- run 2 ---
-------------------------------------------------------------
STREAM (dynamic) version — custom malloc-based implementation
-------------------------------------------------------------
This system uses 8 bytes per array element.
-------------------------------------------------------------
Array size = 349525 (elements), Offset = 0 (elements)
Memory per array = 2.7 MiB (= 0.0 GiB).
Total memory required = 8.0 MiB (= 0.0 GiB).
Each kernel will be executed 20 times.
-------------------------------------------------------------
Function    Best Rate MB/s  Avg time     Min time     Max time
Copy:           13096.7     0.000480     0.000427     0.000760
Scale:          12078.4     0.000552     0.000463     0.000820
Add:             9079.8     0.000937     0.000924     0.000979
Triad:           9509.3     0.000896     0.000882     0.000949
-------------------------------------------------------------
Solution Validates: avg error less than 1.000000e-13 on all three arrays
-------------------------------------------------------------



--- run 3 ---
-------------------------------------------------------------
STREAM (dynamic) version — custom malloc-based implementation
-------------------------------------------------------------
This system uses 8 bytes per array element.
-------------------------------------------------------------
Array size = 349525 (elements), Offset = 0 (elements)
Memory per array = 2.7 MiB (= 0.0 GiB).
Total memory required = 8.0 MiB (= 0.0 GiB).
Each kernel will be executed 20 times.
-------------------------------------------------------------
Function    Best Rate MB/s  Avg time     Min time     Max time
Copy:           12973.6     0.000459     0.000431     0.000510
Scale:          11949.2     0.000498     0.000468     0.000749
Add:             9079.8     0.000940     0.000924     0.001020
Triad:           9468.3     0.000896     0.000886     0.000921
-------------------------------------------------------------
Solution Validates: avg error less than 1.000000e-13 on all three arrays
-------------------------------------------------------------



--- run 1 ---
-------------------------------------------------------------
STREAM (dynamic) version — custom malloc-based implementation
-------------------------------------------------------------
This system uses 8 bytes per array element.
-------------------------------------------------------------
Array size = 392320 (elements), Offset = 0 (elements)
Memory per array = 3.0 MiB (= 0.0 GiB).
Total memory required = 9.0 MiB (= 0.0 GiB).
Each kernel will be executed 20 times.
-------------------------------------------------------------
Function    Best Rate MB/s  Avg time     Min time     Max time
Copy:           12937.7     0.000531     0.000485     0.000793
Scale:          11929.4     0.000550     0.000526     0.000573
Add:             9124.8     0.001043     0.001032     0.001085
Triad:          10311.3     0.001015     0.000913     0.001091
-------------------------------------------------------------
Solution Validates: avg error less than 1.000000e-13 on all three arrays
-------------------------------------------------------------



--- run 2 ---
-------------------------------------------------------------
STREAM (dynamic) version — custom malloc-based implementation
-------------------------------------------------------------
This system uses 8 bytes per array element.
-------------------------------------------------------------
Array size = 392320 (elements), Offset = 0 (elements)
Memory per array = 3.0 MiB (= 0.0 GiB).
Total memory required = 9.0 MiB (= 0.0 GiB).
Each kernel will be executed 20 times.
-------------------------------------------------------------
Function    Best Rate MB/s  Avg time     Min time     Max time
Copy:           13243.5     0.000498     0.000474     0.000538
Scale:          12383.9     0.000527     0.000507     0.000551
Add:             9890.4     0.001001     0.000952     0.001061
Triad:          10268.4     0.000975     0.000917     0.001113
-------------------------------------------------------------
Solution Validates: avg error less than 1.000000e-13 on all three arrays
-------------------------------------------------------------



--- run 3 ---
-------------------------------------------------------------
STREAM (dynamic) version — custom malloc-based implementation
-------------------------------------------------------------
This system uses 8 bytes per array element.
-------------------------------------------------------------
Array size = 392320 (elements), Offset = 0 (elements)
Memory per array = 3.0 MiB (= 0.0 GiB).
Total memory required = 9.0 MiB (= 0.0 GiB).
Each kernel will be executed 20 times.
-------------------------------------------------------------
Function    Best Rate MB/s  Avg time     Min time     Max time
Copy:           13216.9     0.000534     0.000475     0.000749
Scale:          12211.6     0.000549     0.000514     0.000679
Add:             9902.8     0.001033     0.000951     0.001111
Triad:          10257.7     0.001011     0.000918     0.001114
-------------------------------------------------------------
Solution Validates: avg error less than 1.000000e-13 on all three arrays
-------------------------------------------------------------



--- run 1 ---
-------------------------------------------------------------
STREAM (dynamic) version — custom malloc-based implementation
-------------------------------------------------------------
This system uses 8 bytes per array element.
-------------------------------------------------------------
Array size = 440362 (elements), Offset = 0 (elements)
Memory per array = 3.4 MiB (= 0.0 GiB).
Total memory required = 10.1 MiB (= 0.0 GiB).
Each kernel will be executed 20 times.
-------------------------------------------------------------
Function    Best Rate MB/s  Avg time     Min time     Max time
Copy:           13270.0     0.000598     0.000531     0.000888
Scale:          12427.3     0.000622     0.000567     0.001017
Add:             9970.4     0.001156     0.001060     0.001195
Triad:          10280.2     0.001136     0.001028     0.001201
-------------------------------------------------------------
Solution Validates: avg error less than 1.000000e-13 on all three arrays
-------------------------------------------------------------



--- run 2 ---
-------------------------------------------------------------
STREAM (dynamic) version — custom malloc-based implementation
-------------------------------------------------------------
This system uses 8 bytes per array element.
-------------------------------------------------------------
Array size = 440362 (elements), Offset = 0 (elements)
Memory per array = 3.4 MiB (= 0.0 GiB).
Total memory required = 10.1 MiB (= 0.0 GiB).
Each kernel will be executed 20 times.
-------------------------------------------------------------
Function    Best Rate MB/s  Avg time     Min time     Max time
Copy:           13099.4     0.000631     0.000538     0.001065
Scale:          12532.7     0.000630     0.000562     0.000957
Add:             9999.6     0.001176     0.001057     0.001323
Triad:          10174.0     0.001152     0.001039     0.001427
-------------------------------------------------------------
Solution Validates: avg error less than 1.000000e-13 on all three arrays
-------------------------------------------------------------



--- run 3 ---
-------------------------------------------------------------
STREAM (dynamic) version — custom malloc-based implementation
-------------------------------------------------------------
This system uses 8 bytes per array element.
-------------------------------------------------------------
Array size = 440362 (elements), Offset = 0 (elements)
Memory per array = 3.4 MiB (= 0.0 GiB).
Total memory required = 10.1 MiB (= 0.0 GiB).
Each kernel will be executed 20 times.
-------------------------------------------------------------
Function    Best Rate MB/s  Avg time     Min time     Max time
Copy:           13192.9     0.000548     0.000534     0.000589
Scale:          12427.3     0.000585     0.000567     0.000611
Add:            10008.6     0.001096     0.001056     0.001210
Triad:          10221.0     0.001077     0.001034     0.001249
-------------------------------------------------------------
Solution Validates: avg error less than 1.000000e-13 on all three arrays
-------------------------------------------------------------



--- run 1 ---
-------------------------------------------------------------
STREAM (dynamic) version — custom malloc-based implementation
-------------------------------------------------------------
This system uses 8 bytes per array element.
-------------------------------------------------------------
Array size = 494293 (elements), Offset = 0 (elements)
Memory per array = 3.8 MiB (= 0.0 GiB).
Total memory required = 11.3 MiB (= 0.0 GiB).
Each kernel will be executed 20 times.
-------------------------------------------------------------
Function    Best Rate MB/s  Avg time     Min time     Max time
Copy:           12694.8     0.000671     0.000623     0.000968
Scale:          12303.9     0.000679     0.000643     0.001132
Add:             9160.0     0.001301     0.001295     0.001308
Triad:           9076.5     0.001317     0.001307     0.001354
-------------------------------------------------------------
Solution Validates: avg error less than 1.000000e-13 on all three arrays
-------------------------------------------------------------



--- run 2 ---
-------------------------------------------------------------
STREAM (dynamic) version — custom malloc-based implementation
-------------------------------------------------------------
This system uses 8 bytes per array element.
-------------------------------------------------------------
Array size = 494293 (elements), Offset = 0 (elements)
Memory per array = 3.8 MiB (= 0.0 GiB).
Total memory required = 11.3 MiB (= 0.0 GiB).
Each kernel will be executed 20 times.
-------------------------------------------------------------
Function    Best Rate MB/s  Avg time     Min time     Max time
Copy:           12336.0     0.000720     0.000641     0.001081
Scale:          12569.7     0.000675     0.000629     0.001071
Add:             9224.5     0.001297     0.001286     0.001364
Triad:           9175.2     0.001321     0.001293     0.001397
-------------------------------------------------------------
Solution Validates: avg error less than 1.000000e-13 on all three arrays
-------------------------------------------------------------



--- run 3 ---
-------------------------------------------------------------
STREAM (dynamic) version — custom malloc-based implementation
-------------------------------------------------------------
This system uses 8 bytes per array element.
-------------------------------------------------------------
Array size = 494293 (elements), Offset = 0 (elements)
Memory per array = 3.8 MiB (= 0.0 GiB).
Total memory required = 11.3 MiB (= 0.0 GiB).
Each kernel will be executed 20 times.
-------------------------------------------------------------
Function    Best Rate MB/s  Avg time     Min time     Max time
Copy:           12817.4     0.000646     0.000617     0.000709
Scale:          12377.4     0.000697     0.000639     0.001198
Add:             9819.8     0.001259     0.001208     0.001338
Triad:           9977.4     0.001241     0.001189     0.001331
-------------------------------------------------------------
Solution Validates: avg error less than 1.000000e-13 on all three arrays
-------------------------------------------------------------



--- run 1 ---
-------------------------------------------------------------
STREAM (dynamic) version — custom malloc-based implementation
-------------------------------------------------------------
This system uses 8 bytes per array element.
-------------------------------------------------------------
Array size = 554837 (elements), Offset = 0 (elements)
Memory per array = 4.2 MiB (= 0.0 GiB).
Total memory required = 12.7 MiB (= 0.0 GiB).
Each kernel will be executed 20 times.
-------------------------------------------------------------
Function    Best Rate MB/s  Avg time     Min time     Max time
Copy:           11949.4     0.000792     0.000743     0.001262
Scale:          12366.2     0.000779     0.000718     0.001215
Add:             9159.0     0.001466     0.001454     0.001508
Triad:           9208.9     0.001456     0.001446     0.001475
-------------------------------------------------------------
Solution Validates: avg error less than 1.000000e-13 on all three arrays
-------------------------------------------------------------



--- run 2 ---
-------------------------------------------------------------
STREAM (dynamic) version — custom malloc-based implementation
-------------------------------------------------------------
This system uses 8 bytes per array element.
-------------------------------------------------------------
Array size = 554837 (elements), Offset = 0 (elements)
Memory per array = 4.2 MiB (= 0.0 GiB).
Total memory required = 12.7 MiB (= 0.0 GiB).
Each kernel will be executed 20 times.
-------------------------------------------------------------
Function    Best Rate MB/s  Avg time     Min time     Max time
Copy:           12382.6     0.000818     0.000717     0.001187
Scale:          12613.3     0.000730     0.000704     0.000811
Add:             9214.9     0.001462     0.001445     0.001520
Triad:           9189.2     0.001466     0.001449     0.001550
-------------------------------------------------------------
Solution Validates: avg error less than 1.000000e-13 on all three arrays
-------------------------------------------------------------



--- run 3 ---
-------------------------------------------------------------
STREAM (dynamic) version — custom malloc-based implementation
-------------------------------------------------------------
This system uses 8 bytes per array element.
-------------------------------------------------------------
Array size = 554837 (elements), Offset = 0 (elements)
Memory per array = 4.2 MiB (= 0.0 GiB).
Total memory required = 12.7 MiB (= 0.0 GiB).
Each kernel will be executed 20 times.
-------------------------------------------------------------
Function    Best Rate MB/s  Avg time     Min time     Max time
Copy:           12919.7     0.000874     0.000687     0.001270
Scale:          12773.4     0.000741     0.000695     0.000787
Add:             9945.1     0.001488     0.001339     0.001581
Triad:          10119.9     0.001499     0.001316     0.001587
-------------------------------------------------------------
Solution Validates: avg error less than 1.000000e-13 on all three arrays
-------------------------------------------------------------



--- run 1 ---
-------------------------------------------------------------
STREAM (dynamic) version — custom malloc-based implementation
-------------------------------------------------------------
This system uses 8 bytes per array element.
-------------------------------------------------------------
Array size = 622762 (elements), Offset = 0 (elements)
Memory per array = 4.8 MiB (= 0.0 GiB).
Total memory required = 14.3 MiB (= 0.0 GiB).
Each kernel will be executed 20 times.
-------------------------------------------------------------
Function    Best Rate MB/s  Avg time     Min time     Max time
Copy:           12907.0     0.000845     0.000772     0.001124
Scale:          12726.2     0.000869     0.000783     0.001408
Add:            10051.2     0.001613     0.001487     0.001708
Triad:          10210.0     0.001566     0.001464     0.001683
-------------------------------------------------------------
Solution Validates: avg error less than 1.000000e-13 on all three arrays
-------------------------------------------------------------



--- run 2 ---
-------------------------------------------------------------
STREAM (dynamic) version — custom malloc-based implementation
-------------------------------------------------------------
This system uses 8 bytes per array element.
-------------------------------------------------------------
Array size = 622762 (elements), Offset = 0 (elements)
Memory per array = 4.8 MiB (= 0.0 GiB).
Total memory required = 14.3 MiB (= 0.0 GiB).
Each kernel will be executed 20 times.
-------------------------------------------------------------
Function    Best Rate MB/s  Avg time     Min time     Max time
Copy:           12302.9     0.000897     0.000810     0.001299
Scale:          12660.7     0.000863     0.000787     0.001240
Add:             9192.0     0.001640     0.001626     0.001673
Triad:           9192.0     0.001646     0.001626     0.001731
-------------------------------------------------------------
Solution Validates: avg error less than 1.000000e-13 on all three arrays
-------------------------------------------------------------



--- run 3 ---
-------------------------------------------------------------
STREAM (dynamic) version — custom malloc-based implementation
-------------------------------------------------------------
This system uses 8 bytes per array element.
-------------------------------------------------------------
Array size = 622762 (elements), Offset = 0 (elements)
Memory per array = 4.8 MiB (= 0.0 GiB).
Total memory required = 14.3 MiB (= 0.0 GiB).
Each kernel will be executed 20 times.
-------------------------------------------------------------
Function    Best Rate MB/s  Avg time     Min time     Max time
Copy:           12710.7     0.000942     0.000784     0.001366
Scale:          12546.6     0.000857     0.000794     0.001216
Add:             9231.2     0.001650     0.001619     0.001709
Triad:           9202.8     0.001649     0.001624     0.001744
-------------------------------------------------------------
Solution Validates: avg error less than 1.000000e-13 on all three arrays
-------------------------------------------------------------



--- run 1 ---
-------------------------------------------------------------
STREAM (dynamic) version — custom malloc-based implementation
-------------------------------------------------------------
This system uses 8 bytes per array element.
-------------------------------------------------------------
Array size = 699050 (elements), Offset = 0 (elements)
Memory per array = 5.3 MiB (= 0.0 GiB).
Total memory required = 16.0 MiB (= 0.0 GiB).
Each kernel will be executed 20 times.
-------------------------------------------------------------
Function    Best Rate MB/s  Avg time     Min time     Max time
Copy:           13005.9     0.000935     0.000860     0.001162
Scale:          12870.4     0.000944     0.000869     0.001571
Add:            10106.1     0.001783     0.001660     0.001911
Triad:          10204.3     0.001707     0.001644     0.001844
-------------------------------------------------------------
Solution Validates: avg error less than 1.000000e-13 on all three arrays
-------------------------------------------------------------



--- run 2 ---
-------------------------------------------------------------
STREAM (dynamic) version — custom malloc-based implementation
-------------------------------------------------------------
This system uses 8 bytes per array element.
-------------------------------------------------------------
Array size = 699050 (elements), Offset = 0 (elements)
Memory per array = 5.3 MiB (= 0.0 GiB).
Total memory required = 16.0 MiB (= 0.0 GiB).
Each kernel will be executed 20 times.
-------------------------------------------------------------
Function    Best Rate MB/s  Avg time     Min time     Max time
Copy:           12916.4     0.000991     0.000866     0.001473
Scale:          12638.1     0.001029     0.000885     0.001584
Add:             9213.0     0.001838     0.001821     0.001893
Triad:          10198.4     0.001822     0.001645     0.001905
-------------------------------------------------------------
Solution Validates: avg error less than 1.000000e-13 on all three arrays
-------------------------------------------------------------



--- run 3 ---
-------------------------------------------------------------
STREAM (dynamic) version — custom malloc-based implementation
-------------------------------------------------------------
This system uses 8 bytes per array element.
-------------------------------------------------------------
Array size = 699050 (elements), Offset = 0 (elements)
Memory per array = 5.3 MiB (= 0.0 GiB).
Total memory required = 16.0 MiB (= 0.0 GiB).
Each kernel will be executed 20 times.
-------------------------------------------------------------
Function    Best Rate MB/s  Avg time     Min time     Max time
Copy:           12884.5     0.000946     0.000868     0.001309
Scale:          12873.9     0.000949     0.000869     0.001523
Add:            10100.3     0.001777     0.001661     0.001915
Triad:          10254.8     0.001770     0.001636     0.001902
-------------------------------------------------------------
Solution Validates: avg error less than 1.000000e-13 on all three arrays
-------------------------------------------------------------



--- run 1 ---
-------------------------------------------------------------
STREAM (dynamic) version — custom malloc-based implementation
-------------------------------------------------------------
This system uses 8 bytes per array element.
-------------------------------------------------------------
Array size = 784640 (elements), Offset = 0 (elements)
Memory per array = 6.0 MiB (= 0.0 GiB).
Total memory required = 18.0 MiB (= 0.0 GiB).
Each kernel will be executed 20 times.
-------------------------------------------------------------
Function    Best Rate MB/s  Avg time     Min time     Max time
Copy:           12214.4     0.001237     0.001028     0.001675
Scale:          12504.5     0.001160     0.001004     0.001774
Add:             9230.4     0.002056     0.002040     0.002072
Triad:           9177.8     0.002071     0.002052     0.002105
-------------------------------------------------------------
Solution Validates: avg error less than 1.000000e-13 on all three arrays
-------------------------------------------------------------



--- run 2 ---
-------------------------------------------------------------
STREAM (dynamic) version — custom malloc-based implementation
-------------------------------------------------------------
This system uses 8 bytes per array element.
-------------------------------------------------------------
Array size = 784640 (elements), Offset = 0 (elements)
Memory per array = 6.0 MiB (= 0.0 GiB).
Total memory required = 18.0 MiB (= 0.0 GiB).
Each kernel will be executed 20 times.
-------------------------------------------------------------
Function    Best Rate MB/s  Avg time     Min time     Max time
Copy:           12771.4     0.001077     0.000983     0.001506
Scale:          12890.2     0.001004     0.000974     0.001051
Add:            10075.8     0.001946     0.001869     0.002100
Triad:          10152.2     0.001958     0.001855     0.002156
-------------------------------------------------------------
Solution Validates: avg error less than 1.000000e-13 on all three arrays
-------------------------------------------------------------



--- run 3 ---
-------------------------------------------------------------
STREAM (dynamic) version — custom malloc-based implementation
-------------------------------------------------------------
This system uses 8 bytes per array element.
-------------------------------------------------------------
Array size = 784640 (elements), Offset = 0 (elements)
Memory per array = 6.0 MiB (= 0.0 GiB).
Total memory required = 18.0 MiB (= 0.0 GiB).
Each kernel will be executed 20 times.
-------------------------------------------------------------
Function    Best Rate MB/s  Avg time     Min time     Max time
Copy:           12430.7     0.001130     0.001010     0.001487
Scale:          12466.0     0.001082     0.001007     0.001666
Add:             9203.5     0.002093     0.002046     0.002245
Triad:           9622.9     0.002091     0.001957     0.002249
-------------------------------------------------------------
Solution Validates: avg error less than 1.000000e-13 on all three arrays
-------------------------------------------------------------



--- run 1 ---
-------------------------------------------------------------
STREAM (dynamic) version — custom malloc-based implementation
-------------------------------------------------------------
This system uses 8 bytes per array element.
-------------------------------------------------------------
Array size = 880768 (elements), Offset = 0 (elements)
Memory per array = 6.7 MiB (= 0.0 GiB).
Total memory required = 20.2 MiB (= 0.0 GiB).
Each kernel will be executed 20 times.
-------------------------------------------------------------
Function    Best Rate MB/s  Avg time     Min time     Max time
Copy:           12891.5     0.001186     0.001093     0.001360
Scale:          12880.2     0.001196     0.001094     0.001979
Add:            10008.0     0.002265     0.002112     0.002418
Triad:          10216.8     0.002269     0.002069     0.002391
-------------------------------------------------------------
Solution Validates: avg error less than 1.000000e-13 on all three arrays
-------------------------------------------------------------



--- run 2 ---
-------------------------------------------------------------
STREAM (dynamic) version — custom malloc-based implementation
-------------------------------------------------------------
This system uses 8 bytes per array element.
-------------------------------------------------------------
Array size = 880768 (elements), Offset = 0 (elements)
Memory per array = 6.7 MiB (= 0.0 GiB).
Total memory required = 20.2 MiB (= 0.0 GiB).
Each kernel will be executed 20 times.
-------------------------------------------------------------
Function    Best Rate MB/s  Avg time     Min time     Max time
Copy:           12883.0     0.001248     0.001094     0.001914
Scale:          12894.3     0.001172     0.001093     0.001720
Add:            10076.3     0.002235     0.002098     0.002466
Triad:          10129.2     0.002220     0.002087     0.002517
-------------------------------------------------------------
Solution Validates: avg error less than 1.000000e-13 on all three arrays
-------------------------------------------------------------



--- run 3 ---
-------------------------------------------------------------
STREAM (dynamic) version — custom malloc-based implementation
-------------------------------------------------------------
This system uses 8 bytes per array element.
-------------------------------------------------------------
Array size = 880768 (elements), Offset = 0 (elements)
Memory per array = 6.7 MiB (= 0.0 GiB).
Total memory required = 20.2 MiB (= 0.0 GiB).
Each kernel will be executed 20 times.
-------------------------------------------------------------
Function    Best Rate MB/s  Avg time     Min time     Max time
Copy:           12871.8     0.001187     0.001095     0.001691
Scale:          12832.7     0.001165     0.001098     0.001428
Add:            10079.7     0.002250     0.002097     0.002369
Triad:          10129.2     0.002143     0.002087     0.002402
-------------------------------------------------------------
Solution Validates: avg error less than 1.000000e-13 on all three arrays
-------------------------------------------------------------



--- run 1 ---
-------------------------------------------------------------
STREAM (dynamic) version — custom malloc-based implementation
-------------------------------------------------------------
This system uses 8 bytes per array element.
-------------------------------------------------------------
Array size = 988586 (elements), Offset = 0 (elements)
Memory per array = 7.5 MiB (= 0.0 GiB).
Total memory required = 22.6 MiB (= 0.0 GiB).
Each kernel will be executed 20 times.
-------------------------------------------------------------
Function    Best Rate MB/s  Avg time     Min time     Max time
Copy:           12574.5     0.001488     0.001258     0.002235
Scale:          12574.5     0.001438     0.001258     0.002117
Add:             9203.2     0.002622     0.002578     0.002939
Triad:           9153.3     0.002652     0.002592     0.003158
-------------------------------------------------------------
Solution Validates: avg error less than 1.000000e-13 on all three arrays
-------------------------------------------------------------



--- run 2 ---
-------------------------------------------------------------
STREAM (dynamic) version — custom malloc-based implementation
-------------------------------------------------------------
This system uses 8 bytes per array element.
-------------------------------------------------------------
Array size = 988586 (elements), Offset = 0 (elements)
Memory per array = 7.5 MiB (= 0.0 GiB).
Total memory required = 22.6 MiB (= 0.0 GiB).
Each kernel will be executed 20 times.
-------------------------------------------------------------
Function    Best Rate MB/s  Avg time     Min time     Max time
Copy:           12849.7     0.001376     0.001231     0.001957
Scale:          12902.2     0.001259     0.001226     0.001340
Add:            10087.6     0.002380     0.002352     0.002423
Triad:          10200.3     0.002369     0.002326     0.002442
-------------------------------------------------------------
Solution Validates: avg error less than 1.000000e-13 on all three arrays
-------------------------------------------------------------



--- run 3 ---
-------------------------------------------------------------
STREAM (dynamic) version — custom malloc-based implementation
-------------------------------------------------------------
This system uses 8 bytes per array element.
-------------------------------------------------------------
Array size = 988586 (elements), Offset = 0 (elements)
Memory per array = 7.5 MiB (= 0.0 GiB).
Total memory required = 22.6 MiB (= 0.0 GiB).
Each kernel will be executed 20 times.
-------------------------------------------------------------
Function    Best Rate MB/s  Avg time     Min time     Max time
Copy:           12665.7     0.001413     0.001249     0.002137
Scale:          12603.1     0.001352     0.001255     0.002236
Add:             9795.7     0.002627     0.002422     0.002830
Triad:           9923.6     0.002631     0.002391     0.002797
-------------------------------------------------------------
Solution Validates: avg error less than 1.000000e-13 on all three arrays
-------------------------------------------------------------



--- run 1 ---
-------------------------------------------------------------
STREAM (dynamic) version — custom malloc-based implementation
-------------------------------------------------------------
This system uses 8 bytes per array element.
-------------------------------------------------------------
Array size = 1109674 (elements), Offset = 0 (elements)
Memory per array = 8.5 MiB (= 0.0 GiB).
Total memory required = 25.4 MiB (= 0.0 GiB).
Each kernel will be executed 20 times.
-------------------------------------------------------------
Function    Best Rate MB/s  Avg time     Min time     Max time
Copy:           12892.8     0.001607     0.001377     0.002408
Scale:          12773.4     0.001585     0.001390     0.002509
Add:            10038.1     0.002869     0.002653     0.002958
Triad:          10290.5     0.002902     0.002588     0.003013
-------------------------------------------------------------
Solution Validates: avg error less than 1.000000e-13 on all three arrays
-------------------------------------------------------------



--- run 2 ---
-------------------------------------------------------------
STREAM (dynamic) version — custom malloc-based implementation
-------------------------------------------------------------
This system uses 8 bytes per array element.
-------------------------------------------------------------
Array size = 1109674 (elements), Offset = 0 (elements)
Memory per array = 8.5 MiB (= 0.0 GiB).
Total memory required = 25.4 MiB (= 0.0 GiB).
Each kernel will be executed 20 times.
-------------------------------------------------------------
Function    Best Rate MB/s  Avg time     Min time     Max time
Copy:           12791.0     0.001614     0.001388     0.002452
Scale:          12682.0     0.001597     0.001400     0.002435
Add:            10049.8     0.002930     0.002650     0.003161
Triad:          10138.3     0.002917     0.002627     0.003221
-------------------------------------------------------------
Solution Validates: avg error less than 1.000000e-13 on all three arrays
-------------------------------------------------------------



--- run 3 ---
-------------------------------------------------------------
STREAM (dynamic) version — custom malloc-based implementation
-------------------------------------------------------------
This system uses 8 bytes per array element.
-------------------------------------------------------------
Array size = 1109674 (elements), Offset = 0 (elements)
Memory per array = 8.5 MiB (= 0.0 GiB).
Total memory required = 25.4 MiB (= 0.0 GiB).
Each kernel will be executed 20 times.
-------------------------------------------------------------
Function    Best Rate MB/s  Avg time     Min time     Max time
Copy:           12924.2     0.001555     0.001374     0.001971
Scale:          12863.9     0.001426     0.001380     0.001495
Add:            10099.8     0.002713     0.002637     0.002948
Triad:          10227.4     0.002704     0.002604     0.002936
-------------------------------------------------------------
Solution Validates: avg error less than 1.000000e-13 on all three arrays
-------------------------------------------------------------



--- run 1 ---
-------------------------------------------------------------
STREAM (dynamic) version — custom malloc-based implementation
-------------------------------------------------------------
This system uses 8 bytes per array element.
-------------------------------------------------------------
Array size = 1245568 (elements), Offset = 0 (elements)
Memory per array = 9.5 MiB (= 0.0 GiB).
Total memory required = 28.5 MiB (= 0.0 GiB).
Each kernel will be executed 20 times.
-------------------------------------------------------------
Function    Best Rate MB/s  Avg time     Min time     Max time
Copy:           12865.7     0.001821     0.001549     0.002659
Scale:          12598.1     0.001634     0.001582     0.001706
Add:            10001.0     0.003237     0.002989     0.003321
Triad:          10154.1     0.003232     0.002944     0.003323
-------------------------------------------------------------
Solution Validates: avg error less than 1.000000e-13 on all three arrays
-------------------------------------------------------------



--- run 2 ---
-------------------------------------------------------------
STREAM (dynamic) version — custom malloc-based implementation
-------------------------------------------------------------
This system uses 8 bytes per array element.
-------------------------------------------------------------
Array size = 1245568 (elements), Offset = 0 (elements)
Memory per array = 9.5 MiB (= 0.0 GiB).
Total memory required = 28.5 MiB (= 0.0 GiB).
Each kernel will be executed 20 times.
-------------------------------------------------------------
Function    Best Rate MB/s  Avg time     Min time     Max time
Copy:           12907.5     0.001920     0.001544     0.002739
Scale:          12873.7     0.001734     0.001548     0.002612
Add:            10031.4     0.003217     0.002980     0.003520
Triad:          10171.4     0.003232     0.002939     0.003543
-------------------------------------------------------------
Solution Validates: avg error less than 1.000000e-13 on all three arrays
-------------------------------------------------------------



--- run 3 ---
-------------------------------------------------------------
STREAM (dynamic) version — custom malloc-based implementation
-------------------------------------------------------------
This system uses 8 bytes per array element.
-------------------------------------------------------------
Array size = 1245568 (elements), Offset = 0 (elements)
Memory per array = 9.5 MiB (= 0.0 GiB).
Total memory required = 28.5 MiB (= 0.0 GiB).
Each kernel will be executed 20 times.
-------------------------------------------------------------
Function    Best Rate MB/s  Avg time     Min time     Max time
Copy:           12967.5     0.001620     0.001537     0.002369
Scale:          12840.0     0.001655     0.001552     0.002831
Add:            10092.8     0.003045     0.002962     0.003289
Triad:          10192.1     0.002969     0.002933     0.003041
-------------------------------------------------------------
Solution Validates: avg error less than 1.000000e-13 on all three arrays
-------------------------------------------------------------



--- run 1 ---
-------------------------------------------------------------
STREAM (dynamic) version — custom malloc-based implementation
-------------------------------------------------------------
This system uses 8 bytes per array element.
-------------------------------------------------------------
Array size = 1398101 (elements), Offset = 0 (elements)
Memory per array = 10.7 MiB (= 0.0 GiB).
Total memory required = 32.0 MiB (= 0.0 GiB).
Each kernel will be executed 20 times.
-------------------------------------------------------------
Function    Best Rate MB/s  Avg time     Min time     Max time
Copy:           12900.4     0.001992     0.001734     0.003078
Scale:          12870.4     0.001875     0.001738     0.002660
Add:            10098.1     0.003435     0.003323     0.003662
Triad:          10158.6     0.003418     0.003303     0.003710
-------------------------------------------------------------
Solution Validates: avg error less than 1.000000e-13 on all three arrays
-------------------------------------------------------------



--- run 2 ---
-------------------------------------------------------------
STREAM (dynamic) version — custom malloc-based implementation
-------------------------------------------------------------
This system uses 8 bytes per array element.
-------------------------------------------------------------
Array size = 1398101 (elements), Offset = 0 (elements)
Memory per array = 10.7 MiB (= 0.0 GiB).
Total memory required = 32.0 MiB (= 0.0 GiB).
Each kernel will be executed 20 times.
-------------------------------------------------------------
Function    Best Rate MB/s  Avg time     Min time     Max time
Copy:           12810.6     0.002130     0.001746     0.003081
Scale:          12826.4     0.002169     0.001744     0.003073
Add:            10025.5     0.003652     0.003347     0.003840
Triad:          10155.7     0.003650     0.003304     0.003850
-------------------------------------------------------------
Solution Validates: avg error less than 1.000000e-13 on all three arrays
-------------------------------------------------------------



--- run 3 ---
-------------------------------------------------------------
STREAM (dynamic) version — custom malloc-based implementation
-------------------------------------------------------------
This system uses 8 bytes per array element.
-------------------------------------------------------------
Array size = 1398101 (elements), Offset = 0 (elements)
Memory per array = 10.7 MiB (= 0.0 GiB).
Total memory required = 32.0 MiB (= 0.0 GiB).
Each kernel will be executed 20 times.
-------------------------------------------------------------
Function    Best Rate MB/s  Avg time     Min time     Max time
Copy:           12952.1     0.001934     0.001727     0.002760
Scale:          12856.3     0.001859     0.001740     0.002361
Add:            10095.2     0.003494     0.003324     0.003788
Triad:          10180.7     0.003485     0.003296     0.003947
-------------------------------------------------------------
Solution Validates: avg error less than 1.000000e-13 on all three arrays
-------------------------------------------------------------



--- run 1 ---
-------------------------------------------------------------
STREAM (dynamic) version — custom malloc-based implementation
-------------------------------------------------------------
This system uses 8 bytes per array element.
-------------------------------------------------------------
Array size = 1569322 (elements), Offset = 0 (elements)
Memory per array = 12.0 MiB (= 0.0 GiB).
Total memory required = 35.9 MiB (= 0.0 GiB).
Each kernel will be executed 20 times.
-------------------------------------------------------------
Function    Best Rate MB/s  Avg time     Min time     Max time
Copy:           12930.1     0.002110     0.001942     0.002685
Scale:          12923.7     0.002169     0.001943     0.003491
Add:            10072.9     0.003961     0.003739     0.004320
Triad:          10113.5     0.003929     0.003724     0.004370
-------------------------------------------------------------
Solution Validates: avg error less than 1.000000e-13 on all three arrays
-------------------------------------------------------------



--- run 2 ---
-------------------------------------------------------------
STREAM (dynamic) version — custom malloc-based implementation
-------------------------------------------------------------
This system uses 8 bytes per array element.
-------------------------------------------------------------
Array size = 1569322 (elements), Offset = 0 (elements)
Memory per array = 12.0 MiB (= 0.0 GiB).
Total memory required = 35.9 MiB (= 0.0 GiB).
Each kernel will be executed 20 times.
-------------------------------------------------------------
Function    Best Rate MB/s  Avg time     Min time     Max time
Copy:           12857.5     0.002203     0.001953     0.002909
Scale:          12961.9     0.002091     0.001937     0.003365
Add:            10051.7     0.003873     0.003747     0.004204
Triad:          10182.0     0.003901     0.003699     0.004431
-------------------------------------------------------------
Solution Validates: avg error less than 1.000000e-13 on all three arrays
-------------------------------------------------------------



--- run 3 ---
-------------------------------------------------------------
STREAM (dynamic) version — custom malloc-based implementation
-------------------------------------------------------------
This system uses 8 bytes per array element.
-------------------------------------------------------------
Array size = 1569322 (elements), Offset = 0 (elements)
Memory per array = 12.0 MiB (= 0.0 GiB).
Total memory required = 35.9 MiB (= 0.0 GiB).
Each kernel will be executed 20 times.
-------------------------------------------------------------
Function    Best Rate MB/s  Avg time     Min time     Max time
Copy:           12922.1     0.002033     0.001943     0.002795
Scale:          12896.8     0.001984     0.001947     0.002146
Add:            10089.0     0.003800     0.003733     0.004154
Triad:          10168.9     0.003760     0.003704     0.004175
-------------------------------------------------------------
Solution Validates: avg error less than 1.000000e-13 on all three arrays
-------------------------------------------------------------



--- run 1 ---
-------------------------------------------------------------
STREAM (dynamic) version — custom malloc-based implementation
-------------------------------------------------------------
This system uses 8 bytes per array element.
-------------------------------------------------------------
Array size = 1761493 (elements), Offset = 0 (elements)
Memory per array = 13.4 MiB (= 0.0 GiB).
Total memory required = 40.3 MiB (= 0.0 GiB).
Each kernel will be executed 20 times.
-------------------------------------------------------------
Function    Best Rate MB/s  Avg time     Min time     Max time
Copy:           12916.5     0.002311     0.002182     0.002708
Scale:          12875.7     0.002303     0.002189     0.002798
Add:            10051.5     0.004375     0.004206     0.004639
Triad:          10152.7     0.004365     0.004164     0.004708
-------------------------------------------------------------
Solution Validates: avg error less than 1.000000e-13 on all three arrays
-------------------------------------------------------------



--- run 2 ---
-------------------------------------------------------------
STREAM (dynamic) version — custom malloc-based implementation
-------------------------------------------------------------
This system uses 8 bytes per array element.
-------------------------------------------------------------
Array size = 1761493 (elements), Offset = 0 (elements)
Memory per array = 13.4 MiB (= 0.0 GiB).
Total memory required = 40.3 MiB (= 0.0 GiB).
Each kernel will be executed 20 times.
-------------------------------------------------------------
Function    Best Rate MB/s  Avg time     Min time     Max time
Copy:           12946.2     0.002232     0.002177     0.002364
Scale:          12916.5     0.002272     0.002182     0.003042
Add:            10034.4     0.004270     0.004213     0.004497
Triad:          10169.6     0.004223     0.004157     0.004547
-------------------------------------------------------------
Solution Validates: avg error less than 1.000000e-13 on all three arrays
-------------------------------------------------------------



--- run 3 ---
-------------------------------------------------------------
STREAM (dynamic) version — custom malloc-based implementation
-------------------------------------------------------------
This system uses 8 bytes per array element.
-------------------------------------------------------------
Array size = 1761493 (elements), Offset = 0 (elements)
Memory per array = 13.4 MiB (= 0.0 GiB).
Total memory required = 40.3 MiB (= 0.0 GiB).
Each kernel will be executed 20 times.
-------------------------------------------------------------
Function    Best Rate MB/s  Avg time     Min time     Max time
Copy:           12946.2     0.002353     0.002177     0.003285
Scale:          12886.9     0.002329     0.002187     0.003225
Add:            10065.7     0.004427     0.004200     0.004962
Triad:          10157.4     0.004358     0.004162     0.005011
-------------------------------------------------------------
Solution Validates: avg error less than 1.000000e-13 on all three arrays
-------------------------------------------------------------



--- run 1 ---
-------------------------------------------------------------
STREAM (dynamic) version — custom malloc-based implementation
-------------------------------------------------------------
This system uses 8 bytes per array element.
-------------------------------------------------------------
Array size = 1977216 (elements), Offset = 0 (elements)
Memory per array = 15.1 MiB (= 0.0 GiB).
Total memory required = 45.3 MiB (= 0.0 GiB).
Each kernel will be executed 20 times.
-------------------------------------------------------------
Function    Best Rate MB/s  Avg time     Min time     Max time
Copy:           12917.5     0.002705     0.002449     0.003770
Scale:          12955.4     0.002638     0.002442     0.004295
Add:            10079.2     0.004866     0.004708     0.005615
Triad:          10157.3     0.004852     0.004672     0.005515
-------------------------------------------------------------
Solution Validates: avg error less than 1.000000e-13 on all three arrays
-------------------------------------------------------------



--- run 2 ---
-------------------------------------------------------------
STREAM (dynamic) version — custom malloc-based implementation
-------------------------------------------------------------
This system uses 8 bytes per array element.
-------------------------------------------------------------
Array size = 1977216 (elements), Offset = 0 (elements)
Memory per array = 15.1 MiB (= 0.0 GiB).
Total memory required = 45.3 MiB (= 0.0 GiB).
Each kernel will be executed 20 times.
-------------------------------------------------------------
Function    Best Rate MB/s  Avg time     Min time     Max time
Copy:           12897.4     0.002927     0.002453     0.003764
Scale:          12965.5     0.002553     0.002440     0.002729
Add:            10071.0     0.005034     0.004712     0.005551
Triad:          10176.6     0.005049     0.004663     0.005638
-------------------------------------------------------------
Solution Validates: avg error less than 1.000000e-13 on all three arrays
-------------------------------------------------------------



--- run 3 ---
-------------------------------------------------------------
STREAM (dynamic) version — custom malloc-based implementation
-------------------------------------------------------------
This system uses 8 bytes per array element.
-------------------------------------------------------------
Array size = 1977216 (elements), Offset = 0 (elements)
Memory per array = 15.1 MiB (= 0.0 GiB).
Total memory required = 45.3 MiB (= 0.0 GiB).
Each kernel will be executed 20 times.
-------------------------------------------------------------
Function    Best Rate MB/s  Avg time     Min time     Max time
Copy:           12949.0     0.002644     0.002443     0.003959
Scale:          12917.5     0.002533     0.002449     0.003435
Add:            10087.8     0.004757     0.004704     0.005080
Triad:          10187.5     0.004704     0.004658     0.004927
-------------------------------------------------------------
Solution Validates: avg error less than 1.000000e-13 on all three arrays
-------------------------------------------------------------



--- run 1 ---
-------------------------------------------------------------
STREAM (dynamic) version — custom malloc-based implementation
-------------------------------------------------------------
This system uses 8 bytes per array element.
-------------------------------------------------------------
Array size = 2219349 (elements), Offset = 0 (elements)
Memory per array = 16.9 MiB (= 0.0 GiB).
Total memory required = 50.8 MiB (= 0.0 GiB).
Each kernel will be executed 20 times.
-------------------------------------------------------------
Function    Best Rate MB/s  Avg time     Min time     Max time
Copy:           12560.1     0.003454     0.002827     0.004685
Scale:          12624.0     0.003246     0.002813     0.004717
Add:             9933.6     0.005765     0.005362     0.005983
Triad:           9894.9     0.005801     0.005383     0.006258
-------------------------------------------------------------
Solution Validates: avg error less than 1.000000e-13 on all three arrays
-------------------------------------------------------------



--- run 2 ---
-------------------------------------------------------------
STREAM (dynamic) version — custom malloc-based implementation
-------------------------------------------------------------
This system uses 8 bytes per array element.
-------------------------------------------------------------
Array size = 2219349 (elements), Offset = 0 (elements)
Memory per array = 16.9 MiB (= 0.0 GiB).
Total memory required = 50.8 MiB (= 0.0 GiB).
Each kernel will be executed 20 times.
-------------------------------------------------------------
Function    Best Rate MB/s  Avg time     Min time     Max time
Copy:           12814.1     0.003280     0.002771     0.004586
Scale:          12892.8     0.002972     0.002754     0.003833
Add:            10029.0     0.005698     0.005311     0.006042
Triad:          10141.5     0.005652     0.005252     0.005969
-------------------------------------------------------------
Solution Validates: avg error less than 1.000000e-13 on all three arrays
-------------------------------------------------------------



--- run 3 ---
-------------------------------------------------------------
STREAM (dynamic) version — custom malloc-based implementation
-------------------------------------------------------------
This system uses 8 bytes per array element.
-------------------------------------------------------------
Array size = 2219349 (elements), Offset = 0 (elements)
Memory per array = 16.9 MiB (= 0.0 GiB).
Total memory required = 50.8 MiB (= 0.0 GiB).
Each kernel will be executed 20 times.
-------------------------------------------------------------
Function    Best Rate MB/s  Avg time     Min time     Max time
Copy:           12838.4     0.003044     0.002766     0.004169
Scale:          12875.0     0.002904     0.002758     0.004258
Add:            10059.8     0.005561     0.005295     0.006008
Triad:          10133.7     0.005576     0.005256     0.006072
-------------------------------------------------------------
Solution Validates: avg error less than 1.000000e-13 on all three arrays
-------------------------------------------------------------



--- run 1 ---
-------------------------------------------------------------
STREAM (dynamic) version — custom malloc-based implementation
-------------------------------------------------------------
This system uses 8 bytes per array element.
-------------------------------------------------------------
Array size = 2491136 (elements), Offset = 0 (elements)
Memory per array = 19.0 MiB (= 0.0 GiB).
Total memory required = 57.0 MiB (= 0.1 GiB).
Each kernel will be executed 20 times.
-------------------------------------------------------------
Function    Best Rate MB/s  Avg time     Min time     Max time
Copy:           12878.6     0.003655     0.003095     0.004710
Scale:          12790.9     0.003469     0.003116     0.004637
Add:            10013.0     0.006509     0.005971     0.007030
Triad:          10171.4     0.006480     0.005878     0.007001
-------------------------------------------------------------
Solution Validates: avg error less than 1.000000e-13 on all three arrays
-------------------------------------------------------------



--- run 2 ---
-------------------------------------------------------------
STREAM (dynamic) version — custom malloc-based implementation
-------------------------------------------------------------
This system uses 8 bytes per array element.
-------------------------------------------------------------
Array size = 2491136 (elements), Offset = 0 (elements)
Memory per array = 19.0 MiB (= 0.0 GiB).
Total memory required = 57.0 MiB (= 0.1 GiB).
Each kernel will be executed 20 times.
-------------------------------------------------------------
Function    Best Rate MB/s  Avg time     Min time     Max time
Copy:           12837.1     0.003531     0.003105     0.005089
Scale:          12949.4     0.003356     0.003078     0.004603
Add:            10046.3     0.006261     0.005951     0.007040
Triad:          10132.0     0.006284     0.005901     0.007036
-------------------------------------------------------------
Solution Validates: avg error less than 1.000000e-13 on all three arrays
-------------------------------------------------------------



--- run 3 ---
-------------------------------------------------------------
STREAM (dynamic) version — custom malloc-based implementation
-------------------------------------------------------------
This system uses 8 bytes per array element.
-------------------------------------------------------------
Array size = 2491136 (elements), Offset = 0 (elements)
Memory per array = 19.0 MiB (= 0.0 GiB).
Total memory required = 57.0 MiB (= 0.1 GiB).
Each kernel will be executed 20 times.
-------------------------------------------------------------
Function    Best Rate MB/s  Avg time     Min time     Max time
Copy:           12869.7     0.003508     0.003097     0.005565
Scale:          12853.9     0.003285     0.003101     0.005079
Add:            10083.5     0.006239     0.005929     0.006936
Triad:          10118.1     0.006209     0.005909     0.007139
-------------------------------------------------------------
Solution Validates: avg error less than 1.000000e-13 on all three arrays
-------------------------------------------------------------



--- run 1 ---
-------------------------------------------------------------
STREAM (dynamic) version — custom malloc-based implementation
-------------------------------------------------------------
This system uses 8 bytes per array element.
-------------------------------------------------------------
Array size = 2796202 (elements), Offset = 0 (elements)
Memory per array = 21.3 MiB (= 0.0 GiB).
Total memory required = 64.0 MiB (= 0.1 GiB).
Each kernel will be executed 20 times.
-------------------------------------------------------------
Function    Best Rate MB/s  Avg time     Min time     Max time
Copy:           12937.8     0.003706     0.003458     0.005035
Scale:          12797.5     0.003598     0.003496     0.003740
Add:            10053.8     0.006918     0.006675     0.007371
Triad:          10151.3     0.006782     0.006611     0.007655
-------------------------------------------------------------
Solution Validates: avg error less than 1.000000e-13 on all three arrays
-------------------------------------------------------------



--- run 2 ---
-------------------------------------------------------------
STREAM (dynamic) version — custom malloc-based implementation
-------------------------------------------------------------
This system uses 8 bytes per array element.
-------------------------------------------------------------
Array size = 2796202 (elements), Offset = 0 (elements)
Memory per array = 21.3 MiB (= 0.0 GiB).
Total memory required = 64.0 MiB (= 0.1 GiB).
Each kernel will be executed 20 times.
-------------------------------------------------------------
Function    Best Rate MB/s  Avg time     Min time     Max time
Copy:           12779.2     0.004013     0.003501     0.005222
Scale:          12930.7     0.003739     0.003460     0.005612
Add:            10043.0     0.006931     0.006682     0.007643
Triad:          10174.0     0.006854     0.006596     0.007959
-------------------------------------------------------------
Solution Validates: avg error less than 1.000000e-13 on all three arrays
-------------------------------------------------------------



--- run 3 ---
-------------------------------------------------------------
STREAM (dynamic) version — custom malloc-based implementation
-------------------------------------------------------------
This system uses 8 bytes per array element.
-------------------------------------------------------------
Array size = 2796202 (elements), Offset = 0 (elements)
Memory per array = 21.3 MiB (= 0.0 GiB).
Total memory required = 64.0 MiB (= 0.1 GiB).
Each kernel will be executed 20 times.
-------------------------------------------------------------
Function    Best Rate MB/s  Avg time     Min time     Max time
Copy:           12892.5     0.003643     0.003470     0.004455
Scale:          12845.7     0.003838     0.003483     0.005760
Add:            10064.5     0.007127     0.006668     0.007380
Triad:          10175.5     0.006755     0.006595     0.007349
-------------------------------------------------------------
Solution Validates: avg error less than 1.000000e-13 on all three arrays
-------------------------------------------------------------



--- run 1 ---
-------------------------------------------------------------
STREAM (dynamic) version — custom malloc-based implementation
-------------------------------------------------------------
This system uses 8 bytes per array element.
-------------------------------------------------------------
Array size = 3138645 (elements), Offset = 0 (elements)
Memory per array = 23.9 MiB (= 0.0 GiB).
Total memory required = 71.8 MiB (= 0.1 GiB).
Each kernel will be executed 20 times.
-------------------------------------------------------------
Function    Best Rate MB/s  Avg time     Min time     Max time
Copy:           12853.5     0.004305     0.003907     0.005521
Scale:          12774.8     0.004213     0.003931     0.006034
Add:            10049.2     0.007828     0.007496     0.008678
Triad:          10130.4     0.007789     0.007436     0.009043
-------------------------------------------------------------
Solution Validates: avg error less than 1.000000e-13 on all three arrays
-------------------------------------------------------------



--- run 2 ---
-------------------------------------------------------------
STREAM (dynamic) version — custom malloc-based implementation
-------------------------------------------------------------
This system uses 8 bytes per array element.
-------------------------------------------------------------
Array size = 3138645 (elements), Offset = 0 (elements)
Memory per array = 23.9 MiB (= 0.0 GiB).
Total memory required = 71.8 MiB (= 0.1 GiB).
Each kernel will be executed 20 times.
-------------------------------------------------------------
Function    Best Rate MB/s  Avg time     Min time     Max time
Copy:           12820.7     0.004409     0.003917     0.006053
Scale:          12873.2     0.004175     0.003901     0.005299
Add:            10058.5     0.007964     0.007489     0.008429
Triad:          10135.6     0.007673     0.007432     0.008882
-------------------------------------------------------------
Solution Validates: avg error less than 1.000000e-13 on all three arrays
-------------------------------------------------------------



--- run 3 ---
-------------------------------------------------------------
STREAM (dynamic) version — custom malloc-based implementation
-------------------------------------------------------------
This system uses 8 bytes per array element.
-------------------------------------------------------------
Array size = 3138645 (elements), Offset = 0 (elements)
Memory per array = 23.9 MiB (= 0.0 GiB).
Total memory required = 71.8 MiB (= 0.1 GiB).
Each kernel will be executed 20 times.
-------------------------------------------------------------
Function    Best Rate MB/s  Avg time     Min time     Max time
Copy:           12755.5     0.004577     0.003937     0.006259
Scale:          12850.4     0.004238     0.003908     0.005929
Add:            10022.4     0.007826     0.007516     0.008817
Triad:          10116.8     0.007886     0.007446     0.008861
-------------------------------------------------------------
Solution Validates: avg error less than 1.000000e-13 on all three arrays
-------------------------------------------------------------



--- run 1 ---
-------------------------------------------------------------
STREAM (dynamic) version — custom malloc-based implementation
-------------------------------------------------------------
This system uses 8 bytes per array element.
-------------------------------------------------------------
Array size = 3522986 (elements), Offset = 0 (elements)
Memory per array = 26.9 MiB (= 0.0 GiB).
Total memory required = 80.6 MiB (= 0.1 GiB).
Each kernel will be executed 20 times.
-------------------------------------------------------------
Function    Best Rate MB/s  Avg time     Min time     Max time
Copy:           12849.1     0.005137     0.004387     0.006349
Scale:          12813.6     0.004764     0.004399     0.006039
Add:            10006.1     0.009188     0.008450     0.009969
Triad:          10122.3     0.009082     0.008353     0.010046
-------------------------------------------------------------
Solution Validates: avg error less than 1.000000e-13 on all three arrays
-------------------------------------------------------------



--- run 2 ---
-------------------------------------------------------------
STREAM (dynamic) version — custom malloc-based implementation
-------------------------------------------------------------
This system uses 8 bytes per array element.
-------------------------------------------------------------
Array size = 3522986 (elements), Offset = 0 (elements)
Memory per array = 26.9 MiB (= 0.0 GiB).
Total memory required = 80.6 MiB (= 0.1 GiB).
Each kernel will be executed 20 times.
-------------------------------------------------------------
Function    Best Rate MB/s  Avg time     Min time     Max time
Copy:           12770.7     0.004612     0.004414     0.005651
Scale:          12893.3     0.004436     0.004372     0.004663
Add:            10048.9     0.008524     0.008414     0.009040
Triad:          10145.5     0.008445     0.008334     0.008863
-------------------------------------------------------------
Solution Validates: avg error less than 1.000000e-13 on all three arrays
-------------------------------------------------------------



--- run 3 ---
-------------------------------------------------------------
STREAM (dynamic) version — custom malloc-based implementation
-------------------------------------------------------------
This system uses 8 bytes per array element.
-------------------------------------------------------------
Array size = 3522986 (elements), Offset = 0 (elements)
Memory per array = 26.9 MiB (= 0.0 GiB).
Total memory required = 80.6 MiB (= 0.1 GiB).
Each kernel will be executed 20 times.
-------------------------------------------------------------
Function    Best Rate MB/s  Avg time     Min time     Max time
Copy:           12851.9     0.004742     0.004386     0.006197
Scale:          12761.7     0.004533     0.004417     0.005594
Add:            10047.8     0.008545     0.008415     0.009228
Triad:          10139.4     0.008484     0.008339     0.009488
-------------------------------------------------------------
Solution Validates: avg error less than 1.000000e-13 on all three arrays
-------------------------------------------------------------



--- run 1 ---
-------------------------------------------------------------
STREAM (dynamic) version — custom malloc-based implementation
-------------------------------------------------------------
This system uses 8 bytes per array element.
-------------------------------------------------------------
Array size = 3954432 (elements), Offset = 0 (elements)
Memory per array = 30.2 MiB (= 0.0 GiB).
Total memory required = 90.5 MiB (= 0.1 GiB).
Each kernel will be executed 20 times.
-------------------------------------------------------------
Function    Best Rate MB/s  Avg time     Min time     Max time
Copy:           12896.8     0.005139     0.004906     0.006317
Scale:          12864.9     0.005049     0.004918     0.005481
Add:            10052.7     0.009619     0.009441     0.010337
Triad:          10164.3     0.009506     0.009337     0.010757
-------------------------------------------------------------
Solution Validates: avg error less than 1.000000e-13 on all three arrays
-------------------------------------------------------------



--- run 2 ---
-------------------------------------------------------------
STREAM (dynamic) version — custom malloc-based implementation
-------------------------------------------------------------
This system uses 8 bytes per array element.
-------------------------------------------------------------
Array size = 3954432 (elements), Offset = 0 (elements)
Memory per array = 30.2 MiB (= 0.0 GiB).
Total memory required = 90.5 MiB (= 0.1 GiB).
Each kernel will be executed 20 times.
-------------------------------------------------------------
Function    Best Rate MB/s  Avg time     Min time     Max time
Copy:           12868.0     0.005529     0.004917     0.007993
Scale:          12933.9     0.005190     0.004892     0.006130
Add:            10047.1     0.009978     0.009446     0.011009
Triad:          10194.0     0.009773     0.009310     0.011345
-------------------------------------------------------------
Solution Validates: avg error less than 1.000000e-13 on all three arrays
-------------------------------------------------------------



--- run 3 ---
-------------------------------------------------------------
STREAM (dynamic) version — custom malloc-based implementation
-------------------------------------------------------------
This system uses 8 bytes per array element.
-------------------------------------------------------------
Array size = 3954432 (elements), Offset = 0 (elements)
Memory per array = 30.2 MiB (= 0.0 GiB).
Total memory required = 90.5 MiB (= 0.1 GiB).
Each kernel will be executed 20 times.
-------------------------------------------------------------
Function    Best Rate MB/s  Avg time     Min time     Max time
Copy:           12904.3     0.005611     0.004903     0.007922
Scale:          12789.3     0.005274     0.004947     0.006917
Add:            10061.1     0.009728     0.009433     0.010762
Triad:          10166.7     0.009675     0.009335     0.011175
-------------------------------------------------------------
Solution Validates: avg error less than 1.000000e-13 on all three arrays
-------------------------------------------------------------



--- run 1 ---
-------------------------------------------------------------
STREAM (dynamic) version — custom malloc-based implementation
-------------------------------------------------------------
This system uses 8 bytes per array element.
-------------------------------------------------------------
Array size = 4438698 (elements), Offset = 0 (elements)
Memory per array = 33.9 MiB (= 0.0 GiB).
Total memory required = 101.6 MiB (= 0.1 GiB).
Each kernel will be executed 20 times.
-------------------------------------------------------------
Function    Best Rate MB/s  Avg time     Min time     Max time
Copy:           12875.0     0.006338     0.005516     0.007841
Scale:          12766.3     0.006016     0.005563     0.007893
Add:            10036.7     0.011073     0.010614     0.012371
Triad:          10105.3     0.011059     0.010542     0.012455
-------------------------------------------------------------
Solution Validates: avg error less than 1.000000e-13 on all three arrays
-------------------------------------------------------------



--- run 2 ---
-------------------------------------------------------------
STREAM (dynamic) version — custom malloc-based implementation
-------------------------------------------------------------
This system uses 8 bytes per array element.
-------------------------------------------------------------
Array size = 4438698 (elements), Offset = 0 (elements)
Memory per array = 33.9 MiB (= 0.0 GiB).
Total memory required = 101.6 MiB (= 0.1 GiB).
Each kernel will be executed 20 times.
-------------------------------------------------------------
Function    Best Rate MB/s  Avg time     Min time     Max time
Copy:           12851.7     0.006383     0.005526     0.009188
Scale:          12921.9     0.005950     0.005496     0.007348
Add:            10028.1     0.011313     0.010623     0.011703
Triad:          10143.6     0.011221     0.010502     0.012417
-------------------------------------------------------------
Solution Validates: avg error less than 1.000000e-13 on all three arrays
-------------------------------------------------------------



--- run 3 ---
-------------------------------------------------------------
STREAM (dynamic) version — custom malloc-based implementation
-------------------------------------------------------------
This system uses 8 bytes per array element.
-------------------------------------------------------------
Array size = 4438698 (elements), Offset = 0 (elements)
Memory per array = 33.9 MiB (= 0.0 GiB).
Total memory required = 101.6 MiB (= 0.1 GiB).
Each kernel will be executed 20 times.
-------------------------------------------------------------
Function    Best Rate MB/s  Avg time     Min time     Max time
Copy:           12935.9     0.006283     0.005490     0.007615
Scale:          12826.2     0.006056     0.005537     0.008168
Add:            10033.8     0.011340     0.010617     0.011955
Triad:          10074.5     0.011404     0.010574     0.011949
-------------------------------------------------------------
Solution Validates: avg error less than 1.000000e-13 on all three arrays
-------------------------------------------------------------



--- run 1 ---
-------------------------------------------------------------
STREAM (dynamic) version — custom malloc-based implementation
-------------------------------------------------------------
This system uses 8 bytes per array element.
-------------------------------------------------------------
Array size = 4982272 (elements), Offset = 0 (elements)
Memory per array = 38.0 MiB (= 0.0 GiB).
Total memory required = 114.0 MiB (= 0.1 GiB).
Each kernel will be executed 20 times.
-------------------------------------------------------------
Function    Best Rate MB/s  Avg time     Min time     Max time
Copy:           12913.4     0.007316     0.006173     0.008910
Scale:          12824.3     0.006565     0.006216     0.008315
Add:            10046.5     0.012572     0.011902     0.013858
Triad:          10167.1     0.012505     0.011761     0.014238
-------------------------------------------------------------
Solution Validates: avg error less than 1.000000e-13 on all three arrays
-------------------------------------------------------------



--- run 2 ---
-------------------------------------------------------------
STREAM (dynamic) version — custom malloc-based implementation
-------------------------------------------------------------
This system uses 8 bytes per array element.
-------------------------------------------------------------
Array size = 4982272 (elements), Offset = 0 (elements)
Memory per array = 38.0 MiB (= 0.0 GiB).
Total memory required = 114.0 MiB (= 0.1 GiB).
Each kernel will be executed 20 times.
-------------------------------------------------------------
Function    Best Rate MB/s  Avg time     Min time     Max time
Copy:           12849.4     0.007083     0.006204     0.009061
Scale:          12899.0     0.006620     0.006180     0.008282
Add:            10044.9     0.012422     0.011904     0.013329
Triad:          10191.5     0.012327     0.011733     0.013368
-------------------------------------------------------------
Solution Validates: avg error less than 1.000000e-13 on all three arrays
-------------------------------------------------------------



--- run 3 ---
-------------------------------------------------------------
STREAM (dynamic) version — custom malloc-based implementation
-------------------------------------------------------------
This system uses 8 bytes per array element.
-------------------------------------------------------------
Array size = 4982272 (elements), Offset = 0 (elements)
Memory per array = 38.0 MiB (= 0.0 GiB).
Total memory required = 114.0 MiB (= 0.1 GiB).
Each kernel will be executed 20 times.
-------------------------------------------------------------
Function    Best Rate MB/s  Avg time     Min time     Max time
Copy:           12839.1     0.007179     0.006209     0.009355
Scale:          12855.3     0.006471     0.006201     0.007948
Add:            10066.1     0.012609     0.011879     0.013893
Triad:          10180.9     0.012692     0.011745     0.014002
-------------------------------------------------------------
Solution Validates: avg error less than 1.000000e-13 on all three arrays
-------------------------------------------------------------



--- run 1 ---
-------------------------------------------------------------
STREAM (dynamic) version — custom malloc-based implementation
-------------------------------------------------------------
This system uses 8 bytes per array element.
-------------------------------------------------------------
Array size = 5592405 (elements), Offset = 0 (elements)
Memory per array = 42.7 MiB (= 0.0 GiB).
Total memory required = 128.0 MiB (= 0.1 GiB).
Each kernel will be executed 20 times.
-------------------------------------------------------------
Function    Best Rate MB/s  Avg time     Min time     Max time
Copy:           12947.2     0.007792     0.006911     0.009791
Scale:          12810.2     0.007283     0.006985     0.009215
Add:            10026.0     0.013652     0.013387     0.014738
Triad:          10139.6     0.013713     0.013237     0.015141
-------------------------------------------------------------
Solution Validates: avg error less than 1.000000e-13 on all three arrays
-------------------------------------------------------------



--- run 2 ---
-------------------------------------------------------------
STREAM (dynamic) version — custom malloc-based implementation
-------------------------------------------------------------
This system uses 8 bytes per array element.
-------------------------------------------------------------
Array size = 5592405 (elements), Offset = 0 (elements)
Memory per array = 42.7 MiB (= 0.0 GiB).
Total memory required = 128.0 MiB (= 0.1 GiB).
Each kernel will be executed 20 times.
-------------------------------------------------------------
Function    Best Rate MB/s  Avg time     Min time     Max time
Copy:           12813.7     0.008293     0.006983     0.011992
Scale:          12893.4     0.007930     0.006940     0.011377
Add:            10024.6     0.014288     0.013389     0.014842
Triad:          10146.3     0.014310     0.013228     0.016199
-------------------------------------------------------------
Solution Validates: avg error less than 1.000000e-13 on all three arrays
-------------------------------------------------------------



--- run 3 ---
-------------------------------------------------------------
STREAM (dynamic) version — custom malloc-based implementation
-------------------------------------------------------------
This system uses 8 bytes per array element.
-------------------------------------------------------------
Array size = 5592405 (elements), Offset = 0 (elements)
Memory per array = 42.7 MiB (= 0.0 GiB).
Total memory required = 128.0 MiB (= 0.1 GiB).
Each kernel will be executed 20 times.
-------------------------------------------------------------
Function    Best Rate MB/s  Avg time     Min time     Max time
Copy:           12904.4     0.007859     0.006934     0.009832
Scale:          12771.8     0.007613     0.007006     0.009705
Add:            10035.7     0.014084     0.013374     0.014730
Triad:          10145.8     0.014191     0.013229     0.015596
-------------------------------------------------------------
Solution Validates: avg error less than 1.000000e-13 on all three arrays
-------------------------------------------------------------



--- run 1 ---
-------------------------------------------------------------
STREAM (dynamic) version — custom malloc-based implementation
-------------------------------------------------------------
This system uses 8 bytes per array element.
-------------------------------------------------------------
Array size = 6277248 (elements), Offset = 0 (elements)
Memory per array = 47.9 MiB (= 0.0 GiB).
Total memory required = 143.7 MiB (= 0.1 GiB).
Each kernel will be executed 20 times.
-------------------------------------------------------------
Function    Best Rate MB/s  Avg time     Min time     Max time
Copy:           12929.6     0.008866     0.007768     0.011617
Scale:          12830.4     0.008232     0.007828     0.010750
Add:            10053.0     0.015413     0.014986     0.016479
Triad:          10149.2     0.015293     0.014844     0.016528
-------------------------------------------------------------
Solution Validates: avg error less than 1.000000e-13 on all three arrays
-------------------------------------------------------------



--- run 2 ---
-------------------------------------------------------------
STREAM (dynamic) version — custom malloc-based implementation
-------------------------------------------------------------
This system uses 8 bytes per array element.
-------------------------------------------------------------
Array size = 6277248 (elements), Offset = 0 (elements)
Memory per array = 47.9 MiB (= 0.0 GiB).
Total memory required = 143.7 MiB (= 0.1 GiB).
Each kernel will be executed 20 times.
-------------------------------------------------------------
Function    Best Rate MB/s  Avg time     Min time     Max time
Copy:           12815.5     0.008871     0.007837     0.010876
Scale:          12889.6     0.008180     0.007792     0.011223
Add:            10042.2     0.015635     0.015002     0.016831
Triad:          10153.3     0.015756     0.014838     0.017357
-------------------------------------------------------------
Solution Validates: avg error less than 1.000000e-13 on all three arrays
-------------------------------------------------------------



--- run 3 ---
-------------------------------------------------------------
STREAM (dynamic) version — custom malloc-based implementation
-------------------------------------------------------------
This system uses 8 bytes per array element.
-------------------------------------------------------------
Array size = 6277248 (elements), Offset = 0 (elements)
Memory per array = 47.9 MiB (= 0.0 GiB).
Total memory required = 143.7 MiB (= 0.1 GiB).
Each kernel will be executed 20 times.
-------------------------------------------------------------
Function    Best Rate MB/s  Avg time     Min time     Max time
Copy:           12906.2     0.008995     0.007782     0.011606
Scale:          12758.5     0.008675     0.007872     0.010737
Add:            10064.3     0.016300     0.014969     0.017690
Triad:          10141.0     0.016011     0.014856     0.017667
-------------------------------------------------------------
Solution Validates: avg error less than 1.000000e-13 on all three arrays
-------------------------------------------------------------



--- run 1 ---
-------------------------------------------------------------
STREAM (dynamic) version — custom malloc-based implementation
-------------------------------------------------------------
This system uses 8 bytes per array element.
-------------------------------------------------------------
Array size = 7045973 (elements), Offset = 0 (elements)
Memory per array = 53.8 MiB (= 0.1 GiB).
Total memory required = 161.3 MiB (= 0.2 GiB).
Each kernel will be executed 20 times.
-------------------------------------------------------------
Function    Best Rate MB/s  Avg time     Min time     Max time
Copy:           12884.1     0.010711     0.008750     0.013371
Scale:          12826.8     0.009655     0.008789     0.013059
Add:            10047.2     0.018161     0.016831     0.019577
Triad:          10130.8     0.018412     0.016692     0.020586
-------------------------------------------------------------
Solution Validates: avg error less than 1.000000e-13 on all three arrays
-------------------------------------------------------------



--- run 2 ---
-------------------------------------------------------------
STREAM (dynamic) version — custom malloc-based implementation
-------------------------------------------------------------
This system uses 8 bytes per array element.
-------------------------------------------------------------
Array size = 7045973 (elements), Offset = 0 (elements)
Memory per array = 53.8 MiB (= 0.1 GiB).
Total memory required = 161.3 MiB (= 0.2 GiB).
Each kernel will be executed 20 times.
-------------------------------------------------------------
Function    Best Rate MB/s  Avg time     Min time     Max time
Copy:           12841.4     0.009845     0.008779     0.012412
Scale:          12922.5     0.009310     0.008724     0.011224
Add:            10044.2     0.017391     0.016836     0.019592
Triad:          10146.1     0.017311     0.016667     0.019329
-------------------------------------------------------------
Solution Validates: avg error less than 1.000000e-13 on all three arrays
-------------------------------------------------------------



--- run 3 ---
-------------------------------------------------------------
STREAM (dynamic) version — custom malloc-based implementation
-------------------------------------------------------------
This system uses 8 bytes per array element.
-------------------------------------------------------------
Array size = 7045973 (elements), Offset = 0 (elements)
Memory per array = 53.8 MiB (= 0.1 GiB).
Total memory required = 161.3 MiB (= 0.2 GiB).
Each kernel will be executed 20 times.
-------------------------------------------------------------
Function    Best Rate MB/s  Avg time     Min time     Max time
Copy:           12840.0     0.010601     0.008780     0.013624
Scale:          12796.3     0.009693     0.008810     0.012402
Add:            10038.8     0.017798     0.016845     0.018914
Triad:          10138.7     0.018010     0.016679     0.019977
-------------------------------------------------------------
Solution Validates: avg error less than 1.000000e-13 on all three arrays
-------------------------------------------------------------



--- run 1 ---
-------------------------------------------------------------
STREAM (dynamic) version — custom malloc-based implementation
-------------------------------------------------------------
This system uses 8 bytes per array element.
-------------------------------------------------------------
Array size = 7908864 (elements), Offset = 0 (elements)
Memory per array = 60.3 MiB (= 0.1 GiB).
Total memory required = 181.0 MiB (= 0.2 GiB).
Each kernel will be executed 20 times.
-------------------------------------------------------------
Function    Best Rate MB/s  Avg time     Min time     Max time
Copy:           12753.6     0.011716     0.009922     0.014922
Scale:          12807.8     0.010782     0.009880     0.013347
Add:            10051.4     0.020135     0.018884     0.021458
Triad:          10165.6     0.020367     0.018672     0.022291
-------------------------------------------------------------
Solution Validates: avg error less than 1.000000e-13 on all three arrays
-------------------------------------------------------------



--- run 2 ---
-------------------------------------------------------------
STREAM (dynamic) version — custom malloc-based implementation
-------------------------------------------------------------
This system uses 8 bytes per array element.
-------------------------------------------------------------
Array size = 7908864 (elements), Offset = 0 (elements)
Memory per array = 60.3 MiB (= 0.1 GiB).
Total memory required = 181.0 MiB (= 0.2 GiB).
Each kernel will be executed 20 times.
-------------------------------------------------------------
Function    Best Rate MB/s  Avg time     Min time     Max time
Copy:           12645.5     0.011637     0.010007     0.014773
Scale:          12877.1     0.010825     0.009827     0.013247
Add:            10017.5     0.020082     0.018948     0.021200
Triad:          10199.0     0.020488     0.018611     0.022450
-------------------------------------------------------------
Solution Validates: avg error less than 1.000000e-13 on all three arrays
-------------------------------------------------------------



--- run 3 ---
-------------------------------------------------------------
STREAM (dynamic) version — custom malloc-based implementation
-------------------------------------------------------------
This system uses 8 bytes per array element.
-------------------------------------------------------------
Array size = 7908864 (elements), Offset = 0 (elements)
Memory per array = 60.3 MiB (= 0.1 GiB).
Total memory required = 181.0 MiB (= 0.2 GiB).
Each kernel will be executed 20 times.
-------------------------------------------------------------
Function    Best Rate MB/s  Avg time     Min time     Max time
Copy:           12924.1     0.011272     0.009791     0.013499
Scale:          12857.4     0.010468     0.009842     0.012102
Add:            10054.7     0.019834     0.018878     0.021165
Triad:          10184.8     0.019946     0.018637     0.021106
-------------------------------------------------------------
Solution Validates: avg error less than 1.000000e-13 on all three arrays
-------------------------------------------------------------



--- run 1 ---
-------------------------------------------------------------
STREAM (dynamic) version — custom malloc-based implementation
-------------------------------------------------------------
This system uses 8 bytes per array element.
-------------------------------------------------------------
Array size = 8877397 (elements), Offset = 0 (elements)
Memory per array = 67.7 MiB (= 0.1 GiB).
Total memory required = 203.2 MiB (= 0.2 GiB).
Each kernel will be executed 20 times.
-------------------------------------------------------------
Function    Best Rate MB/s  Avg time     Min time     Max time
Copy:           12909.0     0.013226     0.011003     0.016844
Scale:          12847.0     0.012214     0.011056     0.014578
Add:            10044.3     0.022774     0.021212     0.024456
Triad:          10129.2     0.022894     0.021034     0.025031
-------------------------------------------------------------
Solution Validates: avg error less than 1.000000e-13 on all three arrays
-------------------------------------------------------------



--- run 2 ---
-------------------------------------------------------------
STREAM (dynamic) version — custom malloc-based implementation
-------------------------------------------------------------
This system uses 8 bytes per array element.
-------------------------------------------------------------
Array size = 8877397 (elements), Offset = 0 (elements)
Memory per array = 67.7 MiB (= 0.1 GiB).
Total memory required = 203.2 MiB (= 0.2 GiB).
Each kernel will be executed 20 times.
-------------------------------------------------------------
Function    Best Rate MB/s  Avg time     Min time     Max time
Copy:           12814.6     0.011857     0.011084     0.015784
Scale:          12885.6     0.011169     0.011023     0.011936
Add:            10030.1     0.021517     0.021242     0.022597
Triad:          10137.8     0.021339     0.021016     0.023422
-------------------------------------------------------------
Solution Validates: avg error less than 1.000000e-13 on all three arrays
-------------------------------------------------------------



--- run 3 ---
-------------------------------------------------------------
STREAM (dynamic) version — custom malloc-based implementation
-------------------------------------------------------------
This system uses 8 bytes per array element.
-------------------------------------------------------------
Array size = 8877397 (elements), Offset = 0 (elements)
Memory per array = 67.7 MiB (= 0.1 GiB).
Total memory required = 203.2 MiB (= 0.2 GiB).
Each kernel will be executed 20 times.
-------------------------------------------------------------
Function    Best Rate MB/s  Avg time     Min time     Max time
Copy:           12866.9     0.012577     0.011039     0.017312
Scale:          12768.5     0.011822     0.011124     0.013568
Add:             9990.9     0.022305     0.021325     0.023825
Triad:          10101.4     0.022546     0.021092     0.025087
-------------------------------------------------------------
Solution Validates: avg error less than 1.000000e-13 on all three arrays
-------------------------------------------------------------



--- run 1 ---
-------------------------------------------------------------
STREAM (dynamic) version — custom malloc-based implementation
-------------------------------------------------------------
This system uses 8 bytes per array element.
-------------------------------------------------------------
Array size = 9964544 (elements), Offset = 0 (elements)
Memory per array = 76.0 MiB (= 0.1 GiB).
Total memory required = 228.1 MiB (= 0.2 GiB).
Each kernel will be executed 20 times.
-------------------------------------------------------------
Function    Best Rate MB/s  Avg time     Min time     Max time
Copy:           12877.1     0.013457     0.012381     0.017266
Scale:          12853.4     0.012779     0.012404     0.014675
Add:            10035.7     0.024489     0.023830     0.027400
Triad:          10145.5     0.024658     0.023572     0.028205
-------------------------------------------------------------
Solution Validates: avg error less than 1.000000e-13 on all three arrays
-------------------------------------------------------------



--- run 2 ---
-------------------------------------------------------------
STREAM (dynamic) version — custom malloc-based implementation
-------------------------------------------------------------
This system uses 8 bytes per array element.
-------------------------------------------------------------
Array size = 9964544 (elements), Offset = 0 (elements)
Memory per array = 76.0 MiB (= 0.1 GiB).
Total memory required = 228.1 MiB (= 0.2 GiB).
Each kernel will be executed 20 times.
-------------------------------------------------------------
Function    Best Rate MB/s  Avg time     Min time     Max time
Copy:           12809.0     0.013875     0.012447     0.017552
Scale:          12932.7     0.013054     0.012328     0.016409
Add:            10037.8     0.024897     0.023825     0.027466
Triad:          10136.0     0.025253     0.023594     0.028024
-------------------------------------------------------------
Solution Validates: avg error less than 1.000000e-13 on all three arrays
-------------------------------------------------------------



--- run 3 ---
-------------------------------------------------------------
STREAM (dynamic) version — custom malloc-based implementation
-------------------------------------------------------------
This system uses 8 bytes per array element.
-------------------------------------------------------------
Array size = 9964544 (elements), Offset = 0 (elements)
Memory per array = 76.0 MiB (= 0.1 GiB).
Total memory required = 228.1 MiB (= 0.2 GiB).
Each kernel will be executed 20 times.
-------------------------------------------------------------
Function    Best Rate MB/s  Avg time     Min time     Max time
Copy:           12977.8     0.013792     0.012285     0.019152
Scale:          12812.0     0.013448     0.012444     0.016852
Add:            10028.4     0.025073     0.023847     0.026747
Triad:          10118.1     0.025220     0.023636     0.027734
-------------------------------------------------------------
Solution Validates: avg error less than 1.000000e-13 on all three arrays
-------------------------------------------------------------



--- run 1 ---
-------------------------------------------------------------
STREAM (dynamic) version — custom malloc-based implementation
-------------------------------------------------------------
This system uses 8 bytes per array element.
-------------------------------------------------------------
Array size = 11184810 (elements), Offset = 0 (elements)
Memory per array = 85.3 MiB (= 0.1 GiB).
Total memory required = 256.0 MiB (= 0.2 GiB).
Each kernel will be executed 20 times.
-------------------------------------------------------------
Function    Best Rate MB/s  Avg time     Min time     Max time
Copy:           12932.2     0.015191     0.013838     0.019265
Scale:          12813.9     0.014350     0.013966     0.016229
Add:            10033.9     0.027396     0.026753     0.030920
Triad:          10125.5     0.027249     0.026511     0.031058
-------------------------------------------------------------
Solution Validates: avg error less than 1.000000e-13 on all three arrays
-------------------------------------------------------------



--- run 2 ---
-------------------------------------------------------------
STREAM (dynamic) version — custom malloc-based implementation
-------------------------------------------------------------
This system uses 8 bytes per array element.
-------------------------------------------------------------
Array size = 11184810 (elements), Offset = 0 (elements)
Memory per array = 85.3 MiB (= 0.1 GiB).
Total memory required = 256.0 MiB (= 0.2 GiB).
Each kernel will be executed 20 times.
-------------------------------------------------------------
Function    Best Rate MB/s  Avg time     Min time     Max time
Copy:           12842.2     0.015419     0.013935     0.023373
Scale:          12910.0     0.014455     0.013862     0.016609
Add:            10028.6     0.027486     0.026767     0.031447
Triad:          10097.9     0.027151     0.026583     0.030611
-------------------------------------------------------------
Solution Validates: avg error less than 1.000000e-13 on all three arrays
-------------------------------------------------------------



--- run 3 ---
-------------------------------------------------------------
STREAM (dynamic) version — custom malloc-based implementation
-------------------------------------------------------------
This system uses 8 bytes per array element.
-------------------------------------------------------------
Array size = 11184810 (elements), Offset = 0 (elements)
Memory per array = 85.3 MiB (= 0.1 GiB).
Total memory required = 256.0 MiB (= 0.2 GiB).
Each kernel will be executed 20 times.
-------------------------------------------------------------
Function    Best Rate MB/s  Avg time     Min time     Max time
Copy:           12923.1     0.015739     0.013848     0.022086
Scale:          12871.0     0.014729     0.013904     0.019576
Add:            10033.1     0.027746     0.026755     0.029691
Triad:          10115.5     0.027815     0.026537     0.030766
-------------------------------------------------------------
Solution Validates: avg error less than 1.000000e-13 on all three arrays
-------------------------------------------------------------



--- run 1 ---
-------------------------------------------------------------
STREAM (dynamic) version — custom malloc-based implementation
-------------------------------------------------------------
This system uses 8 bytes per array element.
-------------------------------------------------------------
Array size = 12554538 (elements), Offset = 0 (elements)
Memory per array = 95.8 MiB (= 0.1 GiB).
Total memory required = 287.4 MiB (= 0.3 GiB).
Each kernel will be executed 20 times.
-------------------------------------------------------------
Function    Best Rate MB/s  Avg time     Min time     Max time
Copy:           12935.2     0.018009     0.015529     0.022374
Scale:          12884.7     0.016599     0.015590     0.018949
Add:            10021.3     0.031355     0.030067     0.033568
Triad:          10147.1     0.031691     0.029694     0.034929
-------------------------------------------------------------
Solution Validates: avg error less than 1.000000e-13 on all three arrays
-------------------------------------------------------------



--- run 2 ---
-------------------------------------------------------------
STREAM (dynamic) version — custom malloc-based implementation
-------------------------------------------------------------
This system uses 8 bytes per array element.
-------------------------------------------------------------
Array size = 12554538 (elements), Offset = 0 (elements)
Memory per array = 95.8 MiB (= 0.1 GiB).
Total memory required = 287.4 MiB (= 0.3 GiB).
Each kernel will be executed 20 times.
-------------------------------------------------------------
Function    Best Rate MB/s  Avg time     Min time     Max time
Copy:           12837.8     0.017820     0.015647     0.023762
Scale:          12898.0     0.016256     0.015574     0.022467
Add:            10046.9     0.030915     0.029990     0.034074
Triad:          10117.1     0.031497     0.029782     0.037151
-------------------------------------------------------------
Solution Validates: avg error less than 1.000000e-13 on all three arrays
-------------------------------------------------------------



--- run 3 ---
-------------------------------------------------------------
STREAM (dynamic) version — custom malloc-based implementation
-------------------------------------------------------------
This system uses 8 bytes per array element.
-------------------------------------------------------------
Array size = 12554538 (elements), Offset = 0 (elements)
Memory per array = 95.8 MiB (= 0.1 GiB).
Total memory required = 287.4 MiB (= 0.3 GiB).
Each kernel will be executed 20 times.
-------------------------------------------------------------
Function    Best Rate MB/s  Avg time     Min time     Max time
Copy:           12928.6     0.017108     0.015537     0.023505
Scale:          12836.1     0.016133     0.015649     0.018311
Add:            10032.6     0.031076     0.030033     0.033954
Triad:          10143.7     0.030873     0.029704     0.035294
-------------------------------------------------------------
Solution Validates: avg error less than 1.000000e-13 on all three arrays
-------------------------------------------------------------



--- run 1 ---
-------------------------------------------------------------
STREAM (dynamic) version — custom malloc-based implementation
-------------------------------------------------------------
This system uses 8 bytes per array element.
-------------------------------------------------------------
Array size = 14091989 (elements), Offset = 0 (elements)
Memory per array = 107.5 MiB (= 0.1 GiB).
Total memory required = 322.5 MiB (= 0.3 GiB).
Each kernel will be executed 20 times.
-------------------------------------------------------------
Function    Best Rate MB/s  Avg time     Min time     Max time
Copy:           12966.5     0.019134     0.017389     0.023323
Scale:          12855.4     0.018543     0.017539     0.021502
Add:            10051.1     0.035519     0.033649     0.040259
Triad:          10173.8     0.034970     0.033243     0.039248
-------------------------------------------------------------
Solution Validates: avg error less than 1.000000e-13 on all three arrays
-------------------------------------------------------------



--- run 2 ---
-------------------------------------------------------------
STREAM (dynamic) version — custom malloc-based implementation
-------------------------------------------------------------
This system uses 8 bytes per array element.
-------------------------------------------------------------
Array size = 14091989 (elements), Offset = 0 (elements)
Memory per array = 107.5 MiB (= 0.1 GiB).
Total memory required = 322.5 MiB (= 0.3 GiB).
Each kernel will be executed 20 times.
-------------------------------------------------------------
Function    Best Rate MB/s  Avg time     Min time     Max time
Copy:           12781.1     0.020291     0.017641     0.024429
Scale:          12933.0     0.018173     0.017434     0.020007
Add:            10038.2     0.035140     0.033692     0.038380
Triad:          10186.0     0.035890     0.033203     0.040856
-------------------------------------------------------------
Solution Validates: avg error less than 1.000000e-13 on all three arrays
-------------------------------------------------------------



--- run 3 ---
-------------------------------------------------------------
STREAM (dynamic) version — custom malloc-based implementation
-------------------------------------------------------------
This system uses 8 bytes per array element.
-------------------------------------------------------------
Array size = 14091989 (elements), Offset = 0 (elements)
Memory per array = 107.5 MiB (= 0.1 GiB).
Total memory required = 322.5 MiB (= 0.3 GiB).
Each kernel will be executed 20 times.
-------------------------------------------------------------
Function    Best Rate MB/s  Avg time     Min time     Max time
Copy:           12898.9     0.018865     0.017480     0.021512
Scale:          12864.2     0.018604     0.017527     0.021577
Add:            10049.3     0.035288     0.033655     0.039285
Triad:          10147.3     0.035626     0.033330     0.038415
-------------------------------------------------------------
Solution Validates: avg error less than 1.000000e-13 on all three arrays
-------------------------------------------------------------



--- run 1 ---
-------------------------------------------------------------
STREAM (dynamic) version — custom malloc-based implementation
-------------------------------------------------------------
This system uses 8 bytes per array element.
-------------------------------------------------------------
Array size = 15817728 (elements), Offset = 0 (elements)
Memory per array = 120.7 MiB (= 0.1 GiB).
Total memory required = 362.0 MiB (= 0.4 GiB).
Each kernel will be executed 20 times.
-------------------------------------------------------------
Function    Best Rate MB/s  Avg time     Min time     Max time
Copy:           12890.7     0.023216     0.019633     0.027773
Scale:          12884.9     0.021525     0.019642     0.024593
Add:            10025.5     0.040584     0.037866     0.043774
Triad:          10105.3     0.040785     0.037567     0.044186
-------------------------------------------------------------
Solution Validates: avg error less than 1.000000e-13 on all three arrays
-------------------------------------------------------------



--- run 2 ---
-------------------------------------------------------------
STREAM (dynamic) version — custom malloc-based implementation
-------------------------------------------------------------
This system uses 8 bytes per array element.
-------------------------------------------------------------
Array size = 15817728 (elements), Offset = 0 (elements)
Memory per array = 120.7 MiB (= 0.1 GiB).
Total memory required = 362.0 MiB (= 0.4 GiB).
Each kernel will be executed 20 times.
-------------------------------------------------------------
Function    Best Rate MB/s  Avg time     Min time     Max time
Copy:           12893.4     0.021544     0.019629     0.024388
Scale:          12931.5     0.020072     0.019571     0.021381
Add:            10029.4     0.039176     0.037851     0.043640
Triad:          10129.8     0.038919     0.037476     0.043402
-------------------------------------------------------------
Solution Validates: avg error less than 1.000000e-13 on all three arrays
-------------------------------------------------------------



--- run 3 ---
-------------------------------------------------------------
STREAM (dynamic) version — custom malloc-based implementation
-------------------------------------------------------------
This system uses 8 bytes per array element.
-------------------------------------------------------------
Array size = 15817728 (elements), Offset = 0 (elements)
Memory per array = 120.7 MiB (= 0.1 GiB).
Total memory required = 362.0 MiB (= 0.4 GiB).
Each kernel will be executed 20 times.
-------------------------------------------------------------
Function    Best Rate MB/s  Avg time     Min time     Max time
Copy:           12956.8     0.021666     0.019533     0.025564
Scale:          12839.1     0.020607     0.019712     0.022653
Add:            10019.4     0.039485     0.037889     0.043506
Triad:          10135.5     0.039639     0.037455     0.042438
-------------------------------------------------------------
Solution Validates: avg error less than 1.000000e-13 on all three arrays
-------------------------------------------------------------



--- run 1 ---
-------------------------------------------------------------
STREAM (dynamic) version — custom malloc-based implementation
-------------------------------------------------------------
This system uses 8 bytes per array element.
-------------------------------------------------------------
Array size = 17754794 (elements), Offset = 0 (elements)
Memory per array = 135.5 MiB (= 0.1 GiB).
Total memory required = 406.4 MiB (= 0.4 GiB).
Each kernel will be executed 20 times.
-------------------------------------------------------------
Function    Best Rate MB/s  Avg time     Min time     Max time
Copy:           12717.1     0.025125     0.022338     0.030863
Scale:          12938.5     0.023069     0.021956     0.028108
Add:            10034.0     0.044331     0.042467     0.047770
Triad:          10150.4     0.044989     0.041980     0.049974
-------------------------------------------------------------
Solution Validates: avg error less than 1.000000e-13 on all three arrays
-------------------------------------------------------------



--- run 2 ---
-------------------------------------------------------------
STREAM (dynamic) version — custom malloc-based implementation
-------------------------------------------------------------
This system uses 8 bytes per array element.
-------------------------------------------------------------
Array size = 17754794 (elements), Offset = 0 (elements)
Memory per array = 135.5 MiB (= 0.1 GiB).
Total memory required = 406.4 MiB (= 0.4 GiB).
Each kernel will be executed 20 times.
-------------------------------------------------------------
Function    Best Rate MB/s  Avg time     Min time     Max time
Copy:           12861.7     0.024553     0.022087     0.029045
Scale:          12903.2     0.023273     0.022016     0.025539
Add:            10009.7     0.045384     0.042570     0.049439
Triad:          10133.3     0.044464     0.042051     0.049141
-------------------------------------------------------------
Solution Validates: avg error less than 1.000000e-13 on all three arrays
-------------------------------------------------------------



--- run 3 ---
-------------------------------------------------------------
STREAM (dynamic) version — custom malloc-based implementation
-------------------------------------------------------------
This system uses 8 bytes per array element.
-------------------------------------------------------------
Array size = 17754794 (elements), Offset = 0 (elements)
Memory per array = 135.5 MiB (= 0.1 GiB).
Total memory required = 406.4 MiB (= 0.4 GiB).
Each kernel will be executed 20 times.
-------------------------------------------------------------
Function    Best Rate MB/s  Avg time     Min time     Max time
Copy:           12960.3     0.026478     0.021919     0.038602
Scale:          12889.1     0.023937     0.022040     0.029437
Add:            10019.2     0.045326     0.042530     0.047270
Triad:          10128.0     0.045913     0.042073     0.047848
-------------------------------------------------------------
Solution Validates: avg error less than 1.000000e-13 on all three arrays
-------------------------------------------------------------



--- run 1 ---
-------------------------------------------------------------
STREAM (dynamic) version — custom malloc-based implementation
-------------------------------------------------------------
This system uses 8 bytes per array element.
-------------------------------------------------------------
Array size = 19929088 (elements), Offset = 0 (elements)
Memory per array = 152.0 MiB (= 0.1 GiB).
Total memory required = 456.1 MiB (= 0.4 GiB).
Each kernel will be executed 20 times.
-------------------------------------------------------------
Function    Best Rate MB/s  Avg time     Min time     Max time
Copy:           12899.6     0.028191     0.024719     0.037717
Scale:          12897.6     0.026062     0.024723     0.032850
Add:            10027.0     0.050077     0.047701     0.054491
Triad:          10090.3     0.050110     0.047402     0.054429
-------------------------------------------------------------
Solution Validates: avg error less than 1.000000e-13 on all three arrays
-------------------------------------------------------------



--- run 2 ---
-------------------------------------------------------------
STREAM (dynamic) version — custom malloc-based implementation
-------------------------------------------------------------
This system uses 8 bytes per array element.
-------------------------------------------------------------
Array size = 19929088 (elements), Offset = 0 (elements)
Memory per array = 152.0 MiB (= 0.1 GiB).
Total memory required = 456.1 MiB (= 0.4 GiB).
Each kernel will be executed 20 times.
-------------------------------------------------------------
Function    Best Rate MB/s  Avg time     Min time     Max time
Copy:           12867.8     0.027430     0.024780     0.033866
Scale:          12936.7     0.026651     0.024648     0.032797
Add:            10009.6     0.050425     0.047784     0.054527
Triad:          10097.5     0.050107     0.047368     0.053935
-------------------------------------------------------------
Solution Validates: avg error less than 1.000000e-13 on all three arrays
-------------------------------------------------------------



--- run 3 ---
-------------------------------------------------------------
STREAM (dynamic) version — custom malloc-based implementation
-------------------------------------------------------------
This system uses 8 bytes per array element.
-------------------------------------------------------------
Array size = 19929088 (elements), Offset = 0 (elements)
Memory per array = 152.0 MiB (= 0.1 GiB).
Total memory required = 456.1 MiB (= 0.4 GiB).
Each kernel will be executed 20 times.
-------------------------------------------------------------
Function    Best Rate MB/s  Avg time     Min time     Max time
Copy:           12964.6     0.027901     0.024595     0.036399
Scale:          12945.2     0.026303     0.024632     0.031603
Add:            10024.5     0.050433     0.047713     0.053166
Triad:          10114.1     0.051325     0.047290     0.055936
-------------------------------------------------------------
Solution Validates: avg error less than 1.000000e-13 on all three arrays
-------------------------------------------------------------



--- run 1 ---
-------------------------------------------------------------
STREAM (dynamic) version — custom malloc-based implementation
-------------------------------------------------------------
This system uses 8 bytes per array element.
-------------------------------------------------------------
Array size = 22369621 (elements), Offset = 0 (elements)
Memory per array = 170.7 MiB (= 0.2 GiB).
Total memory required = 512.0 MiB (= 0.5 GiB).
Each kernel will be executed 20 times.
-------------------------------------------------------------
Function    Best Rate MB/s  Avg time     Min time     Max time
Copy:           12884.8     0.031909     0.027778     0.037147
Scale:          12936.9     0.029946     0.027666     0.041247
Add:            10040.6     0.056960     0.053470     0.061609
Triad:          10135.2     0.057273     0.052971     0.061882
-------------------------------------------------------------
Solution Validates: avg error less than 1.000000e-13 on all three arrays
-------------------------------------------------------------



--- run 2 ---
-------------------------------------------------------------
STREAM (dynamic) version — custom malloc-based implementation
-------------------------------------------------------------
This system uses 8 bytes per array element.
-------------------------------------------------------------
Array size = 22369621 (elements), Offset = 0 (elements)
Memory per array = 170.7 MiB (= 0.2 GiB).
Total memory required = 512.0 MiB (= 0.5 GiB).
Each kernel will be executed 20 times.
-------------------------------------------------------------
Function    Best Rate MB/s  Avg time     Min time     Max time
Copy:           12905.7     0.033461     0.027733     0.042671
Scale:          12902.0     0.029751     0.027741     0.038367
Add:            10007.7     0.056710     0.053646     0.060964
Triad:          10101.8     0.056805     0.053146     0.061169
-------------------------------------------------------------
Solution Validates: avg error less than 1.000000e-13 on all three arrays
-------------------------------------------------------------



--- run 3 ---
-------------------------------------------------------------
STREAM (dynamic) version — custom malloc-based implementation
-------------------------------------------------------------
This system uses 8 bytes per array element.
-------------------------------------------------------------
Array size = 22369621 (elements), Offset = 0 (elements)
Memory per array = 170.7 MiB (= 0.2 GiB).
Total memory required = 512.0 MiB (= 0.5 GiB).
Each kernel will be executed 20 times.
-------------------------------------------------------------
Function    Best Rate MB/s  Avg time     Min time     Max time
Copy:           12896.9     0.030889     0.027752     0.037034
Scale:          12933.2     0.028653     0.027674     0.033851
Add:            10026.5     0.055143     0.053545     0.060710
Triad:          10104.6     0.055723     0.053131     0.062549
-------------------------------------------------------------
Solution Validates: avg error less than 1.000000e-13 on all three arrays
-------------------------------------------------------------



--- run 1 ---
-------------------------------------------------------------
STREAM (dynamic) version — custom malloc-based implementation
-------------------------------------------------------------
This system uses 8 bytes per array element.
-------------------------------------------------------------
Array size = 25109034 (elements), Offset = 0 (elements)
Memory per array = 191.6 MiB (= 0.2 GiB).
Total memory required = 574.7 MiB (= 0.6 GiB).
Each kernel will be executed 20 times.
-------------------------------------------------------------
Function    Best Rate MB/s  Avg time     Min time     Max time
Copy:           12887.6     0.035282     0.031173     0.039918
Scale:          12936.2     0.033733     0.031056     0.051310
Add:            10032.1     0.062168     0.060069     0.069220
Triad:          10133.5     0.062345     0.059468     0.068935
-------------------------------------------------------------
Solution Validates: avg error less than 1.000000e-13 on all three arrays
-------------------------------------------------------------



--- run 2 ---
-------------------------------------------------------------
STREAM (dynamic) version — custom malloc-based implementation
-------------------------------------------------------------
This system uses 8 bytes per array element.
-------------------------------------------------------------
Array size = 25109034 (elements), Offset = 0 (elements)
Memory per array = 191.6 MiB (= 0.2 GiB).
Total memory required = 574.7 MiB (= 0.6 GiB).
Each kernel will be executed 20 times.
-------------------------------------------------------------
Function    Best Rate MB/s  Avg time     Min time     Max time
Copy:           12898.3     0.034754     0.031147     0.041716
Scale:          12946.1     0.032488     0.031032     0.040257
Add:            10029.8     0.061741     0.060083     0.066339
Triad:          10146.4     0.062827     0.059392     0.070348
-------------------------------------------------------------
Solution Validates: avg error less than 1.000000e-13 on all three arrays
-------------------------------------------------------------



--- run 3 ---
-------------------------------------------------------------
STREAM (dynamic) version — custom malloc-based implementation
-------------------------------------------------------------
This system uses 8 bytes per array element.
-------------------------------------------------------------
Array size = 25109034 (elements), Offset = 0 (elements)
Memory per array = 191.6 MiB (= 0.2 GiB).
Total memory required = 574.7 MiB (= 0.6 GiB).
Each kernel will be executed 20 times.
-------------------------------------------------------------
Function    Best Rate MB/s  Avg time     Min time     Max time
Copy:           12755.5     0.035189     0.031496     0.043799
Scale:          12932.8     0.032410     0.031064     0.035755
Add:            10013.1     0.062494     0.060183     0.066090
Triad:          10117.8     0.063353     0.059560     0.069862
-------------------------------------------------------------
Solution Validates: avg error less than 1.000000e-13 on all three arrays
-------------------------------------------------------------



--- run 1 ---
-------------------------------------------------------------
STREAM (dynamic) version — custom malloc-based implementation
-------------------------------------------------------------
This system uses 8 bytes per array element.
-------------------------------------------------------------
Array size = 28183936 (elements), Offset = 0 (elements)
Memory per array = 215.0 MiB (= 0.2 GiB).
Total memory required = 645.1 MiB (= 0.6 GiB).
Each kernel will be executed 20 times.
-------------------------------------------------------------
Function    Best Rate MB/s  Avg time     Min time     Max time
Copy:           12902.9     0.038300     0.034949     0.044336
Scale:          12911.1     0.037087     0.034927     0.047352
Add:            10022.5     0.070999     0.067490     0.076903
Triad:          10138.1     0.070385     0.066720     0.077370
-------------------------------------------------------------
Solution Validates: avg error less than 1.000000e-13 on all three arrays
-------------------------------------------------------------



--- run 2 ---
-------------------------------------------------------------
STREAM (dynamic) version — custom malloc-based implementation
-------------------------------------------------------------
This system uses 8 bytes per array element.
-------------------------------------------------------------
Array size = 28183936 (elements), Offset = 0 (elements)
Memory per array = 215.0 MiB (= 0.2 GiB).
Total memory required = 645.1 MiB (= 0.6 GiB).
Each kernel will be executed 20 times.
-------------------------------------------------------------
Function    Best Rate MB/s  Avg time     Min time     Max time
Copy:           12742.8     0.038224     0.035388     0.044544
Scale:          12906.6     0.036331     0.034939     0.044524
Add:            10011.3     0.070670     0.067565     0.074886
Triad:          10116.0     0.070884     0.066866     0.078076
-------------------------------------------------------------
Solution Validates: avg error less than 1.000000e-13 on all three arrays
-------------------------------------------------------------



--- run 3 ---
-------------------------------------------------------------
STREAM (dynamic) version — custom malloc-based implementation
-------------------------------------------------------------
This system uses 8 bytes per array element.
-------------------------------------------------------------
Array size = 28183936 (elements), Offset = 0 (elements)
Memory per array = 215.0 MiB (= 0.2 GiB).
Total memory required = 645.1 MiB (= 0.6 GiB).
Each kernel will be executed 20 times.
-------------------------------------------------------------
Function    Best Rate MB/s  Avg time     Min time     Max time
Copy:           12874.5     0.039308     0.035026     0.044975
Scale:          12935.8     0.036794     0.034860     0.044685
Add:            10019.2     0.070829     0.067512     0.077801
Triad:          10129.6     0.072289     0.066776     0.078561
-------------------------------------------------------------
Solution Validates: avg error less than 1.000000e-13 on all three arrays
-------------------------------------------------------------



--- run 1 ---
-------------------------------------------------------------
STREAM (dynamic) version — custom malloc-based implementation
-------------------------------------------------------------
This system uses 8 bytes per array element.
-------------------------------------------------------------
Array size = 31635413 (elements), Offset = 0 (elements)
Memory per array = 241.4 MiB (= 0.2 GiB).
Total memory required = 724.1 MiB (= 0.7 GiB).
Each kernel will be executed 20 times.
-------------------------------------------------------------
Function    Best Rate MB/s  Avg time     Min time     Max time
Copy:           12869.4     0.042215     0.039331     0.046823
Scale:          12951.7     0.040121     0.039081     0.044734
Add:            10051.6     0.078523     0.075535     0.086081
Triad:          10201.7     0.078886     0.074424     0.087802
-------------------------------------------------------------
Solution Validates: avg error less than 1.000000e-13 on all three arrays
-------------------------------------------------------------



--- run 2 ---
-------------------------------------------------------------
STREAM (dynamic) version — custom malloc-based implementation
-------------------------------------------------------------
This system uses 8 bytes per array element.
-------------------------------------------------------------
Array size = 31635413 (elements), Offset = 0 (elements)
Memory per array = 241.4 MiB (= 0.2 GiB).
Total memory required = 724.1 MiB (= 0.7 GiB).
Each kernel will be executed 20 times.
-------------------------------------------------------------
Function    Best Rate MB/s  Avg time     Min time     Max time
Copy:           12796.8     0.044345     0.039554     0.059996
Scale:          12921.7     0.041180     0.039172     0.044742
Add:            10025.9     0.079655     0.075729     0.084965
Triad:          10181.8     0.080327     0.074569     0.086624
-------------------------------------------------------------
Solution Validates: avg error less than 1.000000e-13 on all three arrays
-------------------------------------------------------------



--- run 3 ---
-------------------------------------------------------------
STREAM (dynamic) version — custom malloc-based implementation
-------------------------------------------------------------
This system uses 8 bytes per array element.
-------------------------------------------------------------
Array size = 31635413 (elements), Offset = 0 (elements)
Memory per array = 241.4 MiB (= 0.2 GiB).
Total memory required = 724.1 MiB (= 0.7 GiB).
Each kernel will be executed 20 times.
-------------------------------------------------------------
Function    Best Rate MB/s  Avg time     Min time     Max time
Copy:           12861.5     0.043924     0.039355     0.049890
Scale:          12928.9     0.041025     0.039150     0.046241
Add:            10051.2     0.079457     0.075538     0.085676
Triad:          10173.5     0.080004     0.074630     0.088987
-------------------------------------------------------------
Solution Validates: avg error less than 1.000000e-13 on all three arrays
-------------------------------------------------------------



--- run 1 ---
-------------------------------------------------------------
STREAM (dynamic) version — custom malloc-based implementation
-------------------------------------------------------------
This system uses 8 bytes per array element.
-------------------------------------------------------------
Array size = 35509546 (elements), Offset = 0 (elements)
Memory per array = 270.9 MiB (= 0.3 GiB).
Total memory required = 812.7 MiB (= 0.8 GiB).
Each kernel will be executed 20 times.
-------------------------------------------------------------
Function    Best Rate MB/s  Avg time     Min time     Max time
Copy:           12868.4     0.049160     0.044151     0.060234
Scale:          12917.8     0.045246     0.043982     0.049348
Add:            10022.8     0.087654     0.085029     0.094594
Triad:          10112.8     0.089995     0.084272     0.097378
-------------------------------------------------------------
Solution Validates: avg error less than 1.000000e-13 on all three arrays
-------------------------------------------------------------



--- run 2 ---
-------------------------------------------------------------
STREAM (dynamic) version — custom malloc-based implementation
-------------------------------------------------------------
This system uses 8 bytes per array element.
-------------------------------------------------------------
Array size = 35509546 (elements), Offset = 0 (elements)
Memory per array = 270.9 MiB (= 0.3 GiB).
Total memory required = 812.7 MiB (= 0.8 GiB).
Each kernel will be executed 20 times.
-------------------------------------------------------------
Function    Best Rate MB/s  Avg time     Min time     Max time
Copy:           12828.0     0.047520     0.044290     0.053968
Scale:          12954.1     0.045928     0.043859     0.051900
Add:            10026.1     0.089132     0.085001     0.096536
Triad:          10117.7     0.088160     0.084231     0.095011
-------------------------------------------------------------
Solution Validates: avg error less than 1.000000e-13 on all three arrays
-------------------------------------------------------------



--- run 3 ---
-------------------------------------------------------------
STREAM (dynamic) version — custom malloc-based implementation
-------------------------------------------------------------
This system uses 8 bytes per array element.
-------------------------------------------------------------
Array size = 35509546 (elements), Offset = 0 (elements)
Memory per array = 270.9 MiB (= 0.3 GiB).
Total memory required = 812.7 MiB (= 0.8 GiB).
Each kernel will be executed 20 times.
-------------------------------------------------------------
Function    Best Rate MB/s  Avg time     Min time     Max time
Copy:           12718.0     0.048046     0.044673     0.065530
Scale:          12932.2     0.046166     0.043933     0.052001
Add:            10029.3     0.088748     0.084974     0.097177
Triad:          10139.1     0.088710     0.084054     0.094581
-------------------------------------------------------------
Solution Validates: avg error less than 1.000000e-13 on all three arrays
-------------------------------------------------------------



--- run 1 ---
-------------------------------------------------------------
STREAM (dynamic) version — custom malloc-based implementation
-------------------------------------------------------------
This system uses 8 bytes per array element.
-------------------------------------------------------------
Array size = 39858133 (elements), Offset = 0 (elements)
Memory per array = 304.1 MiB (= 0.3 GiB).
Total memory required = 912.3 MiB (= 0.9 GiB).
Each kernel will be executed 20 times.
-------------------------------------------------------------
Function    Best Rate MB/s  Avg time     Min time     Max time
Copy:           12832.4     0.055039     0.049697     0.064423
Scale:          12928.8     0.051920     0.049326     0.057142
Add:            10057.8     0.100295     0.095110     0.110853
Triad:          10164.2     0.101341     0.094114     0.108738
-------------------------------------------------------------
Solution Validates: avg error less than 1.000000e-13 on all three arrays
-------------------------------------------------------------



--- run 2 ---
-------------------------------------------------------------
STREAM (dynamic) version — custom malloc-based implementation
-------------------------------------------------------------
This system uses 8 bytes per array element.
-------------------------------------------------------------
Array size = 39858133 (elements), Offset = 0 (elements)
Memory per array = 304.1 MiB (= 0.3 GiB).
Total memory required = 912.3 MiB (= 0.9 GiB).
Each kernel will be executed 20 times.
-------------------------------------------------------------
Function    Best Rate MB/s  Avg time     Min time     Max time
Copy:           12749.2     0.055633     0.050021     0.062662
Scale:          12905.6     0.051564     0.049415     0.057037
Add:            10036.2     0.098251     0.095314     0.105156
Triad:          10150.8     0.101755     0.094238     0.110996
-------------------------------------------------------------
Solution Validates: avg error less than 1.000000e-13 on all three arrays
-------------------------------------------------------------



--- run 3 ---
-------------------------------------------------------------
STREAM (dynamic) version — custom malloc-based implementation
-------------------------------------------------------------
This system uses 8 bytes per array element.
-------------------------------------------------------------
Array size = 39858133 (elements), Offset = 0 (elements)
Memory per array = 304.1 MiB (= 0.3 GiB).
Total memory required = 912.3 MiB (= 0.9 GiB).
Each kernel will be executed 20 times.
-------------------------------------------------------------
Function    Best Rate MB/s  Avg time     Min time     Max time
Copy:           12709.8     0.054050     0.050176     0.062024
Scale:          12962.5     0.051061     0.049198     0.055392
Add:            10054.4     0.099118     0.095142     0.104357
Triad:          10158.8     0.101806     0.094164     0.110161
-------------------------------------------------------------
Solution Validates: avg error less than 1.000000e-13 on all three arrays
-------------------------------------------------------------



--- run 1 ---
-------------------------------------------------------------
STREAM (dynamic) version — custom malloc-based implementation
-------------------------------------------------------------
This system uses 8 bytes per array element.
-------------------------------------------------------------
Array size = 44739242 (elements), Offset = 0 (elements)
Memory per array = 341.3 MiB (= 0.3 GiB).
Total memory required = 1024.0 MiB (= 1.0 GiB).
Each kernel will be executed 20 times.
-------------------------------------------------------------
Function    Best Rate MB/s  Avg time     Min time     Max time
Copy:           11922.1     0.067889     0.060042     0.090194
Scale:          12987.2     0.060422     0.055118     0.065441
Add:             9985.2     0.117474     0.107533     0.122223
Triad:          10168.9     0.117954     0.105591     0.122291
-------------------------------------------------------------
Solution Validates: avg error less than 1.000000e-13 on all three arrays
-------------------------------------------------------------



--- run 2 ---
-------------------------------------------------------------
STREAM (dynamic) version — custom malloc-based implementation
-------------------------------------------------------------
This system uses 8 bytes per array element.
-------------------------------------------------------------
Array size = 44739242 (elements), Offset = 0 (elements)
Memory per array = 341.3 MiB (= 0.3 GiB).
Total memory required = 1024.0 MiB (= 1.0 GiB).
Each kernel will be executed 20 times.
-------------------------------------------------------------
Function    Best Rate MB/s  Avg time     Min time     Max time
Copy:           12866.5     0.063775     0.055635     0.080004
Scale:          12994.5     0.058358     0.055087     0.064858
Add:            10010.2     0.113938     0.107265     0.122032
Triad:          10158.2     0.111058     0.105702     0.118895
-------------------------------------------------------------
Solution Validates: avg error less than 1.000000e-13 on all three arrays
-------------------------------------------------------------



--- run 3 ---
-------------------------------------------------------------
STREAM (dynamic) version — custom malloc-based implementation
-------------------------------------------------------------
This system uses 8 bytes per array element.
-------------------------------------------------------------
Array size = 44739242 (elements), Offset = 0 (elements)
Memory per array = 341.3 MiB (= 0.3 GiB).
Total memory required = 1024.0 MiB (= 1.0 GiB).
Each kernel will be executed 20 times.
-------------------------------------------------------------
Function    Best Rate MB/s  Avg time     Min time     Max time
Copy:           12878.1     0.063565     0.055585     0.078666
Scale:          12997.3     0.058224     0.055075     0.065557
Add:            10024.3     0.115649     0.107114     0.121640
Triad:          10139.8     0.114164     0.105894     0.118714
-------------------------------------------------------------
Solution Validates: avg error less than 1.000000e-13 on all three arrays
-------------------------------------------------------------



--- run 1 ---
-------------------------------------------------------------
STREAM (dynamic) version — custom malloc-based implementation
-------------------------------------------------------------
This system uses 8 bytes per array element.
-------------------------------------------------------------
Array size = 50218112 (elements), Offset = 0 (elements)
Memory per array = 383.1 MiB (= 0.4 GiB).
Total memory required = 1149.4 MiB (= 1.1 GiB).
Each kernel will be executed 20 times.
-------------------------------------------------------------
Function    Best Rate MB/s  Avg time     Min time     Max time
Copy:           12779.8     0.070264     0.062872     0.081646
Scale:          12992.6     0.064799     0.061842     0.078841
Add:            10021.8     0.125049     0.120261     0.132573
Triad:          10157.2     0.126877     0.118658     0.137478
-------------------------------------------------------------
Solution Validates: avg error less than 1.000000e-13 on all three arrays
-------------------------------------------------------------



--- run 2 ---
-------------------------------------------------------------
STREAM (dynamic) version — custom malloc-based implementation
-------------------------------------------------------------
This system uses 8 bytes per array element.
-------------------------------------------------------------
Array size = 50218112 (elements), Offset = 0 (elements)
Memory per array = 383.1 MiB (= 0.4 GiB).
Total memory required = 1149.4 MiB (= 1.1 GiB).
Each kernel will be executed 20 times.
-------------------------------------------------------------
Function    Best Rate MB/s  Avg time     Min time     Max time
Copy:           12590.3     0.068244     0.063818     0.078727
Scale:          13008.4     0.063837     0.061767     0.069337
Add:            10041.5     0.123178     0.120025     0.133980
Triad:          10155.8     0.124423     0.118675     0.132594
-------------------------------------------------------------
Solution Validates: avg error less than 1.000000e-13 on all three arrays
-------------------------------------------------------------



--- run 3 ---
-------------------------------------------------------------
STREAM (dynamic) version — custom malloc-based implementation
-------------------------------------------------------------
This system uses 8 bytes per array element.
-------------------------------------------------------------
Array size = 50218112 (elements), Offset = 0 (elements)
Memory per array = 383.1 MiB (= 0.4 GiB).
Total memory required = 1149.4 MiB (= 1.1 GiB).
Each kernel will be executed 20 times.
-------------------------------------------------------------
Function    Best Rate MB/s  Avg time     Min time     Max time
Copy:           12837.6     0.068283     0.062589     0.077254
Scale:          13020.0     0.064537     0.061712     0.085961
Add:            10009.6     0.125061     0.120408     0.132652
Triad:          10150.5     0.125990     0.118737     0.136929
-------------------------------------------------------------
Solution Validates: avg error less than 1.000000e-13 on all three arrays
-------------------------------------------------------------



--- run 1 ---
-------------------------------------------------------------
STREAM (dynamic) version — custom malloc-based implementation
-------------------------------------------------------------
This system uses 8 bytes per array element.
-------------------------------------------------------------
Array size = 56367914 (elements), Offset = 0 (elements)
Memory per array = 430.1 MiB (= 0.4 GiB).
Total memory required = 1290.2 MiB (= 1.3 GiB).
Each kernel will be executed 20 times.
-------------------------------------------------------------
Function    Best Rate MB/s  Avg time     Min time     Max time
Copy:           12831.1     0.078824     0.070289     0.087831
Scale:          12966.0     0.071527     0.069558     0.076831
Add:            10029.7     0.139865     0.134882     0.150407
Triad:          10173.9     0.142638     0.132971     0.152108
-------------------------------------------------------------
Solution Validates: avg error less than 1.000000e-13 on all three arrays
-------------------------------------------------------------



--- run 2 ---
-------------------------------------------------------------
STREAM (dynamic) version — custom malloc-based implementation
-------------------------------------------------------------
This system uses 8 bytes per array element.
-------------------------------------------------------------
Array size = 56367914 (elements), Offset = 0 (elements)
Memory per array = 430.1 MiB (= 0.4 GiB).
Total memory required = 1290.2 MiB (= 1.3 GiB).
Each kernel will be executed 20 times.
-------------------------------------------------------------
Function    Best Rate MB/s  Avg time     Min time     Max time
Copy:           12598.0     0.080448     0.071590     0.106641
Scale:          12985.6     0.071724     0.069453     0.078613
Add:            10010.9     0.139657     0.135136     0.148177
Triad:          10136.4     0.141374     0.133462     0.151235
-------------------------------------------------------------
Solution Validates: avg error less than 1.000000e-13 on all three arrays
-------------------------------------------------------------



--- run 3 ---
-------------------------------------------------------------
STREAM (dynamic) version — custom malloc-based implementation
-------------------------------------------------------------
This system uses 8 bytes per array element.
-------------------------------------------------------------
Array size = 56367914 (elements), Offset = 0 (elements)
Memory per array = 430.1 MiB (= 0.4 GiB).
Total memory required = 1290.2 MiB (= 1.3 GiB).
Each kernel will be executed 20 times.
-------------------------------------------------------------
Function    Best Rate MB/s  Avg time     Min time     Max time
Copy:           12523.6     0.080584     0.072015     0.106234
Scale:          12951.2     0.073747     0.069637     0.092904
Add:            10012.9     0.141916     0.135109     0.150775
Triad:          10138.2     0.144028     0.133439     0.153513
-------------------------------------------------------------
Solution Validates: avg error less than 1.000000e-13 on all three arrays
-------------------------------------------------------------



--- run 1 ---
-------------------------------------------------------------
STREAM (dynamic) version — custom malloc-based implementation
-------------------------------------------------------------
This system uses 8 bytes per array element.
-------------------------------------------------------------
Array size = 63270826 (elements), Offset = 0 (elements)
Memory per array = 482.7 MiB (= 0.5 GiB).
Total memory required = 1448.2 MiB (= 1.4 GiB).
Each kernel will be executed 20 times.
-------------------------------------------------------------
Function    Best Rate MB/s  Avg time     Min time     Max time
Copy:           12583.4     0.090667     0.080450     0.110577
Scale:          12914.9     0.081297     0.078385     0.089716
Add:            10061.7     0.158153     0.150919     0.171700
Triad:          10166.8     0.159632     0.149359     0.180213
-------------------------------------------------------------
Solution Validates: avg error less than 1.000000e-13 on all three arrays
-------------------------------------------------------------



--- run 2 ---
-------------------------------------------------------------
STREAM (dynamic) version — custom malloc-based implementation
-------------------------------------------------------------
This system uses 8 bytes per array element.
-------------------------------------------------------------
Array size = 63270826 (elements), Offset = 0 (elements)
Memory per array = 482.7 MiB (= 0.5 GiB).
Total memory required = 1448.2 MiB (= 1.4 GiB).
Each kernel will be executed 20 times.
-------------------------------------------------------------
Function    Best Rate MB/s  Avg time     Min time     Max time
Copy:           12577.6     0.086594     0.080487     0.096279
Scale:          12922.1     0.080403     0.078341     0.086680
Add:            10051.1     0.158865     0.151078     0.173461
Triad:          10166.3     0.159232     0.149366     0.171267
-------------------------------------------------------------
Solution Validates: avg error less than 1.000000e-13 on all three arrays
-------------------------------------------------------------



--- run 3 ---
-------------------------------------------------------------
STREAM (dynamic) version — custom malloc-based implementation
-------------------------------------------------------------
This system uses 8 bytes per array element.
-------------------------------------------------------------
Array size = 63270826 (elements), Offset = 0 (elements)
Memory per array = 482.7 MiB (= 0.5 GiB).
Total memory required = 1448.2 MiB (= 1.4 GiB).
Each kernel will be executed 20 times.
-------------------------------------------------------------
Function    Best Rate MB/s  Avg time     Min time     Max time
Copy:           12753.8     0.090202     0.079375     0.102587
Scale:          12950.9     0.081060     0.078167     0.093624
Add:            10038.7     0.157553     0.151264     0.169602
Triad:          10163.7     0.161269     0.149404     0.171165
-------------------------------------------------------------
Solution Validates: avg error less than 1.000000e-13 on all three arrays
-------------------------------------------------------------



--- run 1 ---
-------------------------------------------------------------
STREAM (dynamic) version — custom malloc-based implementation
-------------------------------------------------------------
This system uses 8 bytes per array element.
-------------------------------------------------------------
Array size = 71019136 (elements), Offset = 0 (elements)
Memory per array = 541.8 MiB (= 0.5 GiB).
Total memory required = 1625.5 MiB (= 1.6 GiB).
Each kernel will be executed 20 times.
-------------------------------------------------------------
Function    Best Rate MB/s  Avg time     Min time     Max time
Copy:           12708.1     0.097362     0.089416     0.109577
Scale:          12928.7     0.090654     0.087890     0.096313
Add:            10029.4     0.178261     0.169947     0.190169
Triad:          10132.4     0.181919     0.168218     0.190506
-------------------------------------------------------------
Solution Validates: avg error less than 1.000000e-13 on all three arrays
-------------------------------------------------------------



--- run 2 ---
-------------------------------------------------------------
STREAM (dynamic) version — custom malloc-based implementation
-------------------------------------------------------------
This system uses 8 bytes per array element.
-------------------------------------------------------------
Array size = 71019136 (elements), Offset = 0 (elements)
Memory per array = 541.8 MiB (= 0.5 GiB).
Total memory required = 1625.5 MiB (= 1.6 GiB).
Each kernel will be executed 20 times.
-------------------------------------------------------------
Function    Best Rate MB/s  Avg time     Min time     Max time
Copy:           12709.4     0.096645     0.089407     0.108490
Scale:          12921.4     0.089675     0.087940     0.097146
Add:            10034.7     0.178836     0.169856     0.190029
Triad:          10147.2     0.180455     0.167973     0.187817
-------------------------------------------------------------
Solution Validates: avg error less than 1.000000e-13 on all three arrays
-------------------------------------------------------------



--- run 3 ---
-------------------------------------------------------------
STREAM (dynamic) version — custom malloc-based implementation
-------------------------------------------------------------
This system uses 8 bytes per array element.
-------------------------------------------------------------
Array size = 71019136 (elements), Offset = 0 (elements)
Memory per array = 541.8 MiB (= 0.5 GiB).
Total memory required = 1625.5 MiB (= 1.6 GiB).
Each kernel will be executed 20 times.
-------------------------------------------------------------
Function    Best Rate MB/s  Avg time     Min time     Max time
Copy:           12601.7     0.098796     0.090171     0.116016
Scale:          12927.8     0.090898     0.087896     0.103607
Add:            10021.7     0.177395     0.170077     0.188527
Triad:          10141.4     0.180480     0.168070     0.190476
-------------------------------------------------------------
Solution Validates: avg error less than 1.000000e-13 on all three arrays
-------------------------------------------------------------



--- run 1 ---
-------------------------------------------------------------
STREAM (dynamic) version — custom malloc-based implementation
-------------------------------------------------------------
This system uses 8 bytes per array element.
-------------------------------------------------------------
Array size = 79716266 (elements), Offset = 0 (elements)
Memory per array = 608.2 MiB (= 0.6 GiB).
Total memory required = 1824.6 MiB (= 1.8 GiB).
Each kernel will be executed 20 times.
-------------------------------------------------------------
Function    Best Rate MB/s  Avg time     Min time     Max time
Copy:           12618.8     0.109588     0.101076     0.124355
Scale:          12819.2     0.101968     0.099496     0.111282
Add:            10050.1     0.201219     0.190366     0.211565
Triad:          10127.6     0.204237     0.188909     0.217401
-------------------------------------------------------------
Solution Validates: avg error less than 1.000000e-13 on all three arrays
-------------------------------------------------------------



--- run 2 ---
-------------------------------------------------------------
STREAM (dynamic) version — custom malloc-based implementation
-------------------------------------------------------------
This system uses 8 bytes per array element.
-------------------------------------------------------------
Array size = 79716266 (elements), Offset = 0 (elements)
Memory per array = 608.2 MiB (= 0.6 GiB).
Total memory required = 1824.6 MiB (= 1.8 GiB).
Each kernel will be executed 20 times.
-------------------------------------------------------------
Function    Best Rate MB/s  Avg time     Min time     Max time
Copy:           12530.4     0.111775     0.101789     0.129872
Scale:          12785.7     0.102076     0.099757     0.108249
Add:            10044.3     0.201431     0.190475     0.212302
Triad:          10139.0     0.207398     0.188696     0.221567
-------------------------------------------------------------
Solution Validates: avg error less than 1.000000e-13 on all three arrays
-------------------------------------------------------------



--- run 3 ---
-------------------------------------------------------------
STREAM (dynamic) version — custom malloc-based implementation
-------------------------------------------------------------
This system uses 8 bytes per array element.
-------------------------------------------------------------
Array size = 79716266 (elements), Offset = 0 (elements)
Memory per array = 608.2 MiB (= 0.6 GiB).
Total memory required = 1824.6 MiB (= 1.8 GiB).
Each kernel will be executed 20 times.
-------------------------------------------------------------
Function    Best Rate MB/s  Avg time     Min time     Max time
Copy:           12647.5     0.109217     0.100847     0.125421
Scale:          12903.9     0.100566     0.098843     0.104283
Add:            10015.0     0.198169     0.191032     0.207562
Triad:          10167.8     0.204079     0.188161     0.213365
-------------------------------------------------------------
Solution Validates: avg error less than 1.000000e-13 on all three arrays
-------------------------------------------------------------



--- run 1 ---
-------------------------------------------------------------
STREAM (dynamic) version — custom malloc-based implementation
-------------------------------------------------------------
This system uses 8 bytes per array element.
-------------------------------------------------------------
Array size = 89478485 (elements), Offset = 0 (elements)
Memory per array = 682.7 MiB (= 0.7 GiB).
Total memory required = 2048.0 MiB (= 2.0 GiB).
Each kernel will be executed 20 times.
-------------------------------------------------------------
Function    Best Rate MB/s  Avg time     Min time     Max time
Copy:           12486.6     0.129936     0.114655     0.141866
Scale:          12973.3     0.116410     0.110354     0.133096
Add:            10040.6     0.224679     0.213880     0.236291
Triad:          10145.7     0.227729     0.211665     0.238610
-------------------------------------------------------------
Solution Validates: avg error less than 1.000000e-13 on all three arrays
-------------------------------------------------------------



--- run 2 ---
-------------------------------------------------------------
STREAM (dynamic) version — custom malloc-based implementation
-------------------------------------------------------------
This system uses 8 bytes per array element.
-------------------------------------------------------------
Array size = 89478485 (elements), Offset = 0 (elements)
Memory per array = 682.7 MiB (= 0.7 GiB).
Total memory required = 2048.0 MiB (= 2.0 GiB).
Each kernel will be executed 20 times.
-------------------------------------------------------------
Function    Best Rate MB/s  Avg time     Min time     Max time
Copy:           12723.2     0.123431     0.112523     0.136362
Scale:          12980.6     0.114947     0.110292     0.132137
Add:            10058.6     0.225381     0.213497     0.239524
Triad:          10184.4     0.223158     0.210860     0.237797
-------------------------------------------------------------
Solution Validates: avg error less than 1.000000e-13 on all three arrays
-------------------------------------------------------------



--- run 3 ---
-------------------------------------------------------------
STREAM (dynamic) version — custom malloc-based implementation
-------------------------------------------------------------
This system uses 8 bytes per array element.
-------------------------------------------------------------
Array size = 89478485 (elements), Offset = 0 (elements)
Memory per array = 682.7 MiB (= 0.7 GiB).
Total memory required = 2048.0 MiB (= 2.0 GiB).
Each kernel will be executed 20 times.
-------------------------------------------------------------
Function    Best Rate MB/s  Avg time     Min time     Max time
Copy:           12563.0     0.125817     0.113958     0.143223
Scale:          12976.1     0.114082     0.110330     0.128735
Add:            10040.7     0.225193     0.213877     0.239614
Triad:          10169.8     0.228991     0.211163     0.244541
-------------------------------------------------------------
Solution Validates: avg error less than 1.000000e-13 on all three arrays
-------------------------------------------------------------


