--- run 1 ---
-------------------------------------------------------------
STREAM (dynamic) version — custom malloc-based implementation
-------------------------------------------------------------
This system uses 8 bytes per array element.
-------------------------------------------------------------
Array size = 10922 (elements), Offset = 0 (elements)
Memory per array = 0.1 MiB (= 0.0 GiB).
Total memory required = 0.2 MiB (= 0.0 GiB).
Each kernel will be executed 20 times.
-------------------------------------------------------------
Function    Best Rate MB/s  Avg time     Min time     Max time
Copy:           25274.6     0.000009     0.000007     0.000009
Scale:          17877.1     0.000010     0.000010     0.000011
Add:            21988.9     0.000012     0.000012     0.000013
Triad:          21988.9     0.000013     0.000012     0.000013
-------------------------------------------------------------
Solution Validates: avg error less than 1.000000e-13 on all three arrays
-------------------------------------------------------------



--- run 2 ---
-------------------------------------------------------------
STREAM (dynamic) version — custom malloc-based implementation
-------------------------------------------------------------
This system uses 8 bytes per array element.
-------------------------------------------------------------
Array size = 10922 (elements), Offset = 0 (elements)
Memory per array = 0.1 MiB (= 0.0 GiB).
Total memory required = 0.2 MiB (= 0.0 GiB).
Each kernel will be executed 20 times.
-------------------------------------------------------------
Function    Best Rate MB/s  Avg time     Min time     Max time
Copy:           25274.6     0.000007     0.000007     0.000008
Scale:          17877.1     0.000010     0.000010     0.000011
Add:            21988.9     0.000012     0.000012     0.000013
Triad:          21988.9     0.000013     0.000012     0.000013
-------------------------------------------------------------
Solution Validates: avg error less than 1.000000e-13 on all three arrays
-------------------------------------------------------------



--- run 3 ---
-------------------------------------------------------------
STREAM (dynamic) version — custom malloc-based implementation
-------------------------------------------------------------
This system uses 8 bytes per array element.
-------------------------------------------------------------
Array size = 10922 (elements), Offset = 0 (elements)
Memory per array = 0.1 MiB (= 0.0 GiB).
Total memory required = 0.2 MiB (= 0.0 GiB).
Each kernel will be executed 20 times.
-------------------------------------------------------------
Function    Best Rate MB/s  Avg time     Min time     Max time
Copy:           25274.6     0.000007     0.000007     0.000008
Scale:          17451.5     0.000010     0.000010     0.000011
Add:            21988.9     0.000012     0.000012     0.000013
Triad:          21988.9     0.000013     0.000012     0.000027
-------------------------------------------------------------
Solution Validates: avg error less than 1.000000e-13 on all three arrays
-------------------------------------------------------------



--- run 1 ---
-------------------------------------------------------------
STREAM (dynamic) version — custom malloc-based implementation
-------------------------------------------------------------
This system uses 8 bytes per array element.
-------------------------------------------------------------
Array size = 11562 (elements), Offset = 0 (elements)
Memory per array = 0.1 MiB (= 0.0 GiB).
Total memory required = 0.3 MiB (= 0.0 GiB).
Each kernel will be executed 18 times.
-------------------------------------------------------------
Function    Best Rate MB/s  Avg time     Min time     Max time
Copy:           26755.6     0.000008     0.000007     0.000009
Scale:          18474.1     0.000011     0.000010     0.000011
Add:            21553.1     0.000013     0.000013     0.000014
Triad:          21553.1     0.000013     0.000013     0.000014
-------------------------------------------------------------
Solution Validates: avg error less than 1.000000e-13 on all three arrays
-------------------------------------------------------------



--- run 2 ---
-------------------------------------------------------------
STREAM (dynamic) version — custom malloc-based implementation
-------------------------------------------------------------
This system uses 8 bytes per array element.
-------------------------------------------------------------
Array size = 11562 (elements), Offset = 0 (elements)
Memory per array = 0.1 MiB (= 0.0 GiB).
Total memory required = 0.3 MiB (= 0.0 GiB).
Each kernel will be executed 18 times.
-------------------------------------------------------------
Function    Best Rate MB/s  Avg time     Min time     Max time
Copy:           26755.6     0.000008     0.000007     0.000010
Scale:          18474.1     0.000011     0.000010     0.000011
Add:            21553.1     0.000013     0.000013     0.000014
Triad:          21553.1     0.000013     0.000013     0.000014
-------------------------------------------------------------
Solution Validates: avg error less than 1.000000e-13 on all three arrays
-------------------------------------------------------------



--- run 3 ---
-------------------------------------------------------------
STREAM (dynamic) version — custom malloc-based implementation
-------------------------------------------------------------
This system uses 8 bytes per array element.
-------------------------------------------------------------
Array size = 11562 (elements), Offset = 0 (elements)
Memory per array = 0.1 MiB (= 0.0 GiB).
Total memory required = 0.3 MiB (= 0.0 GiB).
Each kernel will be executed 18 times.
-------------------------------------------------------------
Function    Best Rate MB/s  Avg time     Min time     Max time
Copy:           26755.6     0.000008     0.000007     0.000010
Scale:          18924.7     0.000011     0.000010     0.000011
Add:            21553.1     0.000013     0.000013     0.000014
Triad:          21553.1     0.000013     0.000013     0.000014
-------------------------------------------------------------
Solution Validates: avg error less than 1.000000e-13 on all three arrays
-------------------------------------------------------------



--- run 1 ---
-------------------------------------------------------------
STREAM (dynamic) version — custom malloc-based implementation
-------------------------------------------------------------
This system uses 8 bytes per array element.
-------------------------------------------------------------
Array size = 12245 (elements), Offset = 0 (elements)
Memory per array = 0.1 MiB (= 0.0 GiB).
Total memory required = 0.3 MiB (= 0.0 GiB).
Each kernel will be executed 17 times.
-------------------------------------------------------------
Function    Best Rate MB/s  Avg time     Min time     Max time
Copy:           28336.1     0.000008     0.000007     0.000008
Scale:          17864.1     0.000011     0.000011     0.000012
Add:            22826.3     0.000014     0.000013     0.000015
Triad:          21252.1     0.000014     0.000014     0.000015
-------------------------------------------------------------
Solution Validates: avg error less than 1.000000e-13 on all three arrays
-------------------------------------------------------------



--- run 2 ---
-------------------------------------------------------------
STREAM (dynamic) version — custom malloc-based implementation
-------------------------------------------------------------
This system uses 8 bytes per array element.
-------------------------------------------------------------
Array size = 12245 (elements), Offset = 0 (elements)
Memory per array = 0.1 MiB (= 0.0 GiB).
Total memory required = 0.3 MiB (= 0.0 GiB).
Each kernel will be executed 17 times.
-------------------------------------------------------------
Function    Best Rate MB/s  Avg time     Min time     Max time
Copy:           28336.1     0.000008     0.000007     0.000008
Scale:          17864.1     0.000011     0.000011     0.000012
Add:            22826.3     0.000014     0.000013     0.000014
Triad:          21252.1     0.000014     0.000014     0.000015
-------------------------------------------------------------
Solution Validates: avg error less than 1.000000e-13 on all three arrays
-------------------------------------------------------------



--- run 3 ---
-------------------------------------------------------------
STREAM (dynamic) version — custom malloc-based implementation
-------------------------------------------------------------
This system uses 8 bytes per array element.
-------------------------------------------------------------
Array size = 12245 (elements), Offset = 0 (elements)
Memory per array = 0.1 MiB (= 0.0 GiB).
Total memory required = 0.3 MiB (= 0.0 GiB).
Each kernel will be executed 17 times.
-------------------------------------------------------------
Function    Best Rate MB/s  Avg time     Min time     Max time
Copy:           24901.5     0.000008     0.000008     0.000008
Scale:          17864.1     0.000012     0.000011     0.000012
Add:            22826.3     0.000014     0.000013     0.000014
Triad:          21252.1     0.000014     0.000014     0.000015
-------------------------------------------------------------
Solution Validates: avg error less than 1.000000e-13 on all three arrays
-------------------------------------------------------------



--- run 1 ---
-------------------------------------------------------------
STREAM (dynamic) version — custom malloc-based implementation
-------------------------------------------------------------
This system uses 8 bytes per array element.
-------------------------------------------------------------
Array size = 12970 (elements), Offset = 0 (elements)
Memory per array = 0.1 MiB (= 0.0 GiB).
Total memory required = 0.3 MiB (= 0.0 GiB).
Each kernel will be executed 16 times.
-------------------------------------------------------------
Function    Best Rate MB/s  Avg time     Min time     Max time
Copy:           22905.3     0.000010     0.000009     0.000011
Scale:          17408.0     0.000012     0.000012     0.000012
Add:            22128.9     0.000015     0.000014     0.000018
Triad:          22510.4     0.000016     0.000014     0.000021
-------------------------------------------------------------
Solution Validates: avg error less than 1.000000e-13 on all three arrays
-------------------------------------------------------------



--- run 2 ---
-------------------------------------------------------------
STREAM (dynamic) version — custom malloc-based implementation
-------------------------------------------------------------
This system uses 8 bytes per array element.
-------------------------------------------------------------
Array size = 12970 (elements), Offset = 0 (elements)
Memory per array = 0.1 MiB (= 0.0 GiB).
Total memory required = 0.3 MiB (= 0.0 GiB).
Each kernel will be executed 16 times.
-------------------------------------------------------------
Function    Best Rate MB/s  Avg time     Min time     Max time
Copy:           25600.1     0.000010     0.000008     0.000011
Scale:          17408.0     0.000012     0.000012     0.000012
Add:            22510.4     0.000015     0.000014     0.000015
Triad:          22128.9     0.000015     0.000014     0.000015
-------------------------------------------------------------
Solution Validates: avg error less than 1.000000e-13 on all three arrays
-------------------------------------------------------------



--- run 3 ---
-------------------------------------------------------------
STREAM (dynamic) version — custom malloc-based implementation
-------------------------------------------------------------
This system uses 8 bytes per array element.
-------------------------------------------------------------
Array size = 12970 (elements), Offset = 0 (elements)
Memory per array = 0.1 MiB (= 0.0 GiB).
Total memory required = 0.3 MiB (= 0.0 GiB).
Each kernel will be executed 16 times.
-------------------------------------------------------------
Function    Best Rate MB/s  Avg time     Min time     Max time
Copy:           26375.8     0.000009     0.000008     0.000011
Scale:          17408.0     0.000012     0.000012     0.000012
Add:            22510.4     0.000015     0.000014     0.000015
Triad:          21058.1     0.000015     0.000015     0.000015
-------------------------------------------------------------
Solution Validates: avg error less than 1.000000e-13 on all three arrays
-------------------------------------------------------------



--- run 1 ---
-------------------------------------------------------------
STREAM (dynamic) version — custom malloc-based implementation
-------------------------------------------------------------
This system uses 8 bytes per array element.
-------------------------------------------------------------
Array size = 13781 (elements), Offset = 0 (elements)
Memory per array = 0.1 MiB (= 0.0 GiB).
Total memory required = 0.3 MiB (= 0.0 GiB).
Each kernel will be executed 15 times.
-------------------------------------------------------------
Function    Best Rate MB/s  Avg time     Min time     Max time
Copy:           28025.1     0.000009     0.000008     0.000009
Scale:          18496.5     0.000013     0.000012     0.000013
Add:            22374.9     0.000016     0.000015     0.000016
Triad:          20705.1     0.000016     0.000016     0.000016
-------------------------------------------------------------
Solution Validates: avg error less than 1.000000e-13 on all three arrays
-------------------------------------------------------------



--- run 2 ---
-------------------------------------------------------------
STREAM (dynamic) version — custom malloc-based implementation
-------------------------------------------------------------
This system uses 8 bytes per array element.
-------------------------------------------------------------
Array size = 13781 (elements), Offset = 0 (elements)
Memory per array = 0.1 MiB (= 0.0 GiB).
Total memory required = 0.3 MiB (= 0.0 GiB).
Each kernel will be executed 15 times.
-------------------------------------------------------------
Function    Best Rate MB/s  Avg time     Min time     Max time
Copy:           27200.8     0.000009     0.000008     0.000009
Scale:          18496.5     0.000013     0.000012     0.000013
Add:            22374.9     0.000015     0.000015     0.000016
Triad:          22019.7     0.000016     0.000015     0.000016
-------------------------------------------------------------
Solution Validates: avg error less than 1.000000e-13 on all three arrays
-------------------------------------------------------------



--- run 3 ---
-------------------------------------------------------------
STREAM (dynamic) version — custom malloc-based implementation
-------------------------------------------------------------
This system uses 8 bytes per array element.
-------------------------------------------------------------
Array size = 13781 (elements), Offset = 0 (elements)
Memory per array = 0.1 MiB (= 0.0 GiB).
Total memory required = 0.3 MiB (= 0.0 GiB).
Each kernel will be executed 15 times.
-------------------------------------------------------------
Function    Best Rate MB/s  Avg time     Min time     Max time
Copy:           27200.8     0.000009     0.000008     0.000009
Scale:          18496.5     0.000013     0.000012     0.000013
Add:            22019.7     0.000016     0.000015     0.000016
Triad:          22019.7     0.000016     0.000015     0.000016
-------------------------------------------------------------
Solution Validates: avg error less than 1.000000e-13 on all three arrays
-------------------------------------------------------------



--- run 1 ---
-------------------------------------------------------------
STREAM (dynamic) version — custom malloc-based implementation
-------------------------------------------------------------
This system uses 8 bytes per array element.
-------------------------------------------------------------
Array size = 14592 (elements), Offset = 0 (elements)
Memory per array = 0.1 MiB (= 0.0 GiB).
Total memory required = 0.3 MiB (= 0.0 GiB).
Each kernel will be executed 14 times.
-------------------------------------------------------------
Function    Best Rate MB/s  Avg time     Min time     Max time
Copy:           26466.3     0.000010     0.000009     0.000012
Scale:          18134.3     0.000014     0.000013     0.000014
Add:            21923.6     0.000016     0.000016     0.000017
Triad:          21601.2     0.000017     0.000016     0.000017
-------------------------------------------------------------
Solution Validates: avg error less than 1.000000e-13 on all three arrays
-------------------------------------------------------------



--- run 2 ---
-------------------------------------------------------------
STREAM (dynamic) version — custom malloc-based implementation
-------------------------------------------------------------
This system uses 8 bytes per array element.
-------------------------------------------------------------
Array size = 14592 (elements), Offset = 0 (elements)
Memory per array = 0.1 MiB (= 0.0 GiB).
Total memory required = 0.3 MiB (= 0.0 GiB).
Each kernel will be executed 14 times.
-------------------------------------------------------------
Function    Best Rate MB/s  Avg time     Min time     Max time
Copy:           26466.3     0.000009     0.000009     0.000010
Scale:          18134.3     0.000014     0.000013     0.000014
Add:            21923.6     0.000016     0.000016     0.000017
Triad:          21923.6     0.000017     0.000016     0.000017
-------------------------------------------------------------
Solution Validates: avg error less than 1.000000e-13 on all three arrays
-------------------------------------------------------------



--- run 3 ---
-------------------------------------------------------------
STREAM (dynamic) version — custom malloc-based implementation
-------------------------------------------------------------
This system uses 8 bytes per array element.
-------------------------------------------------------------
Array size = 14592 (elements), Offset = 0 (elements)
Memory per array = 0.1 MiB (= 0.0 GiB).
Total memory required = 0.3 MiB (= 0.0 GiB).
Each kernel will be executed 14 times.
-------------------------------------------------------------
Function    Best Rate MB/s  Avg time     Min time     Max time
Copy:           25769.8     0.000011     0.000009     0.000012
Scale:          18134.3     0.000014     0.000013     0.000014
Add:            21923.6     0.000016     0.000016     0.000017
Triad:          21923.6     0.000017     0.000016     0.000017
-------------------------------------------------------------
Solution Validates: avg error less than 1.000000e-13 on all three arrays
-------------------------------------------------------------



--- run 1 ---
-------------------------------------------------------------
STREAM (dynamic) version — custom malloc-based implementation
-------------------------------------------------------------
This system uses 8 bytes per array element.
-------------------------------------------------------------
Array size = 15445 (elements), Offset = 0 (elements)
Memory per array = 0.1 MiB (= 0.0 GiB).
Total memory required = 0.4 MiB (= 0.0 GiB).
Each kernel will be executed 14 times.
-------------------------------------------------------------
Function    Best Rate MB/s  Avg time     Min time     Max time
Copy:           27276.2     0.000010     0.000009     0.000010
Scale:          17870.6     0.000014     0.000014     0.000014
Add:            21897.8     0.000017     0.000017     0.000018
Triad:          20729.9     0.000018     0.000018     0.000018
-------------------------------------------------------------
Solution Validates: avg error less than 1.000000e-13 on all three arrays
-------------------------------------------------------------



--- run 2 ---
-------------------------------------------------------------
STREAM (dynamic) version — custom malloc-based implementation
-------------------------------------------------------------
This system uses 8 bytes per array element.
-------------------------------------------------------------
Array size = 15445 (elements), Offset = 0 (elements)
Memory per array = 0.1 MiB (= 0.0 GiB).
Total memory required = 0.4 MiB (= 0.0 GiB).
Each kernel will be executed 14 times.
-------------------------------------------------------------
Function    Best Rate MB/s  Avg time     Min time     Max time
Copy:           27276.2     0.000010     0.000009     0.000010
Scale:          17870.6     0.000014     0.000014     0.000015
Add:            21897.8     0.000018     0.000017     0.000018
Triad:          21897.8     0.000018     0.000017     0.000018
-------------------------------------------------------------
Solution Validates: avg error less than 1.000000e-13 on all three arrays
-------------------------------------------------------------



--- run 3 ---
-------------------------------------------------------------
STREAM (dynamic) version — custom malloc-based implementation
-------------------------------------------------------------
This system uses 8 bytes per array element.
-------------------------------------------------------------
Array size = 15445 (elements), Offset = 0 (elements)
Memory per array = 0.1 MiB (= 0.0 GiB).
Total memory required = 0.4 MiB (= 0.0 GiB).
Each kernel will be executed 14 times.
-------------------------------------------------------------
Function    Best Rate MB/s  Avg time     Min time     Max time
Copy:           28013.4     0.000010     0.000009     0.000010
Scale:          17870.6     0.000014     0.000014     0.000015
Add:            21897.8     0.000017     0.000017     0.000018
Triad:          21897.8     0.000018     0.000017     0.000018
-------------------------------------------------------------
Solution Validates: avg error less than 1.000000e-13 on all three arrays
-------------------------------------------------------------



--- run 1 ---
-------------------------------------------------------------
STREAM (dynamic) version — custom malloc-based implementation
-------------------------------------------------------------
This system uses 8 bytes per array element.
-------------------------------------------------------------
Array size = 16384 (elements), Offset = 0 (elements)
Memory per array = 0.1 MiB (= 0.0 GiB).
Total memory required = 0.4 MiB (= 0.0 GiB).
Each kernel will be executed 13 times.
-------------------------------------------------------------
Function    Best Rate MB/s  Avg time     Min time     Max time
Copy:           26178.8     0.000011     0.000010     0.000011
Scale:          17734.1     0.000015     0.000015     0.000016
Add:            18741.7     0.000022     0.000021     0.000022
Triad:          20615.8     0.000024     0.000019     0.000040
-------------------------------------------------------------
Solution Validates: avg error less than 1.000000e-13 on all three arrays
-------------------------------------------------------------



--- run 2 ---
-------------------------------------------------------------
STREAM (dynamic) version — custom malloc-based implementation
-------------------------------------------------------------
This system uses 8 bytes per array element.
-------------------------------------------------------------
Array size = 16384 (elements), Offset = 0 (elements)
Memory per array = 0.1 MiB (= 0.0 GiB).
Total memory required = 0.4 MiB (= 0.0 GiB).
Each kernel will be executed 13 times.
-------------------------------------------------------------
Function    Best Rate MB/s  Avg time     Min time     Max time
Copy:           26178.8     0.000011     0.000010     0.000011
Scale:          17734.1     0.000016     0.000015     0.000031
Add:            21700.9     0.000019     0.000018     0.000020
Triad:          21990.2     0.000019     0.000018     0.000019
-------------------------------------------------------------
Solution Validates: avg error less than 1.000000e-13 on all three arrays
-------------------------------------------------------------



--- run 3 ---
-------------------------------------------------------------
STREAM (dynamic) version — custom malloc-based implementation
-------------------------------------------------------------
This system uses 8 bytes per array element.
-------------------------------------------------------------
Array size = 16384 (elements), Offset = 0 (elements)
Memory per array = 0.1 MiB (= 0.0 GiB).
Total memory required = 0.4 MiB (= 0.0 GiB).
Each kernel will be executed 13 times.
-------------------------------------------------------------
Function    Best Rate MB/s  Avg time     Min time     Max time
Copy:           26178.8     0.000011     0.000010     0.000011
Scale:          17734.1     0.000015     0.000015     0.000016
Add:            18741.7     0.000021     0.000021     0.000022
Triad:          17179.9     0.000023     0.000023     0.000023
-------------------------------------------------------------
Solution Validates: avg error less than 1.000000e-13 on all three arrays
-------------------------------------------------------------



--- run 1 ---
-------------------------------------------------------------
STREAM (dynamic) version — custom malloc-based implementation
-------------------------------------------------------------
This system uses 8 bytes per array element.
-------------------------------------------------------------
Array size = 17322 (elements), Offset = 0 (elements)
Memory per array = 0.1 MiB (= 0.0 GiB).
Total memory required = 0.4 MiB (= 0.0 GiB).
Each kernel will be executed 12 times.
-------------------------------------------------------------
Function    Best Rate MB/s  Avg time     Min time     Max time
Copy:           25270.9     0.000011     0.000011     0.000011
Scale:          18451.7     0.000016     0.000015     0.000016
Add:            20758.2     0.000022     0.000020     0.000023
Triad:          21008.3     0.000021     0.000020     0.000025
-------------------------------------------------------------
Solution Validates: avg error less than 1.000000e-13 on all three arrays
-------------------------------------------------------------



--- run 2 ---
-------------------------------------------------------------
STREAM (dynamic) version — custom malloc-based implementation
-------------------------------------------------------------
This system uses 8 bytes per array element.
-------------------------------------------------------------
Array size = 17322 (elements), Offset = 0 (elements)
Memory per array = 0.1 MiB (= 0.0 GiB).
Total memory required = 0.4 MiB (= 0.0 GiB).
Each kernel will be executed 12 times.
-------------------------------------------------------------
Function    Best Rate MB/s  Avg time     Min time     Max time
Copy:           25270.9     0.000011     0.000011     0.000011
Scale:          18749.4     0.000016     0.000015     0.000016
Add:            22072.0     0.000022     0.000019     0.000023
Triad:          17436.9     0.000025     0.000024     0.000025
-------------------------------------------------------------
Solution Validates: avg error less than 1.000000e-13 on all three arrays
-------------------------------------------------------------



--- run 3 ---
-------------------------------------------------------------
STREAM (dynamic) version — custom malloc-based implementation
-------------------------------------------------------------
This system uses 8 bytes per array element.
-------------------------------------------------------------
Array size = 17322 (elements), Offset = 0 (elements)
Memory per array = 0.1 MiB (= 0.0 GiB).
Total memory required = 0.4 MiB (= 0.0 GiB).
Each kernel will be executed 12 times.
-------------------------------------------------------------
Function    Best Rate MB/s  Avg time     Min time     Max time
Copy:           25270.9     0.000011     0.000011     0.000012
Scale:          17350.1     0.000016     0.000016     0.000016
Add:            21796.1     0.000022     0.000019     0.000023
Triad:          17436.9     0.000024     0.000024     0.000025
-------------------------------------------------------------
Solution Validates: avg error less than 1.000000e-13 on all three arrays
-------------------------------------------------------------



--- run 1 ---
-------------------------------------------------------------
STREAM (dynamic) version — custom malloc-based implementation
-------------------------------------------------------------
This system uses 8 bytes per array element.
-------------------------------------------------------------
Array size = 18389 (elements), Offset = 0 (elements)
Memory per array = 0.1 MiB (= 0.0 GiB).
Total memory required = 0.4 MiB (= 0.0 GiB).
Each kernel will be executed 11 times.
-------------------------------------------------------------
Function    Best Rate MB/s  Avg time     Min time     Max time
Copy:           26827.5     0.000012     0.000011     0.000012
Scale:          18418.9     0.000017     0.000016     0.000017
Add:            23138.7     0.000023     0.000019     0.000026
Triad:          20120.6     0.000028     0.000022     0.000030
-------------------------------------------------------------
Solution Validates: avg error less than 1.000000e-13 on all three arrays
-------------------------------------------------------------



--- run 2 ---
-------------------------------------------------------------
STREAM (dynamic) version — custom malloc-based implementation
-------------------------------------------------------------
This system uses 8 bytes per array element.
-------------------------------------------------------------
Array size = 18389 (elements), Offset = 0 (elements)
Memory per array = 0.1 MiB (= 0.0 GiB).
Total memory required = 0.4 MiB (= 0.0 GiB).
Each kernel will be executed 11 times.
-------------------------------------------------------------
Function    Best Rate MB/s  Avg time     Min time     Max time
Copy:           26827.5     0.000012     0.000011     0.000012
Scale:          18418.9     0.000017     0.000016     0.000017
Add:            19282.3     0.000024     0.000023     0.000026
Triad:          21035.2     0.000028     0.000021     0.000030
-------------------------------------------------------------
Solution Validates: avg error less than 1.000000e-13 on all three arrays
-------------------------------------------------------------



--- run 3 ---
-------------------------------------------------------------
STREAM (dynamic) version — custom malloc-based implementation
-------------------------------------------------------------
This system uses 8 bytes per array element.
-------------------------------------------------------------
Array size = 18389 (elements), Offset = 0 (elements)
Memory per array = 0.1 MiB (= 0.0 GiB).
Total memory required = 0.4 MiB (= 0.0 GiB).
Each kernel will be executed 11 times.
-------------------------------------------------------------
Function    Best Rate MB/s  Avg time     Min time     Max time
Copy:           26827.5     0.000012     0.000011     0.000012
Scale:          17381.2     0.000017     0.000017     0.000017
Add:            22302.4     0.000023     0.000020     0.000024
Triad:          20798.8     0.000027     0.000021     0.000030
-------------------------------------------------------------
Solution Validates: avg error less than 1.000000e-13 on all three arrays
-------------------------------------------------------------



--- run 1 ---
-------------------------------------------------------------
STREAM (dynamic) version — custom malloc-based implementation
-------------------------------------------------------------
This system uses 8 bytes per array element.
-------------------------------------------------------------
Array size = 19456 (elements), Offset = 0 (elements)
Memory per array = 0.1 MiB (= 0.0 GiB).
Total memory required = 0.4 MiB (= 0.0 GiB).
Each kernel will be executed 11 times.
-------------------------------------------------------------
Function    Best Rate MB/s  Avg time     Min time     Max time
Copy:           26113.4     0.000013     0.000012     0.000013
Scale:          17408.9     0.000018     0.000018     0.000018
Add:            21288.1     0.000022     0.000022     0.000023
Triad:          21288.1     0.000022     0.000022     0.000023
-------------------------------------------------------------
Solution Validates: avg error less than 1.000000e-13 on all three arrays
-------------------------------------------------------------



--- run 2 ---
-------------------------------------------------------------
STREAM (dynamic) version — custom malloc-based implementation
-------------------------------------------------------------
This system uses 8 bytes per array element.
-------------------------------------------------------------
Array size = 19456 (elements), Offset = 0 (elements)
Memory per array = 0.1 MiB (= 0.0 GiB).
Total memory required = 0.4 MiB (= 0.0 GiB).
Each kernel will be executed 11 times.
-------------------------------------------------------------
Function    Best Rate MB/s  Avg time     Min time     Max time
Copy:           26113.4     0.000013     0.000012     0.000013
Scale:          17408.9     0.000018     0.000018     0.000018
Add:            18652.4     0.000025     0.000025     0.000026
Triad:          21288.1     0.000023     0.000022     0.000028
-------------------------------------------------------------
Solution Validates: avg error less than 1.000000e-13 on all three arrays
-------------------------------------------------------------



--- run 3 ---
-------------------------------------------------------------
STREAM (dynamic) version — custom malloc-based implementation
-------------------------------------------------------------
This system uses 8 bytes per array element.
-------------------------------------------------------------
Array size = 19456 (elements), Offset = 0 (elements)
Memory per array = 0.1 MiB (= 0.0 GiB).
Total memory required = 0.4 MiB (= 0.0 GiB).
Each kernel will be executed 11 times.
-------------------------------------------------------------
Function    Best Rate MB/s  Avg time     Min time     Max time
Copy:           26113.4     0.000012     0.000012     0.000013
Scale:          17408.9     0.000018     0.000018     0.000018
Add:            21288.1     0.000025     0.000022     0.000026
Triad:          21059.2     0.000027     0.000022     0.000028
-------------------------------------------------------------
Solution Validates: avg error less than 1.000000e-13 on all three arrays
-------------------------------------------------------------



--- run 1 ---
-------------------------------------------------------------
STREAM (dynamic) version — custom malloc-based implementation
-------------------------------------------------------------
This system uses 8 bytes per array element.
-------------------------------------------------------------
Array size = 20608 (elements), Offset = 0 (elements)
Memory per array = 0.2 MiB (= 0.0 GiB).
Total memory required = 0.5 MiB (= 0.0 GiB).
Each kernel will be executed 10 times.
-------------------------------------------------------------
Function    Best Rate MB/s  Avg time     Min time     Max time
Copy:           25610.7     0.000013     0.000013     0.000013
Scale:          17506.1     0.000019     0.000019     0.000019
Add:            18358.1     0.000027     0.000027     0.000027
Triad:          20744.7     0.000025     0.000024     0.000029
-------------------------------------------------------------
Solution Validates: avg error less than 1.000000e-13 on all three arrays
-------------------------------------------------------------



--- run 2 ---
-------------------------------------------------------------
STREAM (dynamic) version — custom malloc-based implementation
-------------------------------------------------------------
This system uses 8 bytes per array element.
-------------------------------------------------------------
Array size = 20608 (elements), Offset = 0 (elements)
Memory per array = 0.2 MiB (= 0.0 GiB).
Total memory required = 0.5 MiB (= 0.0 GiB).
Each kernel will be executed 10 times.
-------------------------------------------------------------
Function    Best Rate MB/s  Avg time     Min time     Max time
Copy:           25610.7     0.000013     0.000013     0.000013
Scale:          18197.1     0.000019     0.000018     0.000019
Add:            21609.1     0.000025     0.000023     0.000027
Triad:          21386.3     0.000028     0.000023     0.000029
-------------------------------------------------------------
Solution Validates: avg error less than 1.000000e-13 on all three arrays
-------------------------------------------------------------



--- run 3 ---
-------------------------------------------------------------
STREAM (dynamic) version — custom malloc-based implementation
-------------------------------------------------------------
This system uses 8 bytes per array element.
-------------------------------------------------------------
Array size = 20608 (elements), Offset = 0 (elements)
Memory per array = 0.2 MiB (= 0.0 GiB).
Total memory required = 0.5 MiB (= 0.0 GiB).
Each kernel will be executed 10 times.
-------------------------------------------------------------
Function    Best Rate MB/s  Avg time     Min time     Max time
Copy:           25610.7     0.000013     0.000013     0.000014
Scale:          17506.1     0.000019     0.000019     0.000019
Add:            21609.1     0.000024     0.000023     0.000025
Triad:          21609.1     0.000024     0.000023     0.000025
-------------------------------------------------------------
Solution Validates: avg error less than 1.000000e-13 on all three arrays
-------------------------------------------------------------



--- run 1 ---
-------------------------------------------------------------
STREAM (dynamic) version — custom malloc-based implementation
-------------------------------------------------------------
This system uses 8 bytes per array element.
-------------------------------------------------------------
Array size = 21845 (elements), Offset = 0 (elements)
Memory per array = 0.2 MiB (= 0.0 GiB).
Total memory required = 0.5 MiB (= 0.0 GiB).
Each kernel will be executed 10 times.
-------------------------------------------------------------
Function    Best Rate MB/s  Avg time     Min time     Max time
Copy:           27148.0     0.000014     0.000013     0.000014
Scale:          17662.6     0.000020     0.000020     0.000021
Add:            20942.8     0.000030     0.000025     0.000042
Triad:          17591.9     0.000031     0.000030     0.000031
-------------------------------------------------------------
Solution Validates: avg error less than 1.000000e-13 on all three arrays
-------------------------------------------------------------



--- run 2 ---
-------------------------------------------------------------
STREAM (dynamic) version — custom malloc-based implementation
-------------------------------------------------------------
This system uses 8 bytes per array element.
-------------------------------------------------------------
Array size = 21845 (elements), Offset = 0 (elements)
Memory per array = 0.2 MiB (= 0.0 GiB).
Total memory required = 0.5 MiB (= 0.0 GiB).
Each kernel will be executed 10 times.
-------------------------------------------------------------
Function    Best Rate MB/s  Avg time     Min time     Max time
Copy:           26654.4     0.000014     0.000013     0.000014
Scale:          17452.3     0.000020     0.000020     0.000020
Add:            18794.8     0.000028     0.000028     0.000029
Triad:          21144.1     0.000026     0.000025     0.000031
-------------------------------------------------------------
Solution Validates: avg error less than 1.000000e-13 on all three arrays
-------------------------------------------------------------



--- run 3 ---
-------------------------------------------------------------
STREAM (dynamic) version — custom malloc-based implementation
-------------------------------------------------------------
This system uses 8 bytes per array element.
-------------------------------------------------------------
Array size = 21845 (elements), Offset = 0 (elements)
Memory per array = 0.2 MiB (= 0.0 GiB).
Total memory required = 0.5 MiB (= 0.0 GiB).
Each kernel will be executed 10 times.
-------------------------------------------------------------
Function    Best Rate MB/s  Avg time     Min time     Max time
Copy:           25275.7     0.000014     0.000014     0.000014
Scale:          17662.6     0.000020     0.000020     0.000020
Add:            20942.8     0.000027     0.000025     0.000029
Triad:          20174.2     0.000030     0.000026     0.000031
-------------------------------------------------------------
Solution Validates: avg error less than 1.000000e-13 on all three arrays
-------------------------------------------------------------



--- run 1 ---
-------------------------------------------------------------
STREAM (dynamic) version — custom malloc-based implementation
-------------------------------------------------------------
This system uses 8 bytes per array element.
-------------------------------------------------------------
Array size = 23125 (elements), Offset = 0 (elements)
Memory per array = 0.2 MiB (= 0.0 GiB).
Total memory required = 0.5 MiB (= 0.0 GiB).
Each kernel will be executed 9 times.
-------------------------------------------------------------
Function    Best Rate MB/s  Avg time     Min time     Max time
Copy:           26756.8     0.000015     0.000014     0.000015
Scale:          17635.1     0.000021     0.000021     0.000022
Add:            18622.7     0.000030     0.000030     0.000031
Triad:          21356.3     0.000031     0.000026     0.000032
-------------------------------------------------------------
Solution Validates: avg error less than 1.000000e-13 on all three arrays
-------------------------------------------------------------



--- run 2 ---
-------------------------------------------------------------
STREAM (dynamic) version — custom malloc-based implementation
-------------------------------------------------------------
This system uses 8 bytes per array element.
-------------------------------------------------------------
Array size = 23125 (elements), Offset = 0 (elements)
Memory per array = 0.2 MiB (= 0.0 GiB).
Total memory required = 0.5 MiB (= 0.0 GiB).
Each kernel will be executed 9 times.
-------------------------------------------------------------
Function    Best Rate MB/s  Avg time     Min time     Max time
Copy:           26756.8     0.000015     0.000014     0.000015
Scale:          17635.1     0.000021     0.000021     0.000021
Add:            18622.7     0.000030     0.000030     0.000031
Triad:          21356.3     0.000028     0.000026     0.000032
-------------------------------------------------------------
Solution Validates: avg error less than 1.000000e-13 on all three arrays
-------------------------------------------------------------



--- run 3 ---
-------------------------------------------------------------
STREAM (dynamic) version — custom malloc-based implementation
-------------------------------------------------------------
This system uses 8 bytes per array element.
-------------------------------------------------------------
Array size = 23125 (elements), Offset = 0 (elements)
Memory per array = 0.2 MiB (= 0.0 GiB).
Total memory required = 0.5 MiB (= 0.0 GiB).
Each kernel will be executed 9 times.
-------------------------------------------------------------
Function    Best Rate MB/s  Avg time     Min time     Max time
Copy:           26303.3     0.000015     0.000014     0.000015
Scale:          17635.1     0.000021     0.000021     0.000022
Add:            21356.3     0.000029     0.000026     0.000031
Triad:          17371.9     0.000032     0.000032     0.000033
-------------------------------------------------------------
Solution Validates: avg error less than 1.000000e-13 on all three arrays
-------------------------------------------------------------



--- run 1 ---
-------------------------------------------------------------
STREAM (dynamic) version — custom malloc-based implementation
-------------------------------------------------------------
This system uses 8 bytes per array element.
-------------------------------------------------------------
Array size = 24533 (elements), Offset = 0 (elements)
Memory per array = 0.2 MiB (= 0.0 GiB).
Total memory required = 0.6 MiB (= 0.0 GiB).
Each kernel will be executed 8 times.
-------------------------------------------------------------
Function    Best Rate MB/s  Avg time     Min time     Max time
Copy:           26133.0     0.000016     0.000015     0.000016
Scale:          17895.5     0.000022     0.000022     0.000023
Add:            23519.7     0.000026     0.000025     0.000027
Triad:          21107.5     0.000029     0.000028     0.000029
-------------------------------------------------------------
Solution Validates: avg error less than 1.000000e-13 on all three arrays
-------------------------------------------------------------



--- run 2 ---
-------------------------------------------------------------
STREAM (dynamic) version — custom malloc-based implementation
-------------------------------------------------------------
This system uses 8 bytes per array element.
-------------------------------------------------------------
Array size = 24533 (elements), Offset = 0 (elements)
Memory per array = 0.2 MiB (= 0.0 GiB).
Total memory required = 0.6 MiB (= 0.0 GiB).
Each kernel will be executed 8 times.
-------------------------------------------------------------
Function    Best Rate MB/s  Avg time     Min time     Max time
Copy:           26133.0     0.000016     0.000015     0.000016
Scale:          17895.5     0.000023     0.000022     0.000023
Add:            23519.7     0.000030     0.000025     0.000034
Triad:          17391.4     0.000035     0.000034     0.000039
-------------------------------------------------------------
Solution Validates: avg error less than 1.000000e-13 on all three arrays
-------------------------------------------------------------



--- run 3 ---
-------------------------------------------------------------
STREAM (dynamic) version — custom malloc-based implementation
-------------------------------------------------------------
This system uses 8 bytes per array element.
-------------------------------------------------------------
Array size = 24533 (elements), Offset = 0 (elements)
Memory per array = 0.2 MiB (= 0.0 GiB).
Total memory required = 0.6 MiB (= 0.0 GiB).
Each kernel will be executed 8 times.
-------------------------------------------------------------
Function    Best Rate MB/s  Avg time     Min time     Max time
Copy:           26133.0     0.000016     0.000015     0.000016
Scale:          17895.5     0.000022     0.000022     0.000023
Add:            22656.6     0.000031     0.000026     0.000032
Triad:          17895.5     0.000037     0.000033     0.000040
-------------------------------------------------------------
Solution Validates: avg error less than 1.000000e-13 on all three arrays
-------------------------------------------------------------



--- run 1 ---
-------------------------------------------------------------
STREAM (dynamic) version — custom malloc-based implementation
-------------------------------------------------------------
This system uses 8 bytes per array element.
-------------------------------------------------------------
Array size = 25984 (elements), Offset = 0 (elements)
Memory per array = 0.2 MiB (= 0.0 GiB).
Total memory required = 0.6 MiB (= 0.0 GiB).
Each kernel will be executed 8 times.
-------------------------------------------------------------
Function    Best Rate MB/s  Avg time     Min time     Max time
Copy:           26026.2     0.000016     0.000016     0.000017
Scale:          17976.9     0.000024     0.000023     0.000024
Add:            20759.0     0.000033     0.000030     0.000034
Triad:          17322.1     0.000036     0.000036     0.000037
-------------------------------------------------------------
Solution Validates: avg error less than 1.000000e-13 on all three arrays
-------------------------------------------------------------



--- run 2 ---
-------------------------------------------------------------
STREAM (dynamic) version — custom malloc-based implementation
-------------------------------------------------------------
This system uses 8 bytes per array element.
-------------------------------------------------------------
Array size = 25984 (elements), Offset = 0 (elements)
Memory per array = 0.2 MiB (= 0.0 GiB).
Total memory required = 0.6 MiB (= 0.0 GiB).
Each kernel will be executed 8 times.
-------------------------------------------------------------
Function    Best Rate MB/s  Avg time     Min time     Max time
Copy:           26026.2     0.000017     0.000016     0.000017
Scale:          18164.1     0.000024     0.000023     0.000024
Add:            18953.9     0.000034     0.000033     0.000034
Triad:          17322.1     0.000036     0.000036     0.000037
-------------------------------------------------------------
Solution Validates: avg error less than 1.000000e-13 on all three arrays
-------------------------------------------------------------



--- run 3 ---
-------------------------------------------------------------
STREAM (dynamic) version — custom malloc-based implementation
-------------------------------------------------------------
This system uses 8 bytes per array element.
-------------------------------------------------------------
Array size = 25984 (elements), Offset = 0 (elements)
Memory per array = 0.2 MiB (= 0.0 GiB).
Total memory required = 0.6 MiB (= 0.0 GiB).
Each kernel will be executed 8 times.
-------------------------------------------------------------
Function    Best Rate MB/s  Avg time     Min time     Max time
Copy:           26026.2     0.000016     0.000016     0.000017
Scale:          17976.9     0.000024     0.000023     0.000024
Add:            21616.8     0.000033     0.000029     0.000034
Triad:          17322.1     0.000037     0.000036     0.000037
-------------------------------------------------------------
Solution Validates: avg error less than 1.000000e-13 on all three arrays
-------------------------------------------------------------



--- run 1 ---
-------------------------------------------------------------
STREAM (dynamic) version — custom malloc-based implementation
-------------------------------------------------------------
This system uses 8 bytes per array element.
-------------------------------------------------------------
Array size = 27520 (elements), Offset = 0 (elements)
Memory per array = 0.2 MiB (= 0.0 GiB).
Total memory required = 0.6 MiB (= 0.0 GiB).
Each kernel will be executed 7 times.
-------------------------------------------------------------
Function    Best Rate MB/s  Avg time     Min time     Max time
Copy:           26011.8     0.000017     0.000017     0.000018
Scale:          17758.0     0.000025     0.000025     0.000025
Add:            18346.1     0.000036     0.000036     0.000037
Triad:          17423.0     0.000038     0.000038     0.000039
-------------------------------------------------------------
Solution Validates: avg error less than 1.000000e-13 on all three arrays
-------------------------------------------------------------



--- run 2 ---
-------------------------------------------------------------
STREAM (dynamic) version — custom malloc-based implementation
-------------------------------------------------------------
This system uses 8 bytes per array element.
-------------------------------------------------------------
Array size = 27520 (elements), Offset = 0 (elements)
Memory per array = 0.2 MiB (= 0.0 GiB).
Total memory required = 0.6 MiB (= 0.0 GiB).
Each kernel will be executed 7 times.
-------------------------------------------------------------
Function    Best Rate MB/s  Avg time     Min time     Max time
Copy:           26011.8     0.000017     0.000017     0.000018
Scale:          17588.9     0.000025     0.000025     0.000026
Add:            18346.1     0.000036     0.000036     0.000036
Triad:          17423.0     0.000046     0.000038     0.000080
-------------------------------------------------------------
Solution Validates: avg error less than 1.000000e-13 on all three arrays
-------------------------------------------------------------



--- run 3 ---
-------------------------------------------------------------
STREAM (dynamic) version — custom malloc-based implementation
-------------------------------------------------------------
This system uses 8 bytes per array element.
-------------------------------------------------------------
Array size = 27520 (elements), Offset = 0 (elements)
Memory per array = 0.2 MiB (= 0.0 GiB).
Total memory required = 0.6 MiB (= 0.0 GiB).
Each kernel will be executed 7 times.
-------------------------------------------------------------
Function    Best Rate MB/s  Avg time     Min time     Max time
Copy:           26011.8     0.000017     0.000017     0.000018
Scale:          17588.9     0.000025     0.000025     0.000025
Add:            21309.6     0.000035     0.000031     0.000036
Triad:          17423.0     0.000039     0.000038     0.000039
-------------------------------------------------------------
Solution Validates: avg error less than 1.000000e-13 on all three arrays
-------------------------------------------------------------



--- run 1 ---
-------------------------------------------------------------
STREAM (dynamic) version — custom malloc-based implementation
-------------------------------------------------------------
This system uses 8 bytes per array element.
-------------------------------------------------------------
Array size = 29141 (elements), Offset = 0 (elements)
Memory per array = 0.2 MiB (= 0.0 GiB).
Total memory required = 0.7 MiB (= 0.0 GiB).
Each kernel will be executed 7 times.
-------------------------------------------------------------
Function    Best Rate MB/s  Avg time     Min time     Max time
Copy:           26074.9     0.000019     0.000018     0.000019
Scale:          17941.5     0.000027     0.000026     0.000027
Add:            18449.2     0.000038     0.000038     0.000038
Triad:          21256.7     0.000037     0.000033     0.000041
-------------------------------------------------------------
Solution Validates: avg error less than 1.000000e-13 on all three arrays
-------------------------------------------------------------



--- run 2 ---
-------------------------------------------------------------
STREAM (dynamic) version — custom malloc-based implementation
-------------------------------------------------------------
This system uses 8 bytes per array element.
-------------------------------------------------------------
Array size = 29141 (elements), Offset = 0 (elements)
Memory per array = 0.2 MiB (= 0.0 GiB).
Total memory required = 0.7 MiB (= 0.0 GiB).
Each kernel will be executed 7 times.
-------------------------------------------------------------
Function    Best Rate MB/s  Avg time     Min time     Max time
Copy:           26074.9     0.000021     0.000018     0.000036
Scale:          17941.5     0.000027     0.000026     0.000027
Add:            21103.8     0.000037     0.000033     0.000038
Triad:          17054.8     0.000041     0.000041     0.000042
-------------------------------------------------------------
Solution Validates: avg error less than 1.000000e-13 on all three arrays
-------------------------------------------------------------



--- run 3 ---
-------------------------------------------------------------
STREAM (dynamic) version — custom malloc-based implementation
-------------------------------------------------------------
This system uses 8 bytes per array element.
-------------------------------------------------------------
Array size = 29141 (elements), Offset = 0 (elements)
Memory per array = 0.2 MiB (= 0.0 GiB).
Total memory required = 0.7 MiB (= 0.0 GiB).
Each kernel will be executed 7 times.
-------------------------------------------------------------
Function    Best Rate MB/s  Avg time     Min time     Max time
Copy:           25731.8     0.000019     0.000018     0.000019
Scale:          17941.5     0.000027     0.000026     0.000027
Add:            18925.3     0.000038     0.000037     0.000038
Triad:          17154.6     0.000044     0.000041     0.000057
-------------------------------------------------------------
Solution Validates: avg error less than 1.000000e-13 on all three arrays
-------------------------------------------------------------



--- run 1 ---
-------------------------------------------------------------
STREAM (dynamic) version — custom malloc-based implementation
-------------------------------------------------------------
This system uses 8 bytes per array element.
-------------------------------------------------------------
Array size = 30890 (elements), Offset = 0 (elements)
Memory per array = 0.2 MiB (= 0.0 GiB).
Total memory required = 0.7 MiB (= 0.0 GiB).
Each kernel will be executed 7 times.
-------------------------------------------------------------
Function    Best Rate MB/s  Avg time     Min time     Max time
Copy:           26240.4     0.000019     0.000019     0.000020
Scale:          17717.9     0.000028     0.000028     0.000029
Add:            18619.7     0.000040     0.000040     0.000040
Triad:          21153.0     0.000038     0.000035     0.000043
-------------------------------------------------------------
Solution Validates: avg error less than 1.000000e-13 on all three arrays
-------------------------------------------------------------



--- run 2 ---
-------------------------------------------------------------
STREAM (dynamic) version — custom malloc-based implementation
-------------------------------------------------------------
This system uses 8 bytes per array element.
-------------------------------------------------------------
Array size = 30890 (elements), Offset = 0 (elements)
Memory per array = 0.2 MiB (= 0.0 GiB).
Total memory required = 0.7 MiB (= 0.0 GiB).
Each kernel will be executed 7 times.
-------------------------------------------------------------
Function    Best Rate MB/s  Avg time     Min time     Max time
Copy:           26240.4     0.000020     0.000019     0.000020
Scale:          17717.9     0.000029     0.000028     0.000029
Add:            21897.8     0.000039     0.000034     0.000041
Triad:          17274.9     0.000044     0.000043     0.000044
-------------------------------------------------------------
Solution Validates: avg error less than 1.000000e-13 on all three arrays
-------------------------------------------------------------



--- run 3 ---
-------------------------------------------------------------
STREAM (dynamic) version — custom malloc-based implementation
-------------------------------------------------------------
This system uses 8 bytes per array element.
-------------------------------------------------------------
Array size = 30890 (elements), Offset = 0 (elements)
Memory per array = 0.2 MiB (= 0.0 GiB).
Total memory required = 0.7 MiB (= 0.0 GiB).
Each kernel will be executed 7 times.
-------------------------------------------------------------
Function    Best Rate MB/s  Avg time     Min time     Max time
Copy:           25912.4     0.000020     0.000019     0.000020
Scale:          17717.9     0.000028     0.000028     0.000029
Add:            18619.7     0.000040     0.000040     0.000041
Triad:          21153.0     0.000043     0.000035     0.000051
-------------------------------------------------------------
Solution Validates: avg error less than 1.000000e-13 on all three arrays
-------------------------------------------------------------



--- run 1 ---
-------------------------------------------------------------
STREAM (dynamic) version — custom malloc-based implementation
-------------------------------------------------------------
This system uses 8 bytes per array element.
-------------------------------------------------------------
Array size = 32725 (elements), Offset = 0 (elements)
Memory per array = 0.2 MiB (= 0.0 GiB).
Total memory required = 0.7 MiB (= 0.0 GiB).
Each kernel will be executed 6 times.
-------------------------------------------------------------
Function    Best Rate MB/s  Avg time     Min time     Max time
Copy:           26459.5     0.000021     0.000020     0.000021
Scale:          18149.9     0.000030     0.000029     0.000030
Add:            23198.6     0.000039     0.000034     0.000044
Triad:          20718.3     0.000039     0.000038     0.000045
-------------------------------------------------------------
Solution Validates: avg error less than 1.000000e-13 on all three arrays
-------------------------------------------------------------



--- run 2 ---
-------------------------------------------------------------
STREAM (dynamic) version — custom malloc-based implementation
-------------------------------------------------------------
This system uses 8 bytes per array element.
-------------------------------------------------------------
Array size = 32725 (elements), Offset = 0 (elements)
Memory per array = 0.2 MiB (= 0.0 GiB).
Total memory required = 0.7 MiB (= 0.0 GiB).
Each kernel will be executed 6 times.
-------------------------------------------------------------
Function    Best Rate MB/s  Avg time     Min time     Max time
Copy:           26144.5     0.000020     0.000020     0.000021
Scale:          17569.1     0.000030     0.000030     0.000030
Add:            23036.4     0.000041     0.000034     0.000044
Triad:          17068.4     0.000049     0.000046     0.000053
-------------------------------------------------------------
Solution Validates: avg error less than 1.000000e-13 on all three arrays
-------------------------------------------------------------



--- run 3 ---
-------------------------------------------------------------
STREAM (dynamic) version — custom malloc-based implementation
-------------------------------------------------------------
This system uses 8 bytes per array element.
-------------------------------------------------------------
Array size = 32725 (elements), Offset = 0 (elements)
Memory per array = 0.2 MiB (= 0.0 GiB).
Total memory required = 0.7 MiB (= 0.0 GiB).
Each kernel will be executed 6 times.
-------------------------------------------------------------
Function    Best Rate MB/s  Avg time     Min time     Max time
Copy:           24956.1     0.000021     0.000021     0.000021
Scale:          17429.7     0.000030     0.000030     0.000030
Add:            18717.1     0.000043     0.000042     0.000044
Triad:          21252.9     0.000043     0.000037     0.000051
-------------------------------------------------------------
Solution Validates: avg error less than 1.000000e-13 on all three arrays
-------------------------------------------------------------



--- run 1 ---
-------------------------------------------------------------
STREAM (dynamic) version — custom malloc-based implementation
-------------------------------------------------------------
This system uses 8 bytes per array element.
-------------------------------------------------------------
Array size = 34688 (elements), Offset = 0 (elements)
Memory per array = 0.3 MiB (= 0.0 GiB).
Total memory required = 0.8 MiB (= 0.0 GiB).
Each kernel will be executed 6 times.
-------------------------------------------------------------
Function    Best Rate MB/s  Avg time     Min time     Max time
Copy:           25303.0     0.000022     0.000022     0.000023
Scale:          17906.7     0.000032     0.000031     0.000032
Add:            23124.6     0.000041     0.000036     0.000044
Triad:          17286.2     0.000054     0.000048     0.000057
-------------------------------------------------------------
Solution Validates: avg error less than 1.000000e-13 on all three arrays
-------------------------------------------------------------



--- run 2 ---
-------------------------------------------------------------
STREAM (dynamic) version — custom malloc-based implementation
-------------------------------------------------------------
This system uses 8 bytes per array element.
-------------------------------------------------------------
Array size = 34688 (elements), Offset = 0 (elements)
Memory per array = 0.3 MiB (= 0.0 GiB).
Total memory required = 0.8 MiB (= 0.0 GiB).
Each kernel will be executed 6 times.
-------------------------------------------------------------
Function    Best Rate MB/s  Avg time     Min time     Max time
Copy:           25303.0     0.000022     0.000022     0.000022
Scale:          17906.7     0.000032     0.000031     0.000032
Add:            23124.6     0.000044     0.000036     0.000049
Triad:          17724.9     0.000052     0.000047     0.000056
-------------------------------------------------------------
Solution Validates: avg error less than 1.000000e-13 on all three arrays
-------------------------------------------------------------



--- run 3 ---
-------------------------------------------------------------
STREAM (dynamic) version — custom malloc-based implementation
-------------------------------------------------------------
This system uses 8 bytes per array element.
-------------------------------------------------------------
Array size = 34688 (elements), Offset = 0 (elements)
Memory per array = 0.3 MiB (= 0.0 GiB).
Total memory required = 0.8 MiB (= 0.0 GiB).
Each kernel will be executed 6 times.
-------------------------------------------------------------
Function    Best Rate MB/s  Avg time     Min time     Max time
Copy:           25303.0     0.000022     0.000022     0.000022
Scale:          17906.7     0.000032     0.000031     0.000032
Add:            23916.5     0.000040     0.000035     0.000048
Triad:          17033.2     0.000054     0.000049     0.000056
-------------------------------------------------------------
Solution Validates: avg error less than 1.000000e-13 on all three arrays
-------------------------------------------------------------



--- run 1 ---
-------------------------------------------------------------
STREAM (dynamic) version — custom malloc-based implementation
-------------------------------------------------------------
This system uses 8 bytes per array element.
-------------------------------------------------------------
Array size = 36736 (elements), Offset = 0 (elements)
Memory per array = 0.3 MiB (= 0.0 GiB).
Total memory required = 0.8 MiB (= 0.0 GiB).
Each kernel will be executed 5 times.
-------------------------------------------------------------
Function    Best Rate MB/s  Avg time     Min time     Max time
Copy:           25680.3     0.000023     0.000023     0.000023
Scale:          17864.6     0.000033     0.000033     0.000034
Add:            23257.7     0.000048     0.000038     0.000065
Triad:          17609.4     0.000054     0.000050     0.000058
-------------------------------------------------------------
Solution Validates: avg error less than 1.000000e-13 on all three arrays
-------------------------------------------------------------



--- run 2 ---
-------------------------------------------------------------
STREAM (dynamic) version — custom malloc-based implementation
-------------------------------------------------------------
This system uses 8 bytes per array element.
-------------------------------------------------------------
Array size = 36736 (elements), Offset = 0 (elements)
Memory per array = 0.3 MiB (= 0.0 GiB).
Total memory required = 0.8 MiB (= 0.0 GiB).
Each kernel will be executed 5 times.
-------------------------------------------------------------
Function    Best Rate MB/s  Avg time     Min time     Max time
Copy:           25680.3     0.000023     0.000023     0.000024
Scale:          17864.6     0.000033     0.000033     0.000034
Add:            18397.8     0.000048     0.000048     0.000049
Triad:          17280.2     0.000055     0.000051     0.000058
-------------------------------------------------------------
Solution Validates: avg error less than 1.000000e-13 on all three arrays
-------------------------------------------------------------



--- run 3 ---
-------------------------------------------------------------
STREAM (dynamic) version — custom malloc-based implementation
-------------------------------------------------------------
This system uses 8 bytes per array element.
-------------------------------------------------------------
Array size = 36736 (elements), Offset = 0 (elements)
Memory per array = 0.3 MiB (= 0.0 GiB).
Total memory required = 0.8 MiB (= 0.0 GiB).
Each kernel will be executed 5 times.
-------------------------------------------------------------
Function    Best Rate MB/s  Avg time     Min time     Max time
Copy:           25680.3     0.000023     0.000023     0.000024
Scale:          17736.1     0.000034     0.000033     0.000034
Add:            18771.4     0.000047     0.000047     0.000048
Triad:          17951.3     0.000055     0.000049     0.000059
-------------------------------------------------------------
Solution Validates: avg error less than 1.000000e-13 on all three arrays
-------------------------------------------------------------



--- run 1 ---
-------------------------------------------------------------
STREAM (dynamic) version — custom malloc-based implementation
-------------------------------------------------------------
This system uses 8 bytes per array element.
-------------------------------------------------------------
Array size = 38912 (elements), Offset = 0 (elements)
Memory per array = 0.3 MiB (= 0.0 GiB).
Total memory required = 0.9 MiB (= 0.0 GiB).
Each kernel will be executed 5 times.
-------------------------------------------------------------
Function    Best Rate MB/s  Avg time     Min time     Max time
Copy:           24869.9     0.000025     0.000025     0.000025
Scale:          17764.2     0.000036     0.000035     0.000036
Add:            18652.4     0.000051     0.000050     0.000051
Triad:          21288.1     0.000044     0.000044     0.000045
-------------------------------------------------------------
Solution Validates: avg error less than 1.000000e-13 on all three arrays
-------------------------------------------------------------



--- run 2 ---
-------------------------------------------------------------
STREAM (dynamic) version — custom malloc-based implementation
-------------------------------------------------------------
This system uses 8 bytes per array element.
-------------------------------------------------------------
Array size = 38912 (elements), Offset = 0 (elements)
Memory per array = 0.3 MiB (= 0.0 GiB).
Total memory required = 0.9 MiB (= 0.0 GiB).
Each kernel will be executed 5 times.
-------------------------------------------------------------
Function    Best Rate MB/s  Avg time     Min time     Max time
Copy:           26113.4     0.000024     0.000024     0.000025
Scale:          17764.2     0.000036     0.000035     0.000036
Add:            18652.4     0.000051     0.000050     0.000051
Triad:          17331.9     0.000059     0.000054     0.000071
-------------------------------------------------------------
Solution Validates: avg error less than 1.000000e-13 on all three arrays
-------------------------------------------------------------



--- run 3 ---
-------------------------------------------------------------
STREAM (dynamic) version — custom malloc-based implementation
-------------------------------------------------------------
This system uses 8 bytes per array element.
-------------------------------------------------------------
Array size = 38912 (elements), Offset = 0 (elements)
Memory per array = 0.3 MiB (= 0.0 GiB).
Total memory required = 0.9 MiB (= 0.0 GiB).
Each kernel will be executed 5 times.
-------------------------------------------------------------
Function    Best Rate MB/s  Avg time     Min time     Max time
Copy:           25854.9     0.000024     0.000024     0.000025
Scale:          17764.2     0.000036     0.000035     0.000036
Add:            18741.7     0.000054     0.000050     0.000066
Triad:          17331.9     0.000054     0.000054     0.000055
-------------------------------------------------------------
Solution Validates: avg error less than 1.000000e-13 on all three arrays
-------------------------------------------------------------



--- run 1 ---
-------------------------------------------------------------
STREAM (dynamic) version — custom malloc-based implementation
-------------------------------------------------------------
This system uses 8 bytes per array element.
-------------------------------------------------------------
Array size = 41258 (elements), Offset = 0 (elements)
Memory per array = 0.3 MiB (= 0.0 GiB).
Total memory required = 0.9 MiB (= 0.0 GiB).
Each kernel will be executed 5 times.
-------------------------------------------------------------
Function    Best Rate MB/s  Avg time     Min time     Max time
Copy:           25401.6     0.000026     0.000026     0.000026
Scale:          17413.7     0.000038     0.000038     0.000038
Add:            18708.0     0.000053     0.000053     0.000054
Triad:          21082.1     0.000050     0.000047     0.000058
-------------------------------------------------------------
Solution Validates: avg error less than 1.000000e-13 on all three arrays
-------------------------------------------------------------



--- run 2 ---
-------------------------------------------------------------
STREAM (dynamic) version — custom malloc-based implementation
-------------------------------------------------------------
This system uses 8 bytes per array element.
-------------------------------------------------------------
Array size = 41258 (elements), Offset = 0 (elements)
Memory per array = 0.3 MiB (= 0.0 GiB).
Total memory required = 0.9 MiB (= 0.0 GiB).
Each kernel will be executed 5 times.
-------------------------------------------------------------
Function    Best Rate MB/s  Avg time     Min time     Max time
Copy:           25401.6     0.000026     0.000026     0.000026
Scale:          17863.1     0.000038     0.000037     0.000038
Add:            18708.0     0.000058     0.000053     0.000070
Triad:          20662.5     0.000056     0.000048     0.000062
-------------------------------------------------------------
Solution Validates: avg error less than 1.000000e-13 on all three arrays
-------------------------------------------------------------



--- run 3 ---
-------------------------------------------------------------
STREAM (dynamic) version — custom malloc-based implementation
-------------------------------------------------------------
This system uses 8 bytes per array element.
-------------------------------------------------------------
Array size = 41258 (elements), Offset = 0 (elements)
Memory per array = 0.3 MiB (= 0.0 GiB).
Total memory required = 0.9 MiB (= 0.0 GiB).
Each kernel will be executed 5 times.
-------------------------------------------------------------
Function    Best Rate MB/s  Avg time     Min time     Max time
Copy:           25401.6     0.000026     0.000026     0.000026
Scale:          17863.1     0.000038     0.000037     0.000038
Add:            18708.0     0.000057     0.000053     0.000069
Triad:          21082.1     0.000053     0.000047     0.000058
-------------------------------------------------------------
Solution Validates: avg error less than 1.000000e-13 on all three arrays
-------------------------------------------------------------



--- run 1 ---
-------------------------------------------------------------
STREAM (dynamic) version — custom malloc-based implementation
-------------------------------------------------------------
This system uses 8 bytes per array element.
-------------------------------------------------------------
Array size = 43690 (elements), Offset = 0 (elements)
Memory per array = 0.3 MiB (= 0.0 GiB).
Total memory required = 1.0 MiB (= 0.0 GiB).
Each kernel will be executed 5 times.
-------------------------------------------------------------
Function    Best Rate MB/s  Avg time     Min time     Max time
Copy:           25059.7     0.000028     0.000028     0.000029
Scale:          17452.3     0.000040     0.000040     0.000041
Add:            21453.6     0.000054     0.000049     0.000058
Triad:          17179.6     0.000067     0.000061     0.000083
-------------------------------------------------------------
Solution Validates: avg error less than 1.000000e-13 on all three arrays
-------------------------------------------------------------



--- run 2 ---
-------------------------------------------------------------
STREAM (dynamic) version — custom malloc-based implementation
-------------------------------------------------------------
This system uses 8 bytes per array element.
-------------------------------------------------------------
Array size = 43690 (elements), Offset = 0 (elements)
Memory per array = 0.3 MiB (= 0.0 GiB).
Total memory required = 1.0 MiB (= 0.0 GiB).
Each kernel will be executed 5 times.
-------------------------------------------------------------
Function    Best Rate MB/s  Avg time     Min time     Max time
Copy:           25946.8     0.000028     0.000027     0.000028
Scale:          17556.8     0.000040     0.000040     0.000040
Add:            21453.6     0.000050     0.000049     0.000053
Triad:          17247.0     0.000062     0.000061     0.000064
-------------------------------------------------------------
Solution Validates: avg error less than 1.000000e-13 on all three arrays
-------------------------------------------------------------



--- run 3 ---
-------------------------------------------------------------
STREAM (dynamic) version — custom malloc-based implementation
-------------------------------------------------------------
This system uses 8 bytes per array element.
-------------------------------------------------------------
Array size = 43690 (elements), Offset = 0 (elements)
Memory per array = 0.3 MiB (= 0.0 GiB).
Total memory required = 1.0 MiB (= 0.0 GiB).
Each kernel will be executed 5 times.
-------------------------------------------------------------
Function    Best Rate MB/s  Avg time     Min time     Max time
Copy:           24032.7     0.000030     0.000029     0.000030
Scale:          17452.3     0.000041     0.000040     0.000042
Add:            19374.4     0.000059     0.000054     0.000063
Triad:          19374.4     0.000056     0.000054     0.000060
-------------------------------------------------------------
Solution Validates: avg error less than 1.000000e-13 on all three arrays
-------------------------------------------------------------



--- run 1 ---
-------------------------------------------------------------
STREAM (dynamic) version — custom malloc-based implementation
-------------------------------------------------------------
This system uses 8 bytes per array element.
-------------------------------------------------------------
Array size = 46293 (elements), Offset = 0 (elements)
Memory per array = 0.4 MiB (= 0.0 GiB).
Total memory required = 1.1 MiB (= 0.0 GiB).
Each kernel will be executed 5 times.
-------------------------------------------------------------
Function    Best Rate MB/s  Avg time     Min time     Max time
Copy:           25675.0     0.000029     0.000029     0.000029
Scale:          17651.5     0.000042     0.000042     0.000043
Add:            18565.8     0.000060     0.000060     0.000061
Triad:          17388.1     0.000065     0.000064     0.000065
-------------------------------------------------------------
Solution Validates: avg error less than 1.000000e-13 on all three arrays
-------------------------------------------------------------



--- run 2 ---
-------------------------------------------------------------
STREAM (dynamic) version — custom malloc-based implementation
-------------------------------------------------------------
This system uses 8 bytes per array element.
-------------------------------------------------------------
Array size = 46293 (elements), Offset = 0 (elements)
Memory per array = 0.4 MiB (= 0.0 GiB).
Total memory required = 1.1 MiB (= 0.0 GiB).
Each kernel will be executed 5 times.
-------------------------------------------------------------
Function    Best Rate MB/s  Avg time     Min time     Max time
Copy:           25464.5     0.000030     0.000029     0.000030
Scale:          17651.5     0.000042     0.000042     0.000042
Add:            18492.1     0.000064     0.000060     0.000076
Triad:          20896.9     0.000062     0.000053     0.000065
-------------------------------------------------------------
Solution Validates: avg error less than 1.000000e-13 on all three arrays
-------------------------------------------------------------



--- run 3 ---
-------------------------------------------------------------
STREAM (dynamic) version — custom malloc-based implementation
-------------------------------------------------------------
This system uses 8 bytes per array element.
-------------------------------------------------------------
Array size = 46293 (elements), Offset = 0 (elements)
Memory per array = 0.4 MiB (= 0.0 GiB).
Total memory required = 1.1 MiB (= 0.0 GiB).
Each kernel will be executed 5 times.
-------------------------------------------------------------
Function    Best Rate MB/s  Avg time     Min time     Max time
Copy:           25675.0     0.000029     0.000029     0.000030
Scale:          17651.5     0.000042     0.000042     0.000042
Add:            21376.2     0.000058     0.000052     0.000061
Triad:          17388.1     0.000065     0.000064     0.000066
-------------------------------------------------------------
Solution Validates: avg error less than 1.000000e-13 on all three arrays
-------------------------------------------------------------



--- run 1 ---
-------------------------------------------------------------
STREAM (dynamic) version — custom malloc-based implementation
-------------------------------------------------------------
This system uses 8 bytes per array element.
-------------------------------------------------------------
Array size = 49024 (elements), Offset = 0 (elements)
Memory per array = 0.4 MiB (= 0.0 GiB).
Total memory required = 1.1 MiB (= 0.0 GiB).
Each kernel will be executed 5 times.
-------------------------------------------------------------
Function    Best Rate MB/s  Avg time     Min time     Max time
Copy:           25307.3     0.000031     0.000031     0.000032
Scale:          17407.1     0.000045     0.000045     0.000045
Add:            18980.5     0.000063     0.000062     0.000064
Triad:          17815.6     0.000076     0.000066     0.000091
-------------------------------------------------------------
Solution Validates: avg error less than 1.000000e-13 on all three arrays
-------------------------------------------------------------



--- run 2 ---
-------------------------------------------------------------
STREAM (dynamic) version — custom malloc-based implementation
-------------------------------------------------------------
This system uses 8 bytes per array element.
-------------------------------------------------------------
Array size = 49024 (elements), Offset = 0 (elements)
Memory per array = 0.4 MiB (= 0.0 GiB).
Total memory required = 1.1 MiB (= 0.0 GiB).
Each kernel will be executed 5 times.
-------------------------------------------------------------
Function    Best Rate MB/s  Avg time     Min time     Max time
Copy:           25307.3     0.000032     0.000031     0.000032
Scale:          17783.5     0.000045     0.000044     0.000045
Add:            18980.5     0.000066     0.000062     0.000069
Triad:          17075.8     0.000073     0.000069     0.000078
-------------------------------------------------------------
Solution Validates: avg error less than 1.000000e-13 on all three arrays
-------------------------------------------------------------



--- run 3 ---
-------------------------------------------------------------
STREAM (dynamic) version — custom malloc-based implementation
-------------------------------------------------------------
This system uses 8 bytes per array element.
-------------------------------------------------------------
Array size = 49024 (elements), Offset = 0 (elements)
Memory per array = 0.4 MiB (= 0.0 GiB).
Total memory required = 1.1 MiB (= 0.0 GiB).
Each kernel will be executed 5 times.
-------------------------------------------------------------
Function    Best Rate MB/s  Avg time     Min time     Max time
Copy:           25307.3     0.000031     0.000031     0.000032
Scale:          17783.5     0.000045     0.000044     0.000045
Add:            23060.4     0.000054     0.000051     0.000062
Triad:          20648.2     0.000070     0.000057     0.000078
-------------------------------------------------------------
Solution Validates: avg error less than 1.000000e-13 on all three arrays
-------------------------------------------------------------



--- run 1 ---
-------------------------------------------------------------
STREAM (dynamic) version — custom malloc-based implementation
-------------------------------------------------------------
This system uses 8 bytes per array element.
-------------------------------------------------------------
Array size = 51968 (elements), Offset = 0 (elements)
Memory per array = 0.4 MiB (= 0.0 GiB).
Total memory required = 1.2 MiB (= 0.0 GiB).
Each kernel will be executed 5 times.
-------------------------------------------------------------
Function    Best Rate MB/s  Avg time     Min time     Max time
Copy:           24388.2     0.000034     0.000034     0.000035
Scale:          17703.1     0.000047     0.000047     0.000048
Add:            18038.9     0.000074     0.000069     0.000084
Triad:          17095.7     0.000074     0.000073     0.000075
-------------------------------------------------------------
Solution Validates: avg error less than 1.000000e-13 on all three arrays
-------------------------------------------------------------



--- run 2 ---
-------------------------------------------------------------
STREAM (dynamic) version — custom malloc-based implementation
-------------------------------------------------------------
This system uses 8 bytes per array element.
-------------------------------------------------------------
Array size = 51968 (elements), Offset = 0 (elements)
Memory per array = 0.4 MiB (= 0.0 GiB).
Total memory required = 1.2 MiB (= 0.0 GiB).
Each kernel will be executed 5 times.
-------------------------------------------------------------
Function    Best Rate MB/s  Avg time     Min time     Max time
Copy:           25271.8     0.000033     0.000033     0.000034
Scale:          17350.8     0.000048     0.000048     0.000048
Add:            18101.3     0.000069     0.000069     0.000070
Triad:          20434.6     0.000071     0.000061     0.000075
-------------------------------------------------------------
Solution Validates: avg error less than 1.000000e-13 on all three arrays
-------------------------------------------------------------



--- run 3 ---
-------------------------------------------------------------
STREAM (dynamic) version — custom malloc-based implementation
-------------------------------------------------------------
This system uses 8 bytes per array element.
-------------------------------------------------------------
Array size = 51968 (elements), Offset = 0 (elements)
Memory per array = 0.4 MiB (= 0.0 GiB).
Total memory required = 1.2 MiB (= 0.0 GiB).
Each kernel will be executed 5 times.
-------------------------------------------------------------
Function    Best Rate MB/s  Avg time     Min time     Max time
Copy:           25271.8     0.000034     0.000033     0.000035
Scale:          17703.1     0.000048     0.000047     0.000048
Add:            18101.3     0.000070     0.000069     0.000072
Triad:          20841.7     0.000067     0.000060     0.000074
-------------------------------------------------------------
Solution Validates: avg error less than 1.000000e-13 on all three arrays
-------------------------------------------------------------



--- run 1 ---
-------------------------------------------------------------
STREAM (dynamic) version — custom malloc-based implementation
-------------------------------------------------------------
This system uses 8 bytes per array element.
-------------------------------------------------------------
Array size = 55040 (elements), Offset = 0 (elements)
Memory per array = 0.4 MiB (= 0.0 GiB).
Total memory required = 1.3 MiB (= 0.0 GiB).
Each kernel will be executed 5 times.
-------------------------------------------------------------
Function    Best Rate MB/s  Avg time     Min time     Max time
Copy:           25829.9     0.000035     0.000034     0.000035
Scale:          17673.1     0.000055     0.000050     0.000070
Add:            19171.3     0.000071     0.000069     0.000073
Triad:          20986.8     0.000076     0.000063     0.000086
-------------------------------------------------------------
Solution Validates: avg error less than 1.000000e-13 on all three arrays
-------------------------------------------------------------



--- run 2 ---
-------------------------------------------------------------
STREAM (dynamic) version — custom malloc-based implementation
-------------------------------------------------------------
This system uses 8 bytes per array element.
-------------------------------------------------------------
Array size = 55040 (elements), Offset = 0 (elements)
Memory per array = 0.4 MiB (= 0.0 GiB).
Total memory required = 1.3 MiB (= 0.0 GiB).
Each kernel will be executed 5 times.
-------------------------------------------------------------
Function    Best Rate MB/s  Avg time     Min time     Max time
Copy:           25299.1     0.000035     0.000035     0.000035
Scale:          17673.1     0.000050     0.000050     0.000051
Add:            19171.3     0.000072     0.000069     0.000076
Triad:          17153.3     0.000079     0.000077     0.000084
-------------------------------------------------------------
Solution Validates: avg error less than 1.000000e-13 on all three arrays
-------------------------------------------------------------



--- run 3 ---
-------------------------------------------------------------
STREAM (dynamic) version — custom malloc-based implementation
-------------------------------------------------------------
This system uses 8 bytes per array element.
-------------------------------------------------------------
Array size = 55040 (elements), Offset = 0 (elements)
Memory per array = 0.4 MiB (= 0.0 GiB).
Total memory required = 1.3 MiB (= 0.0 GiB).
Each kernel will be executed 5 times.
-------------------------------------------------------------
Function    Best Rate MB/s  Avg time     Min time     Max time
Copy:           26011.8     0.000035     0.000034     0.000035
Scale:          17673.1     0.000050     0.000050     0.000051
Add:            22800.4     0.000069     0.000058     0.000075
Triad:          20986.8     0.000072     0.000063     0.000086
-------------------------------------------------------------
Solution Validates: avg error less than 1.000000e-13 on all three arrays
-------------------------------------------------------------



--- run 1 ---
-------------------------------------------------------------
STREAM (dynamic) version — custom malloc-based implementation
-------------------------------------------------------------
This system uses 8 bytes per array element.
-------------------------------------------------------------
Array size = 58325 (elements), Offset = 0 (elements)
Memory per array = 0.4 MiB (= 0.0 GiB).
Total memory required = 1.3 MiB (= 0.0 GiB).
Each kernel will be executed 5 times.
-------------------------------------------------------------
Function    Best Rate MB/s  Avg time     Min time     Max time
Copy:           25252.4     0.000037     0.000037     0.000038
Scale:          17631.2     0.000054     0.000053     0.000054
Add:            21272.4     0.000077     0.000066     0.000089
Triad:          20600.7     0.000078     0.000068     0.000082
-------------------------------------------------------------
Solution Validates: avg error less than 1.000000e-13 on all three arrays
-------------------------------------------------------------



--- run 2 ---
-------------------------------------------------------------
STREAM (dynamic) version — custom malloc-based implementation
-------------------------------------------------------------
This system uses 8 bytes per array element.
-------------------------------------------------------------
Array size = 58325 (elements), Offset = 0 (elements)
Memory per array = 0.4 MiB (= 0.0 GiB).
Total memory required = 1.3 MiB (= 0.0 GiB).
Each kernel will be executed 5 times.
-------------------------------------------------------------
Function    Best Rate MB/s  Avg time     Min time     Max time
Copy:           25252.4     0.000037     0.000037     0.000037
Scale:          17631.2     0.000053     0.000053     0.000054
Add:            18698.0     0.000076     0.000075     0.000076
Triad:          20819.8     0.000075     0.000067     0.000082
-------------------------------------------------------------
Solution Validates: avg error less than 1.000000e-13 on all three arrays
-------------------------------------------------------------



--- run 3 ---
-------------------------------------------------------------
STREAM (dynamic) version — custom malloc-based implementation
-------------------------------------------------------------
This system uses 8 bytes per array element.
-------------------------------------------------------------
Array size = 58325 (elements), Offset = 0 (elements)
Memory per array = 0.4 MiB (= 0.0 GiB).
Total memory required = 1.3 MiB (= 0.0 GiB).
Each kernel will be executed 5 times.
-------------------------------------------------------------
Function    Best Rate MB/s  Avg time     Min time     Max time
Copy:           25252.4     0.000037     0.000037     0.000037
Scale:          17552.1     0.000053     0.000053     0.000053
Add:            18462.9     0.000076     0.000076     0.000077
Triad:          17473.8     0.000081     0.000080     0.000081
-------------------------------------------------------------
Solution Validates: avg error less than 1.000000e-13 on all three arrays
-------------------------------------------------------------



--- run 1 ---
-------------------------------------------------------------
STREAM (dynamic) version — custom malloc-based implementation
-------------------------------------------------------------
This system uses 8 bytes per array element.
-------------------------------------------------------------
Array size = 61781 (elements), Offset = 0 (elements)
Memory per array = 0.5 MiB (= 0.0 GiB).
Total memory required = 1.4 MiB (= 0.0 GiB).
Each kernel will be executed 5 times.
-------------------------------------------------------------
Function    Best Rate MB/s  Avg time     Min time     Max time
Copy:           25435.9     0.000039     0.000039     0.000039
Scale:          17642.8     0.000057     0.000056     0.000057
Add:            21445.1     0.000078     0.000069     0.000082
Triad:          21225.5     0.000074     0.000070     0.000085
-------------------------------------------------------------
Solution Validates: avg error less than 1.000000e-13 on all three arrays
-------------------------------------------------------------



--- run 2 ---
-------------------------------------------------------------
STREAM (dynamic) version — custom malloc-based implementation
-------------------------------------------------------------
This system uses 8 bytes per array element.
-------------------------------------------------------------
Array size = 61781 (elements), Offset = 0 (elements)
Memory per array = 0.5 MiB (= 0.0 GiB).
Total memory required = 1.4 MiB (= 0.0 GiB).
Each kernel will be executed 5 times.
-------------------------------------------------------------
Function    Best Rate MB/s  Avg time     Min time     Max time
Copy:           25435.9     0.000039     0.000039     0.000039
Scale:          17642.8     0.000057     0.000056     0.000057
Add:            21153.3     0.000077     0.000070     0.000080
Triad:          17469.3     0.000086     0.000085     0.000087
-------------------------------------------------------------
Solution Validates: avg error less than 1.000000e-13 on all three arrays
-------------------------------------------------------------



--- run 3 ---
-------------------------------------------------------------
STREAM (dynamic) version — custom malloc-based implementation
-------------------------------------------------------------
This system uses 8 bytes per array element.
-------------------------------------------------------------
Array size = 61781 (elements), Offset = 0 (elements)
Memory per array = 0.5 MiB (= 0.0 GiB).
Total memory required = 1.4 MiB (= 0.0 GiB).
Each kernel will be executed 5 times.
-------------------------------------------------------------
Function    Best Rate MB/s  Avg time     Min time     Max time
Copy:           25435.9     0.000040     0.000039     0.000040
Scale:          17642.8     0.000057     0.000056     0.000057
Add:            18509.2     0.000085     0.000080     0.000100
Triad:          21225.5     0.000075     0.000070     0.000087
-------------------------------------------------------------
Solution Validates: avg error less than 1.000000e-13 on all three arrays
-------------------------------------------------------------



--- run 1 ---
-------------------------------------------------------------
STREAM (dynamic) version — custom malloc-based implementation
-------------------------------------------------------------
This system uses 8 bytes per array element.
-------------------------------------------------------------
Array size = 65450 (elements), Offset = 0 (elements)
Memory per array = 0.5 MiB (= 0.0 GiB).
Total memory required = 1.5 MiB (= 0.0 GiB).
Each kernel will be executed 5 times.
-------------------------------------------------------------
Function    Best Rate MB/s  Avg time     Min time     Max time
Copy:           24956.1     0.000042     0.000042     0.000043
Scale:          17499.1     0.000060     0.000060     0.000061
Add:            18717.1     0.000087     0.000084     0.000089
Triad:          18050.4     0.000101     0.000087     0.000125
-------------------------------------------------------------
Solution Validates: avg error less than 1.000000e-13 on all three arrays
-------------------------------------------------------------



--- run 2 ---
-------------------------------------------------------------
STREAM (dynamic) version — custom malloc-based implementation
-------------------------------------------------------------
This system uses 8 bytes per array element.
-------------------------------------------------------------
Array size = 65450 (elements), Offset = 0 (elements)
Memory per array = 0.5 MiB (= 0.0 GiB).
Total memory required = 1.5 MiB (= 0.0 GiB).
Each kernel will be executed 5 times.
-------------------------------------------------------------
Function    Best Rate MB/s  Avg time     Min time     Max time
Copy:           25536.5     0.000041     0.000041     0.000042
Scale:          17429.7     0.000060     0.000060     0.000060
Add:            18932.2     0.000084     0.000083     0.000085
Triad:          17854.8     0.000097     0.000088     0.000105
-------------------------------------------------------------
Solution Validates: avg error less than 1.000000e-13 on all three arrays
-------------------------------------------------------------



--- run 3 ---
-------------------------------------------------------------
STREAM (dynamic) version — custom malloc-based implementation
-------------------------------------------------------------
This system uses 8 bytes per array element.
-------------------------------------------------------------
Array size = 65450 (elements), Offset = 0 (elements)
Memory per array = 0.5 MiB (= 0.0 GiB).
Total memory required = 1.5 MiB (= 0.0 GiB).
Each kernel will be executed 5 times.
-------------------------------------------------------------
Function    Best Rate MB/s  Avg time     Min time     Max time
Copy:           25536.5     0.000042     0.000041     0.000042
Scale:          17710.8     0.000060     0.000059     0.000060
Add:            23036.4     0.000080     0.000068     0.000086
Triad:          20982.2     0.000093     0.000075     0.000115
-------------------------------------------------------------
Solution Validates: avg error less than 1.000000e-13 on all three arrays
-------------------------------------------------------------



--- run 1 ---
-------------------------------------------------------------
STREAM (dynamic) version — custom malloc-based implementation
-------------------------------------------------------------
This system uses 8 bytes per array element.
-------------------------------------------------------------
Array size = 69333 (elements), Offset = 0 (elements)
Memory per array = 0.5 MiB (= 0.0 GiB).
Total memory required = 1.6 MiB (= 0.0 GiB).
Each kernel will be executed 5 times.
-------------------------------------------------------------
Function    Best Rate MB/s  Avg time     Min time     Max time
Copy:           25849.2     0.000044     0.000043     0.000045
Scale:          17624.5     0.000063     0.000063     0.000064
Add:            23110.2     0.000091     0.000072     0.000115
Triad:          20288.6     0.000101     0.000082     0.000110
-------------------------------------------------------------
Solution Validates: avg error less than 1.000000e-13 on all three arrays
-------------------------------------------------------------



--- run 2 ---
-------------------------------------------------------------
STREAM (dynamic) version — custom malloc-based implementation
-------------------------------------------------------------
This system uses 8 bytes per array element.
-------------------------------------------------------------
Array size = 69333 (elements), Offset = 0 (elements)
Memory per array = 0.5 MiB (= 0.0 GiB).
Total memory required = 1.6 MiB (= 0.0 GiB).
Each kernel will be executed 5 times.
-------------------------------------------------------------
Function    Best Rate MB/s  Avg time     Min time     Max time
Copy:           25849.2     0.000044     0.000043     0.000044
Scale:          17624.5     0.000073     0.000063     0.000101
Add:            18270.4     0.000093     0.000091     0.000094
Triad:          17148.1     0.000106     0.000097     0.000110
-------------------------------------------------------------
Solution Validates: avg error less than 1.000000e-13 on all three arrays
-------------------------------------------------------------



--- run 3 ---
-------------------------------------------------------------
STREAM (dynamic) version — custom malloc-based implementation
-------------------------------------------------------------
This system uses 8 bytes per array element.
-------------------------------------------------------------
Array size = 69333 (elements), Offset = 0 (elements)
Memory per array = 0.5 MiB (= 0.0 GiB).
Total memory required = 1.6 MiB (= 0.0 GiB).
Each kernel will be executed 5 times.
-------------------------------------------------------------
Function    Best Rate MB/s  Avg time     Min time     Max time
Copy:           25287.3     0.000049     0.000044     0.000063
Scale:          17624.5     0.000064     0.000063     0.000065
Add:            23420.4     0.000077     0.000071     0.000094
Triad:          21085.5     0.000084     0.000079     0.000098
-------------------------------------------------------------
Solution Validates: avg error less than 1.000000e-13 on all three arrays
-------------------------------------------------------------



--- run 1 ---
-------------------------------------------------------------
STREAM (dynamic) version — custom malloc-based implementation
-------------------------------------------------------------
This system uses 8 bytes per array element.
-------------------------------------------------------------
Array size = 73472 (elements), Offset = 0 (elements)
Memory per array = 0.6 MiB (= 0.0 GiB).
Total memory required = 1.7 MiB (= 0.0 GiB).
Each kernel will be executed 5 times.
-------------------------------------------------------------
Function    Best Rate MB/s  Avg time     Min time     Max time
Copy:           25547.3     0.000048     0.000046     0.000049
Scale:          17546.7     0.000068     0.000067     0.000072
Add:            18582.7     0.000098     0.000095     0.000101
Triad:          15769.6     0.000117     0.000112     0.000124
-------------------------------------------------------------
Solution Validates: avg error less than 1.000000e-13 on all three arrays
-------------------------------------------------------------



--- run 2 ---
-------------------------------------------------------------
STREAM (dynamic) version — custom malloc-based implementation
-------------------------------------------------------------
This system uses 8 bytes per array element.
-------------------------------------------------------------
Array size = 73472 (elements), Offset = 0 (elements)
Memory per array = 0.6 MiB (= 0.0 GiB).
Total memory required = 1.7 MiB (= 0.0 GiB).
Each kernel will be executed 5 times.
-------------------------------------------------------------
Function    Best Rate MB/s  Avg time     Min time     Max time
Copy:           25547.3     0.000046     0.000046     0.000046
Scale:          17546.7     0.000067     0.000067     0.000067
Add:            23184.7     0.000086     0.000076     0.000096
Triad:          20716.9     0.000104     0.000085     0.000115
-------------------------------------------------------------
Solution Validates: avg error less than 1.000000e-13 on all three arrays
-------------------------------------------------------------



--- run 3 ---
-------------------------------------------------------------
STREAM (dynamic) version — custom malloc-based implementation
-------------------------------------------------------------
This system uses 8 bytes per array element.
-------------------------------------------------------------
Array size = 73472 (elements), Offset = 0 (elements)
Memory per array = 0.6 MiB (= 0.0 GiB).
Total memory required = 1.7 MiB (= 0.0 GiB).
Each kernel will be executed 5 times.
-------------------------------------------------------------
Function    Best Rate MB/s  Avg time     Min time     Max time
Copy:           25028.5     0.000048     0.000047     0.000050
Scale:          17546.7     0.000067     0.000067     0.000068
Add:            23184.7     0.000091     0.000076     0.000097
Triad:          20951.7     0.000107     0.000084     0.000118
-------------------------------------------------------------
Solution Validates: avg error less than 1.000000e-13 on all three arrays
-------------------------------------------------------------



--- run 1 ---
-------------------------------------------------------------
STREAM (dynamic) version — custom malloc-based implementation
-------------------------------------------------------------
This system uses 8 bytes per array element.
-------------------------------------------------------------
Array size = 77866 (elements), Offset = 0 (elements)
Memory per array = 0.6 MiB (= 0.0 GiB).
Total memory required = 1.8 MiB (= 0.0 GiB).
Each kernel will be executed 5 times.
-------------------------------------------------------------
Function    Best Rate MB/s  Avg time     Min time     Max time
Copy:           25490.2     0.000049     0.000049     0.000049
Scale:          17535.2     0.000071     0.000071     0.000071
Add:            21241.9     0.000088     0.000088     0.000088
Triad:          21014.1     0.000092     0.000089     0.000099
-------------------------------------------------------------
Solution Validates: avg error less than 1.000000e-13 on all three arrays
-------------------------------------------------------------



--- run 2 ---
-------------------------------------------------------------
STREAM (dynamic) version — custom malloc-based implementation
-------------------------------------------------------------
This system uses 8 bytes per array element.
-------------------------------------------------------------
Array size = 77866 (elements), Offset = 0 (elements)
Memory per array = 0.6 MiB (= 0.0 GiB).
Total memory required = 1.8 MiB (= 0.0 GiB).
Each kernel will be executed 5 times.
-------------------------------------------------------------
Function    Best Rate MB/s  Avg time     Min time     Max time
Copy:           25490.2     0.000049     0.000049     0.000049
Scale:          17834.5     0.000071     0.000070     0.000071
Add:            18707.0     0.000101     0.000100     0.000102
Triad:          17457.1     0.000109     0.000107     0.000109
-------------------------------------------------------------
Solution Validates: avg error less than 1.000000e-13 on all three arrays
-------------------------------------------------------------



--- run 3 ---
-------------------------------------------------------------
STREAM (dynamic) version — custom malloc-based implementation
-------------------------------------------------------------
This system uses 8 bytes per array element.
-------------------------------------------------------------
Array size = 77866 (elements), Offset = 0 (elements)
Memory per array = 0.6 MiB (= 0.0 GiB).
Total memory required = 1.8 MiB (= 0.0 GiB).
Each kernel will be executed 5 times.
-------------------------------------------------------------
Function    Best Rate MB/s  Avg time     Min time     Max time
Copy:           25366.5     0.000049     0.000049     0.000050
Scale:          17594.3     0.000071     0.000071     0.000071
Add:            21241.9     0.000091     0.000088     0.000102
Triad:          21014.1     0.000099     0.000089     0.000109
-------------------------------------------------------------
Solution Validates: avg error less than 1.000000e-13 on all three arrays
-------------------------------------------------------------



--- run 1 ---
-------------------------------------------------------------
STREAM (dynamic) version — custom malloc-based implementation
-------------------------------------------------------------
This system uses 8 bytes per array element.
-------------------------------------------------------------
Array size = 82474 (elements), Offset = 0 (elements)
Memory per array = 0.6 MiB (= 0.0 GiB).
Total memory required = 1.9 MiB (= 0.0 GiB).
Each kernel will be executed 5 times.
-------------------------------------------------------------
Function    Best Rate MB/s  Avg time     Min time     Max time
Copy:           25388.7     0.000052     0.000052     0.000053
Scale:          17626.5     0.000075     0.000075     0.000076
Add:            21287.4     0.000093     0.000093     0.000094
Triad:          21071.3     0.000094     0.000094     0.000096
-------------------------------------------------------------
Solution Validates: avg error less than 1.000000e-13 on all three arrays
-------------------------------------------------------------



--- run 2 ---
-------------------------------------------------------------
STREAM (dynamic) version — custom malloc-based implementation
-------------------------------------------------------------
This system uses 8 bytes per array element.
-------------------------------------------------------------
Array size = 82474 (elements), Offset = 0 (elements)
Memory per array = 0.6 MiB (= 0.0 GiB).
Total memory required = 1.9 MiB (= 0.0 GiB).
Each kernel will be executed 5 times.
-------------------------------------------------------------
Function    Best Rate MB/s  Avg time     Min time     Max time
Copy:           25388.7     0.000053     0.000052     0.000054
Scale:          17626.5     0.000075     0.000075     0.000076
Add:            21287.4     0.000097     0.000093     0.000108
Triad:          21071.3     0.000104     0.000094     0.000115
-------------------------------------------------------------
Solution Validates: avg error less than 1.000000e-13 on all three arrays
-------------------------------------------------------------



--- run 3 ---
-------------------------------------------------------------
STREAM (dynamic) version — custom malloc-based implementation
-------------------------------------------------------------
This system uses 8 bytes per array element.
-------------------------------------------------------------
Array size = 82474 (elements), Offset = 0 (elements)
Memory per array = 0.6 MiB (= 0.0 GiB).
Total memory required = 1.9 MiB (= 0.0 GiB).
Each kernel will be executed 5 times.
-------------------------------------------------------------
Function    Best Rate MB/s  Avg time     Min time     Max time
Copy:           25388.7     0.000052     0.000052     0.000052
Scale:          17626.5     0.000075     0.000075     0.000075
Add:            21508.0     0.000099     0.000092     0.000107
Triad:          20859.6     0.000110     0.000095     0.000116
-------------------------------------------------------------
Solution Validates: avg error less than 1.000000e-13 on all three arrays
-------------------------------------------------------------



--- run 1 ---
-------------------------------------------------------------
STREAM (dynamic) version — custom malloc-based implementation
-------------------------------------------------------------
This system uses 8 bytes per array element.
-------------------------------------------------------------
Array size = 87381 (elements), Offset = 0 (elements)
Memory per array = 0.7 MiB (= 0.0 GiB).
Total memory required = 2.0 MiB (= 0.0 GiB).
Each kernel will be executed 5 times.
-------------------------------------------------------------
Function    Best Rate MB/s  Avg time     Min time     Max time
Copy:           25385.5     0.000056     0.000055     0.000057
Scale:          17504.6     0.000080     0.000080     0.000080
Add:            21401.6     0.000099     0.000098     0.000100
Triad:          21195.3     0.000100     0.000099     0.000102
-------------------------------------------------------------
Solution Validates: avg error less than 1.000000e-13 on all three arrays
-------------------------------------------------------------



--- run 2 ---
-------------------------------------------------------------
STREAM (dynamic) version — custom malloc-based implementation
-------------------------------------------------------------
This system uses 8 bytes per array element.
-------------------------------------------------------------
Array size = 87381 (elements), Offset = 0 (elements)
Memory per array = 0.7 MiB (= 0.0 GiB).
Total memory required = 2.0 MiB (= 0.0 GiB).
Each kernel will be executed 5 times.
-------------------------------------------------------------
Function    Best Rate MB/s  Avg time     Min time     Max time
Copy:           25495.8     0.000056     0.000055     0.000059
Scale:          17452.5     0.000080     0.000080     0.000081
Add:            21401.6     0.000106     0.000098     0.000116
Triad:          20993.0     0.000111     0.000100     0.000124
-------------------------------------------------------------
Solution Validates: avg error less than 1.000000e-13 on all three arrays
-------------------------------------------------------------



--- run 3 ---
-------------------------------------------------------------
STREAM (dynamic) version — custom malloc-based implementation
-------------------------------------------------------------
This system uses 8 bytes per array element.
-------------------------------------------------------------
Array size = 87381 (elements), Offset = 0 (elements)
Memory per array = 0.7 MiB (= 0.0 GiB).
Total memory required = 2.0 MiB (= 0.0 GiB).
Each kernel will be executed 5 times.
-------------------------------------------------------------
Function    Best Rate MB/s  Avg time     Min time     Max time
Copy:           24953.4     0.000057     0.000056     0.000059
Scale:          17504.6     0.000080     0.000080     0.000080
Add:            18249.1     0.000116     0.000115     0.000118
Triad:          17079.7     0.000123     0.000123     0.000124
-------------------------------------------------------------
Solution Validates: avg error less than 1.000000e-13 on all three arrays
-------------------------------------------------------------



--- run 1 ---
-------------------------------------------------------------
STREAM (dynamic) version — custom malloc-based implementation
-------------------------------------------------------------
This system uses 8 bytes per array element.
-------------------------------------------------------------
Array size = 92586 (elements), Offset = 0 (elements)
Memory per array = 0.7 MiB (= 0.0 GiB).
Total memory required = 2.1 MiB (= 0.0 GiB).
Each kernel will be executed 5 times.
-------------------------------------------------------------
Function    Best Rate MB/s  Avg time     Min time     Max time
Copy:           25569.3     0.000059     0.000058     0.000060
Scale:          17651.5     0.000084     0.000084     0.000085
Add:            21181.8     0.000117     0.000105     0.000122
Triad:          17227.4     0.000130     0.000129     0.000130
-------------------------------------------------------------
Solution Validates: avg error less than 1.000000e-13 on all three arrays
-------------------------------------------------------------



--- run 2 ---
-------------------------------------------------------------
STREAM (dynamic) version — custom malloc-based implementation
-------------------------------------------------------------
This system uses 8 bytes per array element.
-------------------------------------------------------------
Array size = 92586 (elements), Offset = 0 (elements)
Memory per array = 0.7 MiB (= 0.0 GiB).
Total memory required = 2.1 MiB (= 0.0 GiB).
Each kernel will be executed 5 times.
-------------------------------------------------------------
Function    Best Rate MB/s  Avg time     Min time     Max time
Copy:           25155.2     0.000065     0.000059     0.000078
Scale:          17651.5     0.000086     0.000084     0.000088
Add:            17923.1     0.000125     0.000124     0.000130
Triad:          20757.3     0.000121     0.000107     0.000134
-------------------------------------------------------------
Solution Validates: avg error less than 1.000000e-13 on all three arrays
-------------------------------------------------------------



--- run 3 ---
-------------------------------------------------------------
STREAM (dynamic) version — custom malloc-based implementation
-------------------------------------------------------------
This system uses 8 bytes per array element.
-------------------------------------------------------------
Array size = 92586 (elements), Offset = 0 (elements)
Memory per array = 0.7 MiB (= 0.0 GiB).
Total memory required = 2.1 MiB (= 0.0 GiB).
Each kernel will be executed 5 times.
-------------------------------------------------------------
Function    Best Rate MB/s  Avg time     Min time     Max time
Copy:           25464.5     0.000061     0.000058     0.000066
Scale:          17651.5     0.000085     0.000084     0.000086
Add:            18382.7     0.000123     0.000121     0.000129
Triad:          17227.4     0.000130     0.000129     0.000131
-------------------------------------------------------------
Solution Validates: avg error less than 1.000000e-13 on all three arrays
-------------------------------------------------------------



--- run 1 ---
-------------------------------------------------------------
STREAM (dynamic) version — custom malloc-based implementation
-------------------------------------------------------------
This system uses 8 bytes per array element.
-------------------------------------------------------------
Array size = 98090 (elements), Offset = 0 (elements)
Memory per array = 0.7 MiB (= 0.0 GiB).
Total memory required = 2.2 MiB (= 0.0 GiB).
Each kernel will be executed 5 times.
-------------------------------------------------------------
Function    Best Rate MB/s  Avg time     Min time     Max time
Copy:           24934.5     0.000065     0.000063     0.000067
Scale:          17460.8     0.000090     0.000090     0.000090
Add:            22856.6     0.000126     0.000103     0.000135
Triad:          20831.4     0.000124     0.000113     0.000156
-------------------------------------------------------------
Solution Validates: avg error less than 1.000000e-13 on all three arrays
-------------------------------------------------------------



--- run 2 ---
-------------------------------------------------------------
STREAM (dynamic) version — custom malloc-based implementation
-------------------------------------------------------------
This system uses 8 bytes per array element.
-------------------------------------------------------------
Array size = 98090 (elements), Offset = 0 (elements)
Memory per array = 0.7 MiB (= 0.0 GiB).
Total memory required = 2.2 MiB (= 0.0 GiB).
Each kernel will be executed 5 times.
-------------------------------------------------------------
Function    Best Rate MB/s  Avg time     Min time     Max time
Copy:           24562.3     0.000065     0.000064     0.000068
Scale:          17277.5     0.000096     0.000091     0.000111
Add:            22188.9     0.000116     0.000106     0.000139
Triad:          20657.0     0.000121     0.000114     0.000140
-------------------------------------------------------------
Solution Validates: avg error less than 1.000000e-13 on all three arrays
-------------------------------------------------------------



--- run 3 ---
-------------------------------------------------------------
STREAM (dynamic) version — custom malloc-based implementation
-------------------------------------------------------------
This system uses 8 bytes per array element.
-------------------------------------------------------------
Array size = 98090 (elements), Offset = 0 (elements)
Memory per array = 0.7 MiB (= 0.0 GiB).
Total memory required = 2.2 MiB (= 0.0 GiB).
Each kernel will be executed 5 times.
-------------------------------------------------------------
Function    Best Rate MB/s  Avg time     Min time     Max time
Copy:           25318.1     0.000063     0.000062     0.000065
Scale:          17460.8     0.000090     0.000090     0.000090
Add:            17855.4     0.000133     0.000132     0.000136
Triad:          16821.2     0.000149     0.000140     0.000161
-------------------------------------------------------------
Solution Validates: avg error less than 1.000000e-13 on all three arrays
-------------------------------------------------------------



--- run 1 ---
-------------------------------------------------------------
STREAM (dynamic) version — custom malloc-based implementation
-------------------------------------------------------------
This system uses 8 bytes per array element.
-------------------------------------------------------------
Array size = 103893 (elements), Offset = 0 (elements)
Memory per array = 0.8 MiB (= 0.0 GiB).
Total memory required = 2.4 MiB (= 0.0 GiB).
Each kernel will be executed 5 times.
-------------------------------------------------------------
Function    Best Rate MB/s  Avg time     Min time     Max time
Copy:           24811.9     0.000068     0.000067     0.000069
Scale:          17517.9     0.000095     0.000095     0.000097
Add:            18062.5     0.000140     0.000138     0.000141
Triad:          20750.4     0.000141     0.000120     0.000149
-------------------------------------------------------------
Solution Validates: avg error less than 1.000000e-13 on all three arrays
-------------------------------------------------------------



--- run 2 ---
-------------------------------------------------------------
STREAM (dynamic) version — custom malloc-based implementation
-------------------------------------------------------------
This system uses 8 bytes per array element.
-------------------------------------------------------------
Array size = 103893 (elements), Offset = 0 (elements)
Memory per array = 0.8 MiB (= 0.0 GiB).
Total memory required = 2.4 MiB (= 0.0 GiB).
Each kernel will be executed 5 times.
-------------------------------------------------------------
Function    Best Rate MB/s  Avg time     Min time     Max time
Copy:           24811.9     0.000069     0.000067     0.000074
Scale:          17343.6     0.000096     0.000096     0.000096
Add:            17695.8     0.000142     0.000141     0.000145
Triad:          16950.1     0.000148     0.000147     0.000149
-------------------------------------------------------------
Solution Validates: avg error less than 1.000000e-13 on all three arrays
-------------------------------------------------------------



--- run 3 ---
-------------------------------------------------------------
STREAM (dynamic) version — custom malloc-based implementation
-------------------------------------------------------------
This system uses 8 bytes per array element.
-------------------------------------------------------------
Array size = 103893 (elements), Offset = 0 (elements)
Memory per array = 0.8 MiB (= 0.0 GiB).
Total memory required = 2.4 MiB (= 0.0 GiB).
Each kernel will be executed 5 times.
-------------------------------------------------------------
Function    Best Rate MB/s  Avg time     Min time     Max time
Copy:           24811.9     0.000070     0.000067     0.000074
Scale:          17517.9     0.000096     0.000095     0.000099
Add:            17816.4     0.000141     0.000140     0.000144
Triad:          20791.7     0.000147     0.000120     0.000167
-------------------------------------------------------------
Solution Validates: avg error less than 1.000000e-13 on all three arrays
-------------------------------------------------------------



--- run 1 ---
-------------------------------------------------------------
STREAM (dynamic) version — custom malloc-based implementation
-------------------------------------------------------------
This system uses 8 bytes per array element.
-------------------------------------------------------------
Array size = 110080 (elements), Offset = 0 (elements)
Memory per array = 0.8 MiB (= 0.0 GiB).
Total memory required = 2.5 MiB (= 0.0 GiB).
Each kernel will be executed 5 times.
-------------------------------------------------------------
Function    Best Rate MB/s  Avg time     Min time     Max time
Copy:           24789.7     0.000072     0.000071     0.000074
Scale:          17464.2     0.000101     0.000101     0.000102
Add:            22614.3     0.000117     0.000117     0.000118
Triad:          20829.0     0.000127     0.000127     0.000128
-------------------------------------------------------------
Solution Validates: avg error less than 1.000000e-13 on all three arrays
-------------------------------------------------------------



--- run 2 ---
-------------------------------------------------------------
STREAM (dynamic) version — custom malloc-based implementation
-------------------------------------------------------------
This system uses 8 bytes per array element.
-------------------------------------------------------------
Array size = 110080 (elements), Offset = 0 (elements)
Memory per array = 0.8 MiB (= 0.0 GiB).
Total memory required = 2.5 MiB (= 0.0 GiB).
Each kernel will be executed 5 times.
-------------------------------------------------------------
Function    Best Rate MB/s  Avg time     Min time     Max time
Copy:           24789.7     0.000078     0.000071     0.000095
Scale:          17423.0     0.000102     0.000101     0.000104
Add:            18592.3     0.000153     0.000142     0.000169
Triad:          16840.4     0.000165     0.000157     0.000176
-------------------------------------------------------------
Solution Validates: avg error less than 1.000000e-13 on all three arrays
-------------------------------------------------------------



--- run 3 ---
-------------------------------------------------------------
STREAM (dynamic) version — custom malloc-based implementation
-------------------------------------------------------------
This system uses 8 bytes per array element.
-------------------------------------------------------------
Array size = 110080 (elements), Offset = 0 (elements)
Memory per array = 0.8 MiB (= 0.0 GiB).
Total memory required = 2.5 MiB (= 0.0 GiB).
Each kernel will be executed 5 times.
-------------------------------------------------------------
Function    Best Rate MB/s  Avg time     Min time     Max time
Copy:           24461.4     0.000073     0.000072     0.000075
Scale:          17423.0     0.000107     0.000101     0.000122
Add:            18106.2     0.000154     0.000146     0.000169
Triad:          16943.4     0.000169     0.000156     0.000177
-------------------------------------------------------------
Solution Validates: avg error less than 1.000000e-13 on all three arrays
-------------------------------------------------------------



--- run 1 ---
-------------------------------------------------------------
STREAM (dynamic) version — custom malloc-based implementation
-------------------------------------------------------------
This system uses 8 bytes per array element.
-------------------------------------------------------------
Array size = 116650 (elements), Offset = 0 (elements)
Memory per array = 0.9 MiB (= 0.0 GiB).
Total memory required = 2.7 MiB (= 0.0 GiB).
Each kernel will be executed 5 times.
-------------------------------------------------------------
Function    Best Rate MB/s  Avg time     Min time     Max time
Copy:           24236.1     0.000078     0.000077     0.000081
Scale:          17434.9     0.000108     0.000107     0.000109
Add:            22197.3     0.000153     0.000126     0.000163
Triad:          20746.2     0.000171     0.000135     0.000191
-------------------------------------------------------------
Solution Validates: avg error less than 1.000000e-13 on all three arrays
-------------------------------------------------------------



--- run 2 ---
-------------------------------------------------------------
STREAM (dynamic) version — custom malloc-based implementation
-------------------------------------------------------------
This system uses 8 bytes per array element.
-------------------------------------------------------------
Array size = 116650 (elements), Offset = 0 (elements)
Memory per array = 0.9 MiB (= 0.0 GiB).
Total memory required = 2.7 MiB (= 0.0 GiB).
Each kernel will be executed 5 times.
-------------------------------------------------------------
Function    Best Rate MB/s  Avg time     Min time     Max time
Copy:           24236.1     0.000079     0.000077     0.000085
Scale:          17280.9     0.000109     0.000108     0.000110
Add:            17845.6     0.000161     0.000157     0.000163
Triad:          16774.8     0.000175     0.000167     0.000182
-------------------------------------------------------------
Solution Validates: avg error less than 1.000000e-13 on all three arrays
-------------------------------------------------------------



--- run 3 ---
-------------------------------------------------------------
STREAM (dynamic) version — custom malloc-based implementation
-------------------------------------------------------------
This system uses 8 bytes per array element.
-------------------------------------------------------------
Array size = 116650 (elements), Offset = 0 (elements)
Memory per array = 0.9 MiB (= 0.0 GiB).
Total memory required = 2.7 MiB (= 0.0 GiB).
Each kernel will be executed 5 times.
-------------------------------------------------------------
Function    Best Rate MB/s  Avg time     Min time     Max time
Copy:           24236.1     0.000080     0.000077     0.000085
Scale:          17280.9     0.000119     0.000108     0.000150
Add:            18290.3     0.000164     0.000153     0.000179
Triad:          16750.9     0.000179     0.000167     0.000189
-------------------------------------------------------------
Solution Validates: avg error less than 1.000000e-13 on all three arrays
-------------------------------------------------------------



--- run 1 ---
-------------------------------------------------------------
STREAM (dynamic) version — custom malloc-based implementation
-------------------------------------------------------------
This system uses 8 bytes per array element.
-------------------------------------------------------------
Array size = 123562 (elements), Offset = 0 (elements)
Memory per array = 0.9 MiB (= 0.0 GiB).
Total memory required = 2.8 MiB (= 0.0 GiB).
Each kernel will be executed 5 times.
-------------------------------------------------------------
Function    Best Rate MB/s  Avg time     Min time     Max time
Copy:           20373.7     0.000107     0.000097     0.000117
Scale:          16751.7     0.000122     0.000118     0.000132
Add:            14463.0     0.000213     0.000205     0.000217
Triad:          14547.6     0.000205     0.000204     0.000208
-------------------------------------------------------------
Solution Validates: avg error less than 1.000000e-13 on all three arrays
-------------------------------------------------------------



--- run 2 ---
-------------------------------------------------------------
STREAM (dynamic) version — custom malloc-based implementation
-------------------------------------------------------------
This system uses 8 bytes per array element.
-------------------------------------------------------------
Array size = 123562 (elements), Offset = 0 (elements)
Memory per array = 0.9 MiB (= 0.0 GiB).
Total memory required = 2.8 MiB (= 0.0 GiB).
Each kernel will be executed 5 times.
-------------------------------------------------------------
Function    Best Rate MB/s  Avg time     Min time     Max time
Copy:           20627.1     0.000106     0.000096     0.000126
Scale:          16888.2     0.000125     0.000117     0.000139
Add:            18426.9     0.000190     0.000161     0.000221
Triad:          19254.1     0.000173     0.000154     0.000202
-------------------------------------------------------------
Solution Validates: avg error less than 1.000000e-13 on all three arrays
-------------------------------------------------------------



--- run 3 ---
-------------------------------------------------------------
STREAM (dynamic) version — custom malloc-based implementation
-------------------------------------------------------------
This system uses 8 bytes per array element.
-------------------------------------------------------------
Array size = 123562 (elements), Offset = 0 (elements)
Memory per array = 0.9 MiB (= 0.0 GiB).
Total memory required = 2.8 MiB (= 0.0 GiB).
Each kernel will be executed 5 times.
-------------------------------------------------------------
Function    Best Rate MB/s  Avg time     Min time     Max time
Copy:           19981.0     0.000105     0.000099     0.000111
Scale:          16485.3     0.000127     0.000120     0.000133
Add:            15058.3     0.000214     0.000197     0.000243
Triad:          14329.7     0.000214     0.000207     0.000228
-------------------------------------------------------------
Solution Validates: avg error less than 1.000000e-13 on all three arrays
-------------------------------------------------------------



--- run 1 ---
-------------------------------------------------------------
STREAM (dynamic) version — custom malloc-based implementation
-------------------------------------------------------------
This system uses 8 bytes per array element.
-------------------------------------------------------------
Array size = 130944 (elements), Offset = 0 (elements)
Memory per array = 1.0 MiB (= 0.0 GiB).
Total memory required = 3.0 MiB (= 0.0 GiB).
Each kernel will be executed 5 times.
-------------------------------------------------------------
Function    Best Rate MB/s  Avg time     Min time     Max time
Copy:           22303.3     0.000095     0.000094     0.000097
Scale:          16899.0     0.000125     0.000124     0.000126
Add:            17458.6     0.000190     0.000180     0.000196
Triad:          16035.6     0.000204     0.000196     0.000213
-------------------------------------------------------------
Solution Validates: avg error less than 1.000000e-13 on all three arrays
-------------------------------------------------------------



--- run 2 ---
-------------------------------------------------------------
STREAM (dynamic) version — custom malloc-based implementation
-------------------------------------------------------------
This system uses 8 bytes per array element.
-------------------------------------------------------------
Array size = 130944 (elements), Offset = 0 (elements)
Memory per array = 1.0 MiB (= 0.0 GiB).
Total memory required = 3.0 MiB (= 0.0 GiB).
Each kernel will be executed 5 times.
-------------------------------------------------------------
Function    Best Rate MB/s  Avg time     Min time     Max time
Copy:           22532.1     0.000098     0.000093     0.000101
Scale:          17063.1     0.000124     0.000123     0.000125
Add:            16877.4     0.000197     0.000186     0.000206
Triad:          15938.6     0.000208     0.000197     0.000220
-------------------------------------------------------------
Solution Validates: avg error less than 1.000000e-13 on all three arrays
-------------------------------------------------------------



--- run 3 ---
-------------------------------------------------------------
STREAM (dynamic) version — custom malloc-based implementation
-------------------------------------------------------------
This system uses 8 bytes per array element.
-------------------------------------------------------------
Array size = 130944 (elements), Offset = 0 (elements)
Memory per array = 1.0 MiB (= 0.0 GiB).
Total memory required = 3.0 MiB (= 0.0 GiB).
Each kernel will be executed 5 times.
-------------------------------------------------------------
Function    Best Rate MB/s  Avg time     Min time     Max time
Copy:           23064.3     0.000095     0.000091     0.000100
Scale:          17030.0     0.000125     0.000123     0.000129
Add:            18281.9     0.000188     0.000172     0.000199
Triad:          15256.1     0.000216     0.000206     0.000225
-------------------------------------------------------------
Solution Validates: avg error less than 1.000000e-13 on all three arrays
-------------------------------------------------------------



--- run 1 ---
-------------------------------------------------------------
STREAM (dynamic) version — custom malloc-based implementation
-------------------------------------------------------------
This system uses 8 bytes per array element.
-------------------------------------------------------------
Array size = 138709 (elements), Offset = 0 (elements)
Memory per array = 1.1 MiB (= 0.0 GiB).
Total memory required = 3.2 MiB (= 0.0 GiB).
Each kernel will be executed 5 times.
-------------------------------------------------------------
Function    Best Rate MB/s  Avg time     Min time     Max time
Copy:           21749.1     0.000105     0.000102     0.000111
Scale:          16682.1     0.000135     0.000133     0.000138
Add:            15994.2     0.000212     0.000208     0.000215
Triad:          15210.1     0.000220     0.000219     0.000222
-------------------------------------------------------------
Solution Validates: avg error less than 1.000000e-13 on all three arrays
-------------------------------------------------------------



--- run 2 ---
-------------------------------------------------------------
STREAM (dynamic) version — custom malloc-based implementation
-------------------------------------------------------------
This system uses 8 bytes per array element.
-------------------------------------------------------------
Array size = 138709 (elements), Offset = 0 (elements)
Memory per array = 1.1 MiB (= 0.0 GiB).
Total memory required = 3.2 MiB (= 0.0 GiB).
Each kernel will be executed 5 times.
-------------------------------------------------------------
Function    Best Rate MB/s  Avg time     Min time     Max time
Copy:           20368.9     0.000111     0.000109     0.000113
Scale:          16446.3     0.000141     0.000135     0.000152
Add:            16067.8     0.000224     0.000207     0.000240
Triad:          15618.5     0.000218     0.000213     0.000224
-------------------------------------------------------------
Solution Validates: avg error less than 1.000000e-13 on all three arrays
-------------------------------------------------------------



--- run 3 ---
-------------------------------------------------------------
STREAM (dynamic) version — custom malloc-based implementation
-------------------------------------------------------------
This system uses 8 bytes per array element.
-------------------------------------------------------------
Array size = 138709 (elements), Offset = 0 (elements)
Memory per array = 1.1 MiB (= 0.0 GiB).
Total memory required = 3.2 MiB (= 0.0 GiB).
Each kernel will be executed 5 times.
-------------------------------------------------------------
Function    Best Rate MB/s  Avg time     Min time     Max time
Copy:           21155.9     0.000107     0.000105     0.000111
Scale:          16682.1     0.000135     0.000133     0.000138
Add:            15566.2     0.000217     0.000214     0.000221
Triad:          14933.6     0.000225     0.000223     0.000226
-------------------------------------------------------------
Solution Validates: avg error less than 1.000000e-13 on all three arrays
-------------------------------------------------------------



--- run 1 ---
-------------------------------------------------------------
STREAM (dynamic) version — custom malloc-based implementation
-------------------------------------------------------------
This system uses 8 bytes per array element.
-------------------------------------------------------------
Array size = 146944 (elements), Offset = 0 (elements)
Memory per array = 1.1 MiB (= 0.0 GiB).
Total memory required = 3.4 MiB (= 0.0 GiB).
Each kernel will be executed 5 times.
-------------------------------------------------------------
Function    Best Rate MB/s  Avg time     Min time     Max time
Copy:           14354.1     0.000173     0.000164     0.000195
Scale:          14806.7     0.000190     0.000159     0.000212
Add:            11996.6     0.000306     0.000294     0.000312
Triad:          12817.9     0.000293     0.000275     0.000317
-------------------------------------------------------------
Solution Validates: avg error less than 1.000000e-13 on all three arrays
-------------------------------------------------------------



--- run 2 ---
-------------------------------------------------------------
STREAM (dynamic) version — custom malloc-based implementation
-------------------------------------------------------------
This system uses 8 bytes per array element.
-------------------------------------------------------------
Array size = 146944 (elements), Offset = 0 (elements)
Memory per array = 1.1 MiB (= 0.0 GiB).
Total memory required = 3.4 MiB (= 0.0 GiB).
Each kernel will be executed 5 times.
-------------------------------------------------------------
Function    Best Rate MB/s  Avg time     Min time     Max time
Copy:           17300.4     0.000168     0.000136     0.000210
Scale:          14784.5     0.000171     0.000159     0.000186
Add:            11674.7     0.000316     0.000302     0.000349
Triad:          13254.4     0.000292     0.000266     0.000319
-------------------------------------------------------------
Solution Validates: avg error less than 1.000000e-13 on all three arrays
-------------------------------------------------------------



--- run 3 ---
-------------------------------------------------------------
STREAM (dynamic) version — custom malloc-based implementation
-------------------------------------------------------------
This system uses 8 bytes per array element.
-------------------------------------------------------------
Array size = 146944 (elements), Offset = 0 (elements)
Memory per array = 1.1 MiB (= 0.0 GiB).
Total memory required = 3.4 MiB (= 0.0 GiB).
Each kernel will be executed 5 times.
-------------------------------------------------------------
Function    Best Rate MB/s  Avg time     Min time     Max time
Copy:           19604.9     0.000124     0.000120     0.000133
Scale:          15879.6     0.000150     0.000148     0.000155
Add:            19386.5     0.000187     0.000182     0.000202
Triad:          18083.0     0.000197     0.000195     0.000198
-------------------------------------------------------------
Solution Validates: avg error less than 1.000000e-13 on all three arrays
-------------------------------------------------------------



--- run 1 ---
-------------------------------------------------------------
STREAM (dynamic) version — custom malloc-based implementation
-------------------------------------------------------------
This system uses 8 bytes per array element.
-------------------------------------------------------------
Array size = 155690 (elements), Offset = 0 (elements)
Memory per array = 1.2 MiB (= 0.0 GiB).
Total memory required = 3.6 MiB (= 0.0 GiB).
Each kernel will be executed 5 times.
-------------------------------------------------------------
Function    Best Rate MB/s  Avg time     Min time     Max time
Copy:           18591.1     0.000141     0.000134     0.000148
Scale:          15455.9     0.000163     0.000161     0.000166
Add:            16743.9     0.000240     0.000223     0.000281
Triad:          16761.8     0.000242     0.000223     0.000274
-------------------------------------------------------------
Solution Validates: avg error less than 1.000000e-13 on all three arrays
-------------------------------------------------------------



--- run 2 ---
-------------------------------------------------------------
STREAM (dynamic) version — custom malloc-based implementation
-------------------------------------------------------------
This system uses 8 bytes per array element.
-------------------------------------------------------------
Array size = 155690 (elements), Offset = 0 (elements)
Memory per array = 1.2 MiB (= 0.0 GiB).
Total memory required = 3.6 MiB (= 0.0 GiB).
Each kernel will be executed 5 times.
-------------------------------------------------------------
Function    Best Rate MB/s  Avg time     Min time     Max time
Copy:           18330.1     0.000156     0.000136     0.000188
Scale:          15478.8     0.000165     0.000161     0.000168
Add:            16376.5     0.000256     0.000228     0.000280
Triad:          17146.9     0.000264     0.000218     0.000282
-------------------------------------------------------------
Solution Validates: avg error less than 1.000000e-13 on all three arrays
-------------------------------------------------------------



--- run 3 ---
-------------------------------------------------------------
STREAM (dynamic) version — custom malloc-based implementation
-------------------------------------------------------------
This system uses 8 bytes per array element.
-------------------------------------------------------------
Array size = 155690 (elements), Offset = 0 (elements)
Memory per array = 1.2 MiB (= 0.0 GiB).
Total memory required = 3.6 MiB (= 0.0 GiB).
Each kernel will be executed 5 times.
-------------------------------------------------------------
Function    Best Rate MB/s  Avg time     Min time     Max time
Copy:           18045.2     0.000144     0.000138     0.000156
Scale:          15365.0     0.000166     0.000162     0.000171
Add:            15766.9     0.000271     0.000237     0.000285
Triad:          13796.0     0.000287     0.000271     0.000327
-------------------------------------------------------------
Solution Validates: avg error less than 1.000000e-13 on all three arrays
-------------------------------------------------------------



--- run 1 ---
-------------------------------------------------------------
STREAM (dynamic) version — custom malloc-based implementation
-------------------------------------------------------------
This system uses 8 bytes per array element.
-------------------------------------------------------------
Array size = 164949 (elements), Offset = 0 (elements)
Memory per array = 1.3 MiB (= 0.0 GiB).
Total memory required = 3.8 MiB (= 0.0 GiB).
Each kernel will be executed 5 times.
-------------------------------------------------------------
Function    Best Rate MB/s  Avg time     Min time     Max time
Copy:           17135.5     0.000164     0.000154     0.000184
Scale:          14661.6     0.000196     0.000180     0.000236
Add:            13283.4     0.000305     0.000298     0.000310
Triad:          13466.6     0.000296     0.000294     0.000299
-------------------------------------------------------------
Solution Validates: avg error less than 1.000000e-13 on all three arrays
-------------------------------------------------------------



--- run 2 ---
-------------------------------------------------------------
STREAM (dynamic) version — custom malloc-based implementation
-------------------------------------------------------------
This system uses 8 bytes per array element.
-------------------------------------------------------------
Array size = 164949 (elements), Offset = 0 (elements)
Memory per array = 1.3 MiB (= 0.0 GiB).
Total memory required = 3.8 MiB (= 0.0 GiB).
Each kernel will be executed 5 times.
-------------------------------------------------------------
Function    Best Rate MB/s  Avg time     Min time     Max time
Copy:           17030.1     0.000157     0.000155     0.000160
Scale:          15081.1     0.000192     0.000175     0.000230
Add:            15233.3     0.000299     0.000260     0.000333
Triad:          13610.1     0.000299     0.000291     0.000311
-------------------------------------------------------------
Solution Validates: avg error less than 1.000000e-13 on all three arrays
-------------------------------------------------------------



--- run 3 ---
-------------------------------------------------------------
STREAM (dynamic) version — custom malloc-based implementation
-------------------------------------------------------------
This system uses 8 bytes per array element.
-------------------------------------------------------------
Array size = 164949 (elements), Offset = 0 (elements)
Memory per array = 1.3 MiB (= 0.0 GiB).
Total memory required = 3.8 MiB (= 0.0 GiB).
Each kernel will be executed 5 times.
-------------------------------------------------------------
Function    Best Rate MB/s  Avg time     Min time     Max time
Copy:           16696.1     0.000174     0.000158     0.000212
Scale:          14999.4     0.000179     0.000176     0.000186
Add:            15708.9     0.000292     0.000252     0.000308
Triad:          16231.0     0.000290     0.000244     0.000318
-------------------------------------------------------------
Solution Validates: avg error less than 1.000000e-13 on all three arrays
-------------------------------------------------------------



--- run 1 ---
-------------------------------------------------------------
STREAM (dynamic) version — custom malloc-based implementation
-------------------------------------------------------------
This system uses 8 bytes per array element.
-------------------------------------------------------------
Array size = 174762 (elements), Offset = 0 (elements)
Memory per array = 1.3 MiB (= 0.0 GiB).
Total memory required = 4.0 MiB (= 0.0 GiB).
Each kernel will be executed 5 times.
-------------------------------------------------------------
Function    Best Rate MB/s  Avg time     Min time     Max time
Copy:           16541.7     0.000176     0.000169     0.000181
Scale:          14641.8     0.000198     0.000191     0.000203
Add:            12897.4     0.000332     0.000325     0.000339
Triad:          12906.9     0.000335     0.000325     0.000352
-------------------------------------------------------------
Solution Validates: avg error less than 1.000000e-13 on all three arrays
-------------------------------------------------------------



--- run 2 ---
-------------------------------------------------------------
STREAM (dynamic) version — custom malloc-based implementation
-------------------------------------------------------------
This system uses 8 bytes per array element.
-------------------------------------------------------------
Array size = 174762 (elements), Offset = 0 (elements)
Memory per array = 1.3 MiB (= 0.0 GiB).
Total memory required = 4.0 MiB (= 0.0 GiB).
Each kernel will be executed 5 times.
-------------------------------------------------------------
Function    Best Rate MB/s  Avg time     Min time     Max time
Copy:           16154.4     0.000178     0.000173     0.000182
Scale:          14267.7     0.000201     0.000196     0.000205
Add:            12336.7     0.000362     0.000340     0.000392
Triad:          12711.1     0.000336     0.000330     0.000343
-------------------------------------------------------------
Solution Validates: avg error less than 1.000000e-13 on all three arrays
-------------------------------------------------------------



--- run 3 ---
-------------------------------------------------------------
STREAM (dynamic) version — custom malloc-based implementation
-------------------------------------------------------------
This system uses 8 bytes per array element.
-------------------------------------------------------------
Array size = 174762 (elements), Offset = 0 (elements)
Memory per array = 1.3 MiB (= 0.0 GiB).
Total memory required = 4.0 MiB (= 0.0 GiB).
Each kernel will be executed 5 times.
-------------------------------------------------------------
Function    Best Rate MB/s  Avg time     Min time     Max time
Copy:           16923.6     0.000193     0.000165     0.000240
Scale:          14408.0     0.000205     0.000194     0.000225
Add:            12371.4     0.000351     0.000339     0.000366
Triad:          12794.3     0.000334     0.000328     0.000339
-------------------------------------------------------------
Solution Validates: avg error less than 1.000000e-13 on all three arrays
-------------------------------------------------------------



--- run 1 ---
-------------------------------------------------------------
STREAM (dynamic) version — custom malloc-based implementation
-------------------------------------------------------------
This system uses 8 bytes per array element.
-------------------------------------------------------------
Array size = 185173 (elements), Offset = 0 (elements)
Memory per array = 1.4 MiB (= 0.0 GiB).
Total memory required = 4.2 MiB (= 0.0 GiB).
Each kernel will be executed 5 times.
-------------------------------------------------------------
Function    Best Rate MB/s  Avg time     Min time     Max time
Copy:           15117.7     0.000198     0.000196     0.000201
Scale:          13915.7     0.000228     0.000213     0.000249
Add:            11918.2     0.000380     0.000373     0.000392
Triad:          12377.2     0.000364     0.000359     0.000367
-------------------------------------------------------------
Solution Validates: avg error less than 1.000000e-13 on all three arrays
-------------------------------------------------------------



--- run 2 ---
-------------------------------------------------------------
STREAM (dynamic) version — custom malloc-based implementation
-------------------------------------------------------------
This system uses 8 bytes per array element.
-------------------------------------------------------------
Array size = 185173 (elements), Offset = 0 (elements)
Memory per array = 1.4 MiB (= 0.0 GiB).
Total memory required = 4.2 MiB (= 0.0 GiB).
Each kernel will be executed 5 times.
-------------------------------------------------------------
Function    Best Rate MB/s  Avg time     Min time     Max time
Copy:           15266.3     0.000203     0.000194     0.000206
Scale:          14041.5     0.000215     0.000211     0.000220
Add:            11887.8     0.000382     0.000374     0.000386
Triad:          12451.7     0.000372     0.000357     0.000400
-------------------------------------------------------------
Solution Validates: avg error less than 1.000000e-13 on all three arrays
-------------------------------------------------------------



--- run 3 ---
-------------------------------------------------------------
STREAM (dynamic) version — custom malloc-based implementation
-------------------------------------------------------------
This system uses 8 bytes per array element.
-------------------------------------------------------------
Array size = 185173 (elements), Offset = 0 (elements)
Memory per array = 1.4 MiB (= 0.0 GiB).
Total memory required = 4.2 MiB (= 0.0 GiB).
Each kernel will be executed 5 times.
-------------------------------------------------------------
Function    Best Rate MB/s  Avg time     Min time     Max time
Copy:           16013.9     0.000196     0.000185     0.000210
Scale:          13838.3     0.000233     0.000214     0.000271
Add:            13941.8     0.000368     0.000319     0.000387
Triad:          14574.0     0.000357     0.000305     0.000391
-------------------------------------------------------------
Solution Validates: avg error less than 1.000000e-13 on all three arrays
-------------------------------------------------------------



--- run 1 ---
-------------------------------------------------------------
STREAM (dynamic) version — custom malloc-based implementation
-------------------------------------------------------------
This system uses 8 bytes per array element.
-------------------------------------------------------------
Array size = 196181 (elements), Offset = 0 (elements)
Memory per array = 1.5 MiB (= 0.0 GiB).
Total memory required = 4.5 MiB (= 0.0 GiB).
Each kernel will be executed 5 times.
-------------------------------------------------------------
Function    Best Rate MB/s  Avg time     Min time     Max time
Copy:           15398.2     0.000210     0.000204     0.000223
Scale:          13643.0     0.000243     0.000230     0.000264
Add:            13262.7     0.000379     0.000355     0.000424
Triad:          14136.2     0.000351     0.000333     0.000392
-------------------------------------------------------------
Solution Validates: avg error less than 1.000000e-13 on all three arrays
-------------------------------------------------------------



--- run 2 ---
-------------------------------------------------------------
STREAM (dynamic) version — custom malloc-based implementation
-------------------------------------------------------------
This system uses 8 bytes per array element.
-------------------------------------------------------------
Array size = 196181 (elements), Offset = 0 (elements)
Memory per array = 1.5 MiB (= 0.0 GiB).
Total memory required = 4.5 MiB (= 0.0 GiB).
Each kernel will be executed 5 times.
-------------------------------------------------------------
Function    Best Rate MB/s  Avg time     Min time     Max time
Copy:           13699.8     0.000232     0.000229     0.000234
Scale:          13887.6     0.000242     0.000226     0.000249
Add:            11026.4     0.000431     0.000427     0.000438
Triad:          11983.1     0.000429     0.000393     0.000451
-------------------------------------------------------------
Solution Validates: avg error less than 1.000000e-13 on all three arrays
-------------------------------------------------------------



--- run 3 ---
-------------------------------------------------------------
STREAM (dynamic) version — custom malloc-based implementation
-------------------------------------------------------------
This system uses 8 bytes per array element.
-------------------------------------------------------------
Array size = 196181 (elements), Offset = 0 (elements)
Memory per array = 1.5 MiB (= 0.0 GiB).
Total memory required = 4.5 MiB (= 0.0 GiB).
Each kernel will be executed 5 times.
-------------------------------------------------------------
Function    Best Rate MB/s  Avg time     Min time     Max time
Copy:           15470.6     0.000216     0.000203     0.000229
Scale:          13902.3     0.000298     0.000226     0.000401
Add:            12228.0     0.000433     0.000385     0.000471
Triad:          11918.1     0.000409     0.000395     0.000442
-------------------------------------------------------------
Solution Validates: avg error less than 1.000000e-13 on all three arrays
-------------------------------------------------------------



--- run 1 ---
-------------------------------------------------------------
STREAM (dynamic) version — custom malloc-based implementation
-------------------------------------------------------------
This system uses 8 bytes per array element.
-------------------------------------------------------------
Array size = 207829 (elements), Offset = 0 (elements)
Memory per array = 1.6 MiB (= 0.0 GiB).
Total memory required = 4.8 MiB (= 0.0 GiB).
Each kernel will be executed 5 times.
-------------------------------------------------------------
Function    Best Rate MB/s  Avg time     Min time     Max time
Copy:           15259.5     0.000236     0.000218     0.000245
Scale:          13257.8     0.000258     0.000251     0.000266
Add:            10523.5     0.000499     0.000474     0.000534
Triad:          11520.2     0.000445     0.000433     0.000460
-------------------------------------------------------------
Solution Validates: avg error less than 1.000000e-13 on all three arrays
-------------------------------------------------------------



--- run 2 ---
-------------------------------------------------------------
STREAM (dynamic) version — custom malloc-based implementation
-------------------------------------------------------------
This system uses 8 bytes per array element.
-------------------------------------------------------------
Array size = 207829 (elements), Offset = 0 (elements)
Memory per array = 1.6 MiB (= 0.0 GiB).
Total memory required = 4.8 MiB (= 0.0 GiB).
Each kernel will be executed 5 times.
-------------------------------------------------------------
Function    Best Rate MB/s  Avg time     Min time     Max time
Copy:           14980.8     0.000238     0.000222     0.000245
Scale:          13567.3     0.000252     0.000245     0.000266
Add:            10481.3     0.000489     0.000476     0.000519
Triad:          11622.6     0.000441     0.000429     0.000448
-------------------------------------------------------------
Solution Validates: avg error less than 1.000000e-13 on all three arrays
-------------------------------------------------------------



--- run 3 ---
-------------------------------------------------------------
STREAM (dynamic) version — custom malloc-based implementation
-------------------------------------------------------------
This system uses 8 bytes per array element.
-------------------------------------------------------------
Array size = 207829 (elements), Offset = 0 (elements)
Memory per array = 1.6 MiB (= 0.0 GiB).
Total memory required = 4.8 MiB (= 0.0 GiB).
Each kernel will be executed 5 times.
-------------------------------------------------------------
Function    Best Rate MB/s  Avg time     Min time     Max time
Copy:           15394.2     0.000240     0.000216     0.000268
Scale:          13046.9     0.000266     0.000255     0.000277
Add:            10455.1     0.000484     0.000477     0.000492
Triad:          11846.4     0.000434     0.000421     0.000441
-------------------------------------------------------------
Solution Validates: avg error less than 1.000000e-13 on all three arrays
-------------------------------------------------------------



--- run 1 ---
-------------------------------------------------------------
STREAM (dynamic) version — custom malloc-based implementation
-------------------------------------------------------------
This system uses 8 bytes per array element.
-------------------------------------------------------------
Array size = 220202 (elements), Offset = 0 (elements)
Memory per array = 1.7 MiB (= 0.0 GiB).
Total memory required = 5.0 MiB (= 0.0 GiB).
Each kernel will be executed 5 times.
-------------------------------------------------------------
Function    Best Rate MB/s  Avg time     Min time     Max time
Copy:           14375.0     0.000255     0.000245     0.000266
Scale:          13054.3     0.000271     0.000270     0.000272
Add:            11240.5     0.000498     0.000470     0.000557
Triad:          12739.2     0.000434     0.000415     0.000473
-------------------------------------------------------------
Solution Validates: avg error less than 1.000000e-13 on all three arrays
-------------------------------------------------------------



--- run 2 ---
-------------------------------------------------------------
STREAM (dynamic) version — custom malloc-based implementation
-------------------------------------------------------------
This system uses 8 bytes per array element.
-------------------------------------------------------------
Array size = 220202 (elements), Offset = 0 (elements)
Memory per array = 1.7 MiB (= 0.0 GiB).
Total memory required = 5.0 MiB (= 0.0 GiB).
Each kernel will be executed 5 times.
-------------------------------------------------------------
Function    Best Rate MB/s  Avg time     Min time     Max time
Copy:           14631.2     0.000259     0.000241     0.000266
Scale:          13042.8     0.000314     0.000270     0.000410
Add:            10919.3     0.000524     0.000484     0.000546
Triad:          12558.8     0.000463     0.000421     0.000499
-------------------------------------------------------------
Solution Validates: avg error less than 1.000000e-13 on all three arrays
-------------------------------------------------------------



--- run 3 ---
-------------------------------------------------------------
STREAM (dynamic) version — custom malloc-based implementation
-------------------------------------------------------------
This system uses 8 bytes per array element.
-------------------------------------------------------------
Array size = 220202 (elements), Offset = 0 (elements)
Memory per array = 1.7 MiB (= 0.0 GiB).
Total memory required = 5.0 MiB (= 0.0 GiB).
Each kernel will be executed 5 times.
-------------------------------------------------------------
Function    Best Rate MB/s  Avg time     Min time     Max time
Copy:           12805.5     0.000350     0.000275     0.000439
Scale:          11367.3     0.000360     0.000310     0.000439
Add:             9971.3     0.000562     0.000530     0.000597
Triad:          10940.9     0.000522     0.000483     0.000539
-------------------------------------------------------------
Solution Validates: avg error less than 1.000000e-13 on all three arrays
-------------------------------------------------------------



--- run 1 ---
-------------------------------------------------------------
STREAM (dynamic) version — custom malloc-based implementation
-------------------------------------------------------------
This system uses 8 bytes per array element.
-------------------------------------------------------------
Array size = 233301 (elements), Offset = 0 (elements)
Memory per array = 1.8 MiB (= 0.0 GiB).
Total memory required = 5.3 MiB (= 0.0 GiB).
Each kernel will be executed 5 times.
-------------------------------------------------------------
Function    Best Rate MB/s  Avg time     Min time     Max time
Copy:           14079.6     0.000283     0.000265     0.000290
Scale:          12907.3     0.000313     0.000289     0.000324
Add:             9773.1     0.000582     0.000573     0.000593
Triad:          11405.9     0.000533     0.000491     0.000578
-------------------------------------------------------------
Solution Validates: avg error less than 1.000000e-13 on all three arrays
-------------------------------------------------------------



--- run 2 ---
-------------------------------------------------------------
STREAM (dynamic) version — custom malloc-based implementation
-------------------------------------------------------------
This system uses 8 bytes per array element.
-------------------------------------------------------------
Array size = 233301 (elements), Offset = 0 (elements)
Memory per array = 1.8 MiB (= 0.0 GiB).
Total memory required = 5.3 MiB (= 0.0 GiB).
Each kernel will be executed 5 times.
-------------------------------------------------------------
Function    Best Rate MB/s  Avg time     Min time     Max time
Copy:           14079.6     0.000284     0.000265     0.000294
Scale:          12193.6     0.000322     0.000306     0.000330
Add:             9523.5     0.000590     0.000588     0.000593
Triad:          11766.0     0.000534     0.000476     0.000560
-------------------------------------------------------------
Solution Validates: avg error less than 1.000000e-13 on all three arrays
-------------------------------------------------------------



--- run 3 ---
-------------------------------------------------------------
STREAM (dynamic) version — custom malloc-based implementation
-------------------------------------------------------------
This system uses 8 bytes per array element.
-------------------------------------------------------------
Array size = 233301 (elements), Offset = 0 (elements)
Memory per array = 1.8 MiB (= 0.0 GiB).
Total memory required = 5.3 MiB (= 0.0 GiB).
Each kernel will be executed 5 times.
-------------------------------------------------------------
Function    Best Rate MB/s  Avg time     Min time     Max time
Copy:           13058.0     0.000288     0.000286     0.000292
Scale:          11453.2     0.000367     0.000326     0.000488
Add:            10127.1     0.000585     0.000553     0.000606
Triad:          11666.6     0.000553     0.000480     0.000673
-------------------------------------------------------------
Solution Validates: avg error less than 1.000000e-13 on all three arrays
-------------------------------------------------------------



--- run 1 ---
-------------------------------------------------------------
STREAM (dynamic) version — custom malloc-based implementation
-------------------------------------------------------------
This system uses 8 bytes per array element.
-------------------------------------------------------------
Array size = 247168 (elements), Offset = 0 (elements)
Memory per array = 1.9 MiB (= 0.0 GiB).
Total memory required = 5.7 MiB (= 0.0 GiB).
Each kernel will be executed 5 times.
-------------------------------------------------------------
Function    Best Rate MB/s  Avg time     Min time     Max time
Copy:           13822.6     0.000303     0.000286     0.000311
Scale:          11299.2     0.000352     0.000350     0.000355
Add:             9403.2     0.000641     0.000631     0.000650
Triad:          11258.3     0.000544     0.000527     0.000560
-------------------------------------------------------------
Solution Validates: avg error less than 1.000000e-13 on all three arrays
-------------------------------------------------------------



--- run 2 ---
-------------------------------------------------------------
STREAM (dynamic) version — custom malloc-based implementation
-------------------------------------------------------------
This system uses 8 bytes per array element.
-------------------------------------------------------------
Array size = 247168 (elements), Offset = 0 (elements)
Memory per array = 1.9 MiB (= 0.0 GiB).
Total memory required = 5.7 MiB (= 0.0 GiB).
Each kernel will be executed 5 times.
-------------------------------------------------------------
Function    Best Rate MB/s  Avg time     Min time     Max time
Copy:           12633.0     0.000315     0.000313     0.000316
Scale:          12360.0     0.000329     0.000320     0.000350
Add:             9431.7     0.000645     0.000629     0.000687
Triad:          11067.9     0.000553     0.000536     0.000569
-------------------------------------------------------------
Solution Validates: avg error less than 1.000000e-13 on all three arrays
-------------------------------------------------------------



--- run 3 ---
-------------------------------------------------------------
STREAM (dynamic) version — custom malloc-based implementation
-------------------------------------------------------------
This system uses 8 bytes per array element.
-------------------------------------------------------------
Array size = 247168 (elements), Offset = 0 (elements)
Memory per array = 1.9 MiB (= 0.0 GiB).
Total memory required = 5.7 MiB (= 0.0 GiB).
Each kernel will be executed 5 times.
-------------------------------------------------------------
Function    Best Rate MB/s  Avg time     Min time     Max time
Copy:           12838.4     0.000327     0.000308     0.000375
Scale:          12397.0     0.000342     0.000319     0.000353
Add:             9431.7     0.000638     0.000629     0.000642
Triad:          11278.7     0.000584     0.000526     0.000691
-------------------------------------------------------------
Solution Validates: avg error less than 1.000000e-13 on all three arrays
-------------------------------------------------------------



--- run 1 ---
-------------------------------------------------------------
STREAM (dynamic) version — custom malloc-based implementation
-------------------------------------------------------------
This system uses 8 bytes per array element.
-------------------------------------------------------------
Array size = 261845 (elements), Offset = 0 (elements)
Memory per array = 2.0 MiB (= 0.0 GiB).
Total memory required = 6.0 MiB (= 0.0 GiB).
Each kernel will be executed 5 times.
-------------------------------------------------------------
Function    Best Rate MB/s  Avg time     Min time     Max time
Copy:           13611.2     0.000343     0.000308     0.000394
Scale:          10907.6     0.000387     0.000384     0.000389
Add:             9225.8     0.000685     0.000681     0.000687
Triad:          10706.0     0.000643     0.000587     0.000678
-------------------------------------------------------------
Solution Validates: avg error less than 1.000000e-13 on all three arrays
-------------------------------------------------------------



--- run 2 ---
-------------------------------------------------------------
STREAM (dynamic) version — custom malloc-based implementation
-------------------------------------------------------------
This system uses 8 bytes per array element.
-------------------------------------------------------------
Array size = 261845 (elements), Offset = 0 (elements)
Memory per array = 2.0 MiB (= 0.0 GiB).
Total memory required = 6.0 MiB (= 0.0 GiB).
Each kernel will be executed 5 times.
-------------------------------------------------------------
Function    Best Rate MB/s  Avg time     Min time     Max time
Copy:           13968.3     0.000325     0.000300     0.000333
Scale:          12211.3     0.000364     0.000343     0.000384
Add:             9284.3     0.000715     0.000677     0.000737
Triad:          10455.4     0.000648     0.000601     0.000672
-------------------------------------------------------------
Solution Validates: avg error less than 1.000000e-13 on all three arrays
-------------------------------------------------------------



--- run 3 ---
-------------------------------------------------------------
STREAM (dynamic) version — custom malloc-based implementation
-------------------------------------------------------------
This system uses 8 bytes per array element.
-------------------------------------------------------------
Array size = 261845 (elements), Offset = 0 (elements)
Memory per array = 2.0 MiB (= 0.0 GiB).
Total memory required = 6.0 MiB (= 0.0 GiB).
Each kernel will be executed 5 times.
-------------------------------------------------------------
Function    Best Rate MB/s  Avg time     Min time     Max time
Copy:           13836.3     0.000321     0.000303     0.000342
Scale:          11171.1     0.000484     0.000375     0.000593
Add:             9563.9     0.000668     0.000657     0.000679
Triad:          10780.4     0.000585     0.000583     0.000588
-------------------------------------------------------------
Solution Validates: avg error less than 1.000000e-13 on all three arrays
-------------------------------------------------------------



--- run 1 ---
-------------------------------------------------------------
STREAM (dynamic) version — custom malloc-based implementation
-------------------------------------------------------------
This system uses 8 bytes per array element.
-------------------------------------------------------------
Array size = 277418 (elements), Offset = 0 (elements)
Memory per array = 2.1 MiB (= 0.0 GiB).
Total memory required = 6.3 MiB (= 0.0 GiB).
Each kernel will be executed 5 times.
-------------------------------------------------------------
Function    Best Rate MB/s  Avg time     Min time     Max time
Copy:           13539.8     0.000342     0.000328     0.000358
Scale:          12160.2     0.000376     0.000365     0.000404
Add:             9034.6     0.000745     0.000737     0.000755
Triad:          10045.3     0.000679     0.000663     0.000706
-------------------------------------------------------------
Solution Validates: avg error less than 1.000000e-13 on all three arrays
-------------------------------------------------------------



--- run 2 ---
-------------------------------------------------------------
STREAM (dynamic) version — custom malloc-based implementation
-------------------------------------------------------------
This system uses 8 bytes per array element.
-------------------------------------------------------------
Array size = 277418 (elements), Offset = 0 (elements)
Memory per array = 2.1 MiB (= 0.0 GiB).
Total memory required = 6.3 MiB (= 0.0 GiB).
Each kernel will be executed 5 times.
-------------------------------------------------------------
Function    Best Rate MB/s  Avg time     Min time     Max time
Copy:           13780.3     0.000349     0.000322     0.000369
Scale:          11009.6     0.000407     0.000403     0.000410
Add:             9171.0     0.000733     0.000726     0.000738
Triad:          10274.4     0.000677     0.000648     0.000718
-------------------------------------------------------------
Solution Validates: avg error less than 1.000000e-13 on all three arrays
-------------------------------------------------------------



--- run 3 ---
-------------------------------------------------------------
STREAM (dynamic) version — custom malloc-based implementation
-------------------------------------------------------------
This system uses 8 bytes per array element.
-------------------------------------------------------------
Array size = 277418 (elements), Offset = 0 (elements)
Memory per array = 2.1 MiB (= 0.0 GiB).
Total memory required = 6.3 MiB (= 0.0 GiB).
Each kernel will be executed 5 times.
-------------------------------------------------------------
Function    Best Rate MB/s  Avg time     Min time     Max time
Copy:           12570.7     0.000354     0.000353     0.000355
Scale:          10983.6     0.000470     0.000404     0.000652
Add:             9120.1     0.000734     0.000730     0.000739
Triad:          10416.2     0.000654     0.000639     0.000671
-------------------------------------------------------------
Solution Validates: avg error less than 1.000000e-13 on all three arrays
-------------------------------------------------------------



--- run 1 ---
-------------------------------------------------------------
STREAM (dynamic) version — custom malloc-based implementation
-------------------------------------------------------------
This system uses 8 bytes per array element.
-------------------------------------------------------------
Array size = 293930 (elements), Offset = 0 (elements)
Memory per array = 2.2 MiB (= 0.0 GiB).
Total memory required = 6.7 MiB (= 0.0 GiB).
Each kernel will be executed 5 times.
-------------------------------------------------------------
Function    Best Rate MB/s  Avg time     Min time     Max time
Copy:           13473.6     0.000375     0.000349     0.000392
Scale:          11013.6     0.000435     0.000427     0.000458
Add:             8996.0     0.000787     0.000784     0.000788
Triad:           9965.6     0.000727     0.000708     0.000758
-------------------------------------------------------------
Solution Validates: avg error less than 1.000000e-13 on all three arrays
-------------------------------------------------------------



--- run 2 ---
-------------------------------------------------------------
STREAM (dynamic) version — custom malloc-based implementation
-------------------------------------------------------------
This system uses 8 bytes per array element.
-------------------------------------------------------------
Array size = 293930 (elements), Offset = 0 (elements)
Memory per array = 2.2 MiB (= 0.0 GiB).
Total memory required = 6.7 MiB (= 0.0 GiB).
Each kernel will be executed 5 times.
-------------------------------------------------------------
Function    Best Rate MB/s  Avg time     Min time     Max time
Copy:           13594.3     0.000350     0.000346     0.000361
Scale:          12064.4     0.000392     0.000390     0.000397
Add:            10006.1     0.000710     0.000705     0.000717
Triad:          10739.7     0.000683     0.000657     0.000719
-------------------------------------------------------------
Solution Validates: avg error less than 1.000000e-13 on all three arrays
-------------------------------------------------------------



--- run 3 ---
-------------------------------------------------------------
STREAM (dynamic) version — custom malloc-based implementation
-------------------------------------------------------------
This system uses 8 bytes per array element.
-------------------------------------------------------------
Array size = 293930 (elements), Offset = 0 (elements)
Memory per array = 2.2 MiB (= 0.0 GiB).
Total memory required = 6.7 MiB (= 0.0 GiB).
Each kernel will be executed 5 times.
-------------------------------------------------------------
Function    Best Rate MB/s  Avg time     Min time     Max time
Copy:           13631.9     0.000360     0.000345     0.000400
Scale:          12027.6     0.000392     0.000391     0.000393
Add:            10019.6     0.000710     0.000704     0.000715
Triad:          10704.8     0.000674     0.000659     0.000687
-------------------------------------------------------------
Solution Validates: avg error less than 1.000000e-13 on all three arrays
-------------------------------------------------------------



--- run 1 ---
-------------------------------------------------------------
STREAM (dynamic) version — custom malloc-based implementation
-------------------------------------------------------------
This system uses 8 bytes per array element.
-------------------------------------------------------------
Array size = 311381 (elements), Offset = 0 (elements)
Memory per array = 2.4 MiB (= 0.0 GiB).
Total memory required = 7.1 MiB (= 0.0 GiB).
Each kernel will be executed 5 times.
-------------------------------------------------------------
Function    Best Rate MB/s  Avg time     Min time     Max time
Copy:           13395.1     0.000395     0.000372     0.000404
Scale:          11886.5     0.000523     0.000419     0.000716
Add:             9014.9     0.000838     0.000829     0.000858
Triad:           9579.7     0.000787     0.000780     0.000803
-------------------------------------------------------------
Solution Validates: avg error less than 1.000000e-13 on all three arrays
-------------------------------------------------------------



--- run 2 ---
-------------------------------------------------------------
STREAM (dynamic) version — custom malloc-based implementation
-------------------------------------------------------------
This system uses 8 bytes per array element.
-------------------------------------------------------------
Array size = 311381 (elements), Offset = 0 (elements)
Memory per array = 2.4 MiB (= 0.0 GiB).
Total memory required = 7.1 MiB (= 0.0 GiB).
Each kernel will be executed 5 times.
-------------------------------------------------------------
Function    Best Rate MB/s  Avg time     Min time     Max time
Copy:           13604.4     0.000391     0.000366     0.000405
Scale:          11920.4     0.000436     0.000418     0.000453
Add:             9819.7     0.000826     0.000761     0.000862
Triad:          10410.0     0.000753     0.000718     0.000793
-------------------------------------------------------------
Solution Validates: avg error less than 1.000000e-13 on all three arrays
-------------------------------------------------------------



--- run 3 ---
-------------------------------------------------------------
STREAM (dynamic) version — custom malloc-based implementation
-------------------------------------------------------------
This system uses 8 bytes per array element.
-------------------------------------------------------------
Array size = 311381 (elements), Offset = 0 (elements)
Memory per array = 2.4 MiB (= 0.0 GiB).
Total memory required = 7.1 MiB (= 0.0 GiB).
Each kernel will be executed 5 times.
-------------------------------------------------------------
Function    Best Rate MB/s  Avg time     Min time     Max time
Copy:           13217.2     0.000396     0.000377     0.000407
Scale:          12002.5     0.000446     0.000415     0.000466
Add:             9069.6     0.000833     0.000824     0.000839
Triad:           9656.4     0.000808     0.000774     0.000895
-------------------------------------------------------------
Solution Validates: avg error less than 1.000000e-13 on all three arrays
-------------------------------------------------------------



--- run 1 ---
-------------------------------------------------------------
STREAM (dynamic) version — custom malloc-based implementation
-------------------------------------------------------------
This system uses 8 bytes per array element.
-------------------------------------------------------------
Array size = 329898 (elements), Offset = 0 (elements)
Memory per array = 2.5 MiB (= 0.0 GiB).
Total memory required = 7.6 MiB (= 0.0 GiB).
Each kernel will be executed 5 times.
-------------------------------------------------------------
Function    Best Rate MB/s  Avg time     Min time     Max time
Copy:           13061.4     0.000491     0.000404     0.000695
Scale:          11114.0     0.000477     0.000475     0.000478
Add:             8915.1     0.000903     0.000888     0.000942
Triad:           9426.2     0.000867     0.000840     0.000920
-------------------------------------------------------------
Solution Validates: avg error less than 1.000000e-13 on all three arrays
-------------------------------------------------------------



--- run 2 ---
-------------------------------------------------------------
STREAM (dynamic) version — custom malloc-based implementation
-------------------------------------------------------------
This system uses 8 bytes per array element.
-------------------------------------------------------------
Array size = 329898 (elements), Offset = 0 (elements)
Memory per array = 2.5 MiB (= 0.0 GiB).
Total memory required = 7.6 MiB (= 0.0 GiB).
Each kernel will be executed 5 times.
-------------------------------------------------------------
Function    Best Rate MB/s  Avg time     Min time     Max time
Copy:           13393.3     0.000448     0.000394     0.000566
Scale:          11941.3     0.000465     0.000442     0.000487
Add:             8924.6     0.000893     0.000887     0.000908
Triad:          10387.4     0.000832     0.000762     0.000870
-------------------------------------------------------------
Solution Validates: avg error less than 1.000000e-13 on all three arrays
-------------------------------------------------------------



--- run 3 ---
-------------------------------------------------------------
STREAM (dynamic) version — custom malloc-based implementation
-------------------------------------------------------------
This system uses 8 bytes per array element.
-------------------------------------------------------------
Array size = 329898 (elements), Offset = 0 (elements)
Memory per array = 2.5 MiB (= 0.0 GiB).
Total memory required = 7.6 MiB (= 0.0 GiB).
Each kernel will be executed 5 times.
-------------------------------------------------------------
Function    Best Rate MB/s  Avg time     Min time     Max time
Copy:           13131.1     0.000488     0.000402     0.000716
Scale:          11726.2     0.000468     0.000450     0.000477
Add:             8936.7     0.000891     0.000886     0.000895
Triad:           9493.6     0.000843     0.000834     0.000858
-------------------------------------------------------------
Solution Validates: avg error less than 1.000000e-13 on all three arrays
-------------------------------------------------------------



--- run 1 ---
-------------------------------------------------------------
STREAM (dynamic) version — custom malloc-based implementation
-------------------------------------------------------------
This system uses 8 bytes per array element.
-------------------------------------------------------------
Array size = 349525 (elements), Offset = 0 (elements)
Memory per array = 2.7 MiB (= 0.0 GiB).
Total memory required = 8.0 MiB (= 0.0 GiB).
Each kernel will be executed 5 times.
-------------------------------------------------------------
Function    Best Rate MB/s  Avg time     Min time     Max time
Copy:           12210.4     0.000459     0.000458     0.000459
Scale:          11164.3     0.000503     0.000501     0.000506
Add:             9000.9     0.000950     0.000932     0.000980
Triad:           9310.5     0.000909     0.000901     0.000924
-------------------------------------------------------------
Solution Validates: avg error less than 1.000000e-13 on all three arrays
-------------------------------------------------------------



--- run 2 ---
-------------------------------------------------------------
STREAM (dynamic) version — custom malloc-based implementation
-------------------------------------------------------------
This system uses 8 bytes per array element.
-------------------------------------------------------------
Array size = 349525 (elements), Offset = 0 (elements)
Memory per array = 2.7 MiB (= 0.0 GiB).
Total memory required = 8.0 MiB (= 0.0 GiB).
Each kernel will be executed 5 times.
-------------------------------------------------------------
Function    Best Rate MB/s  Avg time     Min time     Max time
Copy:           13185.1     0.000447     0.000424     0.000458
Scale:          11798.9     0.000492     0.000474     0.000510
Add:             8973.3     0.000951     0.000935     0.000972
Triad:           9310.5     0.000905     0.000901     0.000918
-------------------------------------------------------------
Solution Validates: avg error less than 1.000000e-13 on all three arrays
-------------------------------------------------------------



--- run 3 ---
-------------------------------------------------------------
STREAM (dynamic) version — custom malloc-based implementation
-------------------------------------------------------------
This system uses 8 bytes per array element.
-------------------------------------------------------------
Array size = 349525 (elements), Offset = 0 (elements)
Memory per array = 2.7 MiB (= 0.0 GiB).
Total memory required = 8.0 MiB (= 0.0 GiB).
Each kernel will be executed 5 times.
-------------------------------------------------------------
Function    Best Rate MB/s  Avg time     Min time     Max time
Copy:           12293.6     0.000458     0.000455     0.000464
Scale:          11698.9     0.000520     0.000478     0.000589
Add:             8989.4     0.000938     0.000933     0.000945
Triad:           9375.0     0.000910     0.000895     0.000941
-------------------------------------------------------------
Solution Validates: avg error less than 1.000000e-13 on all three arrays
-------------------------------------------------------------



--- run 1 ---
-------------------------------------------------------------
STREAM (dynamic) version — custom malloc-based implementation
-------------------------------------------------------------
This system uses 8 bytes per array element.
-------------------------------------------------------------
Array size = 370304 (elements), Offset = 0 (elements)
Memory per array = 2.8 MiB (= 0.0 GiB).
Total memory required = 8.5 MiB (= 0.0 GiB).
Each kernel will be executed 5 times.
-------------------------------------------------------------
Function    Best Rate MB/s  Avg time     Min time     Max time
Copy:           13339.1     0.000460     0.000444     0.000475
Scale:          12163.8     0.000491     0.000487     0.000500
Add:             9864.0     0.000925     0.000901     0.000980
Triad:          10215.4     0.000901     0.000870     0.000981
-------------------------------------------------------------
Solution Validates: avg error less than 1.000000e-13 on all three arrays
-------------------------------------------------------------



--- run 2 ---
-------------------------------------------------------------
STREAM (dynamic) version — custom malloc-based implementation
-------------------------------------------------------------
This system uses 8 bytes per array element.
-------------------------------------------------------------
Array size = 370304 (elements), Offset = 0 (elements)
Memory per array = 2.8 MiB (= 0.0 GiB).
Total memory required = 8.5 MiB (= 0.0 GiB).
Each kernel will be executed 5 times.
-------------------------------------------------------------
Function    Best Rate MB/s  Avg time     Min time     Max time
Copy:           12369.7     0.000558     0.000479     0.000789
Scale:          11569.2     0.000525     0.000512     0.000532
Add:             9041.0     0.000992     0.000983     0.001008
Triad:           9286.5     0.000968     0.000957     0.000985
-------------------------------------------------------------
Solution Validates: avg error less than 1.000000e-13 on all three arrays
-------------------------------------------------------------



--- run 3 ---
-------------------------------------------------------------
STREAM (dynamic) version — custom malloc-based implementation
-------------------------------------------------------------
This system uses 8 bytes per array element.
-------------------------------------------------------------
Array size = 370304 (elements), Offset = 0 (elements)
Memory per array = 2.8 MiB (= 0.0 GiB).
Total memory required = 8.5 MiB (= 0.0 GiB).
Each kernel will be executed 5 times.
-------------------------------------------------------------
Function    Best Rate MB/s  Avg time     Min time     Max time
Copy:           13253.7     0.000476     0.000447     0.000495
Scale:          12169.8     0.000508     0.000487     0.000550
Add:             9905.9     0.000944     0.000897     0.000986
Triad:          10263.2     0.000946     0.000866     0.001066
-------------------------------------------------------------
Solution Validates: avg error less than 1.000000e-13 on all three arrays
-------------------------------------------------------------



--- run 1 ---
-------------------------------------------------------------
STREAM (dynamic) version — custom malloc-based implementation
-------------------------------------------------------------
This system uses 8 bytes per array element.
-------------------------------------------------------------
Array size = 392320 (elements), Offset = 0 (elements)
Memory per array = 3.0 MiB (= 0.0 GiB).
Total memory required = 9.0 MiB (= 0.0 GiB).
Each kernel will be executed 5 times.
-------------------------------------------------------------
Function    Best Rate MB/s  Avg time     Min time     Max time
Copy:           13183.9     0.000561     0.000476     0.000796
Scale:          12279.9     0.000522     0.000511     0.000544
Add:             9995.5     0.000956     0.000942     0.000969
Triad:          10188.9     0.000934     0.000924     0.000947
-------------------------------------------------------------
Solution Validates: avg error less than 1.000000e-13 on all three arrays
-------------------------------------------------------------



--- run 2 ---
-------------------------------------------------------------
STREAM (dynamic) version — custom malloc-based implementation
-------------------------------------------------------------
This system uses 8 bytes per array element.
-------------------------------------------------------------
Array size = 392320 (elements), Offset = 0 (elements)
Memory per array = 3.0 MiB (= 0.0 GiB).
Total memory required = 9.0 MiB (= 0.0 GiB).
Each kernel will be executed 5 times.
-------------------------------------------------------------
Function    Best Rate MB/s  Avg time     Min time     Max time
Copy:           12279.9     0.000520     0.000511     0.000537
Scale:          12093.8     0.000538     0.000519     0.000556
Add:             9097.5     0.001060     0.001035     0.001122
Triad:           9205.6     0.001036     0.001023     0.001068
-------------------------------------------------------------
Solution Validates: avg error less than 1.000000e-13 on all three arrays
-------------------------------------------------------------



--- run 3 ---
-------------------------------------------------------------
STREAM (dynamic) version — custom malloc-based implementation
-------------------------------------------------------------
This system uses 8 bytes per array element.
-------------------------------------------------------------
Array size = 392320 (elements), Offset = 0 (elements)
Memory per array = 3.0 MiB (= 0.0 GiB).
Total memory required = 9.0 MiB (= 0.0 GiB).
Each kernel will be executed 5 times.
-------------------------------------------------------------
Function    Best Rate MB/s  Avg time     Min time     Max time
Copy:           12918.6     0.000543     0.000486     0.000624
Scale:          11913.2     0.000582     0.000527     0.000684
Add:             9775.3     0.001021     0.000963     0.001055
Triad:           9569.2     0.001004     0.000984     0.001025
-------------------------------------------------------------
Solution Validates: avg error less than 1.000000e-13 on all three arrays
-------------------------------------------------------------



--- run 1 ---
-------------------------------------------------------------
STREAM (dynamic) version — custom malloc-based implementation
-------------------------------------------------------------
This system uses 8 bytes per array element.
-------------------------------------------------------------
Array size = 415658 (elements), Offset = 0 (elements)
Memory per array = 3.2 MiB (= 0.0 GiB).
Total memory required = 9.5 MiB (= 0.0 GiB).
Each kernel will be executed 5 times.
-------------------------------------------------------------
Function    Best Rate MB/s  Avg time     Min time     Max time
Copy:           12070.2     0.000563     0.000551     0.000590
Scale:          11502.8     0.000580     0.000578     0.000581
Add:             9050.7     0.001116     0.001102     0.001125
Triad:           9185.8     0.001095     0.001086     0.001120
-------------------------------------------------------------
Solution Validates: avg error less than 1.000000e-13 on all three arrays
-------------------------------------------------------------



--- run 2 ---
-------------------------------------------------------------
STREAM (dynamic) version — custom malloc-based implementation
-------------------------------------------------------------
This system uses 8 bytes per array element.
-------------------------------------------------------------
Array size = 415658 (elements), Offset = 0 (elements)
Memory per array = 3.2 MiB (= 0.0 GiB).
Total memory required = 9.5 MiB (= 0.0 GiB).
Each kernel will be executed 5 times.
-------------------------------------------------------------
Function    Best Rate MB/s  Avg time     Min time     Max time
Copy:           12860.5     0.000545     0.000517     0.000556
Scale:          11982.1     0.000571     0.000555     0.000580
Add:             9076.2     0.001112     0.001099     0.001123
Triad:          10138.5     0.001063     0.000984     0.001091
-------------------------------------------------------------
Solution Validates: avg error less than 1.000000e-13 on all three arrays
-------------------------------------------------------------



--- run 3 ---
-------------------------------------------------------------
STREAM (dynamic) version — custom malloc-based implementation
-------------------------------------------------------------
This system uses 8 bytes per array element.
-------------------------------------------------------------
Array size = 415658 (elements), Offset = 0 (elements)
Memory per array = 3.2 MiB (= 0.0 GiB).
Total memory required = 9.5 MiB (= 0.0 GiB).
Each kernel will be executed 5 times.
-------------------------------------------------------------
Function    Best Rate MB/s  Avg time     Min time     Max time
Copy:           12737.1     0.000603     0.000522     0.000775
Scale:          12293.7     0.000557     0.000541     0.000576
Add:             9101.9     0.001127     0.001096     0.001210
Triad:           9220.3     0.001087     0.001082     0.001091
-------------------------------------------------------------
Solution Validates: avg error less than 1.000000e-13 on all three arrays
-------------------------------------------------------------



--- run 1 ---
-------------------------------------------------------------
STREAM (dynamic) version — custom malloc-based implementation
-------------------------------------------------------------
This system uses 8 bytes per array element.
-------------------------------------------------------------
Array size = 440362 (elements), Offset = 0 (elements)
Memory per array = 3.4 MiB (= 0.0 GiB).
Total memory required = 10.1 MiB (= 0.0 GiB).
Each kernel will be executed 5 times.
-------------------------------------------------------------
Function    Best Rate MB/s  Avg time     Min time     Max time
Copy:            8426.6     0.000969     0.000836     0.001022
Scale:          10758.0     0.000881     0.000655     0.001017
Add:             8712.3     0.001260     0.001213     0.001335
Triad:           8634.3     0.001235     0.001224     0.001256
-------------------------------------------------------------
Solution Validates: avg error less than 1.000000e-13 on all three arrays
-------------------------------------------------------------



--- run 2 ---
-------------------------------------------------------------
STREAM (dynamic) version — custom malloc-based implementation
-------------------------------------------------------------
This system uses 8 bytes per array element.
-------------------------------------------------------------
Array size = 440362 (elements), Offset = 0 (elements)
Memory per array = 3.4 MiB (= 0.0 GiB).
Total memory required = 10.1 MiB (= 0.0 GiB).
Each kernel will be executed 5 times.
-------------------------------------------------------------
Function    Best Rate MB/s  Avg time     Min time     Max time
Copy:           10516.8     0.000786     0.000670     0.000921
Scale:          10840.9     0.000723     0.000650     0.000839
Add:             8469.3     0.001297     0.001248     0.001356
Triad:           8549.3     0.001254     0.001236     0.001275
-------------------------------------------------------------
Solution Validates: avg error less than 1.000000e-13 on all three arrays
-------------------------------------------------------------



--- run 3 ---
-------------------------------------------------------------
STREAM (dynamic) version — custom malloc-based implementation
-------------------------------------------------------------
This system uses 8 bytes per array element.
-------------------------------------------------------------
Array size = 440362 (elements), Offset = 0 (elements)
Memory per array = 3.4 MiB (= 0.0 GiB).
Total memory required = 10.1 MiB (= 0.0 GiB).
Each kernel will be executed 5 times.
-------------------------------------------------------------
Function    Best Rate MB/s  Avg time     Min time     Max time
Copy:           12086.8     0.000877     0.000583     0.001163
Scale:          11741.0     0.000742     0.000600     0.001012
Add:             9119.2     0.001220     0.001159     0.001266
Triad:          10199.8     0.001201     0.001036     0.001319
-------------------------------------------------------------
Solution Validates: avg error less than 1.000000e-13 on all three arrays
-------------------------------------------------------------



--- run 1 ---
-------------------------------------------------------------
STREAM (dynamic) version — custom malloc-based implementation
-------------------------------------------------------------
This system uses 8 bytes per array element.
-------------------------------------------------------------
Array size = 466560 (elements), Offset = 0 (elements)
Memory per array = 3.6 MiB (= 0.0 GiB).
Total memory required = 10.7 MiB (= 0.0 GiB).
Each kernel will be executed 5 times.
-------------------------------------------------------------
Function    Best Rate MB/s  Avg time     Min time     Max time
Copy:           12959.6     0.000605     0.000576     0.000632
Scale:          12589.6     0.000619     0.000593     0.000646
Add:             9935.6     0.001199     0.001127     0.001225
Triad:           9230.6     0.001221     0.001213     0.001224
-------------------------------------------------------------
Solution Validates: avg error less than 1.000000e-13 on all three arrays
-------------------------------------------------------------



--- run 2 ---
-------------------------------------------------------------
STREAM (dynamic) version — custom malloc-based implementation
-------------------------------------------------------------
This system uses 8 bytes per array element.
-------------------------------------------------------------
Array size = 466560 (elements), Offset = 0 (elements)
Memory per array = 3.6 MiB (= 0.0 GiB).
Total memory required = 10.7 MiB (= 0.0 GiB).
Each kernel will be executed 5 times.
-------------------------------------------------------------
Function    Best Rate MB/s  Avg time     Min time     Max time
Copy:           13100.5     0.000582     0.000570     0.000591
Scale:          12439.5     0.000607     0.000600     0.000623
Add:             9935.6     0.001137     0.001127     0.001143
Triad:          10198.8     0.001108     0.001098     0.001118
-------------------------------------------------------------
Solution Validates: avg error less than 1.000000e-13 on all three arrays
-------------------------------------------------------------



--- run 3 ---
-------------------------------------------------------------
STREAM (dynamic) version — custom malloc-based implementation
-------------------------------------------------------------
This system uses 8 bytes per array element.
-------------------------------------------------------------
Array size = 466560 (elements), Offset = 0 (elements)
Memory per array = 3.6 MiB (= 0.0 GiB).
Total memory required = 10.7 MiB (= 0.0 GiB).
Each kernel will be executed 5 times.
-------------------------------------------------------------
Function    Best Rate MB/s  Avg time     Min time     Max time
Copy:           12959.6     0.000601     0.000576     0.000627
Scale:          12400.1     0.000619     0.000602     0.000638
Add:             9194.5     0.001223     0.001218     0.001227
Triad:           9866.7     0.001233     0.001135     0.001286
-------------------------------------------------------------
Solution Validates: avg error less than 1.000000e-13 on all three arrays
-------------------------------------------------------------



--- run 1 ---
-------------------------------------------------------------
STREAM (dynamic) version — custom malloc-based implementation
-------------------------------------------------------------
This system uses 8 bytes per array element.
-------------------------------------------------------------
Array size = 494293 (elements), Offset = 0 (elements)
Memory per array = 3.8 MiB (= 0.0 GiB).
Total memory required = 11.3 MiB (= 0.0 GiB).
Each kernel will be executed 5 times.
-------------------------------------------------------------
Function    Best Rate MB/s  Avg time     Min time     Max time
Copy:           12656.0     0.000649     0.000625     0.000665
Scale:          12419.1     0.000649     0.000637     0.000670
Add:             9139.8     0.001301     0.001298     0.001306
Triad:           9069.8     0.001321     0.001308     0.001345
-------------------------------------------------------------
Solution Validates: avg error less than 1.000000e-13 on all three arrays
-------------------------------------------------------------



--- run 2 ---
-------------------------------------------------------------
STREAM (dynamic) version — custom malloc-based implementation
-------------------------------------------------------------
This system uses 8 bytes per array element.
-------------------------------------------------------------
Array size = 494293 (elements), Offset = 0 (elements)
Memory per array = 3.8 MiB (= 0.0 GiB).
Total memory required = 11.3 MiB (= 0.0 GiB).
Each kernel will be executed 5 times.
-------------------------------------------------------------
Function    Best Rate MB/s  Avg time     Min time     Max time
Copy:           12983.0     0.000637     0.000609     0.000662
Scale:          12593.6     0.000658     0.000628     0.000692
Add:             9985.4     0.001253     0.001188     0.001324
Triad:           9951.4     0.001251     0.001192     0.001323
-------------------------------------------------------------
Solution Validates: avg error less than 1.000000e-13 on all three arrays
-------------------------------------------------------------



--- run 3 ---
-------------------------------------------------------------
STREAM (dynamic) version — custom malloc-based implementation
-------------------------------------------------------------
This system uses 8 bytes per array element.
-------------------------------------------------------------
Array size = 494293 (elements), Offset = 0 (elements)
Memory per array = 3.8 MiB (= 0.0 GiB).
Total memory required = 11.3 MiB (= 0.0 GiB).
Each kernel will be executed 5 times.
-------------------------------------------------------------
Function    Best Rate MB/s  Avg time     Min time     Max time
Copy:           12204.4     0.000659     0.000648     0.000666
Scale:          12372.8     0.000663     0.000639     0.000673
Add:             9781.2     0.001316     0.001213     0.001404
Triad:           9146.5     0.001299     0.001297     0.001302
-------------------------------------------------------------
Solution Validates: avg error less than 1.000000e-13 on all three arrays
-------------------------------------------------------------



--- run 1 ---
-------------------------------------------------------------
STREAM (dynamic) version — custom malloc-based implementation
-------------------------------------------------------------
This system uses 8 bytes per array element.
-------------------------------------------------------------
Array size = 523690 (elements), Offset = 0 (elements)
Memory per array = 4.0 MiB (= 0.0 GiB).
Total memory required = 12.0 MiB (= 0.0 GiB).
Each kernel will be executed 5 times.
-------------------------------------------------------------
Function    Best Rate MB/s  Avg time     Min time     Max time
Copy:           11949.8     0.000705     0.000701     0.000707
Scale:          12431.6     0.000690     0.000674     0.000709
Add:             9222.6     0.001383     0.001363     0.001407
Triad:          10143.6     0.001339     0.001239     0.001384
-------------------------------------------------------------
Solution Validates: avg error less than 1.000000e-13 on all three arrays
-------------------------------------------------------------



--- run 2 ---
-------------------------------------------------------------
STREAM (dynamic) version — custom malloc-based implementation
-------------------------------------------------------------
This system uses 8 bytes per array element.
-------------------------------------------------------------
Array size = 523690 (elements), Offset = 0 (elements)
Memory per array = 4.0 MiB (= 0.0 GiB).
Total memory required = 12.0 MiB (= 0.0 GiB).
Each kernel will be executed 5 times.
-------------------------------------------------------------
Function    Best Rate MB/s  Avg time     Min time     Max time
Copy:           12854.5     0.000700     0.000652     0.000733
Scale:          12637.3     0.000864     0.000663     0.001080
Add:             9160.1     0.001375     0.001372     0.001379
Triad:           9513.9     0.001369     0.001321     0.001393
-------------------------------------------------------------
Solution Validates: avg error less than 1.000000e-13 on all three arrays
-------------------------------------------------------------



--- run 3 ---
-------------------------------------------------------------
STREAM (dynamic) version — custom malloc-based implementation
-------------------------------------------------------------
This system uses 8 bytes per array element.
-------------------------------------------------------------
Array size = 523690 (elements), Offset = 0 (elements)
Memory per array = 4.0 MiB (= 0.0 GiB).
Total memory required = 12.0 MiB (= 0.0 GiB).
Each kernel will be executed 5 times.
-------------------------------------------------------------
Function    Best Rate MB/s  Avg time     Min time     Max time
Copy:           11885.1     0.000827     0.000705     0.001145
Scale:          12056.3     0.000743     0.000695     0.000766
Add:             9408.6     0.001404     0.001336     0.001490
Triad:           9400.2     0.001396     0.001337     0.001442
-------------------------------------------------------------
Solution Validates: avg error less than 1.000000e-13 on all three arrays
-------------------------------------------------------------



--- run 1 ---
-------------------------------------------------------------
STREAM (dynamic) version — custom malloc-based implementation
-------------------------------------------------------------
This system uses 8 bytes per array element.
-------------------------------------------------------------
Array size = 554837 (elements), Offset = 0 (elements)
Memory per array = 4.2 MiB (= 0.0 GiB).
Total memory required = 12.7 MiB (= 0.0 GiB).
Each kernel will be executed 5 times.
-------------------------------------------------------------
Function    Best Rate MB/s  Avg time     Min time     Max time
Copy:           12575.0     0.000793     0.000706     0.000922
Scale:          12575.0     0.000729     0.000706     0.000745
Add:             9183.1     0.001462     0.001450     0.001477
Triad:          10249.9     0.001413     0.001299     0.001456
-------------------------------------------------------------
Solution Validates: avg error less than 1.000000e-13 on all three arrays
-------------------------------------------------------------



--- run 2 ---
-------------------------------------------------------------
STREAM (dynamic) version — custom malloc-based implementation
-------------------------------------------------------------
This system uses 8 bytes per array element.
-------------------------------------------------------------
Array size = 554837 (elements), Offset = 0 (elements)
Memory per array = 4.2 MiB (= 0.0 GiB).
Total memory required = 12.7 MiB (= 0.0 GiB).
Each kernel will be executed 5 times.
-------------------------------------------------------------
Function    Best Rate MB/s  Avg time     Min time     Max time
Copy:           12830.6     0.000780     0.000692     0.000918
Scale:          12609.0     0.000795     0.000704     0.001019
Add:            10003.9     0.001428     0.001331     0.001477
Triad:          10251.8     0.001413     0.001299     0.001453
-------------------------------------------------------------
Solution Validates: avg error less than 1.000000e-13 on all three arrays
-------------------------------------------------------------



--- run 3 ---
-------------------------------------------------------------
STREAM (dynamic) version — custom malloc-based implementation
-------------------------------------------------------------
This system uses 8 bytes per array element.
-------------------------------------------------------------
Array size = 554837 (elements), Offset = 0 (elements)
Memory per array = 4.2 MiB (= 0.0 GiB).
Total memory required = 12.7 MiB (= 0.0 GiB).
Each kernel will be executed 5 times.
-------------------------------------------------------------
Function    Best Rate MB/s  Avg time     Min time     Max time
Copy:           12609.0     0.000739     0.000704     0.000755
Scale:          11930.3     0.000890     0.000744     0.001272
Add:             9177.1     0.001456     0.001451     0.001460
Triad:           9169.5     0.001474     0.001452     0.001487
-------------------------------------------------------------
Solution Validates: avg error less than 1.000000e-13 on all three arrays
-------------------------------------------------------------



--- run 1 ---
-------------------------------------------------------------
STREAM (dynamic) version — custom malloc-based implementation
-------------------------------------------------------------
This system uses 8 bytes per array element.
-------------------------------------------------------------
Array size = 587818 (elements), Offset = 0 (elements)
Memory per array = 4.5 MiB (= 0.0 GiB).
Total memory required = 13.5 MiB (= 0.0 GiB).
Each kernel will be executed 5 times.
-------------------------------------------------------------
Function    Best Rate MB/s  Avg time     Min time     Max time
Copy:           10345.6     0.001054     0.000909     0.001173
Scale:          11159.2     0.000959     0.000843     0.001224
Add:             8348.2     0.001701     0.001690     0.001716
Triad:           8387.2     0.001705     0.001682     0.001735
-------------------------------------------------------------
Solution Validates: avg error less than 1.000000e-13 on all three arrays
-------------------------------------------------------------



--- run 2 ---
-------------------------------------------------------------
STREAM (dynamic) version — custom malloc-based implementation
-------------------------------------------------------------
This system uses 8 bytes per array element.
-------------------------------------------------------------
Array size = 587818 (elements), Offset = 0 (elements)
Memory per array = 4.5 MiB (= 0.0 GiB).
Total memory required = 13.5 MiB (= 0.0 GiB).
Each kernel will be executed 5 times.
-------------------------------------------------------------
Function    Best Rate MB/s  Avg time     Min time     Max time
Copy:           12539.0     0.000883     0.000750     0.001098
Scale:          12607.2     0.000885     0.000746     0.001109
Add:             9934.8     0.001518     0.001420     0.001600
Triad:           9956.5     0.001532     0.001417     0.001594
-------------------------------------------------------------
Solution Validates: avg error less than 1.000000e-13 on all three arrays
-------------------------------------------------------------



--- run 3 ---
-------------------------------------------------------------
STREAM (dynamic) version — custom malloc-based implementation
-------------------------------------------------------------
This system uses 8 bytes per array element.
-------------------------------------------------------------
Array size = 587818 (elements), Offset = 0 (elements)
Memory per array = 4.5 MiB (= 0.0 GiB).
Total memory required = 13.5 MiB (= 0.0 GiB).
Each kernel will be executed 5 times.
-------------------------------------------------------------
Function    Best Rate MB/s  Avg time     Min time     Max time
Copy:           12507.2     0.000794     0.000752     0.000822
Scale:          12676.0     0.000819     0.000742     0.000955
Add:             9125.8     0.001574     0.001546     0.001643
Triad:           9166.8     0.001548     0.001539     0.001558
-------------------------------------------------------------
Solution Validates: avg error less than 1.000000e-13 on all three arrays
-------------------------------------------------------------



--- run 1 ---
-------------------------------------------------------------
STREAM (dynamic) version — custom malloc-based implementation
-------------------------------------------------------------
This system uses 8 bytes per array element.
-------------------------------------------------------------
Array size = 622762 (elements), Offset = 0 (elements)
Memory per array = 4.8 MiB (= 0.0 GiB).
Total memory required = 14.3 MiB (= 0.0 GiB).
Each kernel will be executed 5 times.
-------------------------------------------------------------
Function    Best Rate MB/s  Avg time     Min time     Max time
Copy:           12061.4     0.000839     0.000826     0.000844
Scale:          12660.7     0.000908     0.000787     0.001169
Add:             9220.4     0.001638     0.001621     0.001675
Triad:           9209.5     0.001634     0.001623     0.001649
-------------------------------------------------------------
Solution Validates: avg error less than 1.000000e-13 on all three arrays
-------------------------------------------------------------



--- run 2 ---
-------------------------------------------------------------
STREAM (dynamic) version — custom malloc-based implementation
-------------------------------------------------------------
This system uses 8 bytes per array element.
-------------------------------------------------------------
Array size = 622762 (elements), Offset = 0 (elements)
Memory per array = 4.8 MiB (= 0.0 GiB).
Total memory required = 14.3 MiB (= 0.0 GiB).
Each kernel will be executed 5 times.
-------------------------------------------------------------
Function    Best Rate MB/s  Avg time     Min time     Max time
Copy:           11846.0     0.000986     0.000841     0.001290
Scale:          12453.2     0.000818     0.000800     0.000835
Add:             9197.4     0.001649     0.001625     0.001671
Triad:          10119.3     0.001601     0.001477     0.001657
-------------------------------------------------------------
Solution Validates: avg error less than 1.000000e-13 on all three arrays
-------------------------------------------------------------



--- run 3 ---
-------------------------------------------------------------
STREAM (dynamic) version — custom malloc-based implementation
-------------------------------------------------------------
This system uses 8 bytes per array element.
-------------------------------------------------------------
Array size = 622762 (elements), Offset = 0 (elements)
Memory per array = 4.8 MiB (= 0.0 GiB).
Total memory required = 14.3 MiB (= 0.0 GiB).
Each kernel will be executed 5 times.
-------------------------------------------------------------
Function    Best Rate MB/s  Avg time     Min time     Max time
Copy:           12875.2     0.000786     0.000774     0.000797
Scale:          12855.4     0.000780     0.000775     0.000785
Add:            10051.2     0.001503     0.001487     0.001518
Triad:          10111.2     0.001492     0.001478     0.001510
-------------------------------------------------------------
Solution Validates: avg error less than 1.000000e-13 on all three arrays
-------------------------------------------------------------



--- run 1 ---
-------------------------------------------------------------
STREAM (dynamic) version — custom malloc-based implementation
-------------------------------------------------------------
This system uses 8 bytes per array element.
-------------------------------------------------------------
Array size = 659797 (elements), Offset = 0 (elements)
Memory per array = 5.0 MiB (= 0.0 GiB).
Total memory required = 15.1 MiB (= 0.0 GiB).
Each kernel will be executed 5 times.
-------------------------------------------------------------
Function    Best Rate MB/s  Avg time     Min time     Max time
Copy:           12984.8     0.000827     0.000813     0.000840
Scale:          13019.2     0.000816     0.000811     0.000823
Add:             9996.6     0.001591     0.001584     0.001602
Triad:          10124.6     0.001590     0.001564     0.001630
-------------------------------------------------------------
Solution Validates: avg error less than 1.000000e-13 on all three arrays
-------------------------------------------------------------



--- run 2 ---
-------------------------------------------------------------
STREAM (dynamic) version — custom malloc-based implementation
-------------------------------------------------------------
This system uses 8 bytes per array element.
-------------------------------------------------------------
Array size = 659797 (elements), Offset = 0 (elements)
Memory per array = 5.0 MiB (= 0.0 GiB).
Total memory required = 15.1 MiB (= 0.0 GiB).
Each kernel will be executed 5 times.
-------------------------------------------------------------
Function    Best Rate MB/s  Avg time     Min time     Max time
Copy:           13080.7     0.000848     0.000807     0.000888
Scale:          12720.0     0.000856     0.000830     0.000886
Add:            10022.2     0.001647     0.001580     0.001719
Triad:          10130.8     0.001639     0.001563     0.001808
-------------------------------------------------------------
Solution Validates: avg error less than 1.000000e-13 on all three arrays
-------------------------------------------------------------



--- run 3 ---
-------------------------------------------------------------
STREAM (dynamic) version — custom malloc-based implementation
-------------------------------------------------------------
This system uses 8 bytes per array element.
-------------------------------------------------------------
Array size = 659797 (elements), Offset = 0 (elements)
Memory per array = 5.0 MiB (= 0.0 GiB).
Total memory required = 15.1 MiB (= 0.0 GiB).
Each kernel will be executed 5 times.
-------------------------------------------------------------
Function    Best Rate MB/s  Avg time     Min time     Max time
Copy:           11996.3     0.000930     0.000880     0.001023
Scale:          12629.3     0.000875     0.000836     0.000906
Add:             9211.8     0.001755     0.001719     0.001825
Triad:           9249.0     0.001726     0.001712     0.001740
-------------------------------------------------------------
Solution Validates: avg error less than 1.000000e-13 on all three arrays
-------------------------------------------------------------



--- run 1 ---
-------------------------------------------------------------
STREAM (dynamic) version — custom malloc-based implementation
-------------------------------------------------------------
This system uses 8 bytes per array element.
-------------------------------------------------------------
Array size = 699050 (elements), Offset = 0 (elements)
Memory per array = 5.3 MiB (= 0.0 GiB).
Total memory required = 16.0 MiB (= 0.0 GiB).
Each kernel will be executed 5 times.
-------------------------------------------------------------
Function    Best Rate MB/s  Avg time     Min time     Max time
Copy:           11241.9     0.001172     0.000995     0.001660
Scale:          10943.0     0.001056     0.001022     0.001133
Add:             9000.9     0.001956     0.001864     0.002072
Triad:           9010.1     0.001924     0.001862     0.002027
-------------------------------------------------------------
Solution Validates: avg error less than 1.000000e-13 on all three arrays
-------------------------------------------------------------



--- run 2 ---
-------------------------------------------------------------
STREAM (dynamic) version — custom malloc-based implementation
-------------------------------------------------------------
This system uses 8 bytes per array element.
-------------------------------------------------------------
Array size = 699050 (elements), Offset = 0 (elements)
Memory per array = 5.3 MiB (= 0.0 GiB).
Total memory required = 16.0 MiB (= 0.0 GiB).
Each kernel will be executed 5 times.
-------------------------------------------------------------
Function    Best Rate MB/s  Avg time     Min time     Max time
Copy:           12870.4     0.000914     0.000869     0.000951
Scale:          12796.6     0.000920     0.000874     0.000941
Add:             9123.4     0.001868     0.001839     0.001940
Triad:          10180.7     0.001698     0.001648     0.001842
-------------------------------------------------------------
Solution Validates: avg error less than 1.000000e-13 on all three arrays
-------------------------------------------------------------



--- run 3 ---
-------------------------------------------------------------
STREAM (dynamic) version — custom malloc-based implementation
-------------------------------------------------------------
This system uses 8 bytes per array element.
-------------------------------------------------------------
Array size = 699050 (elements), Offset = 0 (elements)
Memory per array = 5.3 MiB (= 0.0 GiB).
Total memory required = 16.0 MiB (= 0.0 GiB).
Each kernel will be executed 5 times.
-------------------------------------------------------------
Function    Best Rate MB/s  Avg time     Min time     Max time
Copy:           12973.6     0.000913     0.000862     0.000946
Scale:          12842.2     0.000908     0.000871     0.000941
Add:            10117.7     0.001790     0.001658     0.001840
Triad:           9173.3     0.001848     0.001829     0.001876
-------------------------------------------------------------
Solution Validates: avg error less than 1.000000e-13 on all three arrays
-------------------------------------------------------------



--- run 1 ---
-------------------------------------------------------------
STREAM (dynamic) version — custom malloc-based implementation
-------------------------------------------------------------
This system uses 8 bytes per array element.
-------------------------------------------------------------
Array size = 740608 (elements), Offset = 0 (elements)
Memory per array = 5.7 MiB (= 0.0 GiB).
Total memory required = 17.0 MiB (= 0.0 GiB).
Each kernel will be executed 5 times.
-------------------------------------------------------------
Function    Best Rate MB/s  Avg time     Min time     Max time
Copy:           13007.4     0.000940     0.000911     0.000995
Scale:          12554.0     0.000981     0.000944     0.001017
Add:             9194.9     0.001940     0.001933     0.001952
Triad:          10115.6     0.001861     0.001757     0.001983
-------------------------------------------------------------
Solution Validates: avg error less than 1.000000e-13 on all three arrays
-------------------------------------------------------------



--- run 2 ---
-------------------------------------------------------------
STREAM (dynamic) version — custom malloc-based implementation
-------------------------------------------------------------
This system uses 8 bytes per array element.
-------------------------------------------------------------
Array size = 740608 (elements), Offset = 0 (elements)
Memory per array = 5.7 MiB (= 0.0 GiB).
Total memory required = 17.0 MiB (= 0.0 GiB).
Each kernel will be executed 5 times.
-------------------------------------------------------------
Function    Best Rate MB/s  Avg time     Min time     Max time
Copy:           11847.8     0.001314     0.001000     0.001707
Scale:          12822.8     0.000985     0.000924     0.001046
Add:             9190.3     0.002008     0.001934     0.002136
Triad:           9176.8     0.001988     0.001937     0.002044
-------------------------------------------------------------
Solution Validates: avg error less than 1.000000e-13 on all three arrays
-------------------------------------------------------------



--- run 3 ---
-------------------------------------------------------------
STREAM (dynamic) version — custom malloc-based implementation
-------------------------------------------------------------
This system uses 8 bytes per array element.
-------------------------------------------------------------
Array size = 740608 (elements), Offset = 0 (elements)
Memory per array = 5.7 MiB (= 0.0 GiB).
Total memory required = 17.0 MiB (= 0.0 GiB).
Each kernel will be executed 5 times.
-------------------------------------------------------------
Function    Best Rate MB/s  Avg time     Min time     Max time
Copy:           11529.0     0.001116     0.001028     0.001324
Scale:          10665.5     0.001364     0.001111     0.001680
Add:             8790.5     0.002102     0.002022     0.002161
Triad:           8909.2     0.002058     0.001995     0.002147
-------------------------------------------------------------
Solution Validates: avg error less than 1.000000e-13 on all three arrays
-------------------------------------------------------------



--- run 1 ---
-------------------------------------------------------------
STREAM (dynamic) version — custom malloc-based implementation
-------------------------------------------------------------
This system uses 8 bytes per array element.
-------------------------------------------------------------
Array size = 784640 (elements), Offset = 0 (elements)
Memory per array = 6.0 MiB (= 0.0 GiB).
Total memory required = 18.0 MiB (= 0.0 GiB).
Each kernel will be executed 5 times.
-------------------------------------------------------------
Function    Best Rate MB/s  Avg time     Min time     Max time
Copy:           12567.1     0.001320     0.000999     0.001721
Scale:          12354.8     0.001048     0.001016     0.001085
Add:             9200.3     0.002055     0.002047     0.002071
Triad:           9164.0     0.002076     0.002055     0.002104
-------------------------------------------------------------
Solution Validates: avg error less than 1.000000e-13 on all three arrays
-------------------------------------------------------------



--- run 2 ---
-------------------------------------------------------------
STREAM (dynamic) version — custom malloc-based implementation
-------------------------------------------------------------
This system uses 8 bytes per array element.
-------------------------------------------------------------
Array size = 784640 (elements), Offset = 0 (elements)
Memory per array = 6.0 MiB (= 0.0 GiB).
Total memory required = 18.0 MiB (= 0.0 GiB).
Each kernel will be executed 5 times.
-------------------------------------------------------------
Function    Best Rate MB/s  Avg time     Min time     Max time
Copy:           12669.9     0.001042     0.000991     0.001159
Scale:          12890.2     0.000995     0.000974     0.001044
Add:            10081.0     0.001998     0.001868     0.002138
Triad:          10152.2     0.001873     0.001855     0.001903
-------------------------------------------------------------
Solution Validates: avg error less than 1.000000e-13 on all three arrays
-------------------------------------------------------------



--- run 3 ---
-------------------------------------------------------------
STREAM (dynamic) version — custom malloc-based implementation
-------------------------------------------------------------
This system uses 8 bytes per array element.
-------------------------------------------------------------
Array size = 784640 (elements), Offset = 0 (elements)
Memory per array = 6.0 MiB (= 0.0 GiB).
Total memory required = 18.0 MiB (= 0.0 GiB).
Each kernel will be executed 5 times.
-------------------------------------------------------------
Function    Best Rate MB/s  Avg time     Min time     Max time
Copy:           12940.8     0.000981     0.000970     0.000991
Scale:          12630.4     0.001018     0.000994     0.001047
Add:             9926.4     0.002012     0.001897     0.002074
Triad:          10150.9     0.001893     0.001855     0.001940
-------------------------------------------------------------
Solution Validates: avg error less than 1.000000e-13 on all three arrays
-------------------------------------------------------------



--- run 1 ---
-------------------------------------------------------------
STREAM (dynamic) version — custom malloc-based implementation
-------------------------------------------------------------
This system uses 8 bytes per array element.
-------------------------------------------------------------
Array size = 831317 (elements), Offset = 0 (elements)
Memory per array = 6.3 MiB (= 0.0 GiB).
Total memory required = 19.0 MiB (= 0.0 GiB).
Each kernel will be executed 5 times.
-------------------------------------------------------------
Function    Best Rate MB/s  Avg time     Min time     Max time
Copy:           12258.6     0.001187     0.001085     0.001437
Scale:          12036.4     0.001195     0.001105     0.001454
Add:             9216.2     0.002169     0.002165     0.002176
Triad:           9185.9     0.002205     0.002172     0.002286
-------------------------------------------------------------
Solution Validates: avg error less than 1.000000e-13 on all three arrays
-------------------------------------------------------------



--- run 2 ---
-------------------------------------------------------------
STREAM (dynamic) version — custom malloc-based implementation
-------------------------------------------------------------
This system uses 8 bytes per array element.
-------------------------------------------------------------
Array size = 831317 (elements), Offset = 0 (elements)
Memory per array = 6.3 MiB (= 0.0 GiB).
Total memory required = 19.0 MiB (= 0.0 GiB).
Each kernel will be executed 5 times.
-------------------------------------------------------------
Function    Best Rate MB/s  Avg time     Min time     Max time
Copy:           12261.3     0.001150     0.001085     0.001198
Scale:          12851.6     0.001058     0.001035     0.001089
Add:             9189.9     0.002195     0.002171     0.002258
Triad:           9160.7     0.002197     0.002178     0.002247
-------------------------------------------------------------
Solution Validates: avg error less than 1.000000e-13 on all three arrays
-------------------------------------------------------------



--- run 3 ---
-------------------------------------------------------------
STREAM (dynamic) version — custom malloc-based implementation
-------------------------------------------------------------
This system uses 8 bytes per array element.
-------------------------------------------------------------
Array size = 831317 (elements), Offset = 0 (elements)
Memory per array = 6.3 MiB (= 0.0 GiB).
Total memory required = 19.0 MiB (= 0.0 GiB).
Each kernel will be executed 5 times.
-------------------------------------------------------------
Function    Best Rate MB/s  Avg time     Min time     Max time
Copy:           11875.0     0.001124     0.001120     0.001127
Scale:          12091.2     0.001165     0.001100     0.001324
Add:             9505.1     0.002155     0.002099     0.002194
Triad:          10111.5     0.002156     0.001973     0.002288
-------------------------------------------------------------
Solution Validates: avg error less than 1.000000e-13 on all three arrays
-------------------------------------------------------------



--- run 1 ---
-------------------------------------------------------------
STREAM (dynamic) version — custom malloc-based implementation
-------------------------------------------------------------
This system uses 8 bytes per array element.
-------------------------------------------------------------
Array size = 880768 (elements), Offset = 0 (elements)
Memory per array = 6.7 MiB (= 0.0 GiB).
Total memory required = 20.2 MiB (= 0.0 GiB).
Each kernel will be executed 5 times.
-------------------------------------------------------------
Function    Best Rate MB/s  Avg time     Min time     Max time
Copy:           12869.0     0.001102     0.001095     0.001110
Scale:          12730.4     0.001162     0.001107     0.001187
Add:             9951.8     0.002274     0.002124     0.002354
Triad:          10124.6     0.002168     0.002088     0.002350
-------------------------------------------------------------
Solution Validates: avg error less than 1.000000e-13 on all three arrays
-------------------------------------------------------------



--- run 2 ---
-------------------------------------------------------------
STREAM (dynamic) version — custom malloc-based implementation
-------------------------------------------------------------
This system uses 8 bytes per array element.
-------------------------------------------------------------
Array size = 880768 (elements), Offset = 0 (elements)
Memory per array = 6.7 MiB (= 0.0 GiB).
Total memory required = 20.2 MiB (= 0.0 GiB).
Each kernel will be executed 5 times.
-------------------------------------------------------------
Function    Best Rate MB/s  Avg time     Min time     Max time
Copy:           10865.3     0.001532     0.001297     0.001787
Scale:          12472.5     0.001180     0.001130     0.001226
Add:             9222.1     0.002324     0.002292     0.002385
Triad:           9151.6     0.002325     0.002310     0.002336
-------------------------------------------------------------
Solution Validates: avg error less than 1.000000e-13 on all three arrays
-------------------------------------------------------------



--- run 3 ---
-------------------------------------------------------------
STREAM (dynamic) version — custom malloc-based implementation
-------------------------------------------------------------
This system uses 8 bytes per array element.
-------------------------------------------------------------
Array size = 880768 (elements), Offset = 0 (elements)
Memory per array = 6.7 MiB (= 0.0 GiB).
Total memory required = 20.2 MiB (= 0.0 GiB).
Each kernel will be executed 5 times.
-------------------------------------------------------------
Function    Best Rate MB/s  Avg time     Min time     Max time
Copy:           12594.8     0.001175     0.001119     0.001206
Scale:          12752.4     0.001251     0.001105     0.001573
Add:             9882.0     0.002270     0.002139     0.002349
Triad:           9150.7     0.002348     0.002310     0.002428
-------------------------------------------------------------
Solution Validates: avg error less than 1.000000e-13 on all three arrays
-------------------------------------------------------------



--- run 1 ---
-------------------------------------------------------------
STREAM (dynamic) version — custom malloc-based implementation
-------------------------------------------------------------
This system uses 8 bytes per array element.
-------------------------------------------------------------
Array size = 933120 (elements), Offset = 0 (elements)
Memory per array = 7.1 MiB (= 0.0 GiB).
Total memory required = 21.4 MiB (= 0.0 GiB).
Each kernel will be executed 5 times.
-------------------------------------------------------------
Function    Best Rate MB/s  Avg time     Min time     Max time
Copy:           11609.3     0.001525     0.001286     0.002124
Scale:          10695.2     0.001891     0.001396     0.002091
Add:             9429.9     0.002582     0.002375     0.002731
Triad:           9869.8     0.002549     0.002269     0.002790
-------------------------------------------------------------
Solution Validates: avg error less than 1.000000e-13 on all three arrays
-------------------------------------------------------------



--- run 2 ---
-------------------------------------------------------------
STREAM (dynamic) version — custom malloc-based implementation
-------------------------------------------------------------
This system uses 8 bytes per array element.
-------------------------------------------------------------
Array size = 933120 (elements), Offset = 0 (elements)
Memory per array = 7.1 MiB (= 0.0 GiB).
Total memory required = 21.4 MiB (= 0.0 GiB).
Each kernel will be executed 5 times.
-------------------------------------------------------------
Function    Best Rate MB/s  Avg time     Min time     Max time
Copy:           12847.9     0.001233     0.001162     0.001289
Scale:          12914.1     0.001295     0.001156     0.001600
Add:             9562.3     0.002417     0.002342     0.002448
Triad:          10096.8     0.002287     0.002218     0.002460
-------------------------------------------------------------
Solution Validates: avg error less than 1.000000e-13 on all three arrays
-------------------------------------------------------------



--- run 3 ---
-------------------------------------------------------------
STREAM (dynamic) version — custom malloc-based implementation
-------------------------------------------------------------
This system uses 8 bytes per array element.
-------------------------------------------------------------
Array size = 933120 (elements), Offset = 0 (elements)
Memory per array = 7.1 MiB (= 0.0 GiB).
Total memory required = 21.4 MiB (= 0.0 GiB).
Each kernel will be executed 5 times.
-------------------------------------------------------------
Function    Best Rate MB/s  Avg time     Min time     Max time
Copy:           12847.9     0.001411     0.001162     0.001901
Scale:          12514.1     0.001287     0.001193     0.001429
Add:            10011.8     0.002393     0.002237     0.002461
Triad:           9145.3     0.002468     0.002449     0.002510
-------------------------------------------------------------
Solution Validates: avg error less than 1.000000e-13 on all three arrays
-------------------------------------------------------------



--- run 1 ---
-------------------------------------------------------------
STREAM (dynamic) version — custom malloc-based implementation
-------------------------------------------------------------
This system uses 8 bytes per array element.
-------------------------------------------------------------
Array size = 988586 (elements), Offset = 0 (elements)
Memory per array = 7.5 MiB (= 0.0 GiB).
Total memory required = 22.6 MiB (= 0.0 GiB).
Each kernel will be executed 5 times.
-------------------------------------------------------------
Function    Best Rate MB/s  Avg time     Min time     Max time
Copy:           12423.8     0.001328     0.001273     0.001349
Scale:          12356.7     0.001373     0.001280     0.001643
Add:             9270.9     0.002575     0.002559     0.002611
Triad:           9175.2     0.002597     0.002586     0.002612
-------------------------------------------------------------
Solution Validates: avg error less than 1.000000e-13 on all three arrays
-------------------------------------------------------------



--- run 2 ---
-------------------------------------------------------------
STREAM (dynamic) version — custom malloc-based implementation
-------------------------------------------------------------
This system uses 8 bytes per array element.
-------------------------------------------------------------
Array size = 988586 (elements), Offset = 0 (elements)
Memory per array = 7.5 MiB (= 0.0 GiB).
Total memory required = 22.6 MiB (= 0.0 GiB).
Each kernel will be executed 5 times.
-------------------------------------------------------------
Function    Best Rate MB/s  Avg time     Min time     Max time
Copy:           12777.9     0.001262     0.001238     0.001311
Scale:          12797.6     0.001279     0.001236     0.001335
Add:            10087.6     0.002366     0.002352     0.002383
Triad:          10121.5     0.002365     0.002344     0.002393
-------------------------------------------------------------
Solution Validates: avg error less than 1.000000e-13 on all three arrays
-------------------------------------------------------------



--- run 3 ---
-------------------------------------------------------------
STREAM (dynamic) version — custom malloc-based implementation
-------------------------------------------------------------
This system uses 8 bytes per array element.
-------------------------------------------------------------
Array size = 988586 (elements), Offset = 0 (elements)
Memory per array = 7.5 MiB (= 0.0 GiB).
Total memory required = 22.6 MiB (= 0.0 GiB).
Each kernel will be executed 5 times.
-------------------------------------------------------------
Function    Best Rate MB/s  Avg time     Min time     Max time
Copy:           12955.1     0.001303     0.001221     0.001459
Scale:          12879.6     0.001253     0.001228     0.001271
Add:            10040.8     0.002453     0.002363     0.002666
Triad:          10104.0     0.002470     0.002348     0.002592
-------------------------------------------------------------
Solution Validates: avg error less than 1.000000e-13 on all three arrays
-------------------------------------------------------------



--- run 1 ---
-------------------------------------------------------------
STREAM (dynamic) version — custom malloc-based implementation
-------------------------------------------------------------
This system uses 8 bytes per array element.
-------------------------------------------------------------
Array size = 1047381 (elements), Offset = 0 (elements)
Memory per array = 8.0 MiB (= 0.0 GiB).
Total memory required = 24.0 MiB (= 0.0 GiB).
Each kernel will be executed 5 times.
-------------------------------------------------------------
Function    Best Rate MB/s  Avg time     Min time     Max time
Copy:           11573.9     0.001775     0.001448     0.002414
Scale:          11775.6     0.001878     0.001423     0.002320
Add:             9147.4     0.002832     0.002748     0.002893
Triad:           8954.7     0.002975     0.002807     0.003280
-------------------------------------------------------------
Solution Validates: avg error less than 1.000000e-13 on all three arrays
-------------------------------------------------------------



--- run 2 ---
-------------------------------------------------------------
STREAM (dynamic) version — custom malloc-based implementation
-------------------------------------------------------------
This system uses 8 bytes per array element.
-------------------------------------------------------------
Array size = 1047381 (elements), Offset = 0 (elements)
Memory per array = 8.0 MiB (= 0.0 GiB).
Total memory required = 24.0 MiB (= 0.0 GiB).
Each kernel will be executed 5 times.
-------------------------------------------------------------
Function    Best Rate MB/s  Avg time     Min time     Max time
Copy:           11911.3     0.001523     0.001407     0.001746
Scale:          12405.3     0.001390     0.001351     0.001449
Add:             9187.2     0.002748     0.002736     0.002770
Triad:           9225.0     0.002733     0.002725     0.002737
-------------------------------------------------------------
Solution Validates: avg error less than 1.000000e-13 on all three arrays
-------------------------------------------------------------



--- run 3 ---
-------------------------------------------------------------
STREAM (dynamic) version — custom malloc-based implementation
-------------------------------------------------------------
This system uses 8 bytes per array element.
-------------------------------------------------------------
Array size = 1047381 (elements), Offset = 0 (elements)
Memory per array = 8.0 MiB (= 0.0 GiB).
Total memory required = 24.0 MiB (= 0.0 GiB).
Each kernel will be executed 5 times.
-------------------------------------------------------------
Function    Best Rate MB/s  Avg time     Min time     Max time
Copy:           11970.1     0.001536     0.001400     0.001903
Scale:          12676.0     0.001386     0.001322     0.001419
Add:             9952.1     0.002684     0.002526     0.002764
Triad:          10165.1     0.002616     0.002473     0.002750
-------------------------------------------------------------
Solution Validates: avg error less than 1.000000e-13 on all three arrays
-------------------------------------------------------------



--- run 1 ---
-------------------------------------------------------------
STREAM (dynamic) version — custom malloc-based implementation
-------------------------------------------------------------
This system uses 8 bytes per array element.
-------------------------------------------------------------
Array size = 1109674 (elements), Offset = 0 (elements)
Memory per array = 8.5 MiB (= 0.0 GiB).
Total memory required = 25.4 MiB (= 0.0 GiB).
Each kernel will be executed 5 times.
-------------------------------------------------------------
Function    Best Rate MB/s  Avg time     Min time     Max time
Copy:           12611.2     0.001789     0.001408     0.002355
Scale:          12102.9     0.001592     0.001467     0.001879
Add:             9381.3     0.002972     0.002839     0.003123
Triad:           9244.7     0.002974     0.002881     0.003059
-------------------------------------------------------------
Solution Validates: avg error less than 1.000000e-13 on all three arrays
-------------------------------------------------------------



--- run 2 ---
-------------------------------------------------------------
STREAM (dynamic) version — custom malloc-based implementation
-------------------------------------------------------------
This system uses 8 bytes per array element.
-------------------------------------------------------------
Array size = 1109674 (elements), Offset = 0 (elements)
Memory per array = 8.5 MiB (= 0.0 GiB).
Total memory required = 25.4 MiB (= 0.0 GiB).
Each kernel will be executed 5 times.
-------------------------------------------------------------
Function    Best Rate MB/s  Avg time     Min time     Max time
Copy:           10510.8     0.002066     0.001689     0.002289
Scale:          12773.4     0.001699     0.001390     0.002322
Add:            10020.0     0.002952     0.002658     0.003186
Triad:          10045.3     0.002977     0.002651     0.003359
-------------------------------------------------------------
Solution Validates: avg error less than 1.000000e-13 on all three arrays
-------------------------------------------------------------



--- run 3 ---
-------------------------------------------------------------
STREAM (dynamic) version — custom malloc-based implementation
-------------------------------------------------------------
This system uses 8 bytes per array element.
-------------------------------------------------------------
Array size = 1109674 (elements), Offset = 0 (elements)
Memory per array = 8.5 MiB (= 0.0 GiB).
Total memory required = 25.4 MiB (= 0.0 GiB).
Each kernel will be executed 5 times.
-------------------------------------------------------------
Function    Best Rate MB/s  Avg time     Min time     Max time
Copy:           12957.9     0.001401     0.001370     0.001475
Scale:          12857.2     0.001385     0.001381     0.001389
Add:            10053.4     0.002660     0.002649     0.002671
Triad:          10199.4     0.002623     0.002611     0.002630
-------------------------------------------------------------
Solution Validates: avg error less than 1.000000e-13 on all three arrays
-------------------------------------------------------------



--- run 1 ---
-------------------------------------------------------------
STREAM (dynamic) version — custom malloc-based implementation
-------------------------------------------------------------
This system uses 8 bytes per array element.
-------------------------------------------------------------
Array size = 1175637 (elements), Offset = 0 (elements)
Memory per array = 9.0 MiB (= 0.0 GiB).
Total memory required = 26.9 MiB (= 0.0 GiB).
Each kernel will be executed 5 times.
-------------------------------------------------------------
Function    Best Rate MB/s  Avg time     Min time     Max time
Copy:           11883.7     0.001747     0.001583     0.002202
Scale:          12080.2     0.001806     0.001557     0.002511
Add:             9218.2     0.003069     0.003061     0.003078
Triad:           9199.6     0.003079     0.003067     0.003087
-------------------------------------------------------------
Solution Validates: avg error less than 1.000000e-13 on all three arrays
-------------------------------------------------------------



--- run 2 ---
-------------------------------------------------------------
STREAM (dynamic) version — custom malloc-based implementation
-------------------------------------------------------------
This system uses 8 bytes per array element.
-------------------------------------------------------------
Array size = 1175637 (elements), Offset = 0 (elements)
Memory per array = 9.0 MiB (= 0.0 GiB).
Total memory required = 26.9 MiB (= 0.0 GiB).
Each kernel will be executed 5 times.
-------------------------------------------------------------
Function    Best Rate MB/s  Avg time     Min time     Max time
Copy:           12847.4     0.001610     0.001464     0.002007
Scale:          12963.5     0.001579     0.001451     0.001847
Add:             9955.7     0.003030     0.002834     0.003111
Triad:          10134.8     0.002820     0.002784     0.002882
-------------------------------------------------------------
Solution Validates: avg error less than 1.000000e-13 on all three arrays
-------------------------------------------------------------



--- run 3 ---
-------------------------------------------------------------
STREAM (dynamic) version — custom malloc-based implementation
-------------------------------------------------------------
This system uses 8 bytes per array element.
-------------------------------------------------------------
Array size = 1175637 (elements), Offset = 0 (elements)
Memory per array = 9.0 MiB (= 0.0 GiB).
Total memory required = 26.9 MiB (= 0.0 GiB).
Each kernel will be executed 5 times.
-------------------------------------------------------------
Function    Best Rate MB/s  Avg time     Min time     Max time
Copy:           12432.3     0.001595     0.001513     0.001688
Scale:          12515.2     0.001765     0.001503     0.002431
Add:             9184.6     0.003086     0.003072     0.003115
Triad:           9157.6     0.003092     0.003081     0.003111
-------------------------------------------------------------
Solution Validates: avg error less than 1.000000e-13 on all three arrays
-------------------------------------------------------------



--- run 1 ---
-------------------------------------------------------------
STREAM (dynamic) version — custom malloc-based implementation
-------------------------------------------------------------
This system uses 8 bytes per array element.
-------------------------------------------------------------
Array size = 1245568 (elements), Offset = 0 (elements)
Memory per array = 9.5 MiB (= 0.0 GiB).
Total memory required = 28.5 MiB (= 0.0 GiB).
Each kernel will be executed 5 times.
-------------------------------------------------------------
Function    Best Rate MB/s  Avg time     Min time     Max time
Copy:           13050.5     0.001670     0.001527     0.001809
Scale:          12792.9     0.001763     0.001558     0.001991
Add:            10048.3     0.003190     0.002975     0.003576
Triad:          10099.3     0.003072     0.002960     0.003396
-------------------------------------------------------------
Solution Validates: avg error less than 1.000000e-13 on all three arrays
-------------------------------------------------------------



--- run 2 ---
-------------------------------------------------------------
STREAM (dynamic) version — custom malloc-based implementation
-------------------------------------------------------------
This system uses 8 bytes per array element.
-------------------------------------------------------------
Array size = 1245568 (elements), Offset = 0 (elements)
Memory per array = 9.5 MiB (= 0.0 GiB).
Total memory required = 28.5 MiB (= 0.0 GiB).
Each kernel will be executed 5 times.
-------------------------------------------------------------
Function    Best Rate MB/s  Avg time     Min time     Max time
Copy:           12749.9     0.001596     0.001563     0.001654
Scale:          13120.2     0.001536     0.001519     0.001551
Add:            10004.2     0.003024     0.002988     0.003097
Triad:          10143.4     0.002956     0.002947     0.002972
-------------------------------------------------------------
Solution Validates: avg error less than 1.000000e-13 on all three arrays
-------------------------------------------------------------



--- run 3 ---
-------------------------------------------------------------
STREAM (dynamic) version — custom malloc-based implementation
-------------------------------------------------------------
This system uses 8 bytes per array element.
-------------------------------------------------------------
Array size = 1245568 (elements), Offset = 0 (elements)
Memory per array = 9.5 MiB (= 0.0 GiB).
Total memory required = 28.5 MiB (= 0.0 GiB).
Each kernel will be executed 5 times.
-------------------------------------------------------------
Function    Best Rate MB/s  Avg time     Min time     Max time
Copy:           13060.7     0.002006     0.001526     0.002829
Scale:          12581.1     0.001646     0.001584     0.001693
Add:             9243.8     0.003262     0.003234     0.003283
Triad:          10081.4     0.003199     0.002965     0.003292
-------------------------------------------------------------
Solution Validates: avg error less than 1.000000e-13 on all three arrays
-------------------------------------------------------------



--- run 1 ---
-------------------------------------------------------------
STREAM (dynamic) version — custom malloc-based implementation
-------------------------------------------------------------
This system uses 8 bytes per array element.
-------------------------------------------------------------
Array size = 1319637 (elements), Offset = 0 (elements)
Memory per array = 10.1 MiB (= 0.0 GiB).
Total memory required = 30.2 MiB (= 0.0 GiB).
Each kernel will be executed 5 times.
-------------------------------------------------------------
Function    Best Rate MB/s  Avg time     Min time     Max time
Copy:           12044.0     0.002174     0.001753     0.003113
Scale:          12211.7     0.002108     0.001729     0.003200
Add:             9155.6     0.003569     0.003459     0.003666
Triad:           9145.5     0.003555     0.003463     0.003640
-------------------------------------------------------------
Solution Validates: avg error less than 1.000000e-13 on all three arrays
-------------------------------------------------------------



--- run 2 ---
-------------------------------------------------------------
STREAM (dynamic) version — custom malloc-based implementation
-------------------------------------------------------------
This system uses 8 bytes per array element.
-------------------------------------------------------------
Array size = 1319637 (elements), Offset = 0 (elements)
Memory per array = 10.1 MiB (= 0.0 GiB).
Total memory required = 30.2 MiB (= 0.0 GiB).
Each kernel will be executed 5 times.
-------------------------------------------------------------
Function    Best Rate MB/s  Avg time     Min time     Max time
Copy:           12418.9     0.001755     0.001700     0.001810
Scale:          12341.0     0.001746     0.001711     0.001767
Add:             9225.6     0.003457     0.003433     0.003472
Triad:           9161.3     0.003483     0.003457     0.003528
-------------------------------------------------------------
Solution Validates: avg error less than 1.000000e-13 on all three arrays
-------------------------------------------------------------



--- run 3 ---
-------------------------------------------------------------
STREAM (dynamic) version — custom malloc-based implementation
-------------------------------------------------------------
This system uses 8 bytes per array element.
-------------------------------------------------------------
Array size = 1319637 (elements), Offset = 0 (elements)
Memory per array = 10.1 MiB (= 0.0 GiB).
Total memory required = 30.2 MiB (= 0.0 GiB).
Each kernel will be executed 5 times.
-------------------------------------------------------------
Function    Best Rate MB/s  Avg time     Min time     Max time
Copy:           12953.0     0.001658     0.001630     0.001690
Scale:          12842.1     0.001682     0.001644     0.001742
Add:            10012.7     0.003199     0.003163     0.003243
Triad:          10115.7     0.003145     0.003131     0.003160
-------------------------------------------------------------
Solution Validates: avg error less than 1.000000e-13 on all three arrays
-------------------------------------------------------------



--- run 1 ---
-------------------------------------------------------------
STREAM (dynamic) version — custom malloc-based implementation
-------------------------------------------------------------
This system uses 8 bytes per array element.
-------------------------------------------------------------
Array size = 1398101 (elements), Offset = 0 (elements)
Memory per array = 10.7 MiB (= 0.0 GiB).
Total memory required = 32.0 MiB (= 0.0 GiB).
Each kernel will be executed 5 times.
-------------------------------------------------------------
Function    Best Rate MB/s  Avg time     Min time     Max time
Copy:           11995.0     0.001880     0.001865     0.001893
Scale:          12311.4     0.002004     0.001817     0.002472
Add:             9239.0     0.003644     0.003632     0.003667
Triad:           9165.0     0.003666     0.003661     0.003672
-------------------------------------------------------------
Solution Validates: avg error less than 1.000000e-13 on all three arrays
-------------------------------------------------------------



--- run 2 ---
-------------------------------------------------------------
STREAM (dynamic) version — custom malloc-based implementation
-------------------------------------------------------------
This system uses 8 bytes per array element.
-------------------------------------------------------------
Array size = 1398101 (elements), Offset = 0 (elements)
Memory per array = 10.7 MiB (= 0.0 GiB).
Total memory required = 32.0 MiB (= 0.0 GiB).
Each kernel will be executed 5 times.
-------------------------------------------------------------
Function    Best Rate MB/s  Avg time     Min time     Max time
Copy:           12847.5     0.002111     0.001741     0.002771
Scale:          12982.6     0.001792     0.001723     0.001948
Add:            10025.5     0.003473     0.003347     0.003797
Triad:          10183.6     0.003419     0.003295     0.003772
-------------------------------------------------------------
Solution Validates: avg error less than 1.000000e-13 on all three arrays
-------------------------------------------------------------



--- run 3 ---
-------------------------------------------------------------
STREAM (dynamic) version — custom malloc-based implementation
-------------------------------------------------------------
This system uses 8 bytes per array element.
-------------------------------------------------------------
Array size = 1398101 (elements), Offset = 0 (elements)
Memory per array = 10.7 MiB (= 0.0 GiB).
Total memory required = 32.0 MiB (= 0.0 GiB).
Each kernel will be executed 5 times.
-------------------------------------------------------------
Function    Best Rate MB/s  Avg time     Min time     Max time
Copy:           11905.2     0.002118     0.001879     0.002342
Scale:          12059.8     0.002154     0.001855     0.002691
Add:             8865.4     0.003869     0.003785     0.004003
Triad:           9008.4     0.003856     0.003725     0.004009
-------------------------------------------------------------
Solution Validates: avg error less than 1.000000e-13 on all three arrays
-------------------------------------------------------------



--- run 1 ---
-------------------------------------------------------------
STREAM (dynamic) version — custom malloc-based implementation
-------------------------------------------------------------
This system uses 8 bytes per array element.
-------------------------------------------------------------
Array size = 1481216 (elements), Offset = 0 (elements)
Memory per array = 11.3 MiB (= 0.0 GiB).
Total memory required = 33.9 MiB (= 0.0 GiB).
Each kernel will be executed 5 times.
-------------------------------------------------------------
Function    Best Rate MB/s  Avg time     Min time     Max time
Copy:           13058.7     0.001830     0.001815     0.001842
Scale:          12839.4     0.001855     0.001846     0.001877
Add:            10059.0     0.003564     0.003534     0.003591
Triad:          10107.4     0.003525     0.003517     0.003544
-------------------------------------------------------------
Solution Validates: avg error less than 1.000000e-13 on all three arrays
-------------------------------------------------------------



--- run 2 ---
-------------------------------------------------------------
STREAM (dynamic) version — custom malloc-based implementation
-------------------------------------------------------------
This system uses 8 bytes per array element.
-------------------------------------------------------------
Array size = 1481216 (elements), Offset = 0 (elements)
Memory per array = 11.3 MiB (= 0.0 GiB).
Total memory required = 33.9 MiB (= 0.0 GiB).
Each kernel will be executed 5 times.
-------------------------------------------------------------
Function    Best Rate MB/s  Avg time     Min time     Max time
Copy:           12881.0     0.002027     0.001840     0.002422
Scale:          12881.0     0.001858     0.001840     0.001877
Add:             9996.9     0.003564     0.003556     0.003574
Triad:          10087.6     0.003530     0.003524     0.003538
-------------------------------------------------------------
Solution Validates: avg error less than 1.000000e-13 on all three arrays
-------------------------------------------------------------



--- run 3 ---
-------------------------------------------------------------
STREAM (dynamic) version — custom malloc-based implementation
-------------------------------------------------------------
This system uses 8 bytes per array element.
-------------------------------------------------------------
Array size = 1481216 (elements), Offset = 0 (elements)
Memory per array = 11.3 MiB (= 0.0 GiB).
Total memory required = 33.9 MiB (= 0.0 GiB).
Each kernel will be executed 5 times.
-------------------------------------------------------------
Function    Best Rate MB/s  Avg time     Min time     Max time
Copy:           12587.4     0.002931     0.001883     0.003577
Scale:          12265.9     0.002682     0.001932     0.003455
Add:             9145.8     0.004244     0.003887     0.004382
Triad:           9106.1     0.004101     0.003904     0.004280
-------------------------------------------------------------
Solution Validates: avg error less than 1.000000e-13 on all three arrays
-------------------------------------------------------------



--- run 1 ---
-------------------------------------------------------------
STREAM (dynamic) version — custom malloc-based implementation
-------------------------------------------------------------
This system uses 8 bytes per array element.
-------------------------------------------------------------
Array size = 1569322 (elements), Offset = 0 (elements)
Memory per array = 12.0 MiB (= 0.0 GiB).
Total memory required = 35.9 MiB (= 0.0 GiB).
Each kernel will be executed 5 times.
-------------------------------------------------------------
Function    Best Rate MB/s  Avg time     Min time     Max time
Copy:           13084.3     0.002244     0.001919     0.002835
Scale:          12611.1     0.002057     0.001991     0.002123
Add:            10070.3     0.004017     0.003740     0.004117
Triad:           9184.0     0.004127     0.004101     0.004167
-------------------------------------------------------------
Solution Validates: avg error less than 1.000000e-13 on all three arrays
-------------------------------------------------------------



--- run 2 ---
-------------------------------------------------------------
STREAM (dynamic) version — custom malloc-based implementation
-------------------------------------------------------------
This system uses 8 bytes per array element.
-------------------------------------------------------------
Array size = 1569322 (elements), Offset = 0 (elements)
Memory per array = 12.0 MiB (= 0.0 GiB).
Total memory required = 35.9 MiB (= 0.0 GiB).
Each kernel will be executed 5 times.
-------------------------------------------------------------
Function    Best Rate MB/s  Avg time     Min time     Max time
Copy:           12516.7     0.002093     0.002006     0.002124
Scale:          12777.9     0.002076     0.001965     0.002146
Add:             9211.3     0.004112     0.004089     0.004140
Triad:          10089.6     0.004023     0.003733     0.004149
-------------------------------------------------------------
Solution Validates: avg error less than 1.000000e-13 on all three arrays
-------------------------------------------------------------



--- run 3 ---
-------------------------------------------------------------
STREAM (dynamic) version — custom malloc-based implementation
-------------------------------------------------------------
This system uses 8 bytes per array element.
-------------------------------------------------------------
Array size = 1569322 (elements), Offset = 0 (elements)
Memory per array = 12.0 MiB (= 0.0 GiB).
Total memory required = 35.9 MiB (= 0.0 GiB).
Each kernel will be executed 5 times.
-------------------------------------------------------------
Function    Best Rate MB/s  Avg time     Min time     Max time
Copy:           12949.1     0.002366     0.001939     0.003465
Scale:          12830.8     0.001996     0.001957     0.002097
Add:            10009.1     0.003973     0.003763     0.004197
Triad:           9934.8     0.003993     0.003791     0.004126
-------------------------------------------------------------
Solution Validates: avg error less than 1.000000e-13 on all three arrays
-------------------------------------------------------------



--- run 1 ---
-------------------------------------------------------------
STREAM (dynamic) version — custom malloc-based implementation
-------------------------------------------------------------
This system uses 8 bytes per array element.
-------------------------------------------------------------
Array size = 1662634 (elements), Offset = 0 (elements)
Memory per array = 12.7 MiB (= 0.0 GiB).
Total memory required = 38.1 MiB (= 0.0 GiB).
Each kernel will be executed 5 times.
-------------------------------------------------------------
Function    Best Rate MB/s  Avg time     Min time     Max time
Copy:           12932.0     0.002070     0.002057     0.002084
Scale:          12995.3     0.002323     0.002047     0.002928
Add:            10030.9     0.004246     0.003978     0.004375
Triad:          10187.2     0.004042     0.003917     0.004381
-------------------------------------------------------------
Solution Validates: avg error less than 1.000000e-13 on all three arrays
-------------------------------------------------------------



--- run 2 ---
-------------------------------------------------------------
STREAM (dynamic) version — custom malloc-based implementation
-------------------------------------------------------------
This system uses 8 bytes per array element.
-------------------------------------------------------------
Array size = 1662634 (elements), Offset = 0 (elements)
Memory per array = 12.7 MiB (= 0.0 GiB).
Total memory required = 38.1 MiB (= 0.0 GiB).
Each kernel will be executed 5 times.
-------------------------------------------------------------
Function    Best Rate MB/s  Avg time     Min time     Max time
Copy:           12795.6     0.002195     0.002079     0.002397
Scale:          12933.5     0.002100     0.002057     0.002206
Add:            10071.4     0.004002     0.003962     0.004104
Triad:          10237.1     0.003932     0.003898     0.003956
-------------------------------------------------------------
Solution Validates: avg error less than 1.000000e-13 on all three arrays
-------------------------------------------------------------



--- run 3 ---
-------------------------------------------------------------
STREAM (dynamic) version — custom malloc-based implementation
-------------------------------------------------------------
This system uses 8 bytes per array element.
-------------------------------------------------------------
Array size = 1662634 (elements), Offset = 0 (elements)
Memory per array = 12.7 MiB (= 0.0 GiB).
Total memory required = 38.1 MiB (= 0.0 GiB).
Each kernel will be executed 5 times.
-------------------------------------------------------------
Function    Best Rate MB/s  Avg time     Min time     Max time
Copy:           12926.0     0.002169     0.002058     0.002264
Scale:          12560.8     0.002163     0.002118     0.002205
Add:             9230.4     0.004350     0.004323     0.004374
Triad:          10176.7     0.004037     0.003921     0.004362
-------------------------------------------------------------
Solution Validates: avg error less than 1.000000e-13 on all three arrays
-------------------------------------------------------------



--- run 1 ---
-------------------------------------------------------------
STREAM (dynamic) version — custom malloc-based implementation
-------------------------------------------------------------
This system uses 8 bytes per array element.
-------------------------------------------------------------
Array size = 1761493 (elements), Offset = 0 (elements)
Memory per array = 13.4 MiB (= 0.0 GiB).
Total memory required = 40.3 MiB (= 0.0 GiB).
Each kernel will be executed 5 times.
-------------------------------------------------------------
Function    Best Rate MB/s  Avg time     Min time     Max time
Copy:           11887.8     0.002576     0.002371     0.003157
Scale:          12626.8     0.002575     0.002232     0.003267
Add:             9230.5     0.004591     0.004580     0.004606
Triad:           9186.5     0.004620     0.004602     0.004665
-------------------------------------------------------------
Solution Validates: avg error less than 1.000000e-13 on all three arrays
-------------------------------------------------------------



--- run 2 ---
-------------------------------------------------------------
STREAM (dynamic) version — custom malloc-based implementation
-------------------------------------------------------------
This system uses 8 bytes per array element.
-------------------------------------------------------------
Array size = 1761493 (elements), Offset = 0 (elements)
Memory per array = 13.4 MiB (= 0.0 GiB).
Total memory required = 40.3 MiB (= 0.0 GiB).
Each kernel will be executed 5 times.
-------------------------------------------------------------
Function    Best Rate MB/s  Avg time     Min time     Max time
Copy:           12422.4     0.003097     0.002269     0.003948
Scale:          12695.9     0.002308     0.002220     0.002339
Add:             9228.6     0.004616     0.004581     0.004686
Triad:           9120.8     0.004647     0.004635     0.004662
-------------------------------------------------------------
Solution Validates: avg error less than 1.000000e-13 on all three arrays
-------------------------------------------------------------



--- run 3 ---
-------------------------------------------------------------
STREAM (dynamic) version — custom malloc-based implementation
-------------------------------------------------------------
This system uses 8 bytes per array element.
-------------------------------------------------------------
Array size = 1761493 (elements), Offset = 0 (elements)
Memory per array = 13.4 MiB (= 0.0 GiB).
Total memory required = 40.3 MiB (= 0.0 GiB).
Each kernel will be executed 5 times.
-------------------------------------------------------------
Function    Best Rate MB/s  Avg time     Min time     Max time
Copy:           12185.5     0.002359     0.002313     0.002378
Scale:          12637.6     0.002299     0.002230     0.002414
Add:             9224.7     0.004639     0.004583     0.004760
Triad:           9184.6     0.004645     0.004603     0.004752
-------------------------------------------------------------
Solution Validates: avg error less than 1.000000e-13 on all three arrays
-------------------------------------------------------------



--- run 1 ---
-------------------------------------------------------------
STREAM (dynamic) version — custom malloc-based implementation
-------------------------------------------------------------
This system uses 8 bytes per array element.
-------------------------------------------------------------
Array size = 1866240 (elements), Offset = 0 (elements)
Memory per array = 14.2 MiB (= 0.0 GiB).
Total memory required = 42.7 MiB (= 0.0 GiB).
Each kernel will be executed 5 times.
-------------------------------------------------------------
Function    Best Rate MB/s  Avg time     Min time     Max time
Copy:           11605.0     0.003230     0.002573     0.003836
Scale:           9623.6     0.003702     0.003103     0.004113
Add:             9739.3     0.005055     0.004599     0.005350
Triad:          10040.2     0.005035     0.004461     0.005376
-------------------------------------------------------------
Solution Validates: avg error less than 1.000000e-13 on all three arrays
-------------------------------------------------------------



--- run 2 ---
-------------------------------------------------------------
STREAM (dynamic) version — custom malloc-based implementation
-------------------------------------------------------------
This system uses 8 bytes per array element.
-------------------------------------------------------------
Array size = 1866240 (elements), Offset = 0 (elements)
Memory per array = 14.2 MiB (= 0.0 GiB).
Total memory required = 42.7 MiB (= 0.0 GiB).
Each kernel will be executed 5 times.
-------------------------------------------------------------
Function    Best Rate MB/s  Avg time     Min time     Max time
Copy:           12722.6     0.002360     0.002347     0.002368
Scale:          13016.1     0.002313     0.002294     0.002354
Add:            10019.8     0.004484     0.004470     0.004492
Triad:          10156.3     0.004444     0.004410     0.004475
-------------------------------------------------------------
Solution Validates: avg error less than 1.000000e-13 on all three arrays
-------------------------------------------------------------



--- run 3 ---
-------------------------------------------------------------
STREAM (dynamic) version — custom malloc-based implementation
-------------------------------------------------------------
This system uses 8 bytes per array element.
-------------------------------------------------------------
Array size = 1866240 (elements), Offset = 0 (elements)
Memory per array = 14.2 MiB (= 0.0 GiB).
Total memory required = 42.7 MiB (= 0.0 GiB).
Each kernel will be executed 5 times.
-------------------------------------------------------------
Function    Best Rate MB/s  Avg time     Min time     Max time
Copy:           11872.3     0.002532     0.002515     0.002554
Scale:          12658.3     0.002412     0.002359     0.002475
Add:             9189.5     0.004893     0.004874     0.004910
Triad:           9168.9     0.004904     0.004885     0.004917
-------------------------------------------------------------
Solution Validates: avg error less than 1.000000e-13 on all three arrays
-------------------------------------------------------------



--- run 1 ---
-------------------------------------------------------------
STREAM (dynamic) version — custom malloc-based implementation
-------------------------------------------------------------
This system uses 8 bytes per array element.
-------------------------------------------------------------
Array size = 1977216 (elements), Offset = 0 (elements)
Memory per array = 15.1 MiB (= 0.0 GiB).
Total memory required = 45.3 MiB (= 0.0 GiB).
Each kernel will be executed 5 times.
-------------------------------------------------------------
Function    Best Rate MB/s  Avg time     Min time     Max time
Copy:           13024.0     0.002501     0.002429     0.002668
Scale:          12519.0     0.002600     0.002527     0.002650
Add:             9248.3     0.005142     0.005131     0.005155
Triad:          10158.9     0.004836     0.004671     0.005215
-------------------------------------------------------------
Solution Validates: avg error less than 1.000000e-13 on all three arrays
-------------------------------------------------------------



--- run 2 ---
-------------------------------------------------------------
STREAM (dynamic) version — custom malloc-based implementation
-------------------------------------------------------------
This system uses 8 bytes per array element.
-------------------------------------------------------------
Array size = 1977216 (elements), Offset = 0 (elements)
Memory per array = 15.1 MiB (= 0.0 GiB).
Total memory required = 45.3 MiB (= 0.0 GiB).
Each kernel will be executed 5 times.
-------------------------------------------------------------
Function    Best Rate MB/s  Avg time     Min time     Max time
Copy:           12886.2     0.002621     0.002455     0.003057
Scale:          13040.7     0.002441     0.002426     0.002459
Add:            10011.2     0.004746     0.004740     0.004755
Triad:          10189.6     0.004682     0.004657     0.004704
-------------------------------------------------------------
Solution Validates: avg error less than 1.000000e-13 on all three arrays
-------------------------------------------------------------



--- run 3 ---
-------------------------------------------------------------
STREAM (dynamic) version — custom malloc-based implementation
-------------------------------------------------------------
This system uses 8 bytes per array element.
-------------------------------------------------------------
Array size = 1977216 (elements), Offset = 0 (elements)
Memory per array = 15.1 MiB (= 0.0 GiB).
Total memory required = 45.3 MiB (= 0.0 GiB).
Each kernel will be executed 5 times.
-------------------------------------------------------------
Function    Best Rate MB/s  Avg time     Min time     Max time
Copy:           13040.7     0.002439     0.002426     0.002455
Scale:          12761.0     0.002508     0.002479     0.002564
Add:            10087.8     0.004731     0.004704     0.004746
Triad:          10124.3     0.004695     0.004687     0.004705
-------------------------------------------------------------
Solution Validates: avg error less than 1.000000e-13 on all three arrays
-------------------------------------------------------------



--- run 1 ---
-------------------------------------------------------------
STREAM (dynamic) version — custom malloc-based implementation
-------------------------------------------------------------
This system uses 8 bytes per array element.
-------------------------------------------------------------
Array size = 2094805 (elements), Offset = 0 (elements)
Memory per array = 16.0 MiB (= 0.0 GiB).
Total memory required = 47.9 MiB (= 0.0 GiB).
Each kernel will be executed 5 times.
-------------------------------------------------------------
Function    Best Rate MB/s  Avg time     Min time     Max time
Copy:           11482.5     0.003590     0.002919     0.004789
Scale:          11978.5     0.003262     0.002798     0.004410
Add:             8739.3     0.005799     0.005753     0.005830
Triad:           8657.8     0.005830     0.005807     0.005848
-------------------------------------------------------------
Solution Validates: avg error less than 1.000000e-13 on all three arrays
-------------------------------------------------------------



--- run 2 ---
-------------------------------------------------------------
STREAM (dynamic) version — custom malloc-based implementation
-------------------------------------------------------------
This system uses 8 bytes per array element.
-------------------------------------------------------------
Array size = 2094805 (elements), Offset = 0 (elements)
Memory per array = 16.0 MiB (= 0.0 GiB).
Total memory required = 47.9 MiB (= 0.0 GiB).
Each kernel will be executed 5 times.
-------------------------------------------------------------
Function    Best Rate MB/s  Avg time     Min time     Max time
Copy:           12604.7     0.002792     0.002659     0.003130
Scale:          12955.5     0.002595     0.002587     0.002608
Add:            10039.0     0.005027     0.005008     0.005060
Triad:          10091.4     0.004987     0.004982     0.004990
-------------------------------------------------------------
Solution Validates: avg error less than 1.000000e-13 on all three arrays
-------------------------------------------------------------



--- run 3 ---
-------------------------------------------------------------
STREAM (dynamic) version — custom malloc-based implementation
-------------------------------------------------------------
This system uses 8 bytes per array element.
-------------------------------------------------------------
Array size = 2094805 (elements), Offset = 0 (elements)
Memory per array = 16.0 MiB (= 0.0 GiB).
Total memory required = 47.9 MiB (= 0.0 GiB).
Each kernel will be executed 5 times.
-------------------------------------------------------------
Function    Best Rate MB/s  Avg time     Min time     Max time
Copy:           12423.1     0.003211     0.002698     0.003785
Scale:          12202.1     0.002764     0.002747     0.002782
Add:             9236.5     0.005461     0.005443     0.005472
Triad:           9181.0     0.005489     0.005476     0.005503
-------------------------------------------------------------
Solution Validates: avg error less than 1.000000e-13 on all three arrays
-------------------------------------------------------------



--- run 1 ---
-------------------------------------------------------------
STREAM (dynamic) version — custom malloc-based implementation
-------------------------------------------------------------
This system uses 8 bytes per array element.
-------------------------------------------------------------
Array size = 2219349 (elements), Offset = 0 (elements)
Memory per array = 16.9 MiB (= 0.0 GiB).
Total memory required = 50.8 MiB (= 0.0 GiB).
Each kernel will be executed 5 times.
-------------------------------------------------------------
Function    Best Rate MB/s  Avg time     Min time     Max time
Copy:           11972.5     0.003180     0.002966     0.003795
Scale:          12573.9     0.003489     0.002824     0.004452
Add:             9213.4     0.005834     0.005781     0.005966
Triad:          10120.4     0.005682     0.005263     0.005837
-------------------------------------------------------------
Solution Validates: avg error less than 1.000000e-13 on all three arrays
-------------------------------------------------------------



--- run 2 ---
-------------------------------------------------------------
STREAM (dynamic) version — custom malloc-based implementation
-------------------------------------------------------------
This system uses 8 bytes per array element.
-------------------------------------------------------------
Array size = 2219349 (elements), Offset = 0 (elements)
Memory per array = 16.9 MiB (= 0.0 GiB).
Total memory required = 50.8 MiB (= 0.0 GiB).
Each kernel will be executed 5 times.
-------------------------------------------------------------
Function    Best Rate MB/s  Avg time     Min time     Max time
Copy:           12941.0     0.003002     0.002744     0.003687
Scale:          12983.9     0.002780     0.002735     0.002845
Add:            10016.0     0.005377     0.005318     0.005519
Triad:          10154.9     0.005285     0.005245     0.005334
-------------------------------------------------------------
Solution Validates: avg error less than 1.000000e-13 on all three arrays
-------------------------------------------------------------



--- run 3 ---
-------------------------------------------------------------
STREAM (dynamic) version — custom malloc-based implementation
-------------------------------------------------------------
This system uses 8 bytes per array element.
-------------------------------------------------------------
Array size = 2219349 (elements), Offset = 0 (elements)
Memory per array = 16.9 MiB (= 0.0 GiB).
Total memory required = 50.8 MiB (= 0.0 GiB).
Each kernel will be executed 5 times.
-------------------------------------------------------------
Function    Best Rate MB/s  Avg time     Min time     Max time
Copy:           13093.4     0.002930     0.002712     0.003034
Scale:          12565.4     0.003202     0.002826     0.004272
Add:             9212.3     0.005807     0.005782     0.005844
Triad:           9185.0     0.005829     0.005799     0.005896
-------------------------------------------------------------
Solution Validates: avg error less than 1.000000e-13 on all three arrays
-------------------------------------------------------------



--- run 1 ---
-------------------------------------------------------------
STREAM (dynamic) version — custom malloc-based implementation
-------------------------------------------------------------
This system uses 8 bytes per array element.
-------------------------------------------------------------
Array size = 2351317 (elements), Offset = 0 (elements)
Memory per array = 17.9 MiB (= 0.0 GiB).
Total memory required = 53.8 MiB (= 0.1 GiB).
Each kernel will be executed 5 times.
-------------------------------------------------------------
Function    Best Rate MB/s  Avg time     Min time     Max time
Copy:           13104.7     0.002949     0.002871     0.003155
Scale:          12354.7     0.003429     0.003045     0.004434
Add:             9156.7     0.006179     0.006163     0.006200
Triad:          10149.7     0.005587     0.005560     0.005634
-------------------------------------------------------------
Solution Validates: avg error less than 1.000000e-13 on all three arrays
-------------------------------------------------------------



--- run 2 ---
-------------------------------------------------------------
STREAM (dynamic) version — custom malloc-based implementation
-------------------------------------------------------------
This system uses 8 bytes per array element.
-------------------------------------------------------------
Array size = 2351317 (elements), Offset = 0 (elements)
Memory per array = 17.9 MiB (= 0.0 GiB).
Total memory required = 53.8 MiB (= 0.1 GiB).
Each kernel will be executed 5 times.
-------------------------------------------------------------
Function    Best Rate MB/s  Avg time     Min time     Max time
Copy:           12994.7     0.003170     0.002895     0.003951
Scale:          12862.3     0.003003     0.002925     0.003162
Add:             9992.9     0.005901     0.005647     0.006161
Triad:          10086.1     0.005623     0.005595     0.005691
-------------------------------------------------------------
Solution Validates: avg error less than 1.000000e-13 on all three arrays
-------------------------------------------------------------



--- run 3 ---
-------------------------------------------------------------
STREAM (dynamic) version — custom malloc-based implementation
-------------------------------------------------------------
This system uses 8 bytes per array element.
-------------------------------------------------------------
Array size = 2351317 (elements), Offset = 0 (elements)
Memory per array = 17.9 MiB (= 0.0 GiB).
Total memory required = 53.8 MiB (= 0.1 GiB).
Each kernel will be executed 5 times.
-------------------------------------------------------------
Function    Best Rate MB/s  Avg time     Min time     Max time
Copy:           13012.9     0.003717     0.002891     0.005508
Scale:          12667.1     0.003597     0.002970     0.004738
Add:            10028.4     0.006202     0.005627     0.006674
Triad:          10100.8     0.005923     0.005587     0.006310
-------------------------------------------------------------
Solution Validates: avg error less than 1.000000e-13 on all three arrays
-------------------------------------------------------------



--- run 1 ---
-------------------------------------------------------------
STREAM (dynamic) version — custom malloc-based implementation
-------------------------------------------------------------
This system uses 8 bytes per array element.
-------------------------------------------------------------
Array size = 2491136 (elements), Offset = 0 (elements)
Memory per array = 19.0 MiB (= 0.0 GiB).
Total memory required = 57.0 MiB (= 0.1 GiB).
Each kernel will be executed 5 times.
-------------------------------------------------------------
Function    Best Rate MB/s  Avg time     Min time     Max time
Copy:           13110.9     0.003066     0.003040     0.003108
Scale:          12196.5     0.003570     0.003268     0.004329
Add:             9252.3     0.006470     0.006462     0.006479
Triad:          10201.2     0.005911     0.005861     0.005972
-------------------------------------------------------------
Solution Validates: avg error less than 1.000000e-13 on all three arrays
-------------------------------------------------------------



--- run 2 ---
-------------------------------------------------------------
STREAM (dynamic) version — custom malloc-based implementation
-------------------------------------------------------------
This system uses 8 bytes per array element.
-------------------------------------------------------------
Array size = 2491136 (elements), Offset = 0 (elements)
Memory per array = 19.0 MiB (= 0.0 GiB).
Total memory required = 57.0 MiB (= 0.1 GiB).
Each kernel will be executed 5 times.
-------------------------------------------------------------
Function    Best Rate MB/s  Avg time     Min time     Max time
Copy:           12771.4     0.003593     0.003121     0.004482
Scale:          12848.9     0.003185     0.003102     0.003346
Add:             9210.9     0.006517     0.006491     0.006545
Triad:           9146.0     0.006545     0.006537     0.006556
-------------------------------------------------------------
Solution Validates: avg error less than 1.000000e-13 on all three arrays
-------------------------------------------------------------



--- run 3 ---
-------------------------------------------------------------
STREAM (dynamic) version — custom malloc-based implementation
-------------------------------------------------------------
This system uses 8 bytes per array element.
-------------------------------------------------------------
Array size = 2491136 (elements), Offset = 0 (elements)
Memory per array = 19.0 MiB (= 0.0 GiB).
Total memory required = 57.0 MiB (= 0.1 GiB).
Each kernel will be executed 5 times.
-------------------------------------------------------------
Function    Best Rate MB/s  Avg time     Min time     Max time
Copy:           13050.5     0.003459     0.003054     0.004308
Scale:          12779.2     0.003306     0.003119     0.003782
Add:             9989.5     0.006011     0.005985     0.006033
Triad:          10083.9     0.006087     0.005929     0.006525
-------------------------------------------------------------
Solution Validates: avg error less than 1.000000e-13 on all three arrays
-------------------------------------------------------------



--- run 1 ---
-------------------------------------------------------------
STREAM (dynamic) version — custom malloc-based implementation
-------------------------------------------------------------
This system uses 8 bytes per array element.
-------------------------------------------------------------
Array size = 2639274 (elements), Offset = 0 (elements)
Memory per array = 20.1 MiB (= 0.0 GiB).
Total memory required = 60.4 MiB (= 0.1 GiB).
Each kernel will be executed 5 times.
-------------------------------------------------------------
Function    Best Rate MB/s  Avg time     Min time     Max time
Copy:           11192.3     0.003948     0.003773     0.004237
Scale:          12041.5     0.004174     0.003507     0.005404
Add:             9167.9     0.007033     0.006909     0.007136
Triad:           9120.4     0.007207     0.006945     0.007847
-------------------------------------------------------------
Solution Validates: avg error less than 1.000000e-13 on all three arrays
-------------------------------------------------------------



--- run 2 ---
-------------------------------------------------------------
STREAM (dynamic) version — custom malloc-based implementation
-------------------------------------------------------------
This system uses 8 bytes per array element.
-------------------------------------------------------------
Array size = 2639274 (elements), Offset = 0 (elements)
Memory per array = 20.1 MiB (= 0.0 GiB).
Total memory required = 60.4 MiB (= 0.1 GiB).
Each kernel will be executed 5 times.
-------------------------------------------------------------
Function    Best Rate MB/s  Avg time     Min time     Max time
Copy:           12749.7     0.003468     0.003312     0.003662
Scale:          12950.1     0.003378     0.003261     0.003515
Add:            10005.2     0.006633     0.006331     0.006949
Triad:          10159.0     0.006281     0.006235     0.006312
-------------------------------------------------------------
Solution Validates: avg error less than 1.000000e-13 on all three arrays
-------------------------------------------------------------



--- run 3 ---
-------------------------------------------------------------
STREAM (dynamic) version — custom malloc-based implementation
-------------------------------------------------------------
This system uses 8 bytes per array element.
-------------------------------------------------------------
Array size = 2639274 (elements), Offset = 0 (elements)
Memory per array = 20.1 MiB (= 0.0 GiB).
Total memory required = 60.4 MiB (= 0.1 GiB).
Each kernel will be executed 5 times.
-------------------------------------------------------------
Function    Best Rate MB/s  Avg time     Min time     Max time
Copy:           11818.9     0.004014     0.003573     0.005239
Scale:          12560.7     0.003431     0.003362     0.003522
Add:             9220.1     0.006893     0.006870     0.006921
Triad:           9124.5     0.006947     0.006942     0.006953
-------------------------------------------------------------
Solution Validates: avg error less than 1.000000e-13 on all three arrays
-------------------------------------------------------------



--- run 1 ---
-------------------------------------------------------------
STREAM (dynamic) version — custom malloc-based implementation
-------------------------------------------------------------
This system uses 8 bytes per array element.
-------------------------------------------------------------
Array size = 2796202 (elements), Offset = 0 (elements)
Memory per array = 21.3 MiB (= 0.0 GiB).
Total memory required = 64.0 MiB (= 0.1 GiB).
Each kernel will be executed 5 times.
-------------------------------------------------------------
Function    Best Rate MB/s  Avg time     Min time     Max time
Copy:           13112.3     0.003419     0.003412     0.003424
Scale:          12900.4     0.003849     0.003468     0.004538
Add:            10023.7     0.007130     0.006695     0.007282
Triad:          10125.0     0.006658     0.006628     0.006693
-------------------------------------------------------------
Solution Validates: avg error less than 1.000000e-13 on all three arrays
-------------------------------------------------------------



--- run 2 ---
-------------------------------------------------------------
STREAM (dynamic) version — custom malloc-based implementation
-------------------------------------------------------------
This system uses 8 bytes per array element.
-------------------------------------------------------------
Array size = 2796202 (elements), Offset = 0 (elements)
Memory per array = 21.3 MiB (= 0.0 GiB).
Total memory required = 64.0 MiB (= 0.1 GiB).
Each kernel will be executed 5 times.
-------------------------------------------------------------
Function    Best Rate MB/s  Avg time     Min time     Max time
Copy:           13002.4     0.003537     0.003441     0.003705
Scale:          12926.2     0.003503     0.003461     0.003574
Add:            10026.9     0.006856     0.006693     0.007315
Triad:          10157.1     0.006899     0.006607     0.007285
-------------------------------------------------------------
Solution Validates: avg error less than 1.000000e-13 on all three arrays
-------------------------------------------------------------



--- run 3 ---
-------------------------------------------------------------
STREAM (dynamic) version — custom malloc-based implementation
-------------------------------------------------------------
This system uses 8 bytes per array element.
-------------------------------------------------------------
Array size = 2796202 (elements), Offset = 0 (elements)
Memory per array = 21.3 MiB (= 0.0 GiB).
Total memory required = 64.0 MiB (= 0.1 GiB).
Each kernel will be executed 5 times.
-------------------------------------------------------------
Function    Best Rate MB/s  Avg time     Min time     Max time
Copy:           11708.4     0.004497     0.003821     0.006369
Scale:          11246.6     0.004283     0.003978     0.004875
Add:             9982.1     0.007191     0.006723     0.007509
Triad:          10011.9     0.007289     0.006703     0.007646
-------------------------------------------------------------
Solution Validates: avg error less than 1.000000e-13 on all three arrays
-------------------------------------------------------------


