--- run 1 ---
-------------------------------------------------------------
STREAM (dynamic) version — custom malloc-based implementation
-------------------------------------------------------------
This system uses 2 bytes per array element.
-------------------------------------------------------------
Array size = 43690 (elements), Offset = 0 (elements)
Memory per array = 0.1 MiB (= 0.0 GiB).
Total memory required = 0.2 MiB (= 0.0 GiB).
Each kernel will be executed 20 times.
-------------------------------------------------------------
Function    Best Rate MB/s  Avg time     Min time     Max time
Copy:           25275.7     0.000007     0.000007     0.000008
Scale:          13327.2     0.000014     0.000013     0.000014
Add:            21989.9     0.000013     0.000012     0.000013
Triad:          19990.8     0.000014     0.000013     0.000014
-------------------------------------------------------------
WEIRD: sizeof(STREAM_TYPE) = 2
Solution Validates: avg error less than 1.000000e-06 on all three arrays
-------------------------------------------------------------



--- run 2 ---
-------------------------------------------------------------
STREAM (dynamic) version — custom malloc-based implementation
-------------------------------------------------------------
This system uses 2 bytes per array element.
-------------------------------------------------------------
Array size = 43690 (elements), Offset = 0 (elements)
Memory per array = 0.1 MiB (= 0.0 GiB).
Total memory required = 0.2 MiB (= 0.0 GiB).
Each kernel will be executed 20 times.
-------------------------------------------------------------
Function    Best Rate MB/s  Avg time     Min time     Max time
Copy:           25275.7     0.000007     0.000007     0.000008
Scale:          13574.0     0.000014     0.000013     0.000014
Add:            21989.9     0.000013     0.000012     0.000013
Triad:          20361.0     0.000014     0.000013     0.000014
-------------------------------------------------------------
WEIRD: sizeof(STREAM_TYPE) = 2
Solution Validates: avg error less than 1.000000e-06 on all three arrays
-------------------------------------------------------------



--- run 3 ---
-------------------------------------------------------------
STREAM (dynamic) version — custom malloc-based implementation
-------------------------------------------------------------
This system uses 2 bytes per array element.
-------------------------------------------------------------
Array size = 43690 (elements), Offset = 0 (elements)
Memory per array = 0.1 MiB (= 0.0 GiB).
Total memory required = 0.2 MiB (= 0.0 GiB).
Each kernel will be executed 20 times.
-------------------------------------------------------------
Function    Best Rate MB/s  Avg time     Min time     Max time
Copy:           25275.7     0.000007     0.000007     0.000007
Scale:          13574.0     0.000014     0.000013     0.000014
Add:            21989.9     0.000013     0.000012     0.000013
Triad:          20361.0     0.000014     0.000013     0.000014
-------------------------------------------------------------
WEIRD: sizeof(STREAM_TYPE) = 2
Solution Validates: avg error less than 1.000000e-06 on all three arrays
-------------------------------------------------------------



--- run 1 ---
-------------------------------------------------------------
STREAM (dynamic) version — custom malloc-based implementation
-------------------------------------------------------------
This system uses 2 bytes per array element.
-------------------------------------------------------------
Array size = 48981 (elements), Offset = 0 (elements)
Memory per array = 0.1 MiB (= 0.0 GiB).
Total memory required = 0.3 MiB (= 0.0 GiB).
Each kernel will be executed 17 times.
-------------------------------------------------------------
Function    Best Rate MB/s  Avg time     Min time     Max time
Copy:           28336.7     0.000008     0.000007     0.000008
Scale:          13043.9     0.000015     0.000015     0.000016
Add:            21252.5     0.000014     0.000014     0.000015
Triad:          19881.4     0.000015     0.000015     0.000016
-------------------------------------------------------------
WEIRD: sizeof(STREAM_TYPE) = 2
Solution Validates: avg error less than 1.000000e-06 on all three arrays
-------------------------------------------------------------



--- run 2 ---
-------------------------------------------------------------
STREAM (dynamic) version — custom malloc-based implementation
-------------------------------------------------------------
This system uses 2 bytes per array element.
-------------------------------------------------------------
Array size = 48981 (elements), Offset = 0 (elements)
Memory per array = 0.1 MiB (= 0.0 GiB).
Total memory required = 0.3 MiB (= 0.0 GiB).
Each kernel will be executed 17 times.
-------------------------------------------------------------
Function    Best Rate MB/s  Avg time     Min time     Max time
Copy:           28336.7     0.000008     0.000007     0.000008
Scale:          13254.3     0.000015     0.000015     0.000016
Add:            21252.5     0.000014     0.000014     0.000014
Triad:          19881.4     0.000016     0.000015     0.000016
-------------------------------------------------------------
WEIRD: sizeof(STREAM_TYPE) = 2
Solution Validates: avg error less than 1.000000e-06 on all three arrays
-------------------------------------------------------------



--- run 3 ---
-------------------------------------------------------------
STREAM (dynamic) version — custom malloc-based implementation
-------------------------------------------------------------
This system uses 2 bytes per array element.
-------------------------------------------------------------
Array size = 48981 (elements), Offset = 0 (elements)
Memory per array = 0.1 MiB (= 0.0 GiB).
Total memory required = 0.3 MiB (= 0.0 GiB).
Each kernel will be executed 17 times.
-------------------------------------------------------------
Function    Best Rate MB/s  Avg time     Min time     Max time
Copy:           28336.7     0.000008     0.000007     0.000008
Scale:          13043.9     0.000015     0.000015     0.000016
Add:            21252.5     0.000014     0.000014     0.000015
Triad:          19881.4     0.000015     0.000015     0.000016
-------------------------------------------------------------
WEIRD: sizeof(STREAM_TYPE) = 2
Solution Validates: avg error less than 1.000000e-06 on all three arrays
-------------------------------------------------------------



--- run 1 ---
-------------------------------------------------------------
STREAM (dynamic) version — custom malloc-based implementation
-------------------------------------------------------------
This system uses 2 bytes per array element.
-------------------------------------------------------------
Array size = 55125 (elements), Offset = 0 (elements)
Memory per array = 0.1 MiB (= 0.0 GiB).
Total memory required = 0.3 MiB (= 0.0 GiB).
Each kernel will be executed 15 times.
-------------------------------------------------------------
Function    Best Rate MB/s  Avg time     Min time     Max time
Copy:           28025.6     0.000010     0.000008     0.000022
Scale:          13026.0     0.000018     0.000017     0.000018
Add:            20705.5     0.000016     0.000016     0.000018
Triad:          19539.0     0.000017     0.000017     0.000018
-------------------------------------------------------------
WEIRD: sizeof(STREAM_TYPE) = 2
Solution Validates: avg error less than 1.000000e-06 on all three arrays
-------------------------------------------------------------



--- run 2 ---
-------------------------------------------------------------
STREAM (dynamic) version — custom malloc-based implementation
-------------------------------------------------------------
This system uses 2 bytes per array element.
-------------------------------------------------------------
Array size = 55125 (elements), Offset = 0 (elements)
Memory per array = 0.1 MiB (= 0.0 GiB).
Total memory required = 0.3 MiB (= 0.0 GiB).
Each kernel will be executed 15 times.
-------------------------------------------------------------
Function    Best Rate MB/s  Avg time     Min time     Max time
Copy:           28025.6     0.000009     0.000008     0.000009
Scale:          13026.0     0.000021     0.000017     0.000073
Add:            22020.1     0.000016     0.000015     0.000016
Triad:          19539.0     0.000017     0.000017     0.000018
-------------------------------------------------------------
WEIRD: sizeof(STREAM_TYPE) = 2
Solution Validates: avg error less than 1.000000e-06 on all three arrays
-------------------------------------------------------------



--- run 3 ---
-------------------------------------------------------------
STREAM (dynamic) version — custom malloc-based implementation
-------------------------------------------------------------
This system uses 2 bytes per array element.
-------------------------------------------------------------
Array size = 55125 (elements), Offset = 0 (elements)
Memory per array = 0.1 MiB (= 0.0 GiB).
Total memory required = 0.3 MiB (= 0.0 GiB).
Each kernel will be executed 15 times.
-------------------------------------------------------------
Function    Best Rate MB/s  Avg time     Min time     Max time
Copy:           27201.3     0.000009     0.000008     0.000011
Scale:          13026.0     0.000018     0.000017     0.000018
Add:            22020.1     0.000016     0.000015     0.000018
Triad:          19539.0     0.000017     0.000017     0.000018
-------------------------------------------------------------
WEIRD: sizeof(STREAM_TYPE) = 2
Solution Validates: avg error less than 1.000000e-06 on all three arrays
-------------------------------------------------------------



--- run 1 ---
-------------------------------------------------------------
STREAM (dynamic) version — custom malloc-based implementation
-------------------------------------------------------------
This system uses 2 bytes per array element.
-------------------------------------------------------------
Array size = 61781 (elements), Offset = 0 (elements)
Memory per array = 0.1 MiB (= 0.0 GiB).
Total memory required = 0.4 MiB (= 0.0 GiB).
Each kernel will be executed 14 times.
-------------------------------------------------------------
Function    Best Rate MB/s  Avg time     Min time     Max time
Copy:           28013.9     0.000010     0.000009     0.000010
Scale:          12956.4     0.000020     0.000019     0.000020
Add:            21594.0     0.000018     0.000017     0.000018
Triad:          19680.6     0.000019     0.000019     0.000020
-------------------------------------------------------------
WEIRD: sizeof(STREAM_TYPE) = 2
Solution Validates: avg error less than 1.000000e-06 on all three arrays
-------------------------------------------------------------



--- run 2 ---
-------------------------------------------------------------
STREAM (dynamic) version — custom malloc-based implementation
-------------------------------------------------------------
This system uses 2 bytes per array element.
-------------------------------------------------------------
Array size = 61781 (elements), Offset = 0 (elements)
Memory per array = 0.1 MiB (= 0.0 GiB).
Total memory required = 0.4 MiB (= 0.0 GiB).
Each kernel will be executed 14 times.
-------------------------------------------------------------
Function    Best Rate MB/s  Avg time     Min time     Max time
Copy:           27276.7     0.000010     0.000009     0.000010
Scale:          13120.4     0.000020     0.000019     0.000020
Add:            21898.2     0.000018     0.000017     0.000018
Triad:          19434.6     0.000019     0.000019     0.000020
-------------------------------------------------------------
WEIRD: sizeof(STREAM_TYPE) = 2
Solution Validates: avg error less than 1.000000e-06 on all three arrays
-------------------------------------------------------------



--- run 3 ---
-------------------------------------------------------------
STREAM (dynamic) version — custom malloc-based implementation
-------------------------------------------------------------
This system uses 2 bytes per array element.
-------------------------------------------------------------
Array size = 61781 (elements), Offset = 0 (elements)
Memory per array = 0.1 MiB (= 0.0 GiB).
Total memory required = 0.4 MiB (= 0.0 GiB).
Each kernel will be executed 14 times.
-------------------------------------------------------------
Function    Best Rate MB/s  Avg time     Min time     Max time
Copy:           28013.9     0.000010     0.000009     0.000010
Scale:          13120.4     0.000019     0.000019     0.000020
Add:            21594.0     0.000018     0.000017     0.000018
Triad:          19680.6     0.000019     0.000019     0.000020
-------------------------------------------------------------
WEIRD: sizeof(STREAM_TYPE) = 2
Solution Validates: avg error less than 1.000000e-06 on all three arrays
-------------------------------------------------------------



--- run 1 ---
-------------------------------------------------------------
STREAM (dynamic) version — custom malloc-based implementation
-------------------------------------------------------------
This system uses 2 bytes per array element.
-------------------------------------------------------------
Array size = 69290 (elements), Offset = 0 (elements)
Memory per array = 0.1 MiB (= 0.0 GiB).
Total memory required = 0.4 MiB (= 0.0 GiB).
Each kernel will be executed 12 times.
-------------------------------------------------------------
Function    Best Rate MB/s  Avg time     Min time     Max time
Copy:           25271.6     0.000011     0.000011     0.000012
Scale:          13210.2     0.000022     0.000021     0.000022
Add:            21796.7     0.000020     0.000019     0.000020
Triad:          19815.2     0.000022     0.000021     0.000022
-------------------------------------------------------------
WEIRD: sizeof(STREAM_TYPE) = 2
Solution Validates: avg error less than 1.000000e-06 on all three arrays
-------------------------------------------------------------



--- run 2 ---
-------------------------------------------------------------
STREAM (dynamic) version — custom malloc-based implementation
-------------------------------------------------------------
This system uses 2 bytes per array element.
-------------------------------------------------------------
Array size = 69290 (elements), Offset = 0 (elements)
Memory per array = 0.1 MiB (= 0.0 GiB).
Total memory required = 0.4 MiB (= 0.0 GiB).
Each kernel will be executed 12 times.
-------------------------------------------------------------
Function    Best Rate MB/s  Avg time     Min time     Max time
Copy:           25271.6     0.000011     0.000011     0.000012
Scale:          13210.2     0.000021     0.000021     0.000022
Add:            22072.7     0.000020     0.000019     0.000020
Triad:          19815.2     0.000022     0.000021     0.000022
-------------------------------------------------------------
WEIRD: sizeof(STREAM_TYPE) = 2
Solution Validates: avg error less than 1.000000e-06 on all three arrays
-------------------------------------------------------------



--- run 3 ---
-------------------------------------------------------------
STREAM (dynamic) version — custom malloc-based implementation
-------------------------------------------------------------
This system uses 2 bytes per array element.
-------------------------------------------------------------
Array size = 69290 (elements), Offset = 0 (elements)
Memory per array = 0.1 MiB (= 0.0 GiB).
Total memory required = 0.4 MiB (= 0.0 GiB).
Each kernel will be executed 12 times.
-------------------------------------------------------------
Function    Best Rate MB/s  Avg time     Min time     Max time
Copy:           25271.6     0.000011     0.000011     0.000012
Scale:          13210.2     0.000022     0.000021     0.000022
Add:            21796.7     0.000020     0.000019     0.000020
Triad:          19815.2     0.000022     0.000021     0.000022
-------------------------------------------------------------
WEIRD: sizeof(STREAM_TYPE) = 2
Solution Validates: avg error less than 1.000000e-06 on all three arrays
-------------------------------------------------------------



--- run 1 ---
-------------------------------------------------------------
STREAM (dynamic) version — custom malloc-based implementation
-------------------------------------------------------------
This system uses 2 bytes per array element.
-------------------------------------------------------------
Array size = 77824 (elements), Offset = 0 (elements)
Memory per array = 0.1 MiB (= 0.0 GiB).
Total memory required = 0.4 MiB (= 0.0 GiB).
Each kernel will be executed 11 times.
-------------------------------------------------------------
Function    Best Rate MB/s  Avg time     Min time     Max time
Copy:           24179.1     0.000013     0.000013     0.000013
Scale:          13056.7     0.000024     0.000024     0.000024
Add:            20401.1     0.000023     0.000023     0.000023
Triad:          19585.1     0.000024     0.000024     0.000024
-------------------------------------------------------------
WEIRD: sizeof(STREAM_TYPE) = 2
Solution Validates: avg error less than 1.000000e-06 on all three arrays
-------------------------------------------------------------



--- run 2 ---
-------------------------------------------------------------
STREAM (dynamic) version — custom malloc-based implementation
-------------------------------------------------------------
This system uses 2 bytes per array element.
-------------------------------------------------------------
Array size = 77824 (elements), Offset = 0 (elements)
Memory per array = 0.1 MiB (= 0.0 GiB).
Total memory required = 0.4 MiB (= 0.0 GiB).
Each kernel will be executed 11 times.
-------------------------------------------------------------
Function    Best Rate MB/s  Avg time     Min time     Max time
Copy:           26113.4     0.000012     0.000012     0.000012
Scale:          12554.5     0.000025     0.000025     0.000025
Add:            21288.1     0.000022     0.000022     0.000022
Triad:          18831.8     0.000025     0.000025     0.000025
-------------------------------------------------------------
WEIRD: sizeof(STREAM_TYPE) = 2
Solution Validates: avg error less than 1.000000e-06 on all three arrays
-------------------------------------------------------------



--- run 3 ---
-------------------------------------------------------------
STREAM (dynamic) version — custom malloc-based implementation
-------------------------------------------------------------
This system uses 2 bytes per array element.
-------------------------------------------------------------
Array size = 77824 (elements), Offset = 0 (elements)
Memory per array = 0.1 MiB (= 0.0 GiB).
Total memory required = 0.4 MiB (= 0.0 GiB).
Each kernel will be executed 11 times.
-------------------------------------------------------------
Function    Best Rate MB/s  Avg time     Min time     Max time
Copy:           26113.4     0.000012     0.000012     0.000012
Scale:          13056.7     0.000024     0.000024     0.000025
Add:            21288.1     0.000022     0.000022     0.000022
Triad:          18831.8     0.000025     0.000025     0.000025
-------------------------------------------------------------
WEIRD: sizeof(STREAM_TYPE) = 2
Solution Validates: avg error less than 1.000000e-06 on all three arrays
-------------------------------------------------------------



--- run 1 ---
-------------------------------------------------------------
STREAM (dynamic) version — custom malloc-based implementation
-------------------------------------------------------------
This system uses 2 bytes per array element.
-------------------------------------------------------------
Array size = 87381 (elements), Offset = 0 (elements)
Memory per array = 0.2 MiB (= 0.0 GiB).
Total memory required = 0.5 MiB (= 0.0 GiB).
Each kernel will be executed 10 times.
-------------------------------------------------------------
Function    Best Rate MB/s  Avg time     Min time     Max time
Copy:           26654.7     0.000014     0.000013     0.000014
Scale:          12973.5     0.000028     0.000027     0.000028
Add:            20943.0     0.000025     0.000025     0.000026
Triad:          19460.3     0.000027     0.000027     0.000028
-------------------------------------------------------------
WEIRD: sizeof(STREAM_TYPE) = 2
Solution Validates: avg error less than 1.000000e-06 on all three arrays
-------------------------------------------------------------



--- run 2 ---
-------------------------------------------------------------
STREAM (dynamic) version — custom malloc-based implementation
-------------------------------------------------------------
This system uses 2 bytes per array element.
-------------------------------------------------------------
Array size = 87381 (elements), Offset = 0 (elements)
Memory per array = 0.2 MiB (= 0.0 GiB).
Total memory required = 0.5 MiB (= 0.0 GiB).
Each kernel will be executed 10 times.
-------------------------------------------------------------
Function    Best Rate MB/s  Avg time     Min time     Max time
Copy:           25276.0     0.000014     0.000014     0.000014
Scale:          12973.5     0.000028     0.000027     0.000028
Add:            21144.4     0.000025     0.000025     0.000026
Triad:          19460.3     0.000028     0.000027     0.000028
-------------------------------------------------------------
WEIRD: sizeof(STREAM_TYPE) = 2
Solution Validates: avg error less than 1.000000e-06 on all three arrays
-------------------------------------------------------------



--- run 3 ---
-------------------------------------------------------------
STREAM (dynamic) version — custom malloc-based implementation
-------------------------------------------------------------
This system uses 2 bytes per array element.
-------------------------------------------------------------
Array size = 87381 (elements), Offset = 0 (elements)
Memory per array = 0.2 MiB (= 0.0 GiB).
Total memory required = 0.5 MiB (= 0.0 GiB).
Each kernel will be executed 10 times.
-------------------------------------------------------------
Function    Best Rate MB/s  Avg time     Min time     Max time
Copy:           25276.0     0.000014     0.000014     0.000014
Scale:          12973.5     0.000029     0.000027     0.000041
Add:            20943.0     0.000025     0.000025     0.000026
Triad:          19460.3     0.000027     0.000027     0.000028
-------------------------------------------------------------
WEIRD: sizeof(STREAM_TYPE) = 2
Solution Validates: avg error less than 1.000000e-06 on all three arrays
-------------------------------------------------------------



--- run 1 ---
-------------------------------------------------------------
STREAM (dynamic) version — custom malloc-based implementation
-------------------------------------------------------------
This system uses 2 bytes per array element.
-------------------------------------------------------------
Array size = 98133 (elements), Offset = 0 (elements)
Memory per array = 0.2 MiB (= 0.0 GiB).
Total memory required = 0.6 MiB (= 0.0 GiB).
Each kernel will be executed 8 times.
-------------------------------------------------------------
Function    Best Rate MB/s  Avg time     Min time     Max time
Copy:           26133.3     0.000016     0.000015     0.000016
Scale:          13171.2     0.000031     0.000030     0.000031
Add:            21107.7     0.000028     0.000028     0.000028
Triad:          19600.0     0.000031     0.000030     0.000031
-------------------------------------------------------------
WEIRD: sizeof(STREAM_TYPE) = 2
Solution Validates: avg error less than 1.000000e-06 on all three arrays
-------------------------------------------------------------



--- run 2 ---
-------------------------------------------------------------
STREAM (dynamic) version — custom malloc-based implementation
-------------------------------------------------------------
This system uses 2 bytes per array element.
-------------------------------------------------------------
Array size = 98133 (elements), Offset = 0 (elements)
Memory per array = 0.2 MiB (= 0.0 GiB).
Total memory required = 0.6 MiB (= 0.0 GiB).
Each kernel will be executed 8 times.
-------------------------------------------------------------
Function    Best Rate MB/s  Avg time     Min time     Max time
Copy:           26133.3     0.000016     0.000015     0.000016
Scale:          13066.7     0.000031     0.000030     0.000031
Add:            21107.7     0.000028     0.000028     0.000029
Triad:          19756.8     0.000033     0.000030     0.000044
-------------------------------------------------------------
WEIRD: sizeof(STREAM_TYPE) = 2
Solution Validates: avg error less than 1.000000e-06 on all three arrays
-------------------------------------------------------------



--- run 3 ---
-------------------------------------------------------------
STREAM (dynamic) version — custom malloc-based implementation
-------------------------------------------------------------
This system uses 2 bytes per array element.
-------------------------------------------------------------
Array size = 98133 (elements), Offset = 0 (elements)
Memory per array = 0.2 MiB (= 0.0 GiB).
Total memory required = 0.6 MiB (= 0.0 GiB).
Each kernel will be executed 8 times.
-------------------------------------------------------------
Function    Best Rate MB/s  Avg time     Min time     Max time
Copy:           26133.3     0.000016     0.000015     0.000016
Scale:          13066.7     0.000031     0.000030     0.000031
Add:            21107.7     0.000030     0.000028     0.000042
Triad:          18996.9     0.000031     0.000031     0.000031
-------------------------------------------------------------
WEIRD: sizeof(STREAM_TYPE) = 2
Solution Validates: avg error less than 1.000000e-06 on all three arrays
-------------------------------------------------------------



--- run 1 ---
-------------------------------------------------------------
STREAM (dynamic) version — custom malloc-based implementation
-------------------------------------------------------------
This system uses 2 bytes per array element.
-------------------------------------------------------------
Array size = 110080 (elements), Offset = 0 (elements)
Memory per array = 0.2 MiB (= 0.0 GiB).
Total memory required = 0.6 MiB (= 0.0 GiB).
Each kernel will be executed 7 times.
-------------------------------------------------------------
Function    Best Rate MB/s  Avg time     Min time     Max time
Copy:           26011.8     0.000017     0.000017     0.000018
Scale:          12914.9     0.000035     0.000034     0.000035
Add:            21309.6     0.000031     0.000031     0.000032
Triad:          19372.4     0.000035     0.000034     0.000035
-------------------------------------------------------------
WEIRD: sizeof(STREAM_TYPE) = 2
Solution Validates: avg error less than 1.000000e-06 on all three arrays
-------------------------------------------------------------



--- run 2 ---
-------------------------------------------------------------
STREAM (dynamic) version — custom malloc-based implementation
-------------------------------------------------------------
This system uses 2 bytes per array element.
-------------------------------------------------------------
Array size = 110080 (elements), Offset = 0 (elements)
Memory per array = 0.2 MiB (= 0.0 GiB).
Total memory required = 0.6 MiB (= 0.0 GiB).
Each kernel will be executed 7 times.
-------------------------------------------------------------
Function    Best Rate MB/s  Avg time     Min time     Max time
Copy:           26011.8     0.000017     0.000017     0.000018
Scale:          12914.9     0.000037     0.000034     0.000047
Add:            21309.6     0.000032     0.000031     0.000032
Triad:          19372.4     0.000034     0.000034     0.000035
-------------------------------------------------------------
WEIRD: sizeof(STREAM_TYPE) = 2
Solution Validates: avg error less than 1.000000e-06 on all three arrays
-------------------------------------------------------------



--- run 3 ---
-------------------------------------------------------------
STREAM (dynamic) version — custom malloc-based implementation
-------------------------------------------------------------
This system uses 2 bytes per array element.
-------------------------------------------------------------
Array size = 110080 (elements), Offset = 0 (elements)
Memory per array = 0.2 MiB (= 0.0 GiB).
Total memory required = 0.6 MiB (= 0.0 GiB).
Each kernel will be executed 7 times.
-------------------------------------------------------------
Function    Best Rate MB/s  Avg time     Min time     Max time
Copy:           26011.8     0.000017     0.000017     0.000018
Scale:          12914.9     0.000035     0.000034     0.000035
Add:            21309.6     0.000032     0.000031     0.000032
Triad:          19372.4     0.000035     0.000034     0.000035
-------------------------------------------------------------
WEIRD: sizeof(STREAM_TYPE) = 2
Solution Validates: avg error less than 1.000000e-06 on all three arrays
-------------------------------------------------------------



--- run 1 ---
-------------------------------------------------------------
STREAM (dynamic) version — custom malloc-based implementation
-------------------------------------------------------------
This system uses 2 bytes per array element.
-------------------------------------------------------------
Array size = 123562 (elements), Offset = 0 (elements)
Memory per array = 0.2 MiB (= 0.0 GiB).
Total memory required = 0.7 MiB (= 0.0 GiB).
Each kernel will be executed 7 times.
-------------------------------------------------------------
Function    Best Rate MB/s  Avg time     Min time     Max time
Copy:           24976.2     0.000020     0.000020     0.000020
Scale:          12956.4     0.000039     0.000038     0.000039
Add:            21298.2     0.000035     0.000035     0.000035
Triad:          19076.9     0.000039     0.000039     0.000039
-------------------------------------------------------------
WEIRD: sizeof(STREAM_TYPE) = 2
Solution Validates: avg error less than 1.000000e-06 on all three arrays
-------------------------------------------------------------



--- run 2 ---
-------------------------------------------------------------
STREAM (dynamic) version — custom malloc-based implementation
-------------------------------------------------------------
This system uses 2 bytes per array element.
-------------------------------------------------------------
Array size = 123562 (elements), Offset = 0 (elements)
Memory per array = 0.2 MiB (= 0.0 GiB).
Total memory required = 0.7 MiB (= 0.0 GiB).
Each kernel will be executed 7 times.
-------------------------------------------------------------
Function    Best Rate MB/s  Avg time     Min time     Max time
Copy:           26240.8     0.000019     0.000019     0.000020
Scale:          12718.0     0.000039     0.000039     0.000039
Add:            21153.3     0.000035     0.000035     0.000036
Triad:          19434.6     0.000041     0.000038     0.000052
-------------------------------------------------------------
WEIRD: sizeof(STREAM_TYPE) = 2
Solution Validates: avg error less than 1.000000e-06 on all three arrays
-------------------------------------------------------------



--- run 3 ---
-------------------------------------------------------------
STREAM (dynamic) version — custom malloc-based implementation
-------------------------------------------------------------
This system uses 2 bytes per array element.
-------------------------------------------------------------
Array size = 123562 (elements), Offset = 0 (elements)
Memory per array = 0.2 MiB (= 0.0 GiB).
Total memory required = 0.7 MiB (= 0.0 GiB).
Each kernel will be executed 7 times.
-------------------------------------------------------------
Function    Best Rate MB/s  Avg time     Min time     Max time
Copy:           26240.8     0.000020     0.000019     0.000020
Scale:          12956.4     0.000039     0.000038     0.000039
Add:            21298.2     0.000035     0.000035     0.000036
Triad:          19076.9     0.000039     0.000039     0.000039
-------------------------------------------------------------
WEIRD: sizeof(STREAM_TYPE) = 2
Solution Validates: avg error less than 1.000000e-06 on all three arrays
-------------------------------------------------------------



--- run 1 ---
-------------------------------------------------------------
STREAM (dynamic) version — custom malloc-based implementation
-------------------------------------------------------------
This system uses 2 bytes per array element.
-------------------------------------------------------------
Array size = 138752 (elements), Offset = 0 (elements)
Memory per array = 0.3 MiB (= 0.0 GiB).
Total memory required = 0.8 MiB (= 0.0 GiB).
Each kernel will be executed 6 times.
-------------------------------------------------------------
Function    Best Rate MB/s  Avg time     Min time     Max time
Copy:           25303.0     0.000022     0.000022     0.000022
Scale:          12861.2     0.000044     0.000043     0.000044
Add:            21422.1     0.000039     0.000039     0.000040
Triad:          19291.8     0.000044     0.000043     0.000044
-------------------------------------------------------------
WEIRD: sizeof(STREAM_TYPE) = 2
Solution Validates: avg error less than 1.000000e-06 on all three arrays
-------------------------------------------------------------



--- run 2 ---
-------------------------------------------------------------
STREAM (dynamic) version — custom malloc-based implementation
-------------------------------------------------------------
This system uses 2 bytes per array element.
-------------------------------------------------------------
Array size = 138752 (elements), Offset = 0 (elements)
Memory per array = 0.3 MiB (= 0.0 GiB).
Total memory required = 0.8 MiB (= 0.0 GiB).
Each kernel will be executed 6 times.
-------------------------------------------------------------
Function    Best Rate MB/s  Avg time     Min time     Max time
Copy:           25303.0     0.000025     0.000022     0.000037
Scale:          12932.6     0.000043     0.000043     0.000044
Add:            20784.6     0.000040     0.000040     0.000040
Triad:          19398.9     0.000044     0.000043     0.000044
-------------------------------------------------------------
WEIRD: sizeof(STREAM_TYPE) = 2
Solution Validates: avg error less than 1.000000e-06 on all three arrays
-------------------------------------------------------------



--- run 3 ---
-------------------------------------------------------------
STREAM (dynamic) version — custom malloc-based implementation
-------------------------------------------------------------
This system uses 2 bytes per array element.
-------------------------------------------------------------
Array size = 138752 (elements), Offset = 0 (elements)
Memory per array = 0.3 MiB (= 0.0 GiB).
Total memory required = 0.8 MiB (= 0.0 GiB).
Each kernel will be executed 6 times.
-------------------------------------------------------------
Function    Best Rate MB/s  Avg time     Min time     Max time
Copy:           25303.0     0.000022     0.000022     0.000022
Scale:          12932.6     0.000043     0.000043     0.000044
Add:            20909.0     0.000040     0.000040     0.000040
Triad:          19291.8     0.000044     0.000043     0.000044
-------------------------------------------------------------
WEIRD: sizeof(STREAM_TYPE) = 2
Solution Validates: avg error less than 1.000000e-06 on all three arrays
-------------------------------------------------------------



--- run 1 ---
-------------------------------------------------------------
STREAM (dynamic) version — custom malloc-based implementation
-------------------------------------------------------------
This system uses 2 bytes per array element.
-------------------------------------------------------------
Array size = 155648 (elements), Offset = 0 (elements)
Memory per array = 0.3 MiB (= 0.0 GiB).
Total memory required = 0.9 MiB (= 0.0 GiB).
Each kernel will be executed 5 times.
-------------------------------------------------------------
Function    Best Rate MB/s  Avg time     Min time     Max time
Copy:           25109.0     0.000026     0.000025     0.000028
Scale:          12676.4     0.000054     0.000049     0.000069
Add:            20724.9     0.000046     0.000045     0.000046
Triad:          19107.4     0.000049     0.000049     0.000049
-------------------------------------------------------------
WEIRD: sizeof(STREAM_TYPE) = 2
Solution Validates: avg error less than 1.000000e-06 on all three arrays
-------------------------------------------------------------



--- run 2 ---
-------------------------------------------------------------
STREAM (dynamic) version — custom malloc-based implementation
-------------------------------------------------------------
This system uses 2 bytes per array element.
-------------------------------------------------------------
Array size = 155648 (elements), Offset = 0 (elements)
Memory per array = 0.3 MiB (= 0.0 GiB).
Total memory required = 0.9 MiB (= 0.0 GiB).
Each kernel will be executed 5 times.
-------------------------------------------------------------
Function    Best Rate MB/s  Avg time     Min time     Max time
Copy:           25854.9     0.000025     0.000024     0.000025
Scale:          12927.4     0.000049     0.000048     0.000049
Add:            20835.2     0.000045     0.000045     0.000046
Triad:          19107.4     0.000049     0.000049     0.000050
-------------------------------------------------------------
WEIRD: sizeof(STREAM_TYPE) = 2
Solution Validates: avg error less than 1.000000e-06 on all three arrays
-------------------------------------------------------------



--- run 3 ---
-------------------------------------------------------------
STREAM (dynamic) version — custom malloc-based implementation
-------------------------------------------------------------
This system uses 2 bytes per array element.
-------------------------------------------------------------
Array size = 155648 (elements), Offset = 0 (elements)
Memory per array = 0.3 MiB (= 0.0 GiB).
Total memory required = 0.9 MiB (= 0.0 GiB).
Each kernel will be executed 5 times.
-------------------------------------------------------------
Function    Best Rate MB/s  Avg time     Min time     Max time
Copy:           25109.0     0.000025     0.000025     0.000025
Scale:          12927.4     0.000052     0.000048     0.000063
Add:            20724.9     0.000046     0.000045     0.000048
Triad:          19014.6     0.000050     0.000049     0.000052
-------------------------------------------------------------
WEIRD: sizeof(STREAM_TYPE) = 2
Solution Validates: avg error less than 1.000000e-06 on all three arrays
-------------------------------------------------------------



--- run 1 ---
-------------------------------------------------------------
STREAM (dynamic) version — custom malloc-based implementation
-------------------------------------------------------------
This system uses 2 bytes per array element.
-------------------------------------------------------------
Array size = 174762 (elements), Offset = 0 (elements)
Memory per array = 0.3 MiB (= 0.0 GiB).
Total memory required = 1.0 MiB (= 0.0 GiB).
Each kernel will be executed 5 times.
-------------------------------------------------------------
Function    Best Rate MB/s  Avg time     Min time     Max time
Copy:           25060.0     0.000028     0.000028     0.000029
Scale:          12916.4     0.000055     0.000054     0.000055
Add:            21043.2     0.000050     0.000050     0.000051
Triad:          19374.6     0.000059     0.000054     0.000071
-------------------------------------------------------------
WEIRD: sizeof(STREAM_TYPE) = 2
Solution Validates: avg error less than 1.000000e-06 on all three arrays
-------------------------------------------------------------



--- run 2 ---
-------------------------------------------------------------
STREAM (dynamic) version — custom malloc-based implementation
-------------------------------------------------------------
This system uses 2 bytes per array element.
-------------------------------------------------------------
Array size = 174762 (elements), Offset = 0 (elements)
Memory per array = 0.3 MiB (= 0.0 GiB).
Total memory required = 1.0 MiB (= 0.0 GiB).
Each kernel will be executed 5 times.
-------------------------------------------------------------
Function    Best Rate MB/s  Avg time     Min time     Max time
Copy:           25947.1     0.000027     0.000027     0.000028
Scale:          12747.9     0.000055     0.000055     0.000055
Add:            20943.0     0.000051     0.000050     0.000051
Triad:          19374.6     0.000055     0.000054     0.000055
-------------------------------------------------------------
WEIRD: sizeof(STREAM_TYPE) = 2
Solution Validates: avg error less than 1.000000e-06 on all three arrays
-------------------------------------------------------------



--- run 3 ---
-------------------------------------------------------------
STREAM (dynamic) version — custom malloc-based implementation
-------------------------------------------------------------
This system uses 2 bytes per array element.
-------------------------------------------------------------
Array size = 174762 (elements), Offset = 0 (elements)
Memory per array = 0.3 MiB (= 0.0 GiB).
Total memory required = 1.0 MiB (= 0.0 GiB).
Each kernel will be executed 5 times.
-------------------------------------------------------------
Function    Best Rate MB/s  Avg time     Min time     Max time
Copy:           25947.1     0.000027     0.000027     0.000028
Scale:          12973.5     0.000055     0.000054     0.000055
Add:            21043.2     0.000050     0.000050     0.000050
Triad:          19460.3     0.000055     0.000054     0.000055
-------------------------------------------------------------
WEIRD: sizeof(STREAM_TYPE) = 2
Solution Validates: avg error less than 1.000000e-06 on all three arrays
-------------------------------------------------------------



--- run 1 ---
-------------------------------------------------------------
STREAM (dynamic) version — custom malloc-based implementation
-------------------------------------------------------------
This system uses 2 bytes per array element.
-------------------------------------------------------------
Array size = 196096 (elements), Offset = 0 (elements)
Memory per array = 0.4 MiB (= 0.0 GiB).
Total memory required = 1.1 MiB (= 0.0 GiB).
Each kernel will be executed 5 times.
-------------------------------------------------------------
Function    Best Rate MB/s  Avg time     Min time     Max time
Copy:           25307.3     0.000032     0.000031     0.000032
Scale:          12851.3     0.000062     0.000061     0.000062
Add:            21089.4     0.000060     0.000056     0.000072
Triad:          18980.5     0.000062     0.000062     0.000063
-------------------------------------------------------------
WEIRD: sizeof(STREAM_TYPE) = 2
Solution Validates: avg error less than 1.000000e-06 on all three arrays
-------------------------------------------------------------



--- run 2 ---
-------------------------------------------------------------
STREAM (dynamic) version — custom malloc-based implementation
-------------------------------------------------------------
This system uses 2 bytes per array element.
-------------------------------------------------------------
Array size = 196096 (elements), Offset = 0 (elements)
Memory per array = 0.4 MiB (= 0.0 GiB).
Total memory required = 1.1 MiB (= 0.0 GiB).
Each kernel will be executed 5 times.
-------------------------------------------------------------
Function    Best Rate MB/s  Avg time     Min time     Max time
Copy:           25307.3     0.000031     0.000031     0.000031
Scale:          12851.3     0.000061     0.000061     0.000061
Add:            20999.6     0.000056     0.000056     0.000057
Triad:          19277.0     0.000062     0.000061     0.000062
-------------------------------------------------------------
WEIRD: sizeof(STREAM_TYPE) = 2
Solution Validates: avg error less than 1.000000e-06 on all three arrays
-------------------------------------------------------------



--- run 3 ---
-------------------------------------------------------------
STREAM (dynamic) version — custom malloc-based implementation
-------------------------------------------------------------
This system uses 2 bytes per array element.
-------------------------------------------------------------
Array size = 196096 (elements), Offset = 0 (elements)
Memory per array = 0.4 MiB (= 0.0 GiB).
Total memory required = 1.1 MiB (= 0.0 GiB).
Each kernel will be executed 5 times.
-------------------------------------------------------------
Function    Best Rate MB/s  Avg time     Min time     Max time
Copy:           26319.6     0.000031     0.000030     0.000031
Scale:          12901.7     0.000061     0.000061     0.000062
Add:            20999.6     0.000056     0.000056     0.000056
Triad:          19352.6     0.000062     0.000061     0.000062
-------------------------------------------------------------
WEIRD: sizeof(STREAM_TYPE) = 2
Solution Validates: avg error less than 1.000000e-06 on all three arrays
-------------------------------------------------------------



--- run 1 ---
-------------------------------------------------------------
STREAM (dynamic) version — custom malloc-based implementation
-------------------------------------------------------------
This system uses 2 bytes per array element.
-------------------------------------------------------------
Array size = 220160 (elements), Offset = 0 (elements)
Memory per array = 0.4 MiB (= 0.0 GiB).
Total memory required = 1.3 MiB (= 0.0 GiB).
Each kernel will be executed 5 times.
-------------------------------------------------------------
Function    Best Rate MB/s  Avg time     Min time     Max time
Copy:           26011.8     0.000035     0.000034     0.000035
Scale:          12736.8     0.000073     0.000069     0.000084
Add:            20986.8     0.000063     0.000063     0.000064
Triad:          19171.3     0.000069     0.000069     0.000070
-------------------------------------------------------------
WEIRD: sizeof(STREAM_TYPE) = 2
Solution Validates: avg error less than 1.000000e-06 on all three arrays
-------------------------------------------------------------



--- run 2 ---
-------------------------------------------------------------
STREAM (dynamic) version — custom malloc-based implementation
-------------------------------------------------------------
This system uses 2 bytes per array element.
-------------------------------------------------------------
Array size = 220160 (elements), Offset = 0 (elements)
Memory per array = 0.4 MiB (= 0.0 GiB).
Total memory required = 1.3 MiB (= 0.0 GiB).
Each kernel will be executed 5 times.
-------------------------------------------------------------
Function    Best Rate MB/s  Avg time     Min time     Max time
Copy:           25829.9     0.000035     0.000034     0.000035
Scale:          12780.9     0.000069     0.000069     0.000069
Add:            21309.6     0.000063     0.000062     0.000063
Triad:          19171.3     0.000069     0.000069     0.000069
-------------------------------------------------------------
WEIRD: sizeof(STREAM_TYPE) = 2
Solution Validates: avg error less than 1.000000e-06 on all three arrays
-------------------------------------------------------------



--- run 3 ---
-------------------------------------------------------------
STREAM (dynamic) version — custom malloc-based implementation
-------------------------------------------------------------
This system uses 2 bytes per array element.
-------------------------------------------------------------
Array size = 220160 (elements), Offset = 0 (elements)
Memory per array = 0.4 MiB (= 0.0 GiB).
Total memory required = 1.3 MiB (= 0.0 GiB).
Each kernel will be executed 5 times.
-------------------------------------------------------------
Function    Best Rate MB/s  Avg time     Min time     Max time
Copy:           25127.0     0.000036     0.000035     0.000037
Scale:          12780.9     0.000069     0.000069     0.000069
Add:            20986.8     0.000063     0.000063     0.000064
Triad:          19171.3     0.000069     0.000069     0.000070
-------------------------------------------------------------
WEIRD: sizeof(STREAM_TYPE) = 2
Solution Validates: avg error less than 1.000000e-06 on all three arrays
-------------------------------------------------------------



--- run 1 ---
-------------------------------------------------------------
STREAM (dynamic) version — custom malloc-based implementation
-------------------------------------------------------------
This system uses 2 bytes per array element.
-------------------------------------------------------------
Array size = 247125 (elements), Offset = 0 (elements)
Memory per array = 0.5 MiB (= 0.0 GiB).
Total memory required = 1.4 MiB (= 0.0 GiB).
Each kernel will be executed 5 times.
-------------------------------------------------------------
Function    Best Rate MB/s  Avg time     Min time     Max time
Copy:           25436.0     0.000040     0.000039     0.000041
Scale:          12836.1     0.000077     0.000077     0.000078
Add:            21225.6     0.000071     0.000070     0.000071
Triad:          19254.2     0.000078     0.000077     0.000078
-------------------------------------------------------------
WEIRD: sizeof(STREAM_TYPE) = 2
Solution Validates: avg error less than 1.000000e-06 on all three arrays
-------------------------------------------------------------



--- run 2 ---
-------------------------------------------------------------
STREAM (dynamic) version — custom malloc-based implementation
-------------------------------------------------------------
This system uses 2 bytes per array element.
-------------------------------------------------------------
Array size = 247125 (elements), Offset = 0 (elements)
Memory per array = 0.5 MiB (= 0.0 GiB).
Total memory required = 1.4 MiB (= 0.0 GiB).
Each kernel will be executed 5 times.
-------------------------------------------------------------
Function    Best Rate MB/s  Avg time     Min time     Max time
Copy:           25436.0     0.000039     0.000039     0.000039
Scale:          12836.1     0.000081     0.000077     0.000091
Add:            21225.6     0.000071     0.000070     0.000072
Triad:          19254.2     0.000077     0.000077     0.000078
-------------------------------------------------------------
WEIRD: sizeof(STREAM_TYPE) = 2
Solution Validates: avg error less than 1.000000e-06 on all three arrays
-------------------------------------------------------------



--- run 3 ---
-------------------------------------------------------------
STREAM (dynamic) version — custom malloc-based implementation
-------------------------------------------------------------
This system uses 2 bytes per array element.
-------------------------------------------------------------
Array size = 247125 (elements), Offset = 0 (elements)
Memory per array = 0.5 MiB (= 0.0 GiB).
Total memory required = 1.4 MiB (= 0.0 GiB).
Each kernel will be executed 5 times.
-------------------------------------------------------------
Function    Best Rate MB/s  Avg time     Min time     Max time
Copy:           24679.0     0.000040     0.000040     0.000040
Scale:          12836.1     0.000077     0.000077     0.000078
Add:            20939.7     0.000071     0.000071     0.000072
Triad:          19254.2     0.000077     0.000077     0.000078
-------------------------------------------------------------
WEIRD: sizeof(STREAM_TYPE) = 2
Solution Validates: avg error less than 1.000000e-06 on all three arrays
-------------------------------------------------------------



--- run 1 ---
-------------------------------------------------------------
STREAM (dynamic) version — custom malloc-based implementation
-------------------------------------------------------------
This system uses 2 bytes per array element.
-------------------------------------------------------------
Array size = 277333 (elements), Offset = 0 (elements)
Memory per array = 0.5 MiB (= 0.0 GiB).
Total memory required = 1.6 MiB (= 0.0 GiB).
Each kernel will be executed 5 times.
-------------------------------------------------------------
Function    Best Rate MB/s  Avg time     Min time     Max time
Copy:           23618.7     0.000051     0.000047     0.000064
Scale:          12747.6     0.000087     0.000087     0.000088
Add:            19998.0     0.000085     0.000083     0.000086
Triad:          19121.4     0.000088     0.000087     0.000088
-------------------------------------------------------------
WEIRD: sizeof(STREAM_TYPE) = 2
Solution Validates: avg error less than 1.000000e-06 on all three arrays
-------------------------------------------------------------



--- run 2 ---
-------------------------------------------------------------
STREAM (dynamic) version — custom malloc-based implementation
-------------------------------------------------------------
This system uses 2 bytes per array element.
-------------------------------------------------------------
Array size = 277333 (elements), Offset = 0 (elements)
Memory per array = 0.5 MiB (= 0.0 GiB).
Total memory required = 1.6 MiB (= 0.0 GiB).
Each kernel will be executed 5 times.
-------------------------------------------------------------
Function    Best Rate MB/s  Avg time     Min time     Max time
Copy:           25287.4     0.000045     0.000044     0.000047
Scale:          12782.6     0.000087     0.000087     0.000087
Add:            20833.8     0.000081     0.000080     0.000082
Triad:          18914.1     0.000091     0.000088     0.000101
-------------------------------------------------------------
WEIRD: sizeof(STREAM_TYPE) = 2
Solution Validates: avg error less than 1.000000e-06 on all three arrays
-------------------------------------------------------------



--- run 3 ---
-------------------------------------------------------------
STREAM (dynamic) version — custom malloc-based implementation
-------------------------------------------------------------
This system uses 2 bytes per array element.
-------------------------------------------------------------
Array size = 277333 (elements), Offset = 0 (elements)
Memory per array = 0.5 MiB (= 0.0 GiB).
Total memory required = 1.6 MiB (= 0.0 GiB).
Each kernel will be executed 5 times.
-------------------------------------------------------------
Function    Best Rate MB/s  Avg time     Min time     Max time
Copy:           25287.4     0.000044     0.000044     0.000046
Scale:          12747.6     0.000087     0.000087     0.000087
Add:            21022.0     0.000080     0.000079     0.000082
Triad:          19121.4     0.000087     0.000087     0.000088
-------------------------------------------------------------
WEIRD: sizeof(STREAM_TYPE) = 2
Solution Validates: avg error less than 1.000000e-06 on all three arrays
-------------------------------------------------------------



--- run 1 ---
-------------------------------------------------------------
STREAM (dynamic) version — custom malloc-based implementation
-------------------------------------------------------------
This system uses 2 bytes per array element.
-------------------------------------------------------------
Array size = 311466 (elements), Offset = 0 (elements)
Memory per array = 0.6 MiB (= 0.0 GiB).
Total memory required = 1.8 MiB (= 0.0 GiB).
Each kernel will be executed 5 times.
-------------------------------------------------------------
Function    Best Rate MB/s  Avg time     Min time     Max time
Copy:           23538.4     0.000054     0.000053     0.000055
Scale:          12839.1     0.000098     0.000097     0.000098
Add:            20306.5     0.000098     0.000092     0.000113
Triad:          18842.1     0.000100     0.000099     0.000100
-------------------------------------------------------------
WEIRD: sizeof(STREAM_TYPE) = 2
Solution Validates: avg error less than 1.000000e-06 on all three arrays
-------------------------------------------------------------



--- run 2 ---
-------------------------------------------------------------
STREAM (dynamic) version — custom malloc-based implementation
-------------------------------------------------------------
This system uses 2 bytes per array element.
-------------------------------------------------------------
Array size = 311466 (elements), Offset = 0 (elements)
Memory per array = 0.6 MiB (= 0.0 GiB).
Total memory required = 1.8 MiB (= 0.0 GiB).
Each kernel will be executed 5 times.
-------------------------------------------------------------
Function    Best Rate MB/s  Avg time     Min time     Max time
Copy:           25002.5     0.000051     0.000050     0.000053
Scale:          12714.2     0.000098     0.000098     0.000099
Add:            20573.0     0.000092     0.000091     0.000092
Triad:          18887.5     0.000100     0.000099     0.000101
-------------------------------------------------------------
WEIRD: sizeof(STREAM_TYPE) = 2
Solution Validates: avg error less than 1.000000e-06 on all three arrays
-------------------------------------------------------------



--- run 3 ---
-------------------------------------------------------------
STREAM (dynamic) version — custom malloc-based implementation
-------------------------------------------------------------
This system uses 2 bytes per array element.
-------------------------------------------------------------
Array size = 311466 (elements), Offset = 0 (elements)
Memory per array = 0.6 MiB (= 0.0 GiB).
Total memory required = 1.8 MiB (= 0.0 GiB).
Each kernel will be executed 5 times.
-------------------------------------------------------------
Function    Best Rate MB/s  Avg time     Min time     Max time
Copy:           23538.4     0.000055     0.000053     0.000057
Scale:          12839.1     0.000098     0.000097     0.000098
Add:            20098.2     0.000094     0.000093     0.000094
Triad:          18887.5     0.000099     0.000099     0.000100
-------------------------------------------------------------
WEIRD: sizeof(STREAM_TYPE) = 2
Solution Validates: avg error less than 1.000000e-06 on all three arrays
-------------------------------------------------------------



--- run 1 ---
-------------------------------------------------------------
STREAM (dynamic) version — custom malloc-based implementation
-------------------------------------------------------------
This system uses 2 bytes per array element.
-------------------------------------------------------------
Array size = 349525 (elements), Offset = 0 (elements)
Memory per array = 0.7 MiB (= 0.0 GiB).
Total memory required = 2.0 MiB (= 0.0 GiB).
Each kernel will be executed 5 times.
-------------------------------------------------------------
Function    Best Rate MB/s  Avg time     Min time     Max time
Copy:           23362.8     0.000060     0.000060     0.000061
Scale:          12831.6     0.000110     0.000109     0.000110
Add:            19590.4     0.000108     0.000107     0.000109
Triad:          18916.3     0.000112     0.000111     0.000113
-------------------------------------------------------------
WEIRD: sizeof(STREAM_TYPE) = 2
Solution Validates: avg error less than 1.000000e-06 on all three arrays
-------------------------------------------------------------



--- run 2 ---
-------------------------------------------------------------
STREAM (dynamic) version — custom malloc-based implementation
-------------------------------------------------------------
This system uses 2 bytes per array element.
-------------------------------------------------------------
Array size = 349525 (elements), Offset = 0 (elements)
Memory per array = 0.7 MiB (= 0.0 GiB).
Total memory required = 2.0 MiB (= 0.0 GiB).
Each kernel will be executed 5 times.
-------------------------------------------------------------
Function    Best Rate MB/s  Avg time     Min time     Max time
Copy:           24953.4     0.000057     0.000056     0.000058
Scale:          12610.9     0.000111     0.000111     0.000112
Add:            20551.6     0.000105     0.000102     0.000107
Triad:          18401.9     0.000116     0.000114     0.000117
-------------------------------------------------------------
WEIRD: sizeof(STREAM_TYPE) = 2
Solution Validates: avg error less than 1.000000e-06 on all three arrays
-------------------------------------------------------------



--- run 3 ---
-------------------------------------------------------------
STREAM (dynamic) version — custom malloc-based implementation
-------------------------------------------------------------
This system uses 2 bytes per array element.
-------------------------------------------------------------
Array size = 349525 (elements), Offset = 0 (elements)
Memory per array = 0.7 MiB (= 0.0 GiB).
Total memory required = 2.0 MiB (= 0.0 GiB).
Each kernel will be executed 5 times.
-------------------------------------------------------------
Function    Best Rate MB/s  Avg time     Min time     Max time
Copy:           23362.8     0.000061     0.000060     0.000063
Scale:          12831.6     0.000109     0.000109     0.000110
Add:            19590.4     0.000109     0.000107     0.000110
Triad:          18401.9     0.000115     0.000114     0.000116
-------------------------------------------------------------
WEIRD: sizeof(STREAM_TYPE) = 2
Solution Validates: avg error less than 1.000000e-06 on all three arrays
-------------------------------------------------------------



--- run 1 ---
-------------------------------------------------------------
STREAM (dynamic) version — custom malloc-based implementation
-------------------------------------------------------------
This system uses 2 bytes per array element.
-------------------------------------------------------------
Array size = 392362 (elements), Offset = 0 (elements)
Memory per array = 0.7 MiB (= 0.0 GiB).
Total memory required = 2.2 MiB (= 0.0 GiB).
Each kernel will be executed 5 times.
-------------------------------------------------------------
Function    Best Rate MB/s  Avg time     Min time     Max time
Copy:           23426.1     0.000068     0.000067     0.000071
Scale:          12782.0     0.000123     0.000123     0.000124
Add:            19475.6     0.000122     0.000121     0.000127
Triad:          18421.9     0.000129     0.000128     0.000130
-------------------------------------------------------------
WEIRD: sizeof(STREAM_TYPE) = 2
Solution Validates: avg error less than 1.000000e-06 on all three arrays
-------------------------------------------------------------



--- run 2 ---
-------------------------------------------------------------
STREAM (dynamic) version — custom malloc-based implementation
-------------------------------------------------------------
This system uses 2 bytes per array element.
-------------------------------------------------------------
Array size = 392362 (elements), Offset = 0 (elements)
Memory per array = 0.7 MiB (= 0.0 GiB).
Total memory required = 2.2 MiB (= 0.0 GiB).
Each kernel will be executed 5 times.
-------------------------------------------------------------
Function    Best Rate MB/s  Avg time     Min time     Max time
Copy:           23850.5     0.000067     0.000066     0.000068
Scale:          12562.5     0.000125     0.000125     0.000125
Add:            19630.4     0.000123     0.000120     0.000134
Triad:          18251.6     0.000130     0.000129     0.000132
-------------------------------------------------------------
WEIRD: sizeof(STREAM_TYPE) = 2
Solution Validates: avg error less than 1.000000e-06 on all three arrays
-------------------------------------------------------------



--- run 3 ---
-------------------------------------------------------------
STREAM (dynamic) version — custom malloc-based implementation
-------------------------------------------------------------
This system uses 2 bytes per array element.
-------------------------------------------------------------
Array size = 392362 (elements), Offset = 0 (elements)
Memory per array = 0.7 MiB (= 0.0 GiB).
Total memory required = 2.2 MiB (= 0.0 GiB).
Each kernel will be executed 5 times.
-------------------------------------------------------------
Function    Best Rate MB/s  Avg time     Min time     Max time
Copy:           22466.7     0.000071     0.000070     0.000073
Scale:          12659.1     0.000125     0.000124     0.000125
Add:            19437.2     0.000122     0.000121     0.000123
Triad:          18387.5     0.000129     0.000128     0.000130
-------------------------------------------------------------
WEIRD: sizeof(STREAM_TYPE) = 2
Solution Validates: avg error less than 1.000000e-06 on all three arrays
-------------------------------------------------------------



--- run 1 ---
-------------------------------------------------------------
STREAM (dynamic) version — custom malloc-based implementation
-------------------------------------------------------------
This system uses 2 bytes per array element.
-------------------------------------------------------------
Array size = 440320 (elements), Offset = 0 (elements)
Memory per array = 0.8 MiB (= 0.0 GiB).
Total memory required = 2.5 MiB (= 0.0 GiB).
Each kernel will be executed 5 times.
-------------------------------------------------------------
Function    Best Rate MB/s  Avg time     Min time     Max time
Copy:           22318.3     0.000081     0.000079     0.000083
Scale:          12671.3     0.000139     0.000139     0.000140
Add:            19440.4     0.000136     0.000136     0.000137
Triad:          18076.7     0.000147     0.000146     0.000148
-------------------------------------------------------------
WEIRD: sizeof(STREAM_TYPE) = 2
Solution Validates: avg error less than 1.000000e-06 on all three arrays
-------------------------------------------------------------



--- run 2 ---
-------------------------------------------------------------
STREAM (dynamic) version — custom malloc-based implementation
-------------------------------------------------------------
This system uses 2 bytes per array element.
-------------------------------------------------------------
Array size = 440320 (elements), Offset = 0 (elements)
Memory per array = 0.8 MiB (= 0.0 GiB).
Total memory required = 2.5 MiB (= 0.0 GiB).
Each kernel will be executed 5 times.
-------------------------------------------------------------
Function    Best Rate MB/s  Avg time     Min time     Max time
Copy:           22871.0     0.000080     0.000077     0.000082
Scale:          12499.7     0.000141     0.000141     0.000142
Add:            19171.3     0.000138     0.000138     0.000139
Triad:          17872.6     0.000153     0.000148     0.000168
-------------------------------------------------------------
WEIRD: sizeof(STREAM_TYPE) = 2
Solution Validates: avg error less than 1.000000e-06 on all three arrays
-------------------------------------------------------------



--- run 3 ---
-------------------------------------------------------------
STREAM (dynamic) version — custom malloc-based implementation
-------------------------------------------------------------
This system uses 2 bytes per array element.
-------------------------------------------------------------
Array size = 440320 (elements), Offset = 0 (elements)
Memory per array = 0.8 MiB (= 0.0 GiB).
Total memory required = 2.5 MiB (= 0.0 GiB).
Each kernel will be executed 5 times.
-------------------------------------------------------------
Function    Best Rate MB/s  Avg time     Min time     Max time
Copy:           22051.8     0.000082     0.000080     0.000085
Scale:          12584.9     0.000140     0.000140     0.000141
Add:            18346.1     0.000147     0.000144     0.000149
Triad:          17153.3     0.000158     0.000154     0.000170
-------------------------------------------------------------
WEIRD: sizeof(STREAM_TYPE) = 2
Solution Validates: avg error less than 1.000000e-06 on all three arrays
-------------------------------------------------------------



--- run 1 ---
-------------------------------------------------------------
STREAM (dynamic) version — custom malloc-based implementation
-------------------------------------------------------------
This system uses 2 bytes per array element.
-------------------------------------------------------------
Array size = 494250 (elements), Offset = 0 (elements)
Memory per array = 0.9 MiB (= 0.0 GiB).
Total memory required = 2.8 MiB (= 0.0 GiB).
Each kernel will be executed 5 times.
-------------------------------------------------------------
Function    Best Rate MB/s  Avg time     Min time     Max time
Copy:           21995.1     0.000095     0.000090     0.000100
Scale:          12123.0     0.000164     0.000163     0.000165
Add:            16763.1     0.000179     0.000177     0.000183
Triad:          16216.7     0.000190     0.000183     0.000212
-------------------------------------------------------------
WEIRD: sizeof(STREAM_TYPE) = 2
Solution Validates: avg error less than 1.000000e-06 on all three arrays
-------------------------------------------------------------



--- run 2 ---
-------------------------------------------------------------
STREAM (dynamic) version — custom malloc-based implementation
-------------------------------------------------------------
This system uses 2 bytes per array element.
-------------------------------------------------------------
Array size = 494250 (elements), Offset = 0 (elements)
Memory per array = 0.9 MiB (= 0.0 GiB).
Total memory required = 2.8 MiB (= 0.0 GiB).
Each kernel will be executed 5 times.
-------------------------------------------------------------
Function    Best Rate MB/s  Avg time     Min time     Max time
Copy:           19790.3     0.000102     0.000100     0.000104
Scale:          12339.5     0.000161     0.000160     0.000161
Add:            17444.9     0.000179     0.000170     0.000182
Triad:          17444.9     0.000183     0.000170     0.000197
-------------------------------------------------------------
WEIRD: sizeof(STREAM_TYPE) = 2
Solution Validates: avg error less than 1.000000e-06 on all three arrays
-------------------------------------------------------------



--- run 3 ---
-------------------------------------------------------------
STREAM (dynamic) version — custom malloc-based implementation
-------------------------------------------------------------
This system uses 2 bytes per array element.
-------------------------------------------------------------
Array size = 494250 (elements), Offset = 0 (elements)
Memory per array = 0.9 MiB (= 0.0 GiB).
Total memory required = 2.8 MiB (= 0.0 GiB).
Each kernel will be executed 5 times.
-------------------------------------------------------------
Function    Best Rate MB/s  Avg time     Min time     Max time
Copy:           20782.3     0.000096     0.000095     0.000099
Scale:          12194.3     0.000164     0.000162     0.000165
Add:            18536.8     0.000184     0.000160     0.000218
Triad:          18184.5     0.000181     0.000163     0.000189
-------------------------------------------------------------
WEIRD: sizeof(STREAM_TYPE) = 2
Solution Validates: avg error less than 1.000000e-06 on all three arrays
-------------------------------------------------------------



--- run 1 ---
-------------------------------------------------------------
STREAM (dynamic) version — custom malloc-based implementation
-------------------------------------------------------------
This system uses 2 bytes per array element.
-------------------------------------------------------------
Array size = 554837 (elements), Offset = 0 (elements)
Memory per array = 1.1 MiB (= 0.0 GiB).
Total memory required = 3.2 MiB (= 0.0 GiB).
Each kernel will be executed 5 times.
-------------------------------------------------------------
Function    Best Rate MB/s  Avg time     Min time     Max time
Copy:           20731.9     0.000108     0.000107     0.000109
Scale:          12057.8     0.000185     0.000184     0.000185
Add:            17519.4     0.000206     0.000190     0.000225
Triad:          16904.3     0.000212     0.000197     0.000225
-------------------------------------------------------------
WEIRD: sizeof(STREAM_TYPE) = 2
Solution Validates: avg error less than 1.000000e-06 on all three arrays
-------------------------------------------------------------



--- run 2 ---
-------------------------------------------------------------
STREAM (dynamic) version — custom malloc-based implementation
-------------------------------------------------------------
This system uses 2 bytes per array element.
-------------------------------------------------------------
Array size = 554837 (elements), Offset = 0 (elements)
Memory per array = 1.1 MiB (= 0.0 GiB).
Total memory required = 3.2 MiB (= 0.0 GiB).
Each kernel will be executed 5 times.
-------------------------------------------------------------
Function    Best Rate MB/s  Avg time     Min time     Max time
Copy:           19805.6     0.000115     0.000112     0.000117
Scale:          12329.3     0.000180     0.000180     0.000181
Add:            17323.7     0.000201     0.000192     0.000207
Triad:          17431.9     0.000199     0.000191     0.000208
-------------------------------------------------------------
WEIRD: sizeof(STREAM_TYPE) = 2
Solution Validates: avg error less than 1.000000e-06 on all three arrays
-------------------------------------------------------------



--- run 3 ---
-------------------------------------------------------------
STREAM (dynamic) version — custom malloc-based implementation
-------------------------------------------------------------
This system uses 2 bytes per array element.
-------------------------------------------------------------
Array size = 554837 (elements), Offset = 0 (elements)
Memory per array = 1.1 MiB (= 0.0 GiB).
Total memory required = 3.2 MiB (= 0.0 GiB).
Each kernel will be executed 5 times.
-------------------------------------------------------------
Function    Best Rate MB/s  Avg time     Min time     Max time
Copy:           20548.8     0.000113     0.000108     0.000129
Scale:          12184.1     0.000184     0.000182     0.000185
Add:            17993.5     0.000194     0.000185     0.000199
Triad:          17345.3     0.000195     0.000192     0.000203
-------------------------------------------------------------
WEIRD: sizeof(STREAM_TYPE) = 2
Solution Validates: avg error less than 1.000000e-06 on all three arrays
-------------------------------------------------------------



--- run 1 ---
-------------------------------------------------------------
STREAM (dynamic) version — custom malloc-based implementation
-------------------------------------------------------------
This system uses 2 bytes per array element.
-------------------------------------------------------------
Array size = 622762 (elements), Offset = 0 (elements)
Memory per array = 1.2 MiB (= 0.0 GiB).
Total memory required = 3.6 MiB (= 0.0 GiB).
Each kernel will be executed 5 times.
-------------------------------------------------------------
Function    Best Rate MB/s  Avg time     Min time     Max time
Copy:           17649.0     0.000148     0.000141     0.000159
Scale:          11873.0     0.000212     0.000210     0.000214
Add:            15127.7     0.000256     0.000247     0.000270
Triad:          14325.7     0.000269     0.000261     0.000284
-------------------------------------------------------------
WEIRD: sizeof(STREAM_TYPE) = 2
Solution Validates: avg error less than 1.000000e-06 on all three arrays
-------------------------------------------------------------



--- run 2 ---
-------------------------------------------------------------
STREAM (dynamic) version — custom malloc-based implementation
-------------------------------------------------------------
This system uses 2 bytes per array element.
-------------------------------------------------------------
Array size = 622762 (elements), Offset = 0 (elements)
Memory per array = 1.2 MiB (= 0.0 GiB).
Total memory required = 3.6 MiB (= 0.0 GiB).
Each kernel will be executed 5 times.
-------------------------------------------------------------
Function    Best Rate MB/s  Avg time     Min time     Max time
Copy:           17678.9     0.000156     0.000141     0.000183
Scale:          12037.1     0.000210     0.000207     0.000213
Add:            16024.9     0.000236     0.000233     0.000240
Triad:          16393.6     0.000232     0.000228     0.000238
-------------------------------------------------------------
WEIRD: sizeof(STREAM_TYPE) = 2
Solution Validates: avg error less than 1.000000e-06 on all three arrays
-------------------------------------------------------------



--- run 3 ---
-------------------------------------------------------------
STREAM (dynamic) version — custom malloc-based implementation
-------------------------------------------------------------
This system uses 2 bytes per array element.
-------------------------------------------------------------
Array size = 622762 (elements), Offset = 0 (elements)
Memory per array = 1.2 MiB (= 0.0 GiB).
Total memory required = 3.6 MiB (= 0.0 GiB).
Each kernel will be executed 5 times.
-------------------------------------------------------------
Function    Best Rate MB/s  Avg time     Min time     Max time
Copy:           18591.1     0.000149     0.000134     0.000185
Scale:          11873.0     0.000211     0.000210     0.000213
Add:            16107.2     0.000239     0.000232     0.000257
Triad:          16240.7     0.000232     0.000230     0.000232
-------------------------------------------------------------
WEIRD: sizeof(STREAM_TYPE) = 2
Solution Validates: avg error less than 1.000000e-06 on all three arrays
-------------------------------------------------------------



--- run 1 ---
-------------------------------------------------------------
STREAM (dynamic) version — custom malloc-based implementation
-------------------------------------------------------------
This system uses 2 bytes per array element.
-------------------------------------------------------------
Array size = 699050 (elements), Offset = 0 (elements)
Memory per array = 1.3 MiB (= 0.0 GiB).
Total memory required = 4.0 MiB (= 0.0 GiB).
Each kernel will be executed 5 times.
-------------------------------------------------------------
Function    Best Rate MB/s  Avg time     Min time     Max time
Copy:           17375.0     0.000165     0.000161     0.000169
Scale:          11894.6     0.000237     0.000235     0.000239
Add:            15139.6     0.000302     0.000277     0.000331
Triad:          15244.5     0.000289     0.000275     0.000301
-------------------------------------------------------------
WEIRD: sizeof(STREAM_TYPE) = 2
Solution Validates: avg error less than 1.000000e-06 on all three arrays
-------------------------------------------------------------



--- run 2 ---
-------------------------------------------------------------
STREAM (dynamic) version — custom malloc-based implementation
-------------------------------------------------------------
This system uses 2 bytes per array element.
-------------------------------------------------------------
Array size = 699050 (elements), Offset = 0 (elements)
Memory per array = 1.3 MiB (= 0.0 GiB).
Total memory required = 4.0 MiB (= 0.0 GiB).
Each kernel will be executed 5 times.
-------------------------------------------------------------
Function    Best Rate MB/s  Avg time     Min time     Max time
Copy:           16176.7     0.000175     0.000173     0.000180
Scale:          12053.6     0.000239     0.000232     0.000253
Add:            14130.3     0.000306     0.000297     0.000317
Triad:          14118.9     0.000320     0.000297     0.000360
-------------------------------------------------------------
WEIRD: sizeof(STREAM_TYPE) = 2
Solution Validates: avg error less than 1.000000e-06 on all three arrays
-------------------------------------------------------------



--- run 3 ---
-------------------------------------------------------------
STREAM (dynamic) version — custom malloc-based implementation
-------------------------------------------------------------
This system uses 2 bytes per array element.
-------------------------------------------------------------
Array size = 699050 (elements), Offset = 0 (elements)
Memory per array = 1.3 MiB (= 0.0 GiB).
Total memory required = 4.0 MiB (= 0.0 GiB).
Each kernel will be executed 5 times.
-------------------------------------------------------------
Function    Best Rate MB/s  Avg time     Min time     Max time
Copy:           17478.6     0.000166     0.000160     0.000172
Scale:          11846.6     0.000237     0.000236     0.000238
Add:            14028.8     0.000310     0.000299     0.000336
Triad:          15651.4     0.000298     0.000268     0.000314
-------------------------------------------------------------
WEIRD: sizeof(STREAM_TYPE) = 2
Solution Validates: avg error less than 1.000000e-06 on all three arrays
-------------------------------------------------------------



--- run 1 ---
-------------------------------------------------------------
STREAM (dynamic) version — custom malloc-based implementation
-------------------------------------------------------------
This system uses 2 bytes per array element.
-------------------------------------------------------------
Array size = 784725 (elements), Offset = 0 (elements)
Memory per array = 1.5 MiB (= 0.0 GiB).
Total memory required = 4.5 MiB (= 0.0 GiB).
Each kernel will be executed 5 times.
-------------------------------------------------------------
Function    Best Rate MB/s  Avg time     Min time     Max time
Copy:           16518.8     0.000203     0.000190     0.000219
Scale:          11630.3     0.000271     0.000270     0.000271
Add:            13887.7     0.000367     0.000339     0.000378
Triad:          13156.7     0.000374     0.000358     0.000393
-------------------------------------------------------------
WEIRD: sizeof(STREAM_TYPE) = 2
Solution Validates: avg error less than 1.000000e-06 on all three arrays
-------------------------------------------------------------



--- run 2 ---
-------------------------------------------------------------
STREAM (dynamic) version — custom malloc-based implementation
-------------------------------------------------------------
This system uses 2 bytes per array element.
-------------------------------------------------------------
Array size = 784725 (elements), Offset = 0 (elements)
Memory per array = 1.5 MiB (= 0.0 GiB).
Total memory required = 4.5 MiB (= 0.0 GiB).
Each kernel will be executed 5 times.
-------------------------------------------------------------
Function    Best Rate MB/s  Avg time     Min time     Max time
Copy:           15862.0     0.000205     0.000198     0.000216
Scale:          11671.5     0.000270     0.000269     0.000272
Add:            13535.5     0.000375     0.000348     0.000396
Triad:          12865.3     0.000386     0.000366     0.000413
-------------------------------------------------------------
WEIRD: sizeof(STREAM_TYPE) = 2
Solution Validates: avg error less than 1.000000e-06 on all three arrays
-------------------------------------------------------------



--- run 3 ---
-------------------------------------------------------------
STREAM (dynamic) version — custom malloc-based implementation
-------------------------------------------------------------
This system uses 2 bytes per array element.
-------------------------------------------------------------
Array size = 784725 (elements), Offset = 0 (elements)
Memory per array = 1.5 MiB (= 0.0 GiB).
Total memory required = 4.5 MiB (= 0.0 GiB).
Each kernel will be executed 5 times.
-------------------------------------------------------------
Function    Best Rate MB/s  Avg time     Min time     Max time
Copy:           16436.3     0.000207     0.000191     0.000221
Scale:          11754.9     0.000270     0.000267     0.000271
Add:            12491.0     0.000384     0.000377     0.000397
Triad:          11832.4     0.000404     0.000398     0.000410
-------------------------------------------------------------
WEIRD: sizeof(STREAM_TYPE) = 2
Solution Validates: avg error less than 1.000000e-06 on all three arrays
-------------------------------------------------------------



--- run 1 ---
-------------------------------------------------------------
STREAM (dynamic) version — custom malloc-based implementation
-------------------------------------------------------------
This system uses 2 bytes per array element.
-------------------------------------------------------------
Array size = 880810 (elements), Offset = 0 (elements)
Memory per array = 1.7 MiB (= 0.0 GiB).
Total memory required = 5.0 MiB (= 0.0 GiB).
Each kernel will be executed 5 times.
-------------------------------------------------------------
Function    Best Rate MB/s  Avg time     Min time     Max time
Copy:           15250.3     0.000231     0.000231     0.000232
Scale:          11518.0     0.000308     0.000306     0.000310
Add:            12761.3     0.000431     0.000414     0.000445
Triad:          13116.2     0.000408     0.000403     0.000412
-------------------------------------------------------------
WEIRD: sizeof(STREAM_TYPE) = 2
Solution Validates: avg error less than 1.000000e-06 on all three arrays
-------------------------------------------------------------



--- run 2 ---
-------------------------------------------------------------
STREAM (dynamic) version — custom malloc-based implementation
-------------------------------------------------------------
This system uses 2 bytes per array element.
-------------------------------------------------------------
Array size = 880810 (elements), Offset = 0 (elements)
Memory per array = 1.7 MiB (= 0.0 GiB).
Total memory required = 5.0 MiB (= 0.0 GiB).
Each kernel will be executed 5 times.
-------------------------------------------------------------
Function    Best Rate MB/s  Avg time     Min time     Max time
Copy:           15125.4     0.000238     0.000233     0.000252
Scale:          11545.0     0.000330     0.000305     0.000357
Add:            12376.5     0.000452     0.000427     0.000481
Triad:          13116.2     0.000447     0.000403     0.000489
-------------------------------------------------------------
WEIRD: sizeof(STREAM_TYPE) = 2
Solution Validates: avg error less than 1.000000e-06 on all three arrays
-------------------------------------------------------------



--- run 3 ---
-------------------------------------------------------------
STREAM (dynamic) version — custom malloc-based implementation
-------------------------------------------------------------
This system uses 2 bytes per array element.
-------------------------------------------------------------
Array size = 880810 (elements), Offset = 0 (elements)
Memory per array = 1.7 MiB (= 0.0 GiB).
Total memory required = 5.0 MiB (= 0.0 GiB).
Each kernel will be executed 5 times.
-------------------------------------------------------------
Function    Best Rate MB/s  Avg time     Min time     Max time
Copy:           15377.3     0.000235     0.000229     0.000241
Scale:          11626.7     0.000312     0.000303     0.000326
Add:            12644.8     0.000429     0.000418     0.000436
Triad:          13077.5     0.000418     0.000404     0.000452
-------------------------------------------------------------
WEIRD: sizeof(STREAM_TYPE) = 2
Solution Validates: avg error less than 1.000000e-06 on all three arrays
-------------------------------------------------------------



--- run 1 ---
-------------------------------------------------------------
STREAM (dynamic) version — custom malloc-based implementation
-------------------------------------------------------------
This system uses 2 bytes per array element.
-------------------------------------------------------------
Array size = 988672 (elements), Offset = 0 (elements)
Memory per array = 1.9 MiB (= 0.0 GiB).
Total memory required = 5.7 MiB (= 0.0 GiB).
Each kernel will be executed 5 times.
-------------------------------------------------------------
Function    Best Rate MB/s  Avg time     Min time     Max time
Copy:           14486.6     0.000295     0.000273     0.000325
Scale:          11400.1     0.000353     0.000347     0.000366
Add:            11366.3     0.000581     0.000522     0.000606
Triad:          10056.9     0.000598     0.000590     0.000605
-------------------------------------------------------------
WEIRD: sizeof(STREAM_TYPE) = 2
Solution Validates: avg error less than 1.000000e-06 on all three arrays
-------------------------------------------------------------



--- run 2 ---
-------------------------------------------------------------
STREAM (dynamic) version — custom malloc-based implementation
-------------------------------------------------------------
This system uses 2 bytes per array element.
-------------------------------------------------------------
Array size = 988672 (elements), Offset = 0 (elements)
Memory per array = 1.9 MiB (= 0.0 GiB).
Total memory required = 5.7 MiB (= 0.0 GiB).
Each kernel will be executed 5 times.
-------------------------------------------------------------
Function    Best Rate MB/s  Avg time     Min time     Max time
Copy:           14287.0     0.000297     0.000277     0.000318
Scale:          11599.4     0.000343     0.000341     0.000344
Add:            11212.6     0.000594     0.000529     0.000627
Triad:          12280.7     0.000576     0.000483     0.000611
-------------------------------------------------------------
WEIRD: sizeof(STREAM_TYPE) = 2
Solution Validates: avg error less than 1.000000e-06 on all three arrays
-------------------------------------------------------------



--- run 3 ---
-------------------------------------------------------------
STREAM (dynamic) version — custom malloc-based implementation
-------------------------------------------------------------
This system uses 2 bytes per array element.
-------------------------------------------------------------
Array size = 988672 (elements), Offset = 0 (elements)
Memory per array = 1.9 MiB (= 0.0 GiB).
Total memory required = 5.7 MiB (= 0.0 GiB).
Each kernel will be executed 5 times.
-------------------------------------------------------------
Function    Best Rate MB/s  Avg time     Min time     Max time
Copy:           14640.0     0.000284     0.000270     0.000299
Scale:          11526.9     0.000350     0.000343     0.000364
Add:            11152.3     0.000617     0.000532     0.000692
Triad:          11797.4     0.000553     0.000503     0.000603
-------------------------------------------------------------
WEIRD: sizeof(STREAM_TYPE) = 2
Solution Validates: avg error less than 1.000000e-06 on all three arrays
-------------------------------------------------------------



--- run 1 ---
-------------------------------------------------------------
STREAM (dynamic) version — custom malloc-based implementation
-------------------------------------------------------------
This system uses 2 bytes per array element.
-------------------------------------------------------------
Array size = 1109674 (elements), Offset = 0 (elements)
Memory per array = 2.1 MiB (= 0.0 GiB).
Total memory required = 6.3 MiB (= 0.0 GiB).
Each kernel will be executed 5 times.
-------------------------------------------------------------
Function    Best Rate MB/s  Avg time     Min time     Max time
Copy:           14179.2     0.000338     0.000313     0.000357
Scale:          11709.0     0.000384     0.000379     0.000386
Add:             9537.5     0.000709     0.000698     0.000720
Triad:           9649.6     0.000697     0.000690     0.000711
-------------------------------------------------------------
WEIRD: sizeof(STREAM_TYPE) = 2
Solution Validates: avg error less than 1.000000e-06 on all three arrays
-------------------------------------------------------------



--- run 2 ---
-------------------------------------------------------------
STREAM (dynamic) version — custom malloc-based implementation
-------------------------------------------------------------
This system uses 2 bytes per array element.
-------------------------------------------------------------
Array size = 1109674 (elements), Offset = 0 (elements)
Memory per array = 2.1 MiB (= 0.0 GiB).
Total memory required = 6.3 MiB (= 0.0 GiB).
Each kernel will be executed 5 times.
-------------------------------------------------------------
Function    Best Rate MB/s  Avg time     Min time     Max time
Copy:           14277.0     0.000332     0.000311     0.000356
Scale:          11738.5     0.000394     0.000378     0.000438
Add:            10554.0     0.000673     0.000631     0.000717
Triad:          11306.0     0.000647     0.000589     0.000698
-------------------------------------------------------------
WEIRD: sizeof(STREAM_TYPE) = 2
Solution Validates: avg error less than 1.000000e-06 on all three arrays
-------------------------------------------------------------



--- run 3 ---
-------------------------------------------------------------
STREAM (dynamic) version — custom malloc-based implementation
-------------------------------------------------------------
This system uses 2 bytes per array element.
-------------------------------------------------------------
Array size = 1109674 (elements), Offset = 0 (elements)
Memory per array = 2.1 MiB (= 0.0 GiB).
Total memory required = 6.3 MiB (= 0.0 GiB).
Each kernel will be executed 5 times.
-------------------------------------------------------------
Function    Best Rate MB/s  Avg time     Min time     Max time
Copy:           14093.3     0.000362     0.000315     0.000420
Scale:          11614.0     0.000385     0.000382     0.000391
Add:            10435.7     0.000661     0.000638     0.000716
Triad:          11228.7     0.000628     0.000593     0.000716
-------------------------------------------------------------
WEIRD: sizeof(STREAM_TYPE) = 2
Solution Validates: avg error less than 1.000000e-06 on all three arrays
-------------------------------------------------------------



--- run 1 ---
-------------------------------------------------------------
STREAM (dynamic) version — custom malloc-based implementation
-------------------------------------------------------------
This system uses 2 bytes per array element.
-------------------------------------------------------------
Array size = 1245525 (elements), Offset = 0 (elements)
Memory per array = 2.4 MiB (= 0.0 GiB).
Total memory required = 7.1 MiB (= 0.0 GiB).
Each kernel will be executed 5 times.
-------------------------------------------------------------
Function    Best Rate MB/s  Avg time     Min time     Max time
Copy:           13720.6     0.000372     0.000363     0.000386
Scale:          11893.3     0.000426     0.000419     0.000444
Add:            10437.8     0.000786     0.000716     0.000813
Triad:           9544.7     0.000790     0.000783     0.000797
-------------------------------------------------------------
WEIRD: sizeof(STREAM_TYPE) = 2
Solution Validates: avg error less than 1.000000e-06 on all three arrays
-------------------------------------------------------------



--- run 2 ---
-------------------------------------------------------------
STREAM (dynamic) version — custom malloc-based implementation
-------------------------------------------------------------
This system uses 2 bytes per array element.
-------------------------------------------------------------
Array size = 1245525 (elements), Offset = 0 (elements)
Memory per array = 2.4 MiB (= 0.0 GiB).
Total memory required = 7.1 MiB (= 0.0 GiB).
Each kernel will be executed 5 times.
-------------------------------------------------------------
Function    Best Rate MB/s  Avg time     Min time     Max time
Copy:           13011.5     0.000479     0.000383     0.000600
Scale:          11920.4     0.000500     0.000418     0.000721
Add:             9259.9     0.000821     0.000807     0.000859
Triad:          10585.8     0.000770     0.000706     0.000795
-------------------------------------------------------------
WEIRD: sizeof(STREAM_TYPE) = 2
Solution Validates: avg error less than 1.000000e-06 on all three arrays
-------------------------------------------------------------



--- run 3 ---
-------------------------------------------------------------
STREAM (dynamic) version — custom malloc-based implementation
-------------------------------------------------------------
This system uses 2 bytes per array element.
-------------------------------------------------------------
Array size = 1245525 (elements), Offset = 0 (elements)
Memory per array = 2.4 MiB (= 0.0 GiB).
Total memory required = 7.1 MiB (= 0.0 GiB).
Each kernel will be executed 5 times.
-------------------------------------------------------------
Function    Best Rate MB/s  Avg time     Min time     Max time
Copy:           14157.5     0.000373     0.000352     0.000401
Scale:          11893.3     0.000422     0.000419     0.000425
Add:             9351.0     0.000824     0.000799     0.000853
Triad:          10752.9     0.000771     0.000695     0.000798
-------------------------------------------------------------
WEIRD: sizeof(STREAM_TYPE) = 2
Solution Validates: avg error less than 1.000000e-06 on all three arrays
-------------------------------------------------------------



--- run 1 ---
-------------------------------------------------------------
STREAM (dynamic) version — custom malloc-based implementation
-------------------------------------------------------------
This system uses 2 bytes per array element.
-------------------------------------------------------------
Array size = 1398101 (elements), Offset = 0 (elements)
Memory per array = 2.7 MiB (= 0.0 GiB).
Total memory required = 8.0 MiB (= 0.0 GiB).
Each kernel will be executed 5 times.
-------------------------------------------------------------
Function    Best Rate MB/s  Avg time     Min time     Max time
Copy:           12734.1     0.000467     0.000439     0.000505
Scale:          12103.3     0.000472     0.000462     0.000491
Add:             9249.3     0.000918     0.000907     0.000935
Triad:           9352.6     0.000936     0.000897     0.001013
-------------------------------------------------------------
WEIRD: sizeof(STREAM_TYPE) = 2
Solution Validates: avg error less than 1.000000e-06 on all three arrays
-------------------------------------------------------------



--- run 2 ---
-------------------------------------------------------------
STREAM (dynamic) version — custom malloc-based implementation
-------------------------------------------------------------
This system uses 2 bytes per array element.
-------------------------------------------------------------
Array size = 1398101 (elements), Offset = 0 (elements)
Memory per array = 2.7 MiB (= 0.0 GiB).
Total memory required = 8.0 MiB (= 0.0 GiB).
Each kernel will be executed 5 times.
-------------------------------------------------------------
Function    Best Rate MB/s  Avg time     Min time     Max time
Copy:           13605.7     0.000427     0.000411     0.000435
Scale:          12053.6     0.000465     0.000464     0.000465
Add:             9188.9     0.000925     0.000913     0.000942
Triad:           9415.1     0.000907     0.000891     0.000935
-------------------------------------------------------------
WEIRD: sizeof(STREAM_TYPE) = 2
Solution Validates: avg error less than 1.000000e-06 on all three arrays
-------------------------------------------------------------



--- run 3 ---
-------------------------------------------------------------
STREAM (dynamic) version — custom malloc-based implementation
-------------------------------------------------------------
This system uses 2 bytes per array element.
-------------------------------------------------------------
Array size = 1398101 (elements), Offset = 0 (elements)
Memory per array = 2.7 MiB (= 0.0 GiB).
Total memory required = 8.0 MiB (= 0.0 GiB).
Each kernel will be executed 5 times.
-------------------------------------------------------------
Function    Best Rate MB/s  Avg time     Min time     Max time
Copy:           13741.2     0.000439     0.000407     0.000462
Scale:          12235.9     0.000460     0.000457     0.000463
Add:             9290.8     0.000911     0.000903     0.000924
Triad:           9435.3     0.000906     0.000889     0.000944
-------------------------------------------------------------
WEIRD: sizeof(STREAM_TYPE) = 2
Solution Validates: avg error less than 1.000000e-06 on all three arrays
-------------------------------------------------------------



--- run 1 ---
-------------------------------------------------------------
STREAM (dynamic) version — custom malloc-based implementation
-------------------------------------------------------------
This system uses 2 bytes per array element.
-------------------------------------------------------------
Array size = 1569280 (elements), Offset = 0 (elements)
Memory per array = 3.0 MiB (= 0.0 GiB).
Total memory required = 9.0 MiB (= 0.0 GiB).
Each kernel will be executed 5 times.
-------------------------------------------------------------
Function    Best Rate MB/s  Avg time     Min time     Max time
Copy:           13915.5     0.000456     0.000451     0.000466
Scale:          12407.2     0.000508     0.000506     0.000510
Add:            10300.5     0.000928     0.000914     0.000937
Triad:          10417.4     0.000924     0.000904     0.000966
-------------------------------------------------------------
WEIRD: sizeof(STREAM_TYPE) = 2
Solution Validates: avg error less than 1.000000e-06 on all three arrays
-------------------------------------------------------------



--- run 2 ---
-------------------------------------------------------------
STREAM (dynamic) version — custom malloc-based implementation
-------------------------------------------------------------
This system uses 2 bytes per array element.
-------------------------------------------------------------
Array size = 1569280 (elements), Offset = 0 (elements)
Memory per array = 3.0 MiB (= 0.0 GiB).
Total memory required = 9.0 MiB (= 0.0 GiB).
Each kernel will be executed 5 times.
-------------------------------------------------------------
Function    Best Rate MB/s  Avg time     Min time     Max time
Copy:           13270.2     0.000481     0.000473     0.000492
Scale:          12285.7     0.000517     0.000511     0.000531
Add:            10223.2     0.000999     0.000921     0.001033
Triad:           9378.3     0.001019     0.001004     0.001048
-------------------------------------------------------------
WEIRD: sizeof(STREAM_TYPE) = 2
Solution Validates: avg error less than 1.000000e-06 on all three arrays
-------------------------------------------------------------



--- run 3 ---
-------------------------------------------------------------
STREAM (dynamic) version — custom malloc-based implementation
-------------------------------------------------------------
This system uses 2 bytes per array element.
-------------------------------------------------------------
Array size = 1569280 (elements), Offset = 0 (elements)
Memory per array = 3.0 MiB (= 0.0 GiB).
Total memory required = 9.0 MiB (= 0.0 GiB).
Each kernel will be executed 5 times.
-------------------------------------------------------------
Function    Best Rate MB/s  Avg time     Min time     Max time
Copy:           12786.9     0.000498     0.000491     0.000520
Scale:          12378.1     0.000510     0.000507     0.000512
Add:             9312.0     0.001033     0.001011     0.001065
Triad:           9425.4     0.001010     0.000999     0.001030
-------------------------------------------------------------
WEIRD: sizeof(STREAM_TYPE) = 2
Solution Validates: avg error less than 1.000000e-06 on all three arrays
-------------------------------------------------------------



--- run 1 ---
-------------------------------------------------------------
STREAM (dynamic) version — custom malloc-based implementation
-------------------------------------------------------------
This system uses 2 bytes per array element.
-------------------------------------------------------------
Array size = 1761450 (elements), Offset = 0 (elements)
Memory per array = 3.4 MiB (= 0.0 GiB).
Total memory required = 10.1 MiB (= 0.0 GiB).
Each kernel will be executed 5 times.
-------------------------------------------------------------
Function    Best Rate MB/s  Avg time     Min time     Max time
Copy:           13293.8     0.000551     0.000530     0.000573
Scale:          12490.4     0.000567     0.000564     0.000572
Add:            10261.2     0.001116     0.001030     0.001157
Triad:          10352.3     0.001111     0.001021     0.001175
-------------------------------------------------------------
WEIRD: sizeof(STREAM_TYPE) = 2
Solution Validates: avg error less than 1.000000e-06 on all three arrays
-------------------------------------------------------------



--- run 2 ---
-------------------------------------------------------------
STREAM (dynamic) version — custom malloc-based implementation
-------------------------------------------------------------
This system uses 2 bytes per array element.
-------------------------------------------------------------
Array size = 1761450 (elements), Offset = 0 (elements)
Memory per array = 3.4 MiB (= 0.0 GiB).
Total memory required = 10.1 MiB (= 0.0 GiB).
Each kernel will be executed 5 times.
-------------------------------------------------------------
Function    Best Rate MB/s  Avg time     Min time     Max time
Copy:           13732.4     0.000522     0.000513     0.000529
Scale:          12406.5     0.000585     0.000568     0.000614
Add:            10320.9     0.001033     0.001024     0.001044
Triad:          10556.9     0.001028     0.001001     0.001091
-------------------------------------------------------------
WEIRD: sizeof(STREAM_TYPE) = 2
Solution Validates: avg error less than 1.000000e-06 on all three arrays
-------------------------------------------------------------



--- run 3 ---
-------------------------------------------------------------
STREAM (dynamic) version — custom malloc-based implementation
-------------------------------------------------------------
This system uses 2 bytes per array element.
-------------------------------------------------------------
Array size = 1761450 (elements), Offset = 0 (elements)
Memory per array = 3.4 MiB (= 0.0 GiB).
Total memory required = 10.1 MiB (= 0.0 GiB).
Each kernel will be executed 5 times.
-------------------------------------------------------------
Function    Best Rate MB/s  Avg time     Min time     Max time
Copy:           13841.8     0.000529     0.000509     0.000559
Scale:          12448.3     0.000567     0.000566     0.000568
Add:            10371.6     0.001027     0.001019     0.001039
Triad:          10464.7     0.001018     0.001010     0.001029
-------------------------------------------------------------
WEIRD: sizeof(STREAM_TYPE) = 2
Solution Validates: avg error less than 1.000000e-06 on all three arrays
-------------------------------------------------------------



--- run 1 ---
-------------------------------------------------------------
STREAM (dynamic) version — custom malloc-based implementation
-------------------------------------------------------------
This system uses 2 bytes per array element.
-------------------------------------------------------------
Array size = 1977173 (elements), Offset = 0 (elements)
Memory per array = 3.8 MiB (= 0.0 GiB).
Total memory required = 11.3 MiB (= 0.0 GiB).
Each kernel will be executed 5 times.
-------------------------------------------------------------
Function    Best Rate MB/s  Avg time     Min time     Max time
Copy:           13684.6     0.000637     0.000578     0.000710
Scale:          12550.7     0.000632     0.000630     0.000633
Add:            10297.4     0.001239     0.001152     0.001271
Triad:           9400.6     0.001276     0.001262     0.001294
-------------------------------------------------------------
WEIRD: sizeof(STREAM_TYPE) = 2
Solution Validates: avg error less than 1.000000e-06 on all three arrays
-------------------------------------------------------------



--- run 2 ---
-------------------------------------------------------------
STREAM (dynamic) version — custom malloc-based implementation
-------------------------------------------------------------
This system uses 2 bytes per array element.
-------------------------------------------------------------
Array size = 1977173 (elements), Offset = 0 (elements)
Memory per array = 3.8 MiB (= 0.0 GiB).
Total memory required = 11.3 MiB (= 0.0 GiB).
Each kernel will be executed 5 times.
-------------------------------------------------------------
Function    Best Rate MB/s  Avg time     Min time     Max time
Copy:           13662.1     0.000597     0.000579     0.000628
Scale:          12475.2     0.000646     0.000634     0.000680
Add:            10244.4     0.001219     0.001158     0.001279
Triad:           9190.5     0.001310     0.001291     0.001335
-------------------------------------------------------------
WEIRD: sizeof(STREAM_TYPE) = 2
Solution Validates: avg error less than 1.000000e-06 on all three arrays
-------------------------------------------------------------



--- run 3 ---
-------------------------------------------------------------
STREAM (dynamic) version — custom malloc-based implementation
-------------------------------------------------------------
This system uses 2 bytes per array element.
-------------------------------------------------------------
Array size = 1977173 (elements), Offset = 0 (elements)
Memory per array = 3.8 MiB (= 0.0 GiB).
Total memory required = 11.3 MiB (= 0.0 GiB).
Each kernel will be executed 5 times.
-------------------------------------------------------------
Function    Best Rate MB/s  Avg time     Min time     Max time
Copy:           12988.0     0.000623     0.000609     0.000635
Scale:          12494.0     0.000635     0.000633     0.000637
Add:             9161.7     0.001310     0.001295     0.001336
Triad:          10113.2     0.001275     0.001173     0.001327
-------------------------------------------------------------
WEIRD: sizeof(STREAM_TYPE) = 2
Solution Validates: avg error less than 1.000000e-06 on all three arrays
-------------------------------------------------------------



--- run 1 ---
-------------------------------------------------------------
STREAM (dynamic) version — custom malloc-based implementation
-------------------------------------------------------------
This system uses 2 bytes per array element.
-------------------------------------------------------------
Array size = 2219349 (elements), Offset = 0 (elements)
Memory per array = 4.2 MiB (= 0.0 GiB).
Total memory required = 12.7 MiB (= 0.0 GiB).
Each kernel will be executed 5 times.
-------------------------------------------------------------
Function    Best Rate MB/s  Avg time     Min time     Max time
Copy:           13811.0     0.000681     0.000643     0.000709
Scale:          12609.0     0.000707     0.000704     0.000710
Add:            10149.3     0.001402     0.001312     0.001437
Triad:           9450.4     0.001415     0.001409     0.001419
-------------------------------------------------------------
WEIRD: sizeof(STREAM_TYPE) = 2
Solution Validates: avg error less than 1.000000e-06 on all three arrays
-------------------------------------------------------------



--- run 2 ---
-------------------------------------------------------------
STREAM (dynamic) version — custom malloc-based implementation
-------------------------------------------------------------
This system uses 2 bytes per array element.
-------------------------------------------------------------
Array size = 2219349 (elements), Offset = 0 (elements)
Memory per array = 4.2 MiB (= 0.0 GiB).
Total memory required = 12.7 MiB (= 0.0 GiB).
Each kernel will be executed 5 times.
-------------------------------------------------------------
Function    Best Rate MB/s  Avg time     Min time     Max time
Copy:           12716.7     0.000704     0.000698     0.000710
Scale:          12524.2     0.000726     0.000709     0.000772
Add:            10236.8     0.001404     0.001301     0.001444
Triad:           9260.8     0.001458     0.001438     0.001517
-------------------------------------------------------------
WEIRD: sizeof(STREAM_TYPE) = 2
Solution Validates: avg error less than 1.000000e-06 on all three arrays
-------------------------------------------------------------



--- run 3 ---
-------------------------------------------------------------
STREAM (dynamic) version — custom malloc-based implementation
-------------------------------------------------------------
This system uses 2 bytes per array element.
-------------------------------------------------------------
Array size = 2219349 (elements), Offset = 0 (elements)
Memory per array = 4.2 MiB (= 0.0 GiB).
Total memory required = 12.7 MiB (= 0.0 GiB).
Each kernel will be executed 5 times.
-------------------------------------------------------------
Function    Best Rate MB/s  Avg time     Min time     Max time
Copy:           13699.2     0.000674     0.000648     0.000710
Scale:          12592.0     0.000706     0.000705     0.000706
Add:             9299.3     0.001449     0.001432     0.001498
Triad:          10402.6     0.001386     0.001280     0.001424
-------------------------------------------------------------
WEIRD: sizeof(STREAM_TYPE) = 2
Solution Validates: avg error less than 1.000000e-06 on all three arrays
-------------------------------------------------------------



--- run 1 ---
-------------------------------------------------------------
STREAM (dynamic) version — custom malloc-based implementation
-------------------------------------------------------------
This system uses 2 bytes per array element.
-------------------------------------------------------------
Array size = 2491050 (elements), Offset = 0 (elements)
Memory per array = 4.8 MiB (= 0.0 GiB).
Total memory required = 14.3 MiB (= 0.0 GiB).
Each kernel will be executed 5 times.
-------------------------------------------------------------
Function    Best Rate MB/s  Avg time     Min time     Max time
Copy:           13284.5     0.000785     0.000750     0.000812
Scale:          12565.5     0.000799     0.000793     0.000812
Add:             9418.5     0.001599     0.001587     0.001613
Triad:           9376.2     0.001621     0.001594     0.001642
-------------------------------------------------------------
WEIRD: sizeof(STREAM_TYPE) = 2
Solution Validates: avg error less than 1.000000e-06 on all three arrays
-------------------------------------------------------------



--- run 2 ---
-------------------------------------------------------------
STREAM (dynamic) version — custom malloc-based implementation
-------------------------------------------------------------
This system uses 2 bytes per array element.
-------------------------------------------------------------
Array size = 2491050 (elements), Offset = 0 (elements)
Memory per array = 4.8 MiB (= 0.0 GiB).
Total memory required = 14.3 MiB (= 0.0 GiB).
Each kernel will be executed 5 times.
-------------------------------------------------------------
Function    Best Rate MB/s  Avg time     Min time     Max time
Copy:           13608.9     0.000762     0.000732     0.000846
Scale:          12520.3     0.000852     0.000796     0.001017
Add:            10300.6     0.001464     0.001451     0.001478
Triad:          10504.2     0.001430     0.001423     0.001438
-------------------------------------------------------------
WEIRD: sizeof(STREAM_TYPE) = 2
Solution Validates: avg error less than 1.000000e-06 on all three arrays
-------------------------------------------------------------



--- run 3 ---
-------------------------------------------------------------
STREAM (dynamic) version — custom malloc-based implementation
-------------------------------------------------------------
This system uses 2 bytes per array element.
-------------------------------------------------------------
Array size = 2491050 (elements), Offset = 0 (elements)
Memory per array = 4.8 MiB (= 0.0 GiB).
Total memory required = 14.3 MiB (= 0.0 GiB).
Each kernel will be executed 5 times.
-------------------------------------------------------------
Function    Best Rate MB/s  Avg time     Min time     Max time
Copy:           12907.0     0.000791     0.000772     0.000803
Scale:          12565.5     0.000804     0.000793     0.000837
Add:            10365.3     0.001528     0.001442     0.001615
Triad:           9376.2     0.001628     0.001594     0.001708
-------------------------------------------------------------
WEIRD: sizeof(STREAM_TYPE) = 2
Solution Validates: avg error less than 1.000000e-06 on all three arrays
-------------------------------------------------------------



--- run 1 ---
-------------------------------------------------------------
STREAM (dynamic) version — custom malloc-based implementation
-------------------------------------------------------------
This system uses 2 bytes per array element.
-------------------------------------------------------------
Array size = 2796202 (elements), Offset = 0 (elements)
Memory per array = 5.3 MiB (= 0.0 GiB).
Total memory required = 16.0 MiB (= 0.0 GiB).
Each kernel will be executed 5 times.
-------------------------------------------------------------
Function    Best Rate MB/s  Avg time     Min time     Max time
Copy:           13574.2     0.000851     0.000824     0.000905
Scale:          12594.0     0.000893     0.000888     0.000904
Add:            10369.7     0.001703     0.001618     0.001796
Triad:          10266.8     0.001684     0.001634     0.001789
-------------------------------------------------------------
WEIRD: sizeof(STREAM_TYPE) = 2
Solution Validates: avg error less than 1.000000e-06 on all three arrays
-------------------------------------------------------------



--- run 2 ---
-------------------------------------------------------------
STREAM (dynamic) version — custom malloc-based implementation
-------------------------------------------------------------
This system uses 2 bytes per array element.
-------------------------------------------------------------
Array size = 2796202 (elements), Offset = 0 (elements)
Memory per array = 5.3 MiB (= 0.0 GiB).
Total memory required = 16.0 MiB (= 0.0 GiB).
Each kernel will be executed 5 times.
-------------------------------------------------------------
Function    Best Rate MB/s  Avg time     Min time     Max time
Copy:           13542.9     0.000936     0.000826     0.001220
Scale:          12580.4     0.000906     0.000889     0.000951
Add:            10324.1     0.001790     0.001625     0.001865
Triad:          10505.9     0.001615     0.001597     0.001626
-------------------------------------------------------------
WEIRD: sizeof(STREAM_TYPE) = 2
Solution Validates: avg error less than 1.000000e-06 on all three arrays
-------------------------------------------------------------



--- run 3 ---
-------------------------------------------------------------
STREAM (dynamic) version — custom malloc-based implementation
-------------------------------------------------------------
This system uses 2 bytes per array element.
-------------------------------------------------------------
Array size = 2796202 (elements), Offset = 0 (elements)
Memory per array = 5.3 MiB (= 0.0 GiB).
Total memory required = 16.0 MiB (= 0.0 GiB).
Each kernel will be executed 5 times.
-------------------------------------------------------------
Function    Best Rate MB/s  Avg time     Min time     Max time
Copy:           13558.5     0.000882     0.000825     0.000907
Scale:          12594.0     0.000894     0.000888     0.000908
Add:            10343.8     0.001761     0.001622     0.001818
Triad:           9357.5     0.001825     0.001793     0.001891
-------------------------------------------------------------
WEIRD: sizeof(STREAM_TYPE) = 2
Solution Validates: avg error less than 1.000000e-06 on all three arrays
-------------------------------------------------------------



--- run 1 ---
-------------------------------------------------------------
STREAM (dynamic) version — custom malloc-based implementation
-------------------------------------------------------------
This system uses 2 bytes per array element.
-------------------------------------------------------------
Array size = 3138560 (elements), Offset = 0 (elements)
Memory per array = 6.0 MiB (= 0.0 GiB).
Total memory required = 18.0 MiB (= 0.0 GiB).
Each kernel will be executed 5 times.
-------------------------------------------------------------
Function    Best Rate MB/s  Avg time     Min time     Max time
Copy:           13677.0     0.001039     0.000918     0.001292
Scale:          12642.6     0.001008     0.000993     0.001023
Add:            10409.1     0.001930     0.001809     0.002065
Triad:           9387.3     0.002020     0.002006     0.002032
-------------------------------------------------------------
WEIRD: sizeof(STREAM_TYPE) = 2
Solution Validates: avg error less than 1.000000e-06 on all three arrays
-------------------------------------------------------------



--- run 2 ---
-------------------------------------------------------------
STREAM (dynamic) version — custom malloc-based implementation
-------------------------------------------------------------
This system uses 2 bytes per array element.
-------------------------------------------------------------
Array size = 3138560 (elements), Offset = 0 (elements)
Memory per array = 6.0 MiB (= 0.0 GiB).
Total memory required = 18.0 MiB (= 0.0 GiB).
Each kernel will be executed 5 times.
-------------------------------------------------------------
Function    Best Rate MB/s  Avg time     Min time     Max time
Copy:           12985.5     0.001020     0.000967     0.001057
Scale:          12567.1     0.001033     0.000999     0.001113
Add:             9782.6     0.002074     0.001925     0.002169
Triad:           8988.8     0.002143     0.002095     0.002179
-------------------------------------------------------------
WEIRD: sizeof(STREAM_TYPE) = 2
Solution Validates: avg error less than 1.000000e-06 on all three arrays
-------------------------------------------------------------



--- run 3 ---
-------------------------------------------------------------
STREAM (dynamic) version — custom malloc-based implementation
-------------------------------------------------------------
This system uses 2 bytes per array element.
-------------------------------------------------------------
Array size = 3138560 (elements), Offset = 0 (elements)
Memory per array = 6.0 MiB (= 0.0 GiB).
Total memory required = 18.0 MiB (= 0.0 GiB).
Each kernel will be executed 5 times.
-------------------------------------------------------------
Function    Best Rate MB/s  Avg time     Min time     Max time
Copy:           12956.8     0.001002     0.000969     0.001023
Scale:          12591.2     0.001011     0.000997     0.001020
Add:             9373.9     0.002041     0.002009     0.002084
Triad:           9378.3     0.002066     0.002008     0.002182
-------------------------------------------------------------
WEIRD: sizeof(STREAM_TYPE) = 2
Solution Validates: avg error less than 1.000000e-06 on all three arrays
-------------------------------------------------------------



--- run 1 ---
-------------------------------------------------------------
STREAM (dynamic) version — custom malloc-based implementation
-------------------------------------------------------------
This system uses 2 bytes per array element.
-------------------------------------------------------------
Array size = 3523072 (elements), Offset = 0 (elements)
Memory per array = 6.7 MiB (= 0.0 GiB).
Total memory required = 20.2 MiB (= 0.0 GiB).
Each kernel will be executed 5 times.
-------------------------------------------------------------
Function    Best Rate MB/s  Avg time     Min time     Max time
Copy:           12448.9     0.001227     0.001132     0.001372
Scale:          12560.0     0.001144     0.001122     0.001184
Add:             9247.1     0.002320     0.002286     0.002359
Triad:           9234.6     0.002356     0.002289     0.002418
-------------------------------------------------------------
WEIRD: sizeof(STREAM_TYPE) = 2
Solution Validates: avg error less than 1.000000e-06 on all three arrays
-------------------------------------------------------------



--- run 2 ---
-------------------------------------------------------------
STREAM (dynamic) version — custom malloc-based implementation
-------------------------------------------------------------
This system uses 2 bytes per array element.
-------------------------------------------------------------
Array size = 3523072 (elements), Offset = 0 (elements)
Memory per array = 6.7 MiB (= 0.0 GiB).
Total memory required = 20.2 MiB (= 0.0 GiB).
Each kernel will be executed 5 times.
-------------------------------------------------------------
Function    Best Rate MB/s  Avg time     Min time     Max time
Copy:           13497.9     0.001076     0.001044     0.001134
Scale:          12514.8     0.001147     0.001126     0.001171
Add:            10252.2     0.002134     0.002062     0.002330
Triad:          10392.8     0.002230     0.002034     0.002326
-------------------------------------------------------------
WEIRD: sizeof(STREAM_TYPE) = 2
Solution Validates: avg error less than 1.000000e-06 on all three arrays
-------------------------------------------------------------



--- run 3 ---
-------------------------------------------------------------
STREAM (dynamic) version — custom malloc-based implementation
-------------------------------------------------------------
This system uses 2 bytes per array element.
-------------------------------------------------------------
Array size = 3523072 (elements), Offset = 0 (elements)
Memory per array = 6.7 MiB (= 0.0 GiB).
Total memory required = 20.2 MiB (= 0.0 GiB).
Each kernel will be executed 5 times.
-------------------------------------------------------------
Function    Best Rate MB/s  Avg time     Min time     Max time
Copy:           13333.5     0.001089     0.001057     0.001124
Scale:          12584.1     0.001127     0.001120     0.001144
Add:            10221.5     0.002200     0.002068     0.002374
Triad:          10207.3     0.002227     0.002071     0.002291
-------------------------------------------------------------
WEIRD: sizeof(STREAM_TYPE) = 2
Solution Validates: avg error less than 1.000000e-06 on all three arrays
-------------------------------------------------------------



--- run 1 ---
-------------------------------------------------------------
STREAM (dynamic) version — custom malloc-based implementation
-------------------------------------------------------------
This system uses 2 bytes per array element.
-------------------------------------------------------------
Array size = 3954346 (elements), Offset = 0 (elements)
Memory per array = 7.5 MiB (= 0.0 GiB).
Total memory required = 22.6 MiB (= 0.0 GiB).
Each kernel will be executed 5 times.
-------------------------------------------------------------
Function    Best Rate MB/s  Avg time     Min time     Max time
Copy:           13693.1     0.001184     0.001155     0.001264
Scale:          12555.4     0.001274     0.001260     0.001289
Add:            10144.2     0.002512     0.002339     0.002594
Triad:          10301.7     0.002338     0.002303     0.002388
-------------------------------------------------------------
WEIRD: sizeof(STREAM_TYPE) = 2
Solution Validates: avg error less than 1.000000e-06 on all three arrays
-------------------------------------------------------------



--- run 2 ---
-------------------------------------------------------------
STREAM (dynamic) version — custom malloc-based implementation
-------------------------------------------------------------
This system uses 2 bytes per array element.
-------------------------------------------------------------
Array size = 3954346 (elements), Offset = 0 (elements)
Memory per array = 7.5 MiB (= 0.0 GiB).
Total memory required = 22.6 MiB (= 0.0 GiB).
Each kernel will be executed 5 times.
-------------------------------------------------------------
Function    Best Rate MB/s  Avg time     Min time     Max time
Copy:           13517.3     0.001198     0.001170     0.001224
Scale:          12472.8     0.001289     0.001268     0.001323
Add:            10236.0     0.002348     0.002318     0.002379
Triad:          10288.9     0.002316     0.002306     0.002342
-------------------------------------------------------------
WEIRD: sizeof(STREAM_TYPE) = 2
Solution Validates: avg error less than 1.000000e-06 on all three arrays
-------------------------------------------------------------



--- run 3 ---
-------------------------------------------------------------
STREAM (dynamic) version — custom malloc-based implementation
-------------------------------------------------------------
This system uses 2 bytes per array element.
-------------------------------------------------------------
Array size = 3954346 (elements), Offset = 0 (elements)
Memory per array = 7.5 MiB (= 0.0 GiB).
Total memory required = 22.6 MiB (= 0.0 GiB).
Each kernel will be executed 5 times.
-------------------------------------------------------------
Function    Best Rate MB/s  Avg time     Min time     Max time
Copy:           12817.4     0.001312     0.001234     0.001495
Scale:          12584.0     0.001275     0.001257     0.001323
Add:            10388.8     0.002427     0.002284     0.002558
Triad:           9333.6     0.002570     0.002542     0.002589
-------------------------------------------------------------
WEIRD: sizeof(STREAM_TYPE) = 2
Solution Validates: avg error less than 1.000000e-06 on all three arrays
-------------------------------------------------------------



--- run 1 ---
-------------------------------------------------------------
STREAM (dynamic) version — custom malloc-based implementation
-------------------------------------------------------------
This system uses 2 bytes per array element.
-------------------------------------------------------------
Array size = 4438698 (elements), Offset = 0 (elements)
Memory per array = 8.5 MiB (= 0.0 GiB).
Total memory required = 25.4 MiB (= 0.0 GiB).
Each kernel will be executed 5 times.
-------------------------------------------------------------
Function    Best Rate MB/s  Avg time     Min time     Max time
Copy:           13574.4     0.001343     0.001308     0.001440
Scale:          12539.0     0.001417     0.001416     0.001419
Add:            10263.1     0.002624     0.002595     0.002694
Triad:          10239.6     0.002727     0.002601     0.002963
-------------------------------------------------------------
WEIRD: sizeof(STREAM_TYPE) = 2
Solution Validates: avg error less than 1.000000e-06 on all three arrays
-------------------------------------------------------------



--- run 2 ---
-------------------------------------------------------------
STREAM (dynamic) version — custom malloc-based implementation
-------------------------------------------------------------
This system uses 2 bytes per array element.
-------------------------------------------------------------
Array size = 4438698 (elements), Offset = 0 (elements)
Memory per array = 8.5 MiB (= 0.0 GiB).
Total memory required = 25.4 MiB (= 0.0 GiB).
Each kernel will be executed 5 times.
-------------------------------------------------------------
Function    Best Rate MB/s  Avg time     Min time     Max time
Copy:           13449.3     0.001341     0.001320     0.001391
Scale:          12503.2     0.001438     0.001420     0.001456
Add:            10207.8     0.002823     0.002609     0.002907
Triad:          10231.1     0.002822     0.002603     0.002956
-------------------------------------------------------------
WEIRD: sizeof(STREAM_TYPE) = 2
Solution Validates: avg error less than 1.000000e-06 on all three arrays
-------------------------------------------------------------



--- run 3 ---
-------------------------------------------------------------
STREAM (dynamic) version — custom malloc-based implementation
-------------------------------------------------------------
This system uses 2 bytes per array element.
-------------------------------------------------------------
Array size = 4438698 (elements), Offset = 0 (elements)
Memory per array = 8.5 MiB (= 0.0 GiB).
Total memory required = 25.4 MiB (= 0.0 GiB).
Each kernel will be executed 5 times.
-------------------------------------------------------------
Function    Best Rate MB/s  Avg time     Min time     Max time
Copy:           13420.3     0.001347     0.001323     0.001376
Scale:          12547.4     0.001428     0.001415     0.001460
Add:            10330.5     0.002744     0.002578     0.002926
Triad:          10374.6     0.002654     0.002567     0.002880
-------------------------------------------------------------
WEIRD: sizeof(STREAM_TYPE) = 2
Solution Validates: avg error less than 1.000000e-06 on all three arrays
-------------------------------------------------------------



--- run 1 ---
-------------------------------------------------------------
STREAM (dynamic) version — custom malloc-based implementation
-------------------------------------------------------------
This system uses 2 bytes per array element.
-------------------------------------------------------------
Array size = 4982272 (elements), Offset = 0 (elements)
Memory per array = 9.5 MiB (= 0.0 GiB).
Total memory required = 28.5 MiB (= 0.0 GiB).
Each kernel will be executed 5 times.
-------------------------------------------------------------
Function    Best Rate MB/s  Avg time     Min time     Max time
Copy:           13492.9     0.001608     0.001477     0.001803
Scale:          12558.4     0.001603     0.001587     0.001627
Add:            10237.9     0.003143     0.002920     0.003225
Triad:           9353.4     0.003209     0.003196     0.003219
-------------------------------------------------------------
WEIRD: sizeof(STREAM_TYPE) = 2
Solution Validates: avg error less than 1.000000e-06 on all three arrays
-------------------------------------------------------------



--- run 2 ---
-------------------------------------------------------------
STREAM (dynamic) version — custom malloc-based implementation
-------------------------------------------------------------
This system uses 2 bytes per array element.
-------------------------------------------------------------
Array size = 4982272 (elements), Offset = 0 (elements)
Memory per array = 9.5 MiB (= 0.0 GiB).
Total memory required = 28.5 MiB (= 0.0 GiB).
Each kernel will be executed 5 times.
-------------------------------------------------------------
Function    Best Rate MB/s  Avg time     Min time     Max time
Copy:           13430.1     0.001507     0.001484     0.001571
Scale:          12487.1     0.001633     0.001596     0.001689
Add:            10168.1     0.003203     0.002940     0.003303
Triad:          10390.6     0.002918     0.002877     0.002980
-------------------------------------------------------------
WEIRD: sizeof(STREAM_TYPE) = 2
Solution Validates: avg error less than 1.000000e-06 on all three arrays
-------------------------------------------------------------



--- run 3 ---
-------------------------------------------------------------
STREAM (dynamic) version — custom malloc-based implementation
-------------------------------------------------------------
This system uses 2 bytes per array element.
-------------------------------------------------------------
Array size = 4982272 (elements), Offset = 0 (elements)
Memory per array = 9.5 MiB (= 0.0 GiB).
Total memory required = 28.5 MiB (= 0.0 GiB).
Each kernel will be executed 5 times.
-------------------------------------------------------------
Function    Best Rate MB/s  Avg time     Min time     Max time
Copy:           13567.4     0.001550     0.001469     0.001615
Scale:          12588.7     0.001617     0.001583     0.001647
Add:            10315.3     0.003132     0.002898     0.003228
Triad:          10300.9     0.003074     0.002902     0.003237
-------------------------------------------------------------
WEIRD: sizeof(STREAM_TYPE) = 2
Solution Validates: avg error less than 1.000000e-06 on all three arrays
-------------------------------------------------------------



--- run 1 ---
-------------------------------------------------------------
STREAM (dynamic) version — custom malloc-based implementation
-------------------------------------------------------------
This system uses 2 bytes per array element.
-------------------------------------------------------------
Array size = 5592405 (elements), Offset = 0 (elements)
Memory per array = 10.7 MiB (= 0.0 GiB).
Total memory required = 32.0 MiB (= 0.0 GiB).
Each kernel will be executed 5 times.
-------------------------------------------------------------
Function    Best Rate MB/s  Avg time     Min time     Max time
Copy:           13574.2     0.001683     0.001648     0.001732
Scale:          12560.2     0.001797     0.001781     0.001822
Add:            10346.8     0.003254     0.003243     0.003264
Triad:          10391.1     0.003252     0.003229     0.003268
-------------------------------------------------------------
WEIRD: sizeof(STREAM_TYPE) = 2
Solution Validates: avg error less than 1.000000e-06 on all three arrays
-------------------------------------------------------------



--- run 2 ---
-------------------------------------------------------------
STREAM (dynamic) version — custom malloc-based implementation
-------------------------------------------------------------
This system uses 2 bytes per array element.
-------------------------------------------------------------
Array size = 5592405 (elements), Offset = 0 (elements)
Memory per array = 10.7 MiB (= 0.0 GiB).
Total memory required = 32.0 MiB (= 0.0 GiB).
Each kernel will be executed 5 times.
-------------------------------------------------------------
Function    Best Rate MB/s  Avg time     Min time     Max time
Copy:           13142.6     0.002181     0.001702     0.002960
Scale:          12269.5     0.001834     0.001823     0.001859
Add:            10049.1     0.003631     0.003339     0.003887
Triad:           9425.2     0.003741     0.003560     0.003827
-------------------------------------------------------------
WEIRD: sizeof(STREAM_TYPE) = 2
Solution Validates: avg error less than 1.000000e-06 on all three arrays
-------------------------------------------------------------



--- run 3 ---
-------------------------------------------------------------
STREAM (dynamic) version — custom malloc-based implementation
-------------------------------------------------------------
This system uses 2 bytes per array element.
-------------------------------------------------------------
Array size = 5592405 (elements), Offset = 0 (elements)
Memory per array = 10.7 MiB (= 0.0 GiB).
Total memory required = 32.0 MiB (= 0.0 GiB).
Each kernel will be executed 5 times.
-------------------------------------------------------------
Function    Best Rate MB/s  Avg time     Min time     Max time
Copy:           13058.5     0.002000     0.001713     0.002676
Scale:          12560.2     0.001794     0.001781     0.001808
Add:            10239.9     0.003451     0.003277     0.003667
Triad:          10279.6     0.003542     0.003264     0.003665
-------------------------------------------------------------
WEIRD: sizeof(STREAM_TYPE) = 2
Solution Validates: avg error less than 1.000000e-06 on all three arrays
-------------------------------------------------------------



--- run 1 ---
-------------------------------------------------------------
STREAM (dynamic) version — custom malloc-based implementation
-------------------------------------------------------------
This system uses 2 bytes per array element.
-------------------------------------------------------------
Array size = 6277290 (elements), Offset = 0 (elements)
Memory per array = 12.0 MiB (= 0.0 GiB).
Total memory required = 35.9 MiB (= 0.0 GiB).
Each kernel will be executed 5 times.
-------------------------------------------------------------
Function    Best Rate MB/s  Avg time     Min time     Max time
Copy:           13491.6     0.001876     0.001861     0.001909
Scale:          12548.0     0.002014     0.002001     0.002026
Add:            10307.5     0.003682     0.003654     0.003729
Triad:          10313.6     0.003757     0.003652     0.004028
-------------------------------------------------------------
WEIRD: sizeof(STREAM_TYPE) = 2
Solution Validates: avg error less than 1.000000e-06 on all three arrays
-------------------------------------------------------------



--- run 2 ---
-------------------------------------------------------------
STREAM (dynamic) version — custom malloc-based implementation
-------------------------------------------------------------
This system uses 2 bytes per array element.
-------------------------------------------------------------
Array size = 6277290 (elements), Offset = 0 (elements)
Memory per array = 12.0 MiB (= 0.0 GiB).
Total memory required = 35.9 MiB (= 0.0 GiB).
Each kernel will be executed 5 times.
-------------------------------------------------------------
Function    Best Rate MB/s  Avg time     Min time     Max time
Copy:           13363.2     0.001884     0.001879     0.001893
Scale:          12350.8     0.002260     0.002033     0.002847
Add:            10246.0     0.003714     0.003676     0.003749
Triad:          10344.7     0.003651     0.003641     0.003656
-------------------------------------------------------------
WEIRD: sizeof(STREAM_TYPE) = 2
Solution Validates: avg error less than 1.000000e-06 on all three arrays
-------------------------------------------------------------



--- run 3 ---
-------------------------------------------------------------
STREAM (dynamic) version — custom malloc-based implementation
-------------------------------------------------------------
This system uses 2 bytes per array element.
-------------------------------------------------------------
Array size = 6277290 (elements), Offset = 0 (elements)
Memory per array = 12.0 MiB (= 0.0 GiB).
Total memory required = 35.9 MiB (= 0.0 GiB).
Each kernel will be executed 5 times.
-------------------------------------------------------------
Function    Best Rate MB/s  Avg time     Min time     Max time
Copy:           13477.8     0.001925     0.001863     0.002035
Scale:          12510.7     0.002020     0.002007     0.002055
Add:            10282.0     0.003770     0.003663     0.004058
Triad:          10243.4     0.003966     0.003677     0.004115
-------------------------------------------------------------
WEIRD: sizeof(STREAM_TYPE) = 2
Solution Validates: avg error less than 1.000000e-06 on all three arrays
-------------------------------------------------------------



--- run 1 ---
-------------------------------------------------------------
STREAM (dynamic) version — custom malloc-based implementation
-------------------------------------------------------------
This system uses 2 bytes per array element.
-------------------------------------------------------------
Array size = 7045973 (elements), Offset = 0 (elements)
Memory per array = 13.4 MiB (= 0.0 GiB).
Total memory required = 40.3 MiB (= 0.0 GiB).
Each kernel will be executed 5 times.
-------------------------------------------------------------
Function    Best Rate MB/s  Avg time     Min time     Max time
Copy:           13108.4     0.002233     0.002150     0.002321
Scale:          12322.7     0.002347     0.002287     0.002426
Add:             9970.6     0.004487     0.004240     0.004779
Triad:          10018.0     0.004559     0.004220     0.004719
-------------------------------------------------------------
WEIRD: sizeof(STREAM_TYPE) = 2
Solution Validates: avg error less than 1.000000e-06 on all three arrays
-------------------------------------------------------------



--- run 2 ---
-------------------------------------------------------------
STREAM (dynamic) version — custom malloc-based implementation
-------------------------------------------------------------
This system uses 2 bytes per array element.
-------------------------------------------------------------
Array size = 7045973 (elements), Offset = 0 (elements)
Memory per array = 13.4 MiB (= 0.0 GiB).
Total memory required = 40.3 MiB (= 0.0 GiB).
Each kernel will be executed 5 times.
-------------------------------------------------------------
Function    Best Rate MB/s  Avg time     Min time     Max time
Copy:           13306.1     0.002517     0.002118     0.003010
Scale:          12581.1     0.002261     0.002240     0.002282
Add:            10316.4     0.004126     0.004098     0.004149
Triad:          10369.5     0.004086     0.004077     0.004112
-------------------------------------------------------------
WEIRD: sizeof(STREAM_TYPE) = 2
Solution Validates: avg error less than 1.000000e-06 on all three arrays
-------------------------------------------------------------



--- run 3 ---
-------------------------------------------------------------
STREAM (dynamic) version — custom malloc-based implementation
-------------------------------------------------------------
This system uses 2 bytes per array element.
-------------------------------------------------------------
Array size = 7045973 (elements), Offset = 0 (elements)
Memory per array = 13.4 MiB (= 0.0 GiB).
Total memory required = 40.3 MiB (= 0.0 GiB).
Each kernel will be executed 5 times.
-------------------------------------------------------------
Function    Best Rate MB/s  Avg time     Min time     Max time
Copy:           13300.2     0.002233     0.002119     0.002514
Scale:          12543.7     0.002283     0.002247     0.002310
Add:            10348.9     0.004192     0.004085     0.004305
Triad:          10331.4     0.004144     0.004092     0.004281
-------------------------------------------------------------
WEIRD: sizeof(STREAM_TYPE) = 2
Solution Validates: avg error less than 1.000000e-06 on all three arrays
-------------------------------------------------------------



--- run 1 ---
-------------------------------------------------------------
STREAM (dynamic) version — custom malloc-based implementation
-------------------------------------------------------------
This system uses 2 bytes per array element.
-------------------------------------------------------------
Array size = 7908864 (elements), Offset = 0 (elements)
Memory per array = 15.1 MiB (= 0.0 GiB).
Total memory required = 45.3 MiB (= 0.0 GiB).
Each kernel will be executed 5 times.
-------------------------------------------------------------
Function    Best Rate MB/s  Avg time     Min time     Max time
Copy:           13468.2     0.002369     0.002349     0.002388
Scale:          12528.4     0.002545     0.002525     0.002566
Add:            10399.3     0.004595     0.004563     0.004626
Triad:          10345.3     0.004601     0.004587     0.004626
-------------------------------------------------------------
WEIRD: sizeof(STREAM_TYPE) = 2
Solution Validates: avg error less than 1.000000e-06 on all three arrays
-------------------------------------------------------------



--- run 2 ---
-------------------------------------------------------------
STREAM (dynamic) version — custom malloc-based implementation
-------------------------------------------------------------
This system uses 2 bytes per array element.
-------------------------------------------------------------
Array size = 7908864 (elements), Offset = 0 (elements)
Memory per array = 15.1 MiB (= 0.0 GiB).
Total memory required = 45.3 MiB (= 0.0 GiB).
Each kernel will be executed 5 times.
-------------------------------------------------------------
Function    Best Rate MB/s  Avg time     Min time     Max time
Copy:           13280.8     0.002632     0.002382     0.003252
Scale:          12514.3     0.002588     0.002528     0.002649
Add:            10257.9     0.004999     0.004626     0.005130
Triad:          10360.9     0.004722     0.004580     0.005140
-------------------------------------------------------------
WEIRD: sizeof(STREAM_TYPE) = 2
Solution Validates: avg error less than 1.000000e-06 on all three arrays
-------------------------------------------------------------



--- run 3 ---
-------------------------------------------------------------
STREAM (dynamic) version — custom malloc-based implementation
-------------------------------------------------------------
This system uses 2 bytes per array element.
-------------------------------------------------------------
Array size = 7908864 (elements), Offset = 0 (elements)
Memory per array = 15.1 MiB (= 0.0 GiB).
Total memory required = 45.3 MiB (= 0.0 GiB).
Each kernel will be executed 5 times.
-------------------------------------------------------------
Function    Best Rate MB/s  Avg time     Min time     Max time
Copy:           13427.3     0.002661     0.002356     0.003520
Scale:          12543.8     0.002533     0.002522     0.002543
Add:            10298.2     0.004639     0.004608     0.004687
Triad:          10324.9     0.004626     0.004596     0.004691
-------------------------------------------------------------
WEIRD: sizeof(STREAM_TYPE) = 2
Solution Validates: avg error less than 1.000000e-06 on all three arrays
-------------------------------------------------------------



--- run 1 ---
-------------------------------------------------------------
STREAM (dynamic) version — custom malloc-based implementation
-------------------------------------------------------------
This system uses 2 bytes per array element.
-------------------------------------------------------------
Array size = 8877397 (elements), Offset = 0 (elements)
Memory per array = 16.9 MiB (= 0.0 GiB).
Total memory required = 50.8 MiB (= 0.0 GiB).
Each kernel will be executed 5 times.
-------------------------------------------------------------
Function    Best Rate MB/s  Avg time     Min time     Max time
Copy:           13226.0     0.002898     0.002685     0.003033
Scale:          12561.2     0.002881     0.002827     0.002997
Add:            10196.1     0.005556     0.005224     0.005866
Triad:           9197.5     0.005803     0.005791     0.005816
-------------------------------------------------------------
WEIRD: sizeof(STREAM_TYPE) = 2
Solution Validates: avg error less than 1.000000e-06 on all three arrays
-------------------------------------------------------------



--- run 2 ---
-------------------------------------------------------------
STREAM (dynamic) version — custom malloc-based implementation
-------------------------------------------------------------
This system uses 2 bytes per array element.
-------------------------------------------------------------
Array size = 8877397 (elements), Offset = 0 (elements)
Memory per array = 16.9 MiB (= 0.0 GiB).
Total memory required = 50.8 MiB (= 0.0 GiB).
Each kernel will be executed 5 times.
-------------------------------------------------------------
Function    Best Rate MB/s  Avg time     Min time     Max time
Copy:           13226.0     0.003484     0.002685     0.004448
Scale:          12521.1     0.002858     0.002836     0.002899
Add:            10141.5     0.005543     0.005252     0.005865
Triad:          10286.7     0.005332     0.005178     0.005766
-------------------------------------------------------------
WEIRD: sizeof(STREAM_TYPE) = 2
Solution Validates: avg error less than 1.000000e-06 on all three arrays
-------------------------------------------------------------



--- run 3 ---
-------------------------------------------------------------
STREAM (dynamic) version — custom malloc-based implementation
-------------------------------------------------------------
This system uses 2 bytes per array element.
-------------------------------------------------------------
Array size = 8877397 (elements), Offset = 0 (elements)
Memory per array = 16.9 MiB (= 0.0 GiB).
Total memory required = 50.8 MiB (= 0.0 GiB).
Each kernel will be executed 5 times.
-------------------------------------------------------------
Function    Best Rate MB/s  Avg time     Min time     Max time
Copy:           13250.7     0.003226     0.002680     0.004511
Scale:          12565.4     0.002849     0.002826     0.002864
Add:            10261.2     0.005598     0.005191     0.005866
Triad:          10265.0     0.005490     0.005189     0.005826
-------------------------------------------------------------
WEIRD: sizeof(STREAM_TYPE) = 2
Solution Validates: avg error less than 1.000000e-06 on all three arrays
-------------------------------------------------------------



--- run 1 ---
-------------------------------------------------------------
STREAM (dynamic) version — custom malloc-based implementation
-------------------------------------------------------------
This system uses 2 bytes per array element.
-------------------------------------------------------------
Array size = 9964544 (elements), Offset = 0 (elements)
Memory per array = 19.0 MiB (= 0.0 GiB).
Total memory required = 57.0 MiB (= 0.1 GiB).
Each kernel will be executed 5 times.
-------------------------------------------------------------
Function    Best Rate MB/s  Avg time     Min time     Max time
Copy:           13330.5     0.003093     0.002990     0.003286
Scale:          12475.0     0.003207     0.003195     0.003227
Add:            10343.9     0.006229     0.005780     0.006393
Triad:          10327.7     0.005980     0.005789     0.006479
-------------------------------------------------------------
WEIRD: sizeof(STREAM_TYPE) = 2
Solution Validates: avg error less than 1.000000e-06 on all three arrays
-------------------------------------------------------------



--- run 2 ---
-------------------------------------------------------------
STREAM (dynamic) version — custom malloc-based implementation
-------------------------------------------------------------
This system uses 2 bytes per array element.
-------------------------------------------------------------
Array size = 9964544 (elements), Offset = 0 (elements)
Memory per array = 19.0 MiB (= 0.0 GiB).
Total memory required = 57.0 MiB (= 0.1 GiB).
Each kernel will be executed 5 times.
-------------------------------------------------------------
Function    Best Rate MB/s  Avg time     Min time     Max time
Copy:           13115.0     0.003577     0.003039     0.004461
Scale:          12541.4     0.003193     0.003178     0.003220
Add:            10326.0     0.005847     0.005790     0.005893
Triad:          10412.6     0.005767     0.005742     0.005804
-------------------------------------------------------------
WEIRD: sizeof(STREAM_TYPE) = 2
Solution Validates: avg error less than 1.000000e-06 on all three arrays
-------------------------------------------------------------



--- run 3 ---
-------------------------------------------------------------
STREAM (dynamic) version — custom malloc-based implementation
-------------------------------------------------------------
This system uses 2 bytes per array element.
-------------------------------------------------------------
Array size = 9964544 (elements), Offset = 0 (elements)
Memory per array = 19.0 MiB (= 0.0 GiB).
Total memory required = 57.0 MiB (= 0.1 GiB).
Each kernel will be executed 5 times.
-------------------------------------------------------------
Function    Best Rate MB/s  Avg time     Min time     Max time
Copy:           13357.1     0.003012     0.002984     0.003026
Scale:          12475.9     0.003214     0.003195     0.003247
Add:            10324.3     0.005809     0.005791     0.005831
Triad:          10347.7     0.005799     0.005778     0.005841
-------------------------------------------------------------
WEIRD: sizeof(STREAM_TYPE) = 2
Solution Validates: avg error less than 1.000000e-06 on all three arrays
-------------------------------------------------------------



--- run 1 ---
-------------------------------------------------------------
STREAM (dynamic) version — custom malloc-based implementation
-------------------------------------------------------------
This system uses 2 bytes per array element.
-------------------------------------------------------------
Array size = 11184810 (elements), Offset = 0 (elements)
Memory per array = 21.3 MiB (= 0.0 GiB).
Total memory required = 64.0 MiB (= 0.1 GiB).
Each kernel will be executed 5 times.
-------------------------------------------------------------
Function    Best Rate MB/s  Avg time     Min time     Max time
Copy:           13342.6     0.004014     0.003353     0.004868
Scale:          12546.0     0.003646     0.003566     0.003728
Add:             9924.7     0.007190     0.006762     0.007734
Triad:           9713.1     0.007351     0.006909     0.007731
-------------------------------------------------------------
WEIRD: sizeof(STREAM_TYPE) = 2
Solution Validates: avg error less than 1.000000e-06 on all three arrays
-------------------------------------------------------------



--- run 2 ---
-------------------------------------------------------------
STREAM (dynamic) version — custom malloc-based implementation
-------------------------------------------------------------
This system uses 2 bytes per array element.
-------------------------------------------------------------
Array size = 11184810 (elements), Offset = 0 (elements)
Memory per array = 21.3 MiB (= 0.0 GiB).
Total memory required = 64.0 MiB (= 0.1 GiB).
Each kernel will be executed 5 times.
-------------------------------------------------------------
Function    Best Rate MB/s  Avg time     Min time     Max time
Copy:           13165.6     0.004363     0.003398     0.006517
Scale:          12423.9     0.003798     0.003601     0.004129
Add:            10154.2     0.007461     0.006609     0.007952
Triad:          10191.0     0.007490     0.006585     0.008077
-------------------------------------------------------------
WEIRD: sizeof(STREAM_TYPE) = 2
Solution Validates: avg error less than 1.000000e-06 on all three arrays
-------------------------------------------------------------



--- run 3 ---
-------------------------------------------------------------
STREAM (dynamic) version — custom malloc-based implementation
-------------------------------------------------------------
This system uses 2 bytes per array element.
-------------------------------------------------------------
Array size = 11184810 (elements), Offset = 0 (elements)
Memory per array = 21.3 MiB (= 0.0 GiB).
Total memory required = 64.0 MiB (= 0.1 GiB).
Each kernel will be executed 5 times.
-------------------------------------------------------------
Function    Best Rate MB/s  Avg time     Min time     Max time
Copy:           12190.6     0.004086     0.003670     0.004798
Scale:          12482.5     0.003689     0.003584     0.003791
Add:             9209.4     0.007295     0.007287     0.007306
Triad:           9204.2     0.007307     0.007291     0.007321
-------------------------------------------------------------
WEIRD: sizeof(STREAM_TYPE) = 2
Solution Validates: avg error less than 1.000000e-06 on all three arrays
-------------------------------------------------------------


