--- run 1 ---
-------------------------------------------------------------
STREAM (dynamic) version — custom malloc-based implementation
-------------------------------------------------------------
This system uses 8 bytes per array element.
-------------------------------------------------------------
Array size = 10922 (elements), Offset = 0 (elements)
Memory per array = 0.1 MiB (= 0.0 GiB).
Total memory required = 0.2 MiB (= 0.0 GiB).
Each kernel will be executed 20 times.
-------------------------------------------------------------
Function    Best Rate MB/s  Avg time     Min time     Max time
Copy:             305.5     0.000577     0.000572     0.000594
Scale:            304.5     0.000577     0.000574     0.000584
Add:              458.3     0.000579     0.000572     0.000602
Triad:            455.1     0.000579     0.000576     0.000592
-------------------------------------------------------------
Solution Validates: avg error less than 1.000000e-13 on all three arrays
-------------------------------------------------------------



--- run 2 ---
-------------------------------------------------------------
STREAM (dynamic) version — custom malloc-based implementation
-------------------------------------------------------------
This system uses 8 bytes per array element.
-------------------------------------------------------------
Array size = 10922 (elements), Offset = 0 (elements)
Memory per array = 0.1 MiB (= 0.0 GiB).
Total memory required = 0.2 MiB (= 0.0 GiB).
Each kernel will be executed 20 times.
-------------------------------------------------------------
Function    Best Rate MB/s  Avg time     Min time     Max time
Copy:             305.5     0.000578     0.000572     0.000604
Scale:            304.5     0.000578     0.000574     0.000591
Add:              456.6     0.000579     0.000574     0.000587
Triad:            457.5     0.000582     0.000573     0.000644
-------------------------------------------------------------
Solution Validates: avg error less than 1.000000e-13 on all three arrays
-------------------------------------------------------------



--- run 3 ---
-------------------------------------------------------------
STREAM (dynamic) version — custom malloc-based implementation
-------------------------------------------------------------
This system uses 8 bytes per array element.
-------------------------------------------------------------
Array size = 10922 (elements), Offset = 0 (elements)
Memory per array = 0.1 MiB (= 0.0 GiB).
Total memory required = 0.2 MiB (= 0.0 GiB).
Each kernel will be executed 20 times.
-------------------------------------------------------------
Function    Best Rate MB/s  Avg time     Min time     Max time
Copy:             365.6     0.000571     0.000478     0.000585
Scale:            304.0     0.000577     0.000575     0.000581
Add:              456.6     0.000579     0.000574     0.000599
Triad:            456.6     0.000587     0.000574     0.000666
-------------------------------------------------------------
Solution Validates: avg error less than 1.000000e-13 on all three arrays
-------------------------------------------------------------



--- run 1 ---
-------------------------------------------------------------
STREAM (dynamic) version — custom malloc-based implementation
-------------------------------------------------------------
This system uses 8 bytes per array element.
-------------------------------------------------------------
Array size = 12245 (elements), Offset = 0 (elements)
Memory per array = 0.1 MiB (= 0.0 GiB).
Total memory required = 0.3 MiB (= 0.0 GiB).
Each kernel will be executed 17 times.
-------------------------------------------------------------
Function    Best Rate MB/s  Avg time     Min time     Max time
Copy:             343.1     0.000577     0.000571     0.000608
Scale:            341.4     0.000584     0.000574     0.000670
Add:              513.0     0.000582     0.000573     0.000616
Triad:            511.0     0.000580     0.000575     0.000589
-------------------------------------------------------------
Solution Validates: avg error less than 1.000000e-13 on all three arrays
-------------------------------------------------------------



--- run 2 ---
-------------------------------------------------------------
STREAM (dynamic) version — custom malloc-based implementation
-------------------------------------------------------------
This system uses 8 bytes per array element.
-------------------------------------------------------------
Array size = 12245 (elements), Offset = 0 (elements)
Memory per array = 0.1 MiB (= 0.0 GiB).
Total memory required = 0.3 MiB (= 0.0 GiB).
Each kernel will be executed 17 times.
-------------------------------------------------------------
Function    Best Rate MB/s  Avg time     Min time     Max time
Copy:             355.0     0.000650     0.000552     0.000729
Scale:            536.7     0.000661     0.000365     0.000760
Add:              537.3     0.000666     0.000547     0.000770
Triad:            533.4     0.000669     0.000551     0.000850
-------------------------------------------------------------
Solution Validates: avg error less than 1.000000e-13 on all three arrays
-------------------------------------------------------------



--- run 3 ---
-------------------------------------------------------------
STREAM (dynamic) version — custom malloc-based implementation
-------------------------------------------------------------
This system uses 8 bytes per array element.
-------------------------------------------------------------
Array size = 12245 (elements), Offset = 0 (elements)
Memory per array = 0.1 MiB (= 0.0 GiB).
Total memory required = 0.3 MiB (= 0.0 GiB).
Each kernel will be executed 17 times.
-------------------------------------------------------------
Function    Best Rate MB/s  Avg time     Min time     Max time
Copy:             346.7     0.000586     0.000565     0.000746
Scale:            470.9     0.000554     0.000416     0.000586
Add:              515.5     0.000579     0.000570     0.000598
Triad:            525.6     0.000575     0.000559     0.000583
-------------------------------------------------------------
Solution Validates: avg error less than 1.000000e-13 on all three arrays
-------------------------------------------------------------



--- run 1 ---
-------------------------------------------------------------
STREAM (dynamic) version — custom malloc-based implementation
-------------------------------------------------------------
This system uses 8 bytes per array element.
-------------------------------------------------------------
Array size = 13781 (elements), Offset = 0 (elements)
Memory per array = 0.1 MiB (= 0.0 GiB).
Total memory required = 0.3 MiB (= 0.0 GiB).
Each kernel will be executed 15 times.
-------------------------------------------------------------
Function    Best Rate MB/s  Avg time     Min time     Max time
Copy:             433.2     0.000573     0.000509     0.000587
Scale:            380.7     0.000586     0.000579     0.000617
Add:              569.5     0.000585     0.000581     0.000599
Triad:            571.1     0.000586     0.000579     0.000612
-------------------------------------------------------------
Solution Validates: avg error less than 1.000000e-13 on all three arrays
-------------------------------------------------------------



--- run 2 ---
-------------------------------------------------------------
STREAM (dynamic) version — custom malloc-based implementation
-------------------------------------------------------------
This system uses 8 bytes per array element.
-------------------------------------------------------------
Array size = 13781 (elements), Offset = 0 (elements)
Memory per array = 0.1 MiB (= 0.0 GiB).
Total memory required = 0.3 MiB (= 0.0 GiB).
Each kernel will be executed 15 times.
-------------------------------------------------------------
Function    Best Rate MB/s  Avg time     Min time     Max time
Copy:             742.2     0.000557     0.000297     0.000588
Scale:            532.7     0.000627     0.000414     0.000861
Add:             1092.3     0.000580     0.000303     0.000871
Triad:           1094.9     0.000562     0.000302     0.000863
-------------------------------------------------------------
Solution Validates: avg error less than 1.000000e-13 on all three arrays
-------------------------------------------------------------



--- run 3 ---
-------------------------------------------------------------
STREAM (dynamic) version — custom malloc-based implementation
-------------------------------------------------------------
This system uses 8 bytes per array element.
-------------------------------------------------------------
Array size = 13781 (elements), Offset = 0 (elements)
Memory per array = 0.1 MiB (= 0.0 GiB).
Total memory required = 0.3 MiB (= 0.0 GiB).
Each kernel will be executed 15 times.
-------------------------------------------------------------
Function    Best Rate MB/s  Avg time     Min time     Max time
Copy:             424.0     0.000571     0.000520     0.000579
Scale:            385.5     0.000578     0.000572     0.000586
Add:              574.2     0.000581     0.000576     0.000604
Triad:            572.3     0.000580     0.000578     0.000584
-------------------------------------------------------------
Solution Validates: avg error less than 1.000000e-13 on all three arrays
-------------------------------------------------------------



--- run 1 ---
-------------------------------------------------------------
STREAM (dynamic) version — custom malloc-based implementation
-------------------------------------------------------------
This system uses 8 bytes per array element.
-------------------------------------------------------------
Array size = 15445 (elements), Offset = 0 (elements)
Memory per array = 0.1 MiB (= 0.0 GiB).
Total memory required = 0.4 MiB (= 0.0 GiB).
Each kernel will be executed 14 times.
-------------------------------------------------------------
Function    Best Rate MB/s  Avg time     Min time     Max time
Copy:             432.1     0.000576     0.000572     0.000582
Scale:            428.3     0.000579     0.000577     0.000585
Add:              644.6     0.000581     0.000575     0.000602
Triad:            641.4     0.000581     0.000578     0.000586
-------------------------------------------------------------
Solution Validates: avg error less than 1.000000e-13 on all three arrays
-------------------------------------------------------------



--- run 2 ---
-------------------------------------------------------------
STREAM (dynamic) version — custom malloc-based implementation
-------------------------------------------------------------
This system uses 8 bytes per array element.
-------------------------------------------------------------
Array size = 15445 (elements), Offset = 0 (elements)
Memory per array = 0.1 MiB (= 0.0 GiB).
Total memory required = 0.4 MiB (= 0.0 GiB).
Each kernel will be executed 14 times.
-------------------------------------------------------------
Function    Best Rate MB/s  Avg time     Min time     Max time
Copy:             433.7     0.000599     0.000570     0.000855
Scale:            428.3     0.000584     0.000577     0.000637
Add:             1227.1     0.000561     0.000302     0.000602
Triad:            641.4     0.000582     0.000578     0.000591
-------------------------------------------------------------
Solution Validates: avg error less than 1.000000e-13 on all three arrays
-------------------------------------------------------------



--- run 3 ---
-------------------------------------------------------------
STREAM (dynamic) version — custom malloc-based implementation
-------------------------------------------------------------
This system uses 8 bytes per array element.
-------------------------------------------------------------
Array size = 15445 (elements), Offset = 0 (elements)
Memory per array = 0.1 MiB (= 0.0 GiB).
Total memory required = 0.4 MiB (= 0.0 GiB).
Each kernel will be executed 14 times.
-------------------------------------------------------------
Function    Best Rate MB/s  Avg time     Min time     Max time
Copy:             430.6     0.000584     0.000574     0.000656
Scale:            429.0     0.000580     0.000576     0.000589
Add:              641.4     0.000584     0.000578     0.000610
Triad:            641.1     0.000583     0.000578     0.000590
-------------------------------------------------------------
Solution Validates: avg error less than 1.000000e-13 on all three arrays
-------------------------------------------------------------



--- run 1 ---
-------------------------------------------------------------
STREAM (dynamic) version — custom malloc-based implementation
-------------------------------------------------------------
This system uses 8 bytes per array element.
-------------------------------------------------------------
Array size = 17322 (elements), Offset = 0 (elements)
Memory per array = 0.1 MiB (= 0.0 GiB).
Total memory required = 0.4 MiB (= 0.0 GiB).
Each kernel will be executed 12 times.
-------------------------------------------------------------
Function    Best Rate MB/s  Avg time     Min time     Max time
Copy:             484.6     0.000575     0.000572     0.000582
Scale:            481.2     0.000579     0.000576     0.000585
Add:              718.2     0.000582     0.000579     0.000591
Triad:            720.5     0.000581     0.000577     0.000585
-------------------------------------------------------------
Solution Validates: avg error less than 1.000000e-13 on all three arrays
-------------------------------------------------------------



--- run 2 ---
-------------------------------------------------------------
STREAM (dynamic) version — custom malloc-based implementation
-------------------------------------------------------------
This system uses 8 bytes per array element.
-------------------------------------------------------------
Array size = 17322 (elements), Offset = 0 (elements)
Memory per array = 0.1 MiB (= 0.0 GiB).
Total memory required = 0.4 MiB (= 0.0 GiB).
Each kernel will be executed 12 times.
-------------------------------------------------------------
Function    Best Rate MB/s  Avg time     Min time     Max time
Copy:             484.6     0.000577     0.000572     0.000583
Scale:            483.8     0.000579     0.000573     0.000587
Add:              720.5     0.000579     0.000577     0.000584
Triad:           1316.0     0.000557     0.000316     0.000588
-------------------------------------------------------------
Solution Validates: avg error less than 1.000000e-13 on all three arrays
-------------------------------------------------------------



--- run 3 ---
-------------------------------------------------------------
STREAM (dynamic) version — custom malloc-based implementation
-------------------------------------------------------------
This system uses 8 bytes per array element.
-------------------------------------------------------------
Array size = 17322 (elements), Offset = 0 (elements)
Memory per array = 0.1 MiB (= 0.0 GiB).
Total memory required = 0.4 MiB (= 0.0 GiB).
Each kernel will be executed 12 times.
-------------------------------------------------------------
Function    Best Rate MB/s  Avg time     Min time     Max time
Copy:             495.7     0.000575     0.000559     0.000582
Scale:            483.8     0.000579     0.000573     0.000593
Add:              723.2     0.000583     0.000575     0.000589
Triad:            722.9     0.000585     0.000575     0.000611
-------------------------------------------------------------
Solution Validates: avg error less than 1.000000e-13 on all three arrays
-------------------------------------------------------------



--- run 1 ---
-------------------------------------------------------------
STREAM (dynamic) version — custom malloc-based implementation
-------------------------------------------------------------
This system uses 8 bytes per array element.
-------------------------------------------------------------
Array size = 19456 (elements), Offset = 0 (elements)
Memory per array = 0.1 MiB (= 0.0 GiB).
Total memory required = 0.4 MiB (= 0.0 GiB).
Each kernel will be executed 11 times.
-------------------------------------------------------------
Function    Best Rate MB/s  Avg time     Min time     Max time
Copy:            1044.5     0.000549     0.000298     0.000599
Scale:            581.8     0.000605     0.000535     0.000860
Add:             1550.7     0.000555     0.000301     0.000594
Triad:           1010.6     0.000575     0.000462     0.000614
-------------------------------------------------------------
Solution Validates: avg error less than 1.000000e-13 on all three arrays
-------------------------------------------------------------



--- run 2 ---
-------------------------------------------------------------
STREAM (dynamic) version — custom malloc-based implementation
-------------------------------------------------------------
This system uses 8 bytes per array element.
-------------------------------------------------------------
Array size = 19456 (elements), Offset = 0 (elements)
Memory per array = 0.1 MiB (= 0.0 GiB).
Total memory required = 0.4 MiB (= 0.0 GiB).
Each kernel will be executed 11 times.
-------------------------------------------------------------
Function    Best Rate MB/s  Avg time     Min time     Max time
Copy:             553.7     0.000576     0.000562     0.000582
Scale:            541.3     0.000580     0.000575     0.000584
Add:              808.0     0.000582     0.000578     0.000589
Triad:           1506.5     0.000557     0.000310     0.000606
-------------------------------------------------------------
Solution Validates: avg error less than 1.000000e-13 on all three arrays
-------------------------------------------------------------



--- run 3 ---
-------------------------------------------------------------
STREAM (dynamic) version — custom malloc-based implementation
-------------------------------------------------------------
This system uses 8 bytes per array element.
-------------------------------------------------------------
Array size = 19456 (elements), Offset = 0 (elements)
Memory per array = 0.1 MiB (= 0.0 GiB).
Total memory required = 0.4 MiB (= 0.0 GiB).
Each kernel will be executed 11 times.
-------------------------------------------------------------
Function    Best Rate MB/s  Avg time     Min time     Max time
Copy:            1084.4     0.000600     0.000287     0.000672
Scale:            609.3     0.000653     0.000511     0.000962
Add:             1125.6     0.000604     0.000415     0.000675
Triad:            803.7     0.000653     0.000581     0.000883
-------------------------------------------------------------
Solution Validates: avg error less than 1.000000e-13 on all three arrays
-------------------------------------------------------------



--- run 1 ---
-------------------------------------------------------------
STREAM (dynamic) version — custom malloc-based implementation
-------------------------------------------------------------
This system uses 8 bytes per array element.
-------------------------------------------------------------
Array size = 21845 (elements), Offset = 0 (elements)
Memory per array = 0.2 MiB (= 0.0 GiB).
Total memory required = 0.5 MiB (= 0.0 GiB).
Each kernel will be executed 10 times.
-------------------------------------------------------------
Function    Best Rate MB/s  Avg time     Min time     Max time
Copy:             607.8     0.000577     0.000575     0.000579
Scale:            604.8     0.000583     0.000578     0.000589
Add:             1006.4     0.000576     0.000521     0.000589
Triad:            902.7     0.000585     0.000581     0.000590
-------------------------------------------------------------
Solution Validates: avg error less than 1.000000e-13 on all three arrays
-------------------------------------------------------------



--- run 2 ---
-------------------------------------------------------------
STREAM (dynamic) version — custom malloc-based implementation
-------------------------------------------------------------
This system uses 8 bytes per array element.
-------------------------------------------------------------
Array size = 21845 (elements), Offset = 0 (elements)
Memory per array = 0.2 MiB (= 0.0 GiB).
Total memory required = 0.5 MiB (= 0.0 GiB).
Each kernel will be executed 10 times.
-------------------------------------------------------------
Function    Best Rate MB/s  Avg time     Min time     Max time
Copy:            1172.8     0.000579     0.000298     0.000859
Scale:           1141.7     0.000548     0.000306     0.000585
Add:              903.8     0.000586     0.000580     0.000601
Triad:            905.3     0.000615     0.000579     0.000868
-------------------------------------------------------------
Solution Validates: avg error less than 1.000000e-13 on all three arrays
-------------------------------------------------------------



--- run 3 ---
-------------------------------------------------------------
STREAM (dynamic) version — custom malloc-based implementation
-------------------------------------------------------------
This system uses 8 bytes per array element.
-------------------------------------------------------------
Array size = 21845 (elements), Offset = 0 (elements)
Memory per array = 0.2 MiB (= 0.0 GiB).
Total memory required = 0.5 MiB (= 0.0 GiB).
Each kernel will be executed 10 times.
-------------------------------------------------------------
Function    Best Rate MB/s  Avg time     Min time     Max time
Copy:             682.8     0.000590     0.000512     0.000673
Scale:           1131.2     0.000552     0.000309     0.000596
Add:              900.9     0.000593     0.000582     0.000611
Triad:           1120.2     0.000578     0.000468     0.000654
-------------------------------------------------------------
Solution Validates: avg error less than 1.000000e-13 on all three arrays
-------------------------------------------------------------



--- run 1 ---
-------------------------------------------------------------
STREAM (dynamic) version — custom malloc-based implementation
-------------------------------------------------------------
This system uses 8 bytes per array element.
-------------------------------------------------------------
Array size = 24533 (elements), Offset = 0 (elements)
Memory per array = 0.2 MiB (= 0.0 GiB).
Total memory required = 0.6 MiB (= 0.0 GiB).
Each kernel will be executed 8 times.
-------------------------------------------------------------
Function    Best Rate MB/s  Avg time     Min time     Max time
Copy:             680.3     0.000578     0.000577     0.000579
Scale:            675.6     0.000584     0.000581     0.000590
Add:             1011.7     0.000586     0.000582     0.000591
Triad:           1013.4     0.000587     0.000581     0.000596
-------------------------------------------------------------
Solution Validates: avg error less than 1.000000e-13 on all three arrays
-------------------------------------------------------------



--- run 2 ---
-------------------------------------------------------------
STREAM (dynamic) version — custom malloc-based implementation
-------------------------------------------------------------
This system uses 8 bytes per array element.
-------------------------------------------------------------
Array size = 24533 (elements), Offset = 0 (elements)
Memory per array = 0.2 MiB (= 0.0 GiB).
Total memory required = 0.6 MiB (= 0.0 GiB).
Each kernel will be executed 8 times.
-------------------------------------------------------------
Function    Best Rate MB/s  Avg time     Min time     Max time
Copy:             681.4     0.000592     0.000576     0.000672
Scale:           1278.2     0.000545     0.000307     0.000592
Add:             1011.7     0.000587     0.000582     0.000599
Triad:           1011.7     0.000627     0.000582     0.000870
-------------------------------------------------------------
Solution Validates: avg error less than 1.000000e-13 on all three arrays
-------------------------------------------------------------



--- run 3 ---
-------------------------------------------------------------
STREAM (dynamic) version — custom malloc-based implementation
-------------------------------------------------------------
This system uses 8 bytes per array element.
-------------------------------------------------------------
Array size = 24533 (elements), Offset = 0 (elements)
Memory per array = 0.2 MiB (= 0.0 GiB).
Total memory required = 0.6 MiB (= 0.0 GiB).
Each kernel will be executed 8 times.
-------------------------------------------------------------
Function    Best Rate MB/s  Avg time     Min time     Max time
Copy:             682.6     0.000577     0.000575     0.000578
Scale:            678.1     0.000582     0.000579     0.000585
Add:             1023.9     0.000584     0.000575     0.000592
Triad:           1029.4     0.000583     0.000572     0.000597
-------------------------------------------------------------
Solution Validates: avg error less than 1.000000e-13 on all three arrays
-------------------------------------------------------------



--- run 1 ---
-------------------------------------------------------------
STREAM (dynamic) version — custom malloc-based implementation
-------------------------------------------------------------
This system uses 8 bytes per array element.
-------------------------------------------------------------
Array size = 27520 (elements), Offset = 0 (elements)
Memory per array = 0.2 MiB (= 0.0 GiB).
Total memory required = 0.6 MiB (= 0.0 GiB).
Each kernel will be executed 7 times.
-------------------------------------------------------------
Function    Best Rate MB/s  Avg time     Min time     Max time
Copy:             767.0     0.000579     0.000574     0.000583
Scale:            755.4     0.000586     0.000583     0.000588
Add:             1130.7     0.000597     0.000584     0.000636
Triad:           1129.3     0.000589     0.000585     0.000596
-------------------------------------------------------------
Solution Validates: avg error less than 1.000000e-13 on all three arrays
-------------------------------------------------------------



--- run 2 ---
-------------------------------------------------------------
STREAM (dynamic) version — custom malloc-based implementation
-------------------------------------------------------------
This system uses 8 bytes per array element.
-------------------------------------------------------------
Array size = 27520 (elements), Offset = 0 (elements)
Memory per array = 0.2 MiB (= 0.0 GiB).
Total memory required = 0.6 MiB (= 0.0 GiB).
Each kernel will be executed 7 times.
-------------------------------------------------------------
Function    Best Rate MB/s  Avg time     Min time     Max time
Copy:             763.2     0.000580     0.000577     0.000588
Scale:            756.6     0.000584     0.000582     0.000588
Add:             1131.2     0.000586     0.000584     0.000592
Triad:           1128.9     0.000587     0.000585     0.000588
-------------------------------------------------------------
Solution Validates: avg error less than 1.000000e-13 on all three arrays
-------------------------------------------------------------



--- run 3 ---
-------------------------------------------------------------
STREAM (dynamic) version — custom malloc-based implementation
-------------------------------------------------------------
This system uses 8 bytes per array element.
-------------------------------------------------------------
Array size = 27520 (elements), Offset = 0 (elements)
Memory per array = 0.2 MiB (= 0.0 GiB).
Total memory required = 0.6 MiB (= 0.0 GiB).
Each kernel will be executed 7 times.
-------------------------------------------------------------
Function    Best Rate MB/s  Avg time     Min time     Max time
Copy:             759.4     0.000582     0.000580     0.000586
Scale:            756.6     0.000594     0.000582     0.000623
Add:             1127.0     0.000590     0.000586     0.000596
Triad:           1128.9     0.000592     0.000585     0.000605
-------------------------------------------------------------
Solution Validates: avg error less than 1.000000e-13 on all three arrays
-------------------------------------------------------------



--- run 1 ---
-------------------------------------------------------------
STREAM (dynamic) version — custom malloc-based implementation
-------------------------------------------------------------
This system uses 8 bytes per array element.
-------------------------------------------------------------
Array size = 30890 (elements), Offset = 0 (elements)
Memory per array = 0.2 MiB (= 0.0 GiB).
Total memory required = 0.7 MiB (= 0.0 GiB).
Each kernel will be executed 7 times.
-------------------------------------------------------------
Function    Best Rate MB/s  Avg time     Min time     Max time
Copy:             853.8     0.000583     0.000579     0.000594
Scale:            934.2     0.000576     0.000529     0.000588
Add:             1265.0     0.000592     0.000586     0.000601
Triad:           1267.6     0.000590     0.000585     0.000595
-------------------------------------------------------------
Solution Validates: avg error less than 1.000000e-13 on all three arrays
-------------------------------------------------------------



--- run 2 ---
-------------------------------------------------------------
STREAM (dynamic) version — custom malloc-based implementation
-------------------------------------------------------------
This system uses 8 bytes per array element.
-------------------------------------------------------------
Array size = 30890 (elements), Offset = 0 (elements)
Memory per array = 0.2 MiB (= 0.0 GiB).
Total memory required = 0.7 MiB (= 0.0 GiB).
Each kernel will be executed 7 times.
-------------------------------------------------------------
Function    Best Rate MB/s  Avg time     Min time     Max time
Copy:             853.8     0.000586     0.000579     0.000606
Scale:            850.6     0.000585     0.000581     0.000589
Add:             1265.0     0.000590     0.000586     0.000596
Triad:           1258.4     0.000590     0.000589     0.000591
-------------------------------------------------------------
Solution Validates: avg error less than 1.000000e-13 on all three arrays
-------------------------------------------------------------



--- run 3 ---
-------------------------------------------------------------
STREAM (dynamic) version — custom malloc-based implementation
-------------------------------------------------------------
This system uses 8 bytes per array element.
-------------------------------------------------------------
Array size = 30890 (elements), Offset = 0 (elements)
Memory per array = 0.2 MiB (= 0.0 GiB).
Total memory required = 0.7 MiB (= 0.0 GiB).
Each kernel will be executed 7 times.
-------------------------------------------------------------
Function    Best Rate MB/s  Avg time     Min time     Max time
Copy:             856.6     0.000581     0.000577     0.000589
Scale:            847.8     0.000585     0.000583     0.000587
Add:             1265.0     0.000589     0.000586     0.000596
Triad:           1263.0     0.000590     0.000587     0.000594
-------------------------------------------------------------
Solution Validates: avg error less than 1.000000e-13 on all three arrays
-------------------------------------------------------------



--- run 1 ---
-------------------------------------------------------------
STREAM (dynamic) version — custom malloc-based implementation
-------------------------------------------------------------
This system uses 8 bytes per array element.
-------------------------------------------------------------
Array size = 34688 (elements), Offset = 0 (elements)
Memory per array = 0.3 MiB (= 0.0 GiB).
Total memory required = 0.8 MiB (= 0.0 GiB).
Each kernel will be executed 6 times.
-------------------------------------------------------------
Function    Best Rate MB/s  Avg time     Min time     Max time
Copy:            1127.8     0.000564     0.000492     0.000585
Scale:            949.0     0.000601     0.000585     0.000651
Add:             1410.8     0.000596     0.000590     0.000605
Triad:           1404.0     0.000601     0.000593     0.000623
-------------------------------------------------------------
Solution Validates: avg error less than 1.000000e-13 on all three arrays
-------------------------------------------------------------



--- run 2 ---
-------------------------------------------------------------
STREAM (dynamic) version — custom malloc-based implementation
-------------------------------------------------------------
This system uses 8 bytes per array element.
-------------------------------------------------------------
Array size = 34688 (elements), Offset = 0 (elements)
Memory per array = 0.3 MiB (= 0.0 GiB).
Total memory required = 0.8 MiB (= 0.0 GiB).
Each kernel will be executed 6 times.
-------------------------------------------------------------
Function    Best Rate MB/s  Avg time     Min time     Max time
Copy:             961.9     0.000580     0.000577     0.000583
Scale:           1073.7     0.000575     0.000517     0.000595
Add:             1421.2     0.000606     0.000586     0.000672
Triad:           2661.4     0.000535     0.000313     0.000599
-------------------------------------------------------------
Solution Validates: avg error less than 1.000000e-13 on all three arrays
-------------------------------------------------------------



--- run 3 ---
-------------------------------------------------------------
STREAM (dynamic) version — custom malloc-based implementation
-------------------------------------------------------------
This system uses 8 bytes per array element.
-------------------------------------------------------------
Array size = 34688 (elements), Offset = 0 (elements)
Memory per array = 0.3 MiB (= 0.0 GiB).
Total memory required = 0.8 MiB (= 0.0 GiB).
Each kernel will be executed 6 times.
-------------------------------------------------------------
Function    Best Rate MB/s  Avg time     Min time     Max time
Copy:             957.2     0.000582     0.000580     0.000584
Scale:            947.1     0.000588     0.000586     0.000593
Add:             1413.7     0.000592     0.000589     0.000597
Triad:           1639.3     0.000574     0.000508     0.000591
-------------------------------------------------------------
Solution Validates: avg error less than 1.000000e-13 on all three arrays
-------------------------------------------------------------



--- run 1 ---
-------------------------------------------------------------
STREAM (dynamic) version — custom malloc-based implementation
-------------------------------------------------------------
This system uses 8 bytes per array element.
-------------------------------------------------------------
Array size = 38912 (elements), Offset = 0 (elements)
Memory per array = 0.3 MiB (= 0.0 GiB).
Total memory required = 0.9 MiB (= 0.0 GiB).
Each kernel will be executed 5 times.
-------------------------------------------------------------
Function    Best Rate MB/s  Avg time     Min time     Max time
Copy:             928.0     0.000678     0.000671     0.000686
Scale:            926.3     0.000681     0.000672     0.000690
Add:             1381.2     0.000682     0.000676     0.000686
Triad:           1377.3     0.000688     0.000678     0.000695
-------------------------------------------------------------
Solution Validates: avg error less than 1.000000e-13 on all three arrays
-------------------------------------------------------------



--- run 2 ---
-------------------------------------------------------------
STREAM (dynamic) version — custom malloc-based implementation
-------------------------------------------------------------
This system uses 8 bytes per array element.
-------------------------------------------------------------
Array size = 38912 (elements), Offset = 0 (elements)
Memory per array = 0.3 MiB (= 0.0 GiB).
Total memory required = 0.9 MiB (= 0.0 GiB).
Each kernel will be executed 5 times.
-------------------------------------------------------------
Function    Best Rate MB/s  Avg time     Min time     Max time
Copy:            1066.3     0.000585     0.000584     0.000589
Scale:           1310.3     0.000562     0.000475     0.000592
Add:             1577.5     0.000629     0.000592     0.000719
Triad:           2908.0     0.000527     0.000321     0.000610
-------------------------------------------------------------
Solution Validates: avg error less than 1.000000e-13 on all three arrays
-------------------------------------------------------------



--- run 3 ---
-------------------------------------------------------------
STREAM (dynamic) version — custom malloc-based implementation
-------------------------------------------------------------
This system uses 8 bytes per array element.
-------------------------------------------------------------
Array size = 38912 (elements), Offset = 0 (elements)
Memory per array = 0.3 MiB (= 0.0 GiB).
Total memory required = 0.9 MiB (= 0.0 GiB).
Each kernel will be executed 5 times.
-------------------------------------------------------------
Function    Best Rate MB/s  Avg time     Min time     Max time
Copy:            1262.7     0.000562     0.000493     0.000588
Scale:           1058.9     0.000591     0.000588     0.000593
Add:             1572.5     0.000643     0.000594     0.000753
Triad:           1575.0     0.000600     0.000593     0.000603
-------------------------------------------------------------
Solution Validates: avg error less than 1.000000e-13 on all three arrays
-------------------------------------------------------------



--- run 1 ---
-------------------------------------------------------------
STREAM (dynamic) version — custom malloc-based implementation
-------------------------------------------------------------
This system uses 8 bytes per array element.
-------------------------------------------------------------
Array size = 43690 (elements), Offset = 0 (elements)
Memory per array = 0.3 MiB (= 0.0 GiB).
Total memory required = 1.0 MiB (= 0.0 GiB).
Each kernel will be executed 5 times.
-------------------------------------------------------------
Function    Best Rate MB/s  Avg time     Min time     Max time
Copy:            1196.7     0.000638     0.000584     0.000709
Scale:           1189.0     0.000635     0.000588     0.000686
Add:             1741.8     0.000713     0.000602     0.000862
Triad:           2667.1     0.000567     0.000393     0.000650
-------------------------------------------------------------
Solution Validates: avg error less than 1.000000e-13 on all three arrays
-------------------------------------------------------------



--- run 2 ---
-------------------------------------------------------------
STREAM (dynamic) version — custom malloc-based implementation
-------------------------------------------------------------
This system uses 8 bytes per array element.
-------------------------------------------------------------
Array size = 43690 (elements), Offset = 0 (elements)
Memory per array = 0.3 MiB (= 0.0 GiB).
Total memory required = 1.0 MiB (= 0.0 GiB).
Each kernel will be executed 5 times.
-------------------------------------------------------------
Function    Best Rate MB/s  Avg time     Min time     Max time
Copy:            1203.1     0.000585     0.000581     0.000591
Scale:           1182.7     0.000594     0.000591     0.000597
Add:             1762.7     0.000595     0.000595     0.000596
Triad:           1759.2     0.000603     0.000596     0.000622
-------------------------------------------------------------
Solution Validates: avg error less than 1.000000e-13 on all three arrays
-------------------------------------------------------------



--- run 3 ---
-------------------------------------------------------------
STREAM (dynamic) version — custom malloc-based implementation
-------------------------------------------------------------
This system uses 8 bytes per array element.
-------------------------------------------------------------
Array size = 43690 (elements), Offset = 0 (elements)
Memory per array = 0.3 MiB (= 0.0 GiB).
Total memory required = 1.0 MiB (= 0.0 GiB).
Each kernel will be executed 5 times.
-------------------------------------------------------------
Function    Best Rate MB/s  Avg time     Min time     Max time
Copy:            1769.5     0.000606     0.000395     0.000681
Scale:           1043.4     0.000679     0.000670     0.000686
Add:             2207.8     0.000632     0.000475     0.000686
Triad:           1621.1     0.000723     0.000647     0.000900
-------------------------------------------------------------
Solution Validates: avg error less than 1.000000e-13 on all three arrays
-------------------------------------------------------------



--- run 1 ---
-------------------------------------------------------------
STREAM (dynamic) version — custom malloc-based implementation
-------------------------------------------------------------
This system uses 8 bytes per array element.
-------------------------------------------------------------
Array size = 49024 (elements), Offset = 0 (elements)
Memory per array = 0.4 MiB (= 0.0 GiB).
Total memory required = 1.1 MiB (= 0.0 GiB).
Each kernel will be executed 5 times.
-------------------------------------------------------------
Function    Best Rate MB/s  Avg time     Min time     Max time
Copy:            1214.0     0.000665     0.000646     0.000681
Scale:           1169.1     0.000770     0.000671     0.001032
Add:             1867.2     0.000668     0.000630     0.000684
Triad:           1997.9     0.000635     0.000589     0.000680
-------------------------------------------------------------
Solution Validates: avg error less than 1.000000e-13 on all three arrays
-------------------------------------------------------------



--- run 2 ---
-------------------------------------------------------------
STREAM (dynamic) version — custom malloc-based implementation
-------------------------------------------------------------
This system uses 8 bytes per array element.
-------------------------------------------------------------
Array size = 49024 (elements), Offset = 0 (elements)
Memory per array = 0.4 MiB (= 0.0 GiB).
Total memory required = 1.1 MiB (= 0.0 GiB).
Each kernel will be executed 5 times.
-------------------------------------------------------------
Function    Best Rate MB/s  Avg time     Min time     Max time
Copy:            1341.2     0.000586     0.000585     0.000588
Scale:           1325.0     0.000595     0.000592     0.000600
Add:             1974.0     0.000599     0.000596     0.000605
Triad:           1980.3     0.000596     0.000594     0.000599
-------------------------------------------------------------
Solution Validates: avg error less than 1.000000e-13 on all three arrays
-------------------------------------------------------------



--- run 3 ---
-------------------------------------------------------------
STREAM (dynamic) version — custom malloc-based implementation
-------------------------------------------------------------
This system uses 8 bytes per array element.
-------------------------------------------------------------
Array size = 49024 (elements), Offset = 0 (elements)
Memory per array = 0.4 MiB (= 0.0 GiB).
Total memory required = 1.1 MiB (= 0.0 GiB).
Each kernel will be executed 5 times.
-------------------------------------------------------------
Function    Best Rate MB/s  Avg time     Min time     Max time
Copy:            1345.6     0.000585     0.000583     0.000591
Scale:           1320.7     0.000598     0.000594     0.000609
Add:             1984.3     0.000595     0.000593     0.000600
Triad:           1977.1     0.000597     0.000595     0.000599
-------------------------------------------------------------
Solution Validates: avg error less than 1.000000e-13 on all three arrays
-------------------------------------------------------------



--- run 1 ---
-------------------------------------------------------------
STREAM (dynamic) version — custom malloc-based implementation
-------------------------------------------------------------
This system uses 8 bytes per array element.
-------------------------------------------------------------
Array size = 55040 (elements), Offset = 0 (elements)
Memory per array = 0.4 MiB (= 0.0 GiB).
Total memory required = 1.3 MiB (= 0.0 GiB).
Each kernel will be executed 5 times.
-------------------------------------------------------------
Function    Best Rate MB/s  Avg time     Min time     Max time
Copy:            2823.9     0.000495     0.000312     0.000587
Scale:           1487.6     0.000666     0.000592     0.000880
Add:             4128.5     0.000531     0.000320     0.000614
Triad:           2212.7     0.000600     0.000597     0.000602
-------------------------------------------------------------
Solution Validates: avg error less than 1.000000e-13 on all three arrays
-------------------------------------------------------------



--- run 2 ---
-------------------------------------------------------------
STREAM (dynamic) version — custom malloc-based implementation
-------------------------------------------------------------
This system uses 8 bytes per array element.
-------------------------------------------------------------
Array size = 55040 (elements), Offset = 0 (elements)
Memory per array = 0.4 MiB (= 0.0 GiB).
Total memory required = 1.3 MiB (= 0.0 GiB).
Each kernel will be executed 5 times.
-------------------------------------------------------------
Function    Best Rate MB/s  Avg time     Min time     Max time
Copy:            1500.3     0.000590     0.000587     0.000594
Scale:           1480.4     0.000596     0.000595     0.000598
Add:             2209.1     0.000601     0.000598     0.000609
Triad:           2212.7     0.000598     0.000597     0.000599
-------------------------------------------------------------
Solution Validates: avg error less than 1.000000e-13 on all three arrays
-------------------------------------------------------------



--- run 3 ---
-------------------------------------------------------------
STREAM (dynamic) version — custom malloc-based implementation
-------------------------------------------------------------
This system uses 8 bytes per array element.
-------------------------------------------------------------
Array size = 55040 (elements), Offset = 0 (elements)
Memory per array = 0.4 MiB (= 0.0 GiB).
Total memory required = 1.3 MiB (= 0.0 GiB).
Each kernel will be executed 5 times.
-------------------------------------------------------------
Function    Best Rate MB/s  Avg time     Min time     Max time
Copy:            1500.3     0.000588     0.000587     0.000590
Scale:           1482.8     0.000616     0.000594     0.000677
Add:             2212.7     0.000603     0.000597     0.000617
Triad:           2209.1     0.000603     0.000598     0.000611
-------------------------------------------------------------
Solution Validates: avg error less than 1.000000e-13 on all three arrays
-------------------------------------------------------------



--- run 1 ---
-------------------------------------------------------------
STREAM (dynamic) version — custom malloc-based implementation
-------------------------------------------------------------
This system uses 8 bytes per array element.
-------------------------------------------------------------
Array size = 61781 (elements), Offset = 0 (elements)
Memory per array = 0.5 MiB (= 0.0 GiB).
Total memory required = 1.4 MiB (= 0.0 GiB).
Each kernel will be executed 5 times.
-------------------------------------------------------------
Function    Best Rate MB/s  Avg time     Min time     Max time
Copy:            1680.6     0.000591     0.000588     0.000595
Scale:           1655.8     0.000599     0.000597     0.000600
Add:             2470.8     0.000609     0.000600     0.000634
Triad:           2467.9     0.000603     0.000601     0.000606
-------------------------------------------------------------
Solution Validates: avg error less than 1.000000e-13 on all three arrays
-------------------------------------------------------------



--- run 2 ---
-------------------------------------------------------------
STREAM (dynamic) version — custom malloc-based implementation
-------------------------------------------------------------
This system uses 8 bytes per array element.
-------------------------------------------------------------
Array size = 61781 (elements), Offset = 0 (elements)
Memory per array = 0.5 MiB (= 0.0 GiB).
Total memory required = 1.4 MiB (= 0.0 GiB).
Each kernel will be executed 5 times.
-------------------------------------------------------------
Function    Best Rate MB/s  Avg time     Min time     Max time
Copy:            5433.9     0.000204     0.000182     0.000249
Scale:           7325.2     0.000186     0.000135     0.000203
Add:            11225.8     0.000181     0.000132     0.000199
Triad:          11225.8     0.000215     0.000132     0.000267
-------------------------------------------------------------
Solution Validates: avg error less than 1.000000e-13 on all three arrays
-------------------------------------------------------------



--- run 3 ---
-------------------------------------------------------------
STREAM (dynamic) version — custom malloc-based implementation
-------------------------------------------------------------
This system uses 8 bytes per array element.
-------------------------------------------------------------
Array size = 61781 (elements), Offset = 0 (elements)
Memory per array = 0.5 MiB (= 0.0 GiB).
Total memory required = 1.4 MiB (= 0.0 GiB).
Each kernel will be executed 5 times.
-------------------------------------------------------------
Function    Best Rate MB/s  Avg time     Min time     Max time
Copy:            1678.6     0.000591     0.000589     0.000594
Scale:           1655.8     0.000601     0.000597     0.000605
Add:             2479.7     0.000600     0.000598     0.000602
Triad:           2467.9     0.000611     0.000601     0.000638
-------------------------------------------------------------
Solution Validates: avg error less than 1.000000e-13 on all three arrays
-------------------------------------------------------------



--- run 1 ---
-------------------------------------------------------------
STREAM (dynamic) version — custom malloc-based implementation
-------------------------------------------------------------
This system uses 8 bytes per array element.
-------------------------------------------------------------
Array size = 69333 (elements), Offset = 0 (elements)
Memory per array = 0.5 MiB (= 0.0 GiB).
Total memory required = 1.6 MiB (= 0.0 GiB).
Each kernel will be executed 5 times.
-------------------------------------------------------------
Function    Best Rate MB/s  Avg time     Min time     Max time
Copy:            2006.4     0.000582     0.000553     0.000592
Scale:           1842.7     0.000606     0.000602     0.000613
Add:             2764.1     0.000603     0.000602     0.000603
Triad:           2759.7     0.000606     0.000603     0.000609
-------------------------------------------------------------
Solution Validates: avg error less than 1.000000e-13 on all three arrays
-------------------------------------------------------------



--- run 2 ---
-------------------------------------------------------------
STREAM (dynamic) version — custom malloc-based implementation
-------------------------------------------------------------
This system uses 8 bytes per array element.
-------------------------------------------------------------
Array size = 69333 (elements), Offset = 0 (elements)
Memory per array = 0.5 MiB (= 0.0 GiB).
Total memory required = 1.6 MiB (= 0.0 GiB).
Each kernel will be executed 5 times.
-------------------------------------------------------------
Function    Best Rate MB/s  Avg time     Min time     Max time
Copy:            1883.7     0.000592     0.000589     0.000599
Scale:           1848.6     0.000603     0.000600     0.000610
Add:             2764.1     0.000603     0.000602     0.000605
Triad:           2749.9     0.000606     0.000605     0.000606
-------------------------------------------------------------
Solution Validates: avg error less than 1.000000e-13 on all three arrays
-------------------------------------------------------------



--- run 3 ---
-------------------------------------------------------------
STREAM (dynamic) version — custom malloc-based implementation
-------------------------------------------------------------
This system uses 8 bytes per array element.
-------------------------------------------------------------
Array size = 69333 (elements), Offset = 0 (elements)
Memory per array = 0.5 MiB (= 0.0 GiB).
Total memory required = 1.6 MiB (= 0.0 GiB).
Each kernel will be executed 5 times.
-------------------------------------------------------------
Function    Best Rate MB/s  Avg time     Min time     Max time
Copy:            1886.8     0.000593     0.000588     0.000599
Scale:           1852.3     0.000609     0.000599     0.000629
Add:             2764.1     0.000607     0.000602     0.000617
Triad:           2768.5     0.000610     0.000601     0.000630
-------------------------------------------------------------
Solution Validates: avg error less than 1.000000e-13 on all three arrays
-------------------------------------------------------------



--- run 1 ---
-------------------------------------------------------------
STREAM (dynamic) version — custom malloc-based implementation
-------------------------------------------------------------
This system uses 8 bytes per array element.
-------------------------------------------------------------
Array size = 77866 (elements), Offset = 0 (elements)
Memory per array = 0.6 MiB (= 0.0 GiB).
Total memory required = 1.8 MiB (= 0.0 GiB).
Each kernel will be executed 5 times.
-------------------------------------------------------------
Function    Best Rate MB/s  Avg time     Min time     Max time
Copy:            2101.1     0.000630     0.000593     0.000743
Scale:           2063.0     0.000610     0.000604     0.000620
Add:             3104.3     0.000608     0.000602     0.000617
Triad:           3093.2     0.000606     0.000604     0.000610
-------------------------------------------------------------
Solution Validates: avg error less than 1.000000e-13 on all three arrays
-------------------------------------------------------------



--- run 2 ---
-------------------------------------------------------------
STREAM (dynamic) version — custom malloc-based implementation
-------------------------------------------------------------
This system uses 8 bytes per array element.
-------------------------------------------------------------
Array size = 77866 (elements), Offset = 0 (elements)
Memory per array = 0.6 MiB (= 0.0 GiB).
Total memory required = 1.8 MiB (= 0.0 GiB).
Each kernel will be executed 5 times.
-------------------------------------------------------------
Function    Best Rate MB/s  Avg time     Min time     Max time
Copy:            2107.9     0.000593     0.000591     0.000597
Scale:           2066.2     0.000604     0.000603     0.000607
Add:             3088.4     0.000607     0.000605     0.000611
Triad:           3084.7     0.000607     0.000606     0.000609
-------------------------------------------------------------
Solution Validates: avg error less than 1.000000e-13 on all three arrays
-------------------------------------------------------------



--- run 3 ---
-------------------------------------------------------------
STREAM (dynamic) version — custom malloc-based implementation
-------------------------------------------------------------
This system uses 8 bytes per array element.
-------------------------------------------------------------
Array size = 77866 (elements), Offset = 0 (elements)
Memory per array = 0.6 MiB (= 0.0 GiB).
Total memory required = 1.8 MiB (= 0.0 GiB).
Each kernel will be executed 5 times.
-------------------------------------------------------------
Function    Best Rate MB/s  Avg time     Min time     Max time
Copy:           10206.1     0.000185     0.000122     0.000253
Scale:           9298.0     0.000174     0.000134     0.000263
Add:             9934.4     0.000210     0.000188     0.000257
Triad:           9834.7     0.000229     0.000190     0.000263
-------------------------------------------------------------
Solution Validates: avg error less than 1.000000e-13 on all three arrays
-------------------------------------------------------------



--- run 1 ---
-------------------------------------------------------------
STREAM (dynamic) version — custom malloc-based implementation
-------------------------------------------------------------
This system uses 8 bytes per array element.
-------------------------------------------------------------
Array size = 87381 (elements), Offset = 0 (elements)
Memory per array = 0.7 MiB (= 0.0 GiB).
Total memory required = 2.0 MiB (= 0.0 GiB).
Each kernel will be executed 5 times.
-------------------------------------------------------------
Function    Best Rate MB/s  Avg time     Min time     Max time
Copy:            2361.7     0.000597     0.000592     0.000603
Scale:           2303.2     0.000616     0.000607     0.000643
Add:             4598.0     0.000573     0.000456     0.000615
Triad:           3437.3     0.000611     0.000610     0.000612
-------------------------------------------------------------
Solution Validates: avg error less than 1.000000e-13 on all three arrays
-------------------------------------------------------------



--- run 2 ---
-------------------------------------------------------------
STREAM (dynamic) version — custom malloc-based implementation
-------------------------------------------------------------
This system uses 8 bytes per array element.
-------------------------------------------------------------
Array size = 87381 (elements), Offset = 0 (elements)
Memory per array = 0.7 MiB (= 0.0 GiB).
Total memory required = 2.0 MiB (= 0.0 GiB).
Each kernel will be executed 5 times.
-------------------------------------------------------------
Function    Best Rate MB/s  Avg time     Min time     Max time
Copy:            2361.7     0.000595     0.000592     0.000599
Scale:           2299.6     0.000618     0.000608     0.000645
Add:             3449.4     0.000611     0.000608     0.000613
Triad:           3427.9     0.000614     0.000612     0.000617
-------------------------------------------------------------
Solution Validates: avg error less than 1.000000e-13 on all three arrays
-------------------------------------------------------------



--- run 3 ---
-------------------------------------------------------------
STREAM (dynamic) version — custom malloc-based implementation
-------------------------------------------------------------
This system uses 8 bytes per array element.
-------------------------------------------------------------
Array size = 87381 (elements), Offset = 0 (elements)
Memory per array = 0.7 MiB (= 0.0 GiB).
Total memory required = 2.0 MiB (= 0.0 GiB).
Each kernel will be executed 5 times.
-------------------------------------------------------------
Function    Best Rate MB/s  Avg time     Min time     Max time
Copy:            2350.3     0.000598     0.000595     0.000602
Scale:           2306.9     0.000610     0.000606     0.000621
Add:             3437.3     0.000612     0.000610     0.000616
Triad:           3449.4     0.000623     0.000608     0.000665
-------------------------------------------------------------
Solution Validates: avg error less than 1.000000e-13 on all three arrays
-------------------------------------------------------------



--- run 1 ---
-------------------------------------------------------------
STREAM (dynamic) version — custom malloc-based implementation
-------------------------------------------------------------
This system uses 8 bytes per array element.
-------------------------------------------------------------
Array size = 98090 (elements), Offset = 0 (elements)
Memory per array = 0.7 MiB (= 0.0 GiB).
Total memory required = 2.2 MiB (= 0.0 GiB).
Each kernel will be executed 5 times.
-------------------------------------------------------------
Function    Best Rate MB/s  Avg time     Min time     Max time
Copy:            2634.1     0.000619     0.000596     0.000665
Scale:           2548.5     0.000641     0.000616     0.000698
Add:             3827.2     0.000625     0.000615     0.000636
Triad:           3854.0     0.000674     0.000611     0.000806
-------------------------------------------------------------
Solution Validates: avg error less than 1.000000e-13 on all three arrays
-------------------------------------------------------------



--- run 2 ---
-------------------------------------------------------------
STREAM (dynamic) version — custom malloc-based implementation
-------------------------------------------------------------
This system uses 8 bytes per array element.
-------------------------------------------------------------
Array size = 98090 (elements), Offset = 0 (elements)
Memory per array = 0.7 MiB (= 0.0 GiB).
Total memory required = 2.2 MiB (= 0.0 GiB).
Each kernel will be executed 5 times.
-------------------------------------------------------------
Function    Best Rate MB/s  Avg time     Min time     Max time
Copy:            2301.6     0.000686     0.000682     0.000698
Scale:           3640.9     0.000632     0.000431     0.000700
Add:             3392.0     0.000707     0.000694     0.000728
Triad:           3426.1     0.000703     0.000687     0.000715
-------------------------------------------------------------
Solution Validates: avg error less than 1.000000e-13 on all three arrays
-------------------------------------------------------------



--- run 3 ---
-------------------------------------------------------------
STREAM (dynamic) version — custom malloc-based implementation
-------------------------------------------------------------
This system uses 8 bytes per array element.
-------------------------------------------------------------
Array size = 98090 (elements), Offset = 0 (elements)
Memory per array = 0.7 MiB (= 0.0 GiB).
Total memory required = 2.2 MiB (= 0.0 GiB).
Each kernel will be executed 5 times.
-------------------------------------------------------------
Function    Best Rate MB/s  Avg time     Min time     Max time
Copy:            2642.6     0.000600     0.000594     0.000609
Scale:           2581.5     0.000610     0.000608     0.000611
Add:             3846.5     0.000615     0.000612     0.000617
Triad:           3840.6     0.000615     0.000613     0.000617
-------------------------------------------------------------
Solution Validates: avg error less than 1.000000e-13 on all three arrays
-------------------------------------------------------------



--- run 1 ---
-------------------------------------------------------------
STREAM (dynamic) version — custom malloc-based implementation
-------------------------------------------------------------
This system uses 8 bytes per array element.
-------------------------------------------------------------
Array size = 110080 (elements), Offset = 0 (elements)
Memory per array = 0.8 MiB (= 0.0 GiB).
Total memory required = 2.5 MiB (= 0.0 GiB).
Each kernel will be executed 5 times.
-------------------------------------------------------------
Function    Best Rate MB/s  Avg time     Min time     Max time
Copy:            5537.7     0.000600     0.000318     0.000883
Scale:           2868.9     0.000760     0.000614     0.000899
Add:             7792.6     0.000412     0.000339     0.000622
Triad:           7770.7     0.000693     0.000340     0.000907
-------------------------------------------------------------
Solution Validates: avg error less than 1.000000e-13 on all three arrays
-------------------------------------------------------------



--- run 2 ---
-------------------------------------------------------------
STREAM (dynamic) version — custom malloc-based implementation
-------------------------------------------------------------
This system uses 8 bytes per array element.
-------------------------------------------------------------
Array size = 110080 (elements), Offset = 0 (elements)
Memory per array = 0.8 MiB (= 0.0 GiB).
Total memory required = 2.5 MiB (= 0.0 GiB).
Each kernel will be executed 5 times.
-------------------------------------------------------------
Function    Best Rate MB/s  Avg time     Min time     Max time
Copy:            5435.9     0.000530     0.000324     0.000599
Scale:           2863.3     0.000619     0.000615     0.000624
Add:             4275.1     0.000620     0.000618     0.000621
Triad:           4268.5     0.000625     0.000619     0.000635
-------------------------------------------------------------
Solution Validates: avg error less than 1.000000e-13 on all three arrays
-------------------------------------------------------------



--- run 3 ---
-------------------------------------------------------------
STREAM (dynamic) version — custom malloc-based implementation
-------------------------------------------------------------
This system uses 8 bytes per array element.
-------------------------------------------------------------
Array size = 110080 (elements), Offset = 0 (elements)
Memory per array = 0.8 MiB (= 0.0 GiB).
Total memory required = 2.5 MiB (= 0.0 GiB).
Each kernel will be executed 5 times.
-------------------------------------------------------------
Function    Best Rate MB/s  Avg time     Min time     Max time
Copy:            2975.2     0.000601     0.000592     0.000615
Scale:           2906.1     0.000616     0.000606     0.000623
Add:             4331.9     0.000615     0.000610     0.000623
Triad:           4288.3     0.000619     0.000616     0.000626
-------------------------------------------------------------
Solution Validates: avg error less than 1.000000e-13 on all three arrays
-------------------------------------------------------------



--- run 1 ---
-------------------------------------------------------------
STREAM (dynamic) version — custom malloc-based implementation
-------------------------------------------------------------
This system uses 8 bytes per array element.
-------------------------------------------------------------
Array size = 123562 (elements), Offset = 0 (elements)
Memory per array = 0.9 MiB (= 0.0 GiB).
Total memory required = 2.8 MiB (= 0.0 GiB).
Each kernel will be executed 5 times.
-------------------------------------------------------------
Function    Best Rate MB/s  Avg time     Min time     Max time
Copy:            3299.7     0.000606     0.000599     0.000623
Scale:           3210.3     0.000623     0.000616     0.000636
Add:             4806.1     0.000624     0.000617     0.000627
Triad:           6253.5     0.000585     0.000474     0.000622
-------------------------------------------------------------
Solution Validates: avg error less than 1.000000e-13 on all three arrays
-------------------------------------------------------------



--- run 2 ---
-------------------------------------------------------------
STREAM (dynamic) version — custom malloc-based implementation
-------------------------------------------------------------
This system uses 8 bytes per array element.
-------------------------------------------------------------
Array size = 123562 (elements), Offset = 0 (elements)
Memory per array = 0.9 MiB (= 0.0 GiB).
Total memory required = 2.8 MiB (= 0.0 GiB).
Each kernel will be executed 5 times.
-------------------------------------------------------------
Function    Best Rate MB/s  Avg time     Min time     Max time
Copy:            3322.2     0.000602     0.000595     0.000612
Scale:           3209.0     0.000623     0.000616     0.000631
Add:             4760.1     0.000626     0.000623     0.000630
Triad:           4752.8     0.000635     0.000624     0.000647
-------------------------------------------------------------
Solution Validates: avg error less than 1.000000e-13 on all three arrays
-------------------------------------------------------------



--- run 3 ---
-------------------------------------------------------------
STREAM (dynamic) version — custom malloc-based implementation
-------------------------------------------------------------
This system uses 8 bytes per array element.
-------------------------------------------------------------
Array size = 123562 (elements), Offset = 0 (elements)
Memory per array = 0.9 MiB (= 0.0 GiB).
Total memory required = 2.8 MiB (= 0.0 GiB).
Each kernel will be executed 5 times.
-------------------------------------------------------------
Function    Best Rate MB/s  Avg time     Min time     Max time
Copy:            3278.8     0.000605     0.000603     0.000609
Scale:           3188.0     0.000622     0.000620     0.000625
Add:             4760.1     0.000626     0.000623     0.000629
Triad:           4729.3     0.000628     0.000627     0.000629
-------------------------------------------------------------
Solution Validates: avg error less than 1.000000e-13 on all three arrays
-------------------------------------------------------------



--- run 1 ---
-------------------------------------------------------------
STREAM (dynamic) version — custom malloc-based implementation
-------------------------------------------------------------
This system uses 8 bytes per array element.
-------------------------------------------------------------
Array size = 138709 (elements), Offset = 0 (elements)
Memory per array = 1.1 MiB (= 0.0 GiB).
Total memory required = 3.2 MiB (= 0.0 GiB).
Each kernel will be executed 5 times.
-------------------------------------------------------------
Function    Best Rate MB/s  Avg time     Min time     Max time
Copy:            6644.3     0.000539     0.000334     0.000609
Scale:           3555.6     0.000688     0.000624     0.000866
Add:             5251.2     0.000636     0.000634     0.000642
Triad:           5251.2     0.000636     0.000634     0.000640
-------------------------------------------------------------
Solution Validates: avg error less than 1.000000e-13 on all three arrays
-------------------------------------------------------------



--- run 2 ---
-------------------------------------------------------------
STREAM (dynamic) version — custom malloc-based implementation
-------------------------------------------------------------
This system uses 8 bytes per array element.
-------------------------------------------------------------
Array size = 138709 (elements), Offset = 0 (elements)
Memory per array = 1.1 MiB (= 0.0 GiB).
Total memory required = 3.2 MiB (= 0.0 GiB).
Each kernel will be executed 5 times.
-------------------------------------------------------------
Function    Best Rate MB/s  Avg time     Min time     Max time
Copy:            3674.9     0.000608     0.000604     0.000612
Scale:           3580.2     0.000628     0.000620     0.000641
Add:             5283.0     0.000633     0.000630     0.000635
Triad:           5301.0     0.000632     0.000628     0.000637
-------------------------------------------------------------
Solution Validates: avg error less than 1.000000e-13 on all three arrays
-------------------------------------------------------------



--- run 3 ---
-------------------------------------------------------------
STREAM (dynamic) version — custom malloc-based implementation
-------------------------------------------------------------
This system uses 8 bytes per array element.
-------------------------------------------------------------
Array size = 138709 (elements), Offset = 0 (elements)
Memory per array = 1.1 MiB (= 0.0 GiB).
Total memory required = 3.2 MiB (= 0.0 GiB).
Each kernel will be executed 5 times.
-------------------------------------------------------------
Function    Best Rate MB/s  Avg time     Min time     Max time
Copy:            3661.9     0.000684     0.000606     0.000901
Scale:           6306.6     0.000555     0.000352     0.000626
Add:             5293.0     0.000637     0.000629     0.000651
Triad:           5259.1     0.000636     0.000633     0.000643
-------------------------------------------------------------
Solution Validates: avg error less than 1.000000e-13 on all three arrays
-------------------------------------------------------------



--- run 1 ---
-------------------------------------------------------------
STREAM (dynamic) version — custom malloc-based implementation
-------------------------------------------------------------
This system uses 8 bytes per array element.
-------------------------------------------------------------
Array size = 155690 (elements), Offset = 0 (elements)
Memory per array = 1.2 MiB (= 0.0 GiB).
Total memory required = 3.6 MiB (= 0.0 GiB).
Each kernel will be executed 5 times.
-------------------------------------------------------------
Function    Best Rate MB/s  Avg time     Min time     Max time
Copy:            4131.3     0.000610     0.000603     0.000620
Scale:           3960.6     0.000633     0.000629     0.000638
Add:             5845.7     0.000647     0.000639     0.000651
Triad:           5819.6     0.000645     0.000642     0.000649
-------------------------------------------------------------
Solution Validates: avg error less than 1.000000e-13 on all three arrays
-------------------------------------------------------------



--- run 2 ---
-------------------------------------------------------------
STREAM (dynamic) version — custom malloc-based implementation
-------------------------------------------------------------
This system uses 8 bytes per array element.
-------------------------------------------------------------
Array size = 155690 (elements), Offset = 0 (elements)
Memory per array = 1.2 MiB (= 0.0 GiB).
Total memory required = 3.6 MiB (= 0.0 GiB).
Each kernel will be executed 5 times.
-------------------------------------------------------------
Function    Best Rate MB/s  Avg time     Min time     Max time
Copy:            7549.3     0.000619     0.000330     0.000917
Scale:           3929.4     0.000781     0.000634     0.000928
Add:            10297.2     0.000569     0.000363     0.000640
Triad:           9963.3     0.000648     0.000375     0.000932
-------------------------------------------------------------
Solution Validates: avg error less than 1.000000e-13 on all three arrays
-------------------------------------------------------------



--- run 3 ---
-------------------------------------------------------------
STREAM (dynamic) version — custom malloc-based implementation
-------------------------------------------------------------
This system uses 8 bytes per array element.
-------------------------------------------------------------
Array size = 155690 (elements), Offset = 0 (elements)
Memory per array = 1.2 MiB (= 0.0 GiB).
Total memory required = 3.6 MiB (= 0.0 GiB).
Each kernel will be executed 5 times.
-------------------------------------------------------------
Function    Best Rate MB/s  Avg time     Min time     Max time
Copy:           18859.5     0.000182     0.000132     0.000259
Scale:          19171.0     0.000164     0.000130     0.000263
Add:            28289.3     0.000135     0.000132     0.000140
Triad:          28495.0     0.000136     0.000131     0.000141
-------------------------------------------------------------
Solution Validates: avg error less than 1.000000e-13 on all three arrays
-------------------------------------------------------------



--- run 1 ---
-------------------------------------------------------------
STREAM (dynamic) version — custom malloc-based implementation
-------------------------------------------------------------
This system uses 8 bytes per array element.
-------------------------------------------------------------
Array size = 174762 (elements), Offset = 0 (elements)
Memory per array = 1.3 MiB (= 0.0 GiB).
Total memory required = 4.0 MiB (= 0.0 GiB).
Each kernel will be executed 5 times.
-------------------------------------------------------------
Function    Best Rate MB/s  Avg time     Min time     Max time
Copy:            4390.9     0.000679     0.000637     0.000716
Scale:           3954.2     0.000740     0.000707     0.000809
Add:             6945.2     0.000718     0.000604     0.000791
Triad:           6413.5     0.000679     0.000654     0.000738
-------------------------------------------------------------
Solution Validates: avg error less than 1.000000e-13 on all three arrays
-------------------------------------------------------------



--- run 2 ---
-------------------------------------------------------------
STREAM (dynamic) version — custom malloc-based implementation
-------------------------------------------------------------
This system uses 8 bytes per array element.
-------------------------------------------------------------
Array size = 174762 (elements), Offset = 0 (elements)
Memory per array = 1.3 MiB (= 0.0 GiB).
Total memory required = 4.0 MiB (= 0.0 GiB).
Each kernel will be executed 5 times.
-------------------------------------------------------------
Function    Best Rate MB/s  Avg time     Min time     Max time
Copy:            4087.9     0.000697     0.000684     0.000718
Scale:           3960.9     0.000818     0.000706     0.001087
Add:             9916.6     0.000652     0.000423     0.000746
Triad:           5745.3     0.000742     0.000730     0.000753
-------------------------------------------------------------
Solution Validates: avg error less than 1.000000e-13 on all three arrays
-------------------------------------------------------------



--- run 3 ---
-------------------------------------------------------------
STREAM (dynamic) version — custom malloc-based implementation
-------------------------------------------------------------
This system uses 8 bytes per array element.
-------------------------------------------------------------
Array size = 174762 (elements), Offset = 0 (elements)
Memory per array = 1.3 MiB (= 0.0 GiB).
Total memory required = 4.0 MiB (= 0.0 GiB).
Each kernel will be executed 5 times.
-------------------------------------------------------------
Function    Best Rate MB/s  Avg time     Min time     Max time
Copy:            4575.9     0.000617     0.000611     0.000623
Scale:           4404.1     0.000641     0.000635     0.000651
Add:             6522.8     0.000648     0.000643     0.000653
Triad:           6453.5     0.000660     0.000650     0.000681
-------------------------------------------------------------
Solution Validates: avg error less than 1.000000e-13 on all three arrays
-------------------------------------------------------------



--- run 1 ---
-------------------------------------------------------------
STREAM (dynamic) version — custom malloc-based implementation
-------------------------------------------------------------
This system uses 8 bytes per array element.
-------------------------------------------------------------
Array size = 196181 (elements), Offset = 0 (elements)
Memory per array = 1.5 MiB (= 0.0 GiB).
Total memory required = 4.5 MiB (= 0.0 GiB).
Each kernel will be executed 5 times.
-------------------------------------------------------------
Function    Best Rate MB/s  Avg time     Min time     Max time
Copy:            4409.1     0.000717     0.000712     0.000727
Scale:           4253.8     0.000745     0.000738     0.000751
Add:             6186.8     0.000762     0.000761     0.000763
Triad:           6235.6     0.000793     0.000755     0.000866
-------------------------------------------------------------
Solution Validates: avg error less than 1.000000e-13 on all three arrays
-------------------------------------------------------------



--- run 2 ---
-------------------------------------------------------------
STREAM (dynamic) version — custom malloc-based implementation
-------------------------------------------------------------
This system uses 8 bytes per array element.
-------------------------------------------------------------
Array size = 196181 (elements), Offset = 0 (elements)
Memory per array = 1.5 MiB (= 0.0 GiB).
Total memory required = 4.5 MiB (= 0.0 GiB).
Each kernel will be executed 5 times.
-------------------------------------------------------------
Function    Best Rate MB/s  Avg time     Min time     Max time
Copy:            5097.0     0.000633     0.000616     0.000672
Scale:           4934.6     0.000643     0.000636     0.000654
Add:             7233.8     0.000658     0.000651     0.000666
Triad:           7279.1     0.000652     0.000647     0.000656
-------------------------------------------------------------
Solution Validates: avg error less than 1.000000e-13 on all three arrays
-------------------------------------------------------------



--- run 3 ---
-------------------------------------------------------------
STREAM (dynamic) version — custom malloc-based implementation
-------------------------------------------------------------
This system uses 8 bytes per array element.
-------------------------------------------------------------
Array size = 196181 (elements), Offset = 0 (elements)
Memory per array = 1.5 MiB (= 0.0 GiB).
Total memory required = 4.5 MiB (= 0.0 GiB).
Each kernel will be executed 5 times.
-------------------------------------------------------------
Function    Best Rate MB/s  Avg time     Min time     Max time
Copy:            5046.2     0.000636     0.000622     0.000657
Scale:           4897.9     0.000647     0.000641     0.000654
Add:             7134.5     0.000669     0.000660     0.000685
Triad:           7134.5     0.000694     0.000660     0.000781
-------------------------------------------------------------
Solution Validates: avg error less than 1.000000e-13 on all three arrays
-------------------------------------------------------------



--- run 1 ---
-------------------------------------------------------------
STREAM (dynamic) version — custom malloc-based implementation
-------------------------------------------------------------
This system uses 8 bytes per array element.
-------------------------------------------------------------
Array size = 220202 (elements), Offset = 0 (elements)
Memory per array = 1.7 MiB (= 0.0 GiB).
Total memory required = 5.0 MiB (= 0.0 GiB).
Each kernel will be executed 5 times.
-------------------------------------------------------------
Function    Best Rate MB/s  Avg time     Min time     Max time
Copy:            5664.0     0.000635     0.000622     0.000657
Scale:           5361.9     0.000664     0.000657     0.000676
Add:             7936.4     0.000681     0.000666     0.000702
Triad:           7888.3     0.000679     0.000670     0.000683
-------------------------------------------------------------
Solution Validates: avg error less than 1.000000e-13 on all three arrays
-------------------------------------------------------------



--- run 2 ---
-------------------------------------------------------------
STREAM (dynamic) version — custom malloc-based implementation
-------------------------------------------------------------
This system uses 8 bytes per array element.
-------------------------------------------------------------
Array size = 220202 (elements), Offset = 0 (elements)
Memory per array = 1.7 MiB (= 0.0 GiB).
Total memory required = 5.0 MiB (= 0.0 GiB).
Each kernel will be executed 5 times.
-------------------------------------------------------------
Function    Best Rate MB/s  Avg time     Min time     Max time
Copy:           21860.2     0.000231     0.000161     0.000282
Scale:          24466.1     0.000198     0.000144     0.000222
Add:            32218.4     0.000192     0.000164     0.000216
Triad:          23481.2     0.000249     0.000225     0.000273
-------------------------------------------------------------
Solution Validates: avg error less than 1.000000e-13 on all three arrays
-------------------------------------------------------------



--- run 3 ---
-------------------------------------------------------------
STREAM (dynamic) version — custom malloc-based implementation
-------------------------------------------------------------
This system uses 8 bytes per array element.
-------------------------------------------------------------
Array size = 220202 (elements), Offset = 0 (elements)
Memory per array = 1.7 MiB (= 0.0 GiB).
Total memory required = 5.0 MiB (= 0.0 GiB).
Each kernel will be executed 5 times.
-------------------------------------------------------------
Function    Best Rate MB/s  Avg time     Min time     Max time
Copy:            5636.0     0.000630     0.000625     0.000643
Scale:           5405.1     0.000658     0.000652     0.000665
Add:             7829.8     0.000678     0.000675     0.000681
Triad:           7910.9     0.000676     0.000668     0.000682
-------------------------------------------------------------
Solution Validates: avg error less than 1.000000e-13 on all three arrays
-------------------------------------------------------------



--- run 1 ---
-------------------------------------------------------------
STREAM (dynamic) version — custom malloc-based implementation
-------------------------------------------------------------
This system uses 8 bytes per array element.
-------------------------------------------------------------
Array size = 247168 (elements), Offset = 0 (elements)
Memory per array = 1.9 MiB (= 0.0 GiB).
Total memory required = 5.7 MiB (= 0.0 GiB).
Each kernel will be executed 5 times.
-------------------------------------------------------------
Function    Best Rate MB/s  Avg time     Min time     Max time
Copy:            6377.2     0.000640     0.000620     0.000651
Scale:           5955.9     0.000668     0.000664     0.000675
Add:             8776.3     0.000709     0.000676     0.000745
Triad:           8801.1     0.000695     0.000674     0.000728
-------------------------------------------------------------
Solution Validates: avg error less than 1.000000e-13 on all three arrays
-------------------------------------------------------------



--- run 2 ---
-------------------------------------------------------------
STREAM (dynamic) version — custom malloc-based implementation
-------------------------------------------------------------
This system uses 8 bytes per array element.
-------------------------------------------------------------
Array size = 247168 (elements), Offset = 0 (elements)
Memory per array = 1.9 MiB (= 0.0 GiB).
Total memory required = 5.7 MiB (= 0.0 GiB).
Each kernel will be executed 5 times.
-------------------------------------------------------------
Function    Best Rate MB/s  Avg time     Min time     Max time
Copy:            5973.1     0.000668     0.000662     0.000672
Scale:           5757.4     0.000691     0.000687     0.000697
Add:             8437.0     0.000859     0.000703     0.001003
Triad:          13544.2     0.000577     0.000438     0.000713
-------------------------------------------------------------
Solution Validates: avg error less than 1.000000e-13 on all three arrays
-------------------------------------------------------------



--- run 3 ---
-------------------------------------------------------------
STREAM (dynamic) version — custom malloc-based implementation
-------------------------------------------------------------
This system uses 8 bytes per array element.
-------------------------------------------------------------
Array size = 247168 (elements), Offset = 0 (elements)
Memory per array = 1.9 MiB (= 0.0 GiB).
Total memory required = 5.7 MiB (= 0.0 GiB).
Each kernel will be executed 5 times.
-------------------------------------------------------------
Function    Best Rate MB/s  Avg time     Min time     Max time
Copy:           10660.1     0.000452     0.000371     0.000692
Scale:           5698.1     0.000898     0.000694     0.000979
Add:            14152.9     0.000495     0.000419     0.000710
Triad:           6047.8     0.000988     0.000981     0.000998
-------------------------------------------------------------
Solution Validates: avg error less than 1.000000e-13 on all three arrays
-------------------------------------------------------------



--- run 1 ---
-------------------------------------------------------------
STREAM (dynamic) version — custom malloc-based implementation
-------------------------------------------------------------
This system uses 8 bytes per array element.
-------------------------------------------------------------
Array size = 277418 (elements), Offset = 0 (elements)
Memory per array = 2.1 MiB (= 0.0 GiB).
Total memory required = 6.3 MiB (= 0.0 GiB).
Each kernel will be executed 5 times.
-------------------------------------------------------------
Function    Best Rate MB/s  Avg time     Min time     Max time
Copy:            6005.6     0.000749     0.000739     0.000755
Scale:           5584.0     0.000804     0.000795     0.000812
Add:             8120.3     0.000830     0.000820     0.000855
Triad:           8323.6     0.000809     0.000800     0.000817
-------------------------------------------------------------
Solution Validates: avg error less than 1.000000e-13 on all three arrays
-------------------------------------------------------------



--- run 2 ---
-------------------------------------------------------------
STREAM (dynamic) version — custom malloc-based implementation
-------------------------------------------------------------
This system uses 8 bytes per array element.
-------------------------------------------------------------
Array size = 277418 (elements), Offset = 0 (elements)
Memory per array = 2.1 MiB (= 0.0 GiB).
Total memory required = 6.3 MiB (= 0.0 GiB).
Each kernel will be executed 5 times.
-------------------------------------------------------------
Function    Best Rate MB/s  Avg time     Min time     Max time
Copy:            6755.2     0.000670     0.000657     0.000684
Scale:           6546.1     0.000682     0.000678     0.000687
Add:             9377.4     0.000719     0.000710     0.000727
Triad:           9364.8     0.000789     0.000711     0.001003
-------------------------------------------------------------
Solution Validates: avg error less than 1.000000e-13 on all three arrays
-------------------------------------------------------------



--- run 3 ---
-------------------------------------------------------------
STREAM (dynamic) version — custom malloc-based implementation
-------------------------------------------------------------
This system uses 8 bytes per array element.
-------------------------------------------------------------
Array size = 277418 (elements), Offset = 0 (elements)
Memory per array = 2.1 MiB (= 0.0 GiB).
Total memory required = 6.3 MiB (= 0.0 GiB).
Each kernel will be executed 5 times.
-------------------------------------------------------------
Function    Best Rate MB/s  Avg time     Min time     Max time
Copy:            6735.6     0.000670     0.000659     0.000686
Scale:           6536.9     0.000692     0.000679     0.000702
Add:             9234.7     0.000733     0.000721     0.000746
Triad:           9247.0     0.000735     0.000720     0.000746
-------------------------------------------------------------
Solution Validates: avg error less than 1.000000e-13 on all three arrays
-------------------------------------------------------------



--- run 1 ---
-------------------------------------------------------------
STREAM (dynamic) version — custom malloc-based implementation
-------------------------------------------------------------
This system uses 8 bytes per array element.
-------------------------------------------------------------
Array size = 311381 (elements), Offset = 0 (elements)
Memory per array = 2.4 MiB (= 0.0 GiB).
Total memory required = 7.1 MiB (= 0.0 GiB).
Each kernel will be executed 5 times.
-------------------------------------------------------------
Function    Best Rate MB/s  Avg time     Min time     Max time
Copy:            6826.7     0.000879     0.000730     0.001037
Scale:          10443.0     0.000618     0.000477     0.000762
Add:             8814.6     0.000993     0.000848     0.001147
Triad:          13418.1     0.000688     0.000557     0.000824
-------------------------------------------------------------
Solution Validates: avg error less than 1.000000e-13 on all three arrays
-------------------------------------------------------------



--- run 2 ---
-------------------------------------------------------------
STREAM (dynamic) version — custom malloc-based implementation
-------------------------------------------------------------
This system uses 8 bytes per array element.
-------------------------------------------------------------
Array size = 311381 (elements), Offset = 0 (elements)
Memory per array = 2.4 MiB (= 0.0 GiB).
Total memory required = 7.1 MiB (= 0.0 GiB).
Each kernel will be executed 5 times.
-------------------------------------------------------------
Function    Best Rate MB/s  Avg time     Min time     Max time
Copy:            6565.0     0.000781     0.000759     0.000805
Scale:           6477.5     0.000806     0.000769     0.000842
Add:             8599.4     0.000921     0.000869     0.000966
Triad:           8589.9     0.000895     0.000870     0.000922
-------------------------------------------------------------
Solution Validates: avg error less than 1.000000e-13 on all three arrays
-------------------------------------------------------------



--- run 3 ---
-------------------------------------------------------------
STREAM (dynamic) version — custom malloc-based implementation
-------------------------------------------------------------
This system uses 8 bytes per array element.
-------------------------------------------------------------
Array size = 311381 (elements), Offset = 0 (elements)
Memory per array = 2.4 MiB (= 0.0 GiB).
Total memory required = 7.1 MiB (= 0.0 GiB).
Each kernel will be executed 5 times.
-------------------------------------------------------------
Function    Best Rate MB/s  Avg time     Min time     Max time
Copy:           11144.8     0.000657     0.000447     0.000738
Scale:          11192.5     0.000673     0.000445     0.000753
Add:             8887.1     0.001025     0.000841     0.001264
Triad:          14431.2     0.000809     0.000518     0.001119
-------------------------------------------------------------
Solution Validates: avg error less than 1.000000e-13 on all three arrays
-------------------------------------------------------------



--- run 1 ---
-------------------------------------------------------------
STREAM (dynamic) version — custom malloc-based implementation
-------------------------------------------------------------
This system uses 8 bytes per array element.
-------------------------------------------------------------
Array size = 349525 (elements), Offset = 0 (elements)
Memory per array = 2.7 MiB (= 0.0 GiB).
Total memory required = 8.0 MiB (= 0.0 GiB).
Each kernel will be executed 5 times.
-------------------------------------------------------------
Function    Best Rate MB/s  Avg time     Min time     Max time
Copy:            7043.9     0.000824     0.000794     0.000878
Scale:           7215.1     0.000821     0.000775     0.000883
Add:             9188.9     0.000950     0.000913     0.000992
Triad:           9382.5     0.000932     0.000894     0.000979
-------------------------------------------------------------
Solution Validates: avg error less than 1.000000e-13 on all three arrays
-------------------------------------------------------------



--- run 2 ---
-------------------------------------------------------------
STREAM (dynamic) version — custom malloc-based implementation
-------------------------------------------------------------
This system uses 8 bytes per array element.
-------------------------------------------------------------
Array size = 349525 (elements), Offset = 0 (elements)
Memory per array = 2.7 MiB (= 0.0 GiB).
Total memory required = 8.0 MiB (= 0.0 GiB).
Each kernel will be executed 5 times.
-------------------------------------------------------------
Function    Best Rate MB/s  Avg time     Min time     Max time
Copy:            7330.1     0.000806     0.000763     0.000845
Scale:           6954.1     0.000918     0.000804     0.001075
Add:            12925.9     0.000940     0.000649     0.001201
Triad:          14953.0     0.000843     0.000561     0.000955
-------------------------------------------------------------
Solution Validates: avg error less than 1.000000e-13 on all three arrays
-------------------------------------------------------------



--- run 3 ---
-------------------------------------------------------------
STREAM (dynamic) version — custom malloc-based implementation
-------------------------------------------------------------
This system uses 8 bytes per array element.
-------------------------------------------------------------
Array size = 349525 (elements), Offset = 0 (elements)
Memory per array = 2.7 MiB (= 0.0 GiB).
Total memory required = 8.0 MiB (= 0.0 GiB).
Each kernel will be executed 5 times.
-------------------------------------------------------------
Function    Best Rate MB/s  Avg time     Min time     Max time
Copy:            7291.3     0.000790     0.000767     0.000811
Scale:           7608.2     0.000771     0.000735     0.000792
Add:             8916.5     0.000960     0.000941     0.000987
Triad:           9491.3     0.000915     0.000884     0.000957
-------------------------------------------------------------
Solution Validates: avg error less than 1.000000e-13 on all three arrays
-------------------------------------------------------------



--- run 1 ---
-------------------------------------------------------------
STREAM (dynamic) version — custom malloc-based implementation
-------------------------------------------------------------
This system uses 8 bytes per array element.
-------------------------------------------------------------
Array size = 392320 (elements), Offset = 0 (elements)
Memory per array = 3.0 MiB (= 0.0 GiB).
Total memory required = 9.0 MiB (= 0.0 GiB).
Each kernel will be executed 5 times.
-------------------------------------------------------------
Function    Best Rate MB/s  Avg time     Min time     Max time
Copy:           16877.0     0.000399     0.000372     0.000423
Scale:          17196.7     0.000427     0.000365     0.000468
Add:            16400.4     0.000669     0.000574     0.000747
Triad:          17638.3     0.000606     0.000534     0.000697
-------------------------------------------------------------
Solution Validates: avg error less than 1.000000e-13 on all three arrays
-------------------------------------------------------------



--- run 2 ---
-------------------------------------------------------------
STREAM (dynamic) version — custom malloc-based implementation
-------------------------------------------------------------
This system uses 8 bytes per array element.
-------------------------------------------------------------
Array size = 392320 (elements), Offset = 0 (elements)
Memory per array = 3.0 MiB (= 0.0 GiB).
Total memory required = 9.0 MiB (= 0.0 GiB).
Each kernel will be executed 5 times.
-------------------------------------------------------------
Function    Best Rate MB/s  Avg time     Min time     Max time
Copy:            8392.8     0.000785     0.000748     0.000847
Scale:           9296.7     0.000785     0.000675     0.000860
Add:            16319.1     0.000863     0.000577     0.001004
Triad:          13646.2     0.000863     0.000690     0.001001
-------------------------------------------------------------
Solution Validates: avg error less than 1.000000e-13 on all three arrays
-------------------------------------------------------------



--- run 3 ---
-------------------------------------------------------------
STREAM (dynamic) version — custom malloc-based implementation
-------------------------------------------------------------
This system uses 8 bytes per array element.
-------------------------------------------------------------
Array size = 392320 (elements), Offset = 0 (elements)
Memory per array = 3.0 MiB (= 0.0 GiB).
Total memory required = 9.0 MiB (= 0.0 GiB).
Each kernel will be executed 5 times.
-------------------------------------------------------------
Function    Best Rate MB/s  Avg time     Min time     Max time
Copy:            8017.1     0.000980     0.000783     0.001140
Scale:          10974.6     0.000781     0.000572     0.000867
Add:            13076.9     0.000965     0.000720     0.001071
Triad:           9932.7     0.001023     0.000948     0.001198
-------------------------------------------------------------
Solution Validates: avg error less than 1.000000e-13 on all three arrays
-------------------------------------------------------------



--- run 1 ---
-------------------------------------------------------------
STREAM (dynamic) version — custom malloc-based implementation
-------------------------------------------------------------
This system uses 8 bytes per array element.
-------------------------------------------------------------
Array size = 440362 (elements), Offset = 0 (elements)
Memory per array = 3.4 MiB (= 0.0 GiB).
Total memory required = 10.1 MiB (= 0.0 GiB).
Each kernel will be executed 5 times.
-------------------------------------------------------------
Function    Best Rate MB/s  Avg time     Min time     Max time
Copy:            8193.0     0.000949     0.000860     0.001163
Scale:          11383.7     0.000755     0.000619     0.000898
Add:             9530.9     0.001121     0.001109     0.001128
Triad:          10400.8     0.001048     0.001016     0.001075
-------------------------------------------------------------
Solution Validates: avg error less than 1.000000e-13 on all three arrays
-------------------------------------------------------------



--- run 2 ---
-------------------------------------------------------------
STREAM (dynamic) version — custom malloc-based implementation
-------------------------------------------------------------
This system uses 8 bytes per array element.
-------------------------------------------------------------
Array size = 440362 (elements), Offset = 0 (elements)
Memory per array = 3.4 MiB (= 0.0 GiB).
Total memory required = 10.1 MiB (= 0.0 GiB).
Each kernel will be executed 5 times.
-------------------------------------------------------------
Function    Best Rate MB/s  Avg time     Min time     Max time
Copy:            7995.7     0.000891     0.000881     0.000906
Scale:           8289.5     0.000882     0.000850     0.000940
Add:            13498.3     0.001021     0.000783     0.001116
Triad:          15011.3     0.000950     0.000704     0.001053
-------------------------------------------------------------
Solution Validates: avg error less than 1.000000e-13 on all three arrays
-------------------------------------------------------------



--- run 3 ---
-------------------------------------------------------------
STREAM (dynamic) version — custom malloc-based implementation
-------------------------------------------------------------
This system uses 8 bytes per array element.
-------------------------------------------------------------
Array size = 440362 (elements), Offset = 0 (elements)
Memory per array = 3.4 MiB (= 0.0 GiB).
Total memory required = 10.1 MiB (= 0.0 GiB).
Each kernel will be executed 5 times.
-------------------------------------------------------------
Function    Best Rate MB/s  Avg time     Min time     Max time
Copy:            7944.1     0.000897     0.000887     0.000901
Scale:           7980.6     0.000899     0.000883     0.000910
Add:             9981.6     0.001148     0.001059     0.001334
Triad:          13208.7     0.001014     0.000800     0.001104
-------------------------------------------------------------
Solution Validates: avg error less than 1.000000e-13 on all three arrays
-------------------------------------------------------------



--- run 1 ---
-------------------------------------------------------------
STREAM (dynamic) version — custom malloc-based implementation
-------------------------------------------------------------
This system uses 8 bytes per array element.
-------------------------------------------------------------
Array size = 494293 (elements), Offset = 0 (elements)
Memory per array = 3.8 MiB (= 0.0 GiB).
Total memory required = 11.3 MiB (= 0.0 GiB).
Each kernel will be executed 5 times.
-------------------------------------------------------------
Function    Best Rate MB/s  Avg time     Min time     Max time
Copy:            8729.3     0.000932     0.000906     0.000947
Scale:           8340.8     0.000966     0.000948     0.000998
Add:            10173.2     0.001218     0.001166     0.001257
Triad:          11035.1     0.001225     0.001075     0.001502
-------------------------------------------------------------
Solution Validates: avg error less than 1.000000e-13 on all three arrays
-------------------------------------------------------------



--- run 2 ---
-------------------------------------------------------------
STREAM (dynamic) version — custom malloc-based implementation
-------------------------------------------------------------
This system uses 8 bytes per array element.
-------------------------------------------------------------
Array size = 494293 (elements), Offset = 0 (elements)
Memory per array = 3.8 MiB (= 0.0 GiB).
Total memory required = 11.3 MiB (= 0.0 GiB).
Each kernel will be executed 5 times.
-------------------------------------------------------------
Function    Best Rate MB/s  Avg time     Min time     Max time
Copy:            8440.6     0.000959     0.000937     0.000977
Scale:           8404.2     0.000963     0.000941     0.000980
Add:            10105.0     0.001209     0.001174     0.001245
Triad:          10526.2     0.001160     0.001127     0.001219
-------------------------------------------------------------
Solution Validates: avg error less than 1.000000e-13 on all three arrays
-------------------------------------------------------------



--- run 3 ---
-------------------------------------------------------------
STREAM (dynamic) version — custom malloc-based implementation
-------------------------------------------------------------
This system uses 8 bytes per array element.
-------------------------------------------------------------
Array size = 494293 (elements), Offset = 0 (elements)
Memory per array = 3.8 MiB (= 0.0 GiB).
Total memory required = 11.3 MiB (= 0.0 GiB).
Each kernel will be executed 5 times.
-------------------------------------------------------------
Function    Best Rate MB/s  Avg time     Min time     Max time
Copy:            8477.2     0.000959     0.000933     0.000987
Scale:           8613.7     0.000973     0.000918     0.001035
Add:            10453.2     0.001195     0.001135     0.001250
Triad:          10602.4     0.001141     0.001119     0.001162
-------------------------------------------------------------
Solution Validates: avg error less than 1.000000e-13 on all three arrays
-------------------------------------------------------------



--- run 1 ---
-------------------------------------------------------------
STREAM (dynamic) version — custom malloc-based implementation
-------------------------------------------------------------
This system uses 8 bytes per array element.
-------------------------------------------------------------
Array size = 554837 (elements), Offset = 0 (elements)
Memory per array = 4.2 MiB (= 0.0 GiB).
Total memory required = 12.7 MiB (= 0.0 GiB).
Each kernel will be executed 5 times.
-------------------------------------------------------------
Function    Best Rate MB/s  Avg time     Min time     Max time
Copy:            8859.0     0.001020     0.001002     0.001046
Scale:           9013.4     0.001058     0.000985     0.001131
Add:            10560.0     0.001325     0.001261     0.001371
Triad:          10534.1     0.001294     0.001264     0.001336
-------------------------------------------------------------
Solution Validates: avg error less than 1.000000e-13 on all three arrays
-------------------------------------------------------------



--- run 2 ---
-------------------------------------------------------------
STREAM (dynamic) version — custom malloc-based implementation
-------------------------------------------------------------
This system uses 8 bytes per array element.
-------------------------------------------------------------
Array size = 554837 (elements), Offset = 0 (elements)
Memory per array = 4.2 MiB (= 0.0 GiB).
Total memory required = 12.7 MiB (= 0.0 GiB).
Each kernel will be executed 5 times.
-------------------------------------------------------------
Function    Best Rate MB/s  Avg time     Min time     Max time
Copy:            9276.2     0.001010     0.000957     0.001076
Scale:           9059.5     0.001039     0.000980     0.001069
Add:            10923.5     0.001301     0.001219     0.001343
Triad:          11199.5     0.001244     0.001189     0.001331
-------------------------------------------------------------
Solution Validates: avg error less than 1.000000e-13 on all three arrays
-------------------------------------------------------------



--- run 3 ---
-------------------------------------------------------------
STREAM (dynamic) version — custom malloc-based implementation
-------------------------------------------------------------
This system uses 8 bytes per array element.
-------------------------------------------------------------
Array size = 554837 (elements), Offset = 0 (elements)
Memory per array = 4.2 MiB (= 0.0 GiB).
Total memory required = 12.7 MiB (= 0.0 GiB).
Each kernel will be executed 5 times.
-------------------------------------------------------------
Function    Best Rate MB/s  Avg time     Min time     Max time
Copy:            8957.1     0.001005     0.000991     0.001011
Scale:           8477.8     0.001130     0.001047     0.001336
Add:            12842.4     0.001286     0.001037     0.001419
Triad:          10985.8     0.001252     0.001212     0.001274
-------------------------------------------------------------
Solution Validates: avg error less than 1.000000e-13 on all three arrays
-------------------------------------------------------------



--- run 1 ---
-------------------------------------------------------------
STREAM (dynamic) version — custom malloc-based implementation
-------------------------------------------------------------
This system uses 8 bytes per array element.
-------------------------------------------------------------
Array size = 622762 (elements), Offset = 0 (elements)
Memory per array = 4.8 MiB (= 0.0 GiB).
Total memory required = 14.3 MiB (= 0.0 GiB).
Each kernel will be executed 5 times.
-------------------------------------------------------------
Function    Best Rate MB/s  Avg time     Min time     Max time
Copy:            9339.2     0.001172     0.001067     0.001380
Scale:           8943.5     0.001193     0.001114     0.001371
Add:            13406.6     0.001308     0.001115     0.001399
Triad:          14636.8     0.001289     0.001021     0.001420
-------------------------------------------------------------
Solution Validates: avg error less than 1.000000e-13 on all three arrays
-------------------------------------------------------------



--- run 2 ---
-------------------------------------------------------------
STREAM (dynamic) version — custom malloc-based implementation
-------------------------------------------------------------
This system uses 8 bytes per array element.
-------------------------------------------------------------
Array size = 622762 (elements), Offset = 0 (elements)
Memory per array = 4.8 MiB (= 0.0 GiB).
Total memory required = 14.3 MiB (= 0.0 GiB).
Each kernel will be executed 5 times.
-------------------------------------------------------------
Function    Best Rate MB/s  Avg time     Min time     Max time
Copy:            9268.8     0.001117     0.001075     0.001181
Scale:           9217.7     0.001122     0.001081     0.001143
Add:            10195.0     0.001500     0.001466     0.001563
Triad:          11695.8     0.001425     0.001278     0.001613
-------------------------------------------------------------
Solution Validates: avg error less than 1.000000e-13 on all three arrays
-------------------------------------------------------------



--- run 3 ---
-------------------------------------------------------------
STREAM (dynamic) version — custom malloc-based implementation
-------------------------------------------------------------
This system uses 8 bytes per array element.
-------------------------------------------------------------
Array size = 622762 (elements), Offset = 0 (elements)
Memory per array = 4.8 MiB (= 0.0 GiB).
Total memory required = 14.3 MiB (= 0.0 GiB).
Each kernel will be executed 5 times.
-------------------------------------------------------------
Function    Best Rate MB/s  Avg time     Min time     Max time
Copy:            9498.4     0.001085     0.001049     0.001120
Scale:          12198.7     0.001051     0.000817     0.001148
Add:            10885.4     0.001481     0.001373     0.001695
Triad:          15282.6     0.001296     0.000978     0.001542
-------------------------------------------------------------
Solution Validates: avg error less than 1.000000e-13 on all three arrays
-------------------------------------------------------------



--- run 1 ---
-------------------------------------------------------------
STREAM (dynamic) version — custom malloc-based implementation
-------------------------------------------------------------
This system uses 8 bytes per array element.
-------------------------------------------------------------
Array size = 699050 (elements), Offset = 0 (elements)
Memory per array = 5.3 MiB (= 0.0 GiB).
Total memory required = 16.0 MiB (= 0.0 GiB).
Each kernel will be executed 5 times.
-------------------------------------------------------------
Function    Best Rate MB/s  Avg time     Min time     Max time
Copy:           15843.4     0.001039     0.000706     0.001161
Scale:           9184.1     0.001225     0.001218     0.001233
Add:            10979.7     0.001621     0.001528     0.001798
Triad:          12010.4     0.001425     0.001397     0.001480
-------------------------------------------------------------
Solution Validates: avg error less than 1.000000e-13 on all three arrays
-------------------------------------------------------------



--- run 2 ---
-------------------------------------------------------------
STREAM (dynamic) version — custom malloc-based implementation
-------------------------------------------------------------
This system uses 8 bytes per array element.
-------------------------------------------------------------
Array size = 699050 (elements), Offset = 0 (elements)
Memory per array = 5.3 MiB (= 0.0 GiB).
Total memory required = 16.0 MiB (= 0.0 GiB).
Each kernel will be executed 5 times.
-------------------------------------------------------------
Function    Best Rate MB/s  Avg time     Min time     Max time
Copy:           14794.2     0.000823     0.000756     0.000881
Scale:          13159.2     0.000888     0.000850     0.000912
Add:            12815.3     0.001353     0.001309     0.001435
Triad:          13454.8     0.001291     0.001247     0.001309
-------------------------------------------------------------
Solution Validates: avg error less than 1.000000e-13 on all three arrays
-------------------------------------------------------------



--- run 3 ---
-------------------------------------------------------------
STREAM (dynamic) version — custom malloc-based implementation
-------------------------------------------------------------
This system uses 8 bytes per array element.
-------------------------------------------------------------
Array size = 699050 (elements), Offset = 0 (elements)
Memory per array = 5.3 MiB (= 0.0 GiB).
Total memory required = 16.0 MiB (= 0.0 GiB).
Each kernel will be executed 5 times.
-------------------------------------------------------------
Function    Best Rate MB/s  Avg time     Min time     Max time
Copy:            9828.7     0.001159     0.001138     0.001173
Scale:           9352.6     0.001225     0.001196     0.001307
Add:            10943.8     0.001592     0.001533     0.001625
Triad:          11791.0     0.001507     0.001423     0.001566
-------------------------------------------------------------
Solution Validates: avg error less than 1.000000e-13 on all three arrays
-------------------------------------------------------------



--- run 1 ---
-------------------------------------------------------------
STREAM (dynamic) version — custom malloc-based implementation
-------------------------------------------------------------
This system uses 8 bytes per array element.
-------------------------------------------------------------
Array size = 784640 (elements), Offset = 0 (elements)
Memory per array = 6.0 MiB (= 0.0 GiB).
Total memory required = 18.0 MiB (= 0.0 GiB).
Each kernel will be executed 5 times.
-------------------------------------------------------------
Function    Best Rate MB/s  Avg time     Min time     Max time
Copy:           14980.5     0.000874     0.000838     0.000908
Scale:          14120.8     0.000961     0.000889     0.001034
Add:            13040.2     0.001479     0.001444     0.001536
Triad:          13085.6     0.001470     0.001439     0.001489
-------------------------------------------------------------
Solution Validates: avg error less than 1.000000e-13 on all three arrays
-------------------------------------------------------------



--- run 2 ---
-------------------------------------------------------------
STREAM (dynamic) version — custom malloc-based implementation
-------------------------------------------------------------
This system uses 8 bytes per array element.
-------------------------------------------------------------
Array size = 784640 (elements), Offset = 0 (elements)
Memory per array = 6.0 MiB (= 0.0 GiB).
Total memory required = 18.0 MiB (= 0.0 GiB).
Each kernel will be executed 5 times.
-------------------------------------------------------------
Function    Best Rate MB/s  Avg time     Min time     Max time
Copy:           16097.9     0.001029     0.000780     0.001252
Scale:          13719.7     0.001137     0.000915     0.001338
Add:            13048.8     0.001632     0.001443     0.001811
Triad:          13355.5     0.001498     0.001410     0.001682
-------------------------------------------------------------
Solution Validates: avg error less than 1.000000e-13 on all three arrays
-------------------------------------------------------------



--- run 3 ---
-------------------------------------------------------------
STREAM (dynamic) version — custom malloc-based implementation
-------------------------------------------------------------
This system uses 8 bytes per array element.
-------------------------------------------------------------
Array size = 784640 (elements), Offset = 0 (elements)
Memory per array = 6.0 MiB (= 0.0 GiB).
Total memory required = 18.0 MiB (= 0.0 GiB).
Each kernel will be executed 5 times.
-------------------------------------------------------------
Function    Best Rate MB/s  Avg time     Min time     Max time
Copy:           10173.2     0.001256     0.001234     0.001276
Scale:           9747.6     0.001320     0.001288     0.001366
Add:            12243.8     0.001619     0.001538     0.001656
Triad:          12291.4     0.001579     0.001532     0.001626
-------------------------------------------------------------
Solution Validates: avg error less than 1.000000e-13 on all three arrays
-------------------------------------------------------------



--- run 1 ---
-------------------------------------------------------------
STREAM (dynamic) version — custom malloc-based implementation
-------------------------------------------------------------
This system uses 8 bytes per array element.
-------------------------------------------------------------
Array size = 880768 (elements), Offset = 0 (elements)
Memory per array = 6.7 MiB (= 0.0 GiB).
Total memory required = 20.2 MiB (= 0.0 GiB).
Each kernel will be executed 5 times.
-------------------------------------------------------------
Function    Best Rate MB/s  Avg time     Min time     Max time
Copy:           10554.9     0.001349     0.001335     0.001366
Scale:          10958.0     0.001377     0.001286     0.001440
Add:            12120.4     0.001846     0.001744     0.002109
Triad:          15328.7     0.001652     0.001379     0.001827
-------------------------------------------------------------
Solution Validates: avg error less than 1.000000e-13 on all three arrays
-------------------------------------------------------------



--- run 2 ---
-------------------------------------------------------------
STREAM (dynamic) version — custom malloc-based implementation
-------------------------------------------------------------
This system uses 8 bytes per array element.
-------------------------------------------------------------
Array size = 880768 (elements), Offset = 0 (elements)
Memory per array = 6.7 MiB (= 0.0 GiB).
Total memory required = 20.2 MiB (= 0.0 GiB).
Each kernel will be executed 5 times.
-------------------------------------------------------------
Function    Best Rate MB/s  Avg time     Min time     Max time
Copy:           15620.3     0.001242     0.000902     0.001368
Scale:          13473.3     0.001265     0.001046     0.001359
Add:            12992.5     0.001776     0.001627     0.001917
Triad:          12687.6     0.001773     0.001666     0.001882
-------------------------------------------------------------
Solution Validates: avg error less than 1.000000e-13 on all three arrays
-------------------------------------------------------------



--- run 3 ---
-------------------------------------------------------------
STREAM (dynamic) version — custom malloc-based implementation
-------------------------------------------------------------
This system uses 8 bytes per array element.
-------------------------------------------------------------
Array size = 880768 (elements), Offset = 0 (elements)
Memory per array = 6.7 MiB (= 0.0 GiB).
Total memory required = 20.2 MiB (= 0.0 GiB).
Each kernel will be executed 5 times.
-------------------------------------------------------------
Function    Best Rate MB/s  Avg time     Min time     Max time
Copy:           10857.3     0.001401     0.001298     0.001623
Scale:          13723.6     0.001239     0.001027     0.001435
Add:            11997.4     0.001993     0.001762     0.002241
Triad:          14158.6     0.001740     0.001493     0.002043
-------------------------------------------------------------
Solution Validates: avg error less than 1.000000e-13 on all three arrays
-------------------------------------------------------------



--- run 1 ---
-------------------------------------------------------------
STREAM (dynamic) version — custom malloc-based implementation
-------------------------------------------------------------
This system uses 8 bytes per array element.
-------------------------------------------------------------
Array size = 988586 (elements), Offset = 0 (elements)
Memory per array = 7.5 MiB (= 0.0 GiB).
Total memory required = 22.6 MiB (= 0.0 GiB).
Each kernel will be executed 5 times.
-------------------------------------------------------------
Function    Best Rate MB/s  Avg time     Min time     Max time
Copy:           15150.2     0.001093     0.001044     0.001166
Scale:          13972.8     0.001186     0.001132     0.001231
Add:            13298.7     0.001901     0.001784     0.002141
Triad:          13284.5     0.001897     0.001786     0.002062
-------------------------------------------------------------
Solution Validates: avg error less than 1.000000e-13 on all three arrays
-------------------------------------------------------------



--- run 2 ---
-------------------------------------------------------------
STREAM (dynamic) version — custom malloc-based implementation
-------------------------------------------------------------
This system uses 8 bytes per array element.
-------------------------------------------------------------
Array size = 988586 (elements), Offset = 0 (elements)
Memory per array = 7.5 MiB (= 0.0 GiB).
Total memory required = 22.6 MiB (= 0.0 GiB).
Each kernel will be executed 5 times.
-------------------------------------------------------------
Function    Best Rate MB/s  Avg time     Min time     Max time
Copy:           13437.9     0.001371     0.001177     0.001456
Scale:          14865.1     0.001346     0.001064     0.001648
Add:            12205.9     0.002051     0.001944     0.002178
Triad:          12520.7     0.001952     0.001895     0.002017
-------------------------------------------------------------
Solution Validates: avg error less than 1.000000e-13 on all three arrays
-------------------------------------------------------------



--- run 3 ---
-------------------------------------------------------------
STREAM (dynamic) version — custom malloc-based implementation
-------------------------------------------------------------
This system uses 8 bytes per array element.
-------------------------------------------------------------
Array size = 988586 (elements), Offset = 0 (elements)
Memory per array = 7.5 MiB (= 0.0 GiB).
Total memory required = 22.6 MiB (= 0.0 GiB).
Each kernel will be executed 5 times.
-------------------------------------------------------------
Function    Best Rate MB/s  Avg time     Min time     Max time
Copy:           10826.2     0.001607     0.001461     0.001749
Scale:          13448.8     0.001412     0.001176     0.001769
Add:            12093.1     0.002075     0.001962     0.002119
Triad:          13858.0     0.001949     0.001712     0.002039
-------------------------------------------------------------
Solution Validates: avg error less than 1.000000e-13 on all three arrays
-------------------------------------------------------------



--- run 1 ---
-------------------------------------------------------------
STREAM (dynamic) version — custom malloc-based implementation
-------------------------------------------------------------
This system uses 8 bytes per array element.
-------------------------------------------------------------
Array size = 1109674 (elements), Offset = 0 (elements)
Memory per array = 8.5 MiB (= 0.0 GiB).
Total memory required = 25.4 MiB (= 0.0 GiB).
Each kernel will be executed 5 times.
-------------------------------------------------------------
Function    Best Rate MB/s  Avg time     Min time     Max time
Copy:           13522.6     0.001508     0.001313     0.001589
Scale:          11751.5     0.001569     0.001511     0.001592
Add:            12687.8     0.002189     0.002099     0.002289
Triad:          12885.4     0.002106     0.002067     0.002162
-------------------------------------------------------------
Solution Validates: avg error less than 1.000000e-13 on all three arrays
-------------------------------------------------------------



--- run 2 ---
-------------------------------------------------------------
STREAM (dynamic) version — custom malloc-based implementation
-------------------------------------------------------------
This system uses 8 bytes per array element.
-------------------------------------------------------------
Array size = 1109674 (elements), Offset = 0 (elements)
Memory per array = 8.5 MiB (= 0.0 GiB).
Total memory required = 25.4 MiB (= 0.0 GiB).
Each kernel will be executed 5 times.
-------------------------------------------------------------
Function    Best Rate MB/s  Avg time     Min time     Max time
Copy:           11543.8     0.001557     0.001538     0.001593
Scale:          11939.9     0.001554     0.001487     0.001594
Add:            12562.2     0.002173     0.002120     0.002242
Triad:          13310.7     0.002039     0.002001     0.002073
-------------------------------------------------------------
Solution Validates: avg error less than 1.000000e-13 on all three arrays
-------------------------------------------------------------



--- run 3 ---
-------------------------------------------------------------
STREAM (dynamic) version — custom malloc-based implementation
-------------------------------------------------------------
This system uses 8 bytes per array element.
-------------------------------------------------------------
Array size = 1109674 (elements), Offset = 0 (elements)
Memory per array = 8.5 MiB (= 0.0 GiB).
Total memory required = 25.4 MiB (= 0.0 GiB).
Each kernel will be executed 5 times.
-------------------------------------------------------------
Function    Best Rate MB/s  Avg time     Min time     Max time
Copy:           13849.5     0.001481     0.001282     0.001582
Scale:          11210.1     0.001666     0.001584     0.001869
Add:            14257.0     0.002145     0.001868     0.002254
Triad:          12725.4     0.002183     0.002093     0.002345
-------------------------------------------------------------
Solution Validates: avg error less than 1.000000e-13 on all three arrays
-------------------------------------------------------------



--- run 1 ---
-------------------------------------------------------------
STREAM (dynamic) version — custom malloc-based implementation
-------------------------------------------------------------
This system uses 8 bytes per array element.
-------------------------------------------------------------
Array size = 1245568 (elements), Offset = 0 (elements)
Memory per array = 9.5 MiB (= 0.0 GiB).
Total memory required = 28.5 MiB (= 0.0 GiB).
Each kernel will be executed 5 times.
-------------------------------------------------------------
Function    Best Rate MB/s  Avg time     Min time     Max time
Copy:           14763.1     0.001464     0.001350     0.001707
Scale:          13519.1     0.001797     0.001474     0.001991
Add:            15441.3     0.002196     0.001936     0.002655
Triad:          13256.8     0.002432     0.002255     0.002516
-------------------------------------------------------------
Solution Validates: avg error less than 1.000000e-13 on all three arrays
-------------------------------------------------------------



--- run 2 ---
-------------------------------------------------------------
STREAM (dynamic) version — custom malloc-based implementation
-------------------------------------------------------------
This system uses 8 bytes per array element.
-------------------------------------------------------------
Array size = 1245568 (elements), Offset = 0 (elements)
Memory per array = 9.5 MiB (= 0.0 GiB).
Total memory required = 28.5 MiB (= 0.0 GiB).
Each kernel will be executed 5 times.
-------------------------------------------------------------
Function    Best Rate MB/s  Avg time     Min time     Max time
Copy:           12425.8     0.001676     0.001604     0.001713
Scale:          11715.3     0.001720     0.001701     0.001733
Add:            12997.1     0.002377     0.002300     0.002478
Triad:          13538.8     0.002252     0.002208     0.002270
-------------------------------------------------------------
Solution Validates: avg error less than 1.000000e-13 on all three arrays
-------------------------------------------------------------



--- run 3 ---
-------------------------------------------------------------
STREAM (dynamic) version — custom malloc-based implementation
-------------------------------------------------------------
This system uses 8 bytes per array element.
-------------------------------------------------------------
Array size = 1245568 (elements), Offset = 0 (elements)
Memory per array = 9.5 MiB (= 0.0 GiB).
Total memory required = 28.5 MiB (= 0.0 GiB).
Each kernel will be executed 5 times.
-------------------------------------------------------------
Function    Best Rate MB/s  Avg time     Min time     Max time
Copy:           15192.4     0.001445     0.001312     0.001695
Scale:          13215.6     0.001594     0.001508     0.001727
Add:            13350.0     0.002279     0.002239     0.002332
Triad:          13582.8     0.002351     0.002201     0.002593
-------------------------------------------------------------
Solution Validates: avg error less than 1.000000e-13 on all three arrays
-------------------------------------------------------------



--- run 1 ---
-------------------------------------------------------------
STREAM (dynamic) version — custom malloc-based implementation
-------------------------------------------------------------
This system uses 8 bytes per array element.
-------------------------------------------------------------
Array size = 1398101 (elements), Offset = 0 (elements)
Memory per array = 10.7 MiB (= 0.0 GiB).
Total memory required = 32.0 MiB (= 0.0 GiB).
Each kernel will be executed 5 times.
-------------------------------------------------------------
Function    Best Rate MB/s  Avg time     Min time     Max time
Copy:           14374.9     0.001715     0.001556     0.001804
Scale:          13150.0     0.001778     0.001701     0.001845
Add:            14419.8     0.002590     0.002327     0.002738
Triad:          13401.0     0.002642     0.002504     0.002748
-------------------------------------------------------------
Solution Validates: avg error less than 1.000000e-13 on all three arrays
-------------------------------------------------------------



--- run 2 ---
-------------------------------------------------------------
STREAM (dynamic) version — custom malloc-based implementation
-------------------------------------------------------------
This system uses 8 bytes per array element.
-------------------------------------------------------------
Array size = 1398101 (elements), Offset = 0 (elements)
Memory per array = 10.7 MiB (= 0.0 GiB).
Total memory required = 32.0 MiB (= 0.0 GiB).
Each kernel will be executed 5 times.
-------------------------------------------------------------
Function    Best Rate MB/s  Avg time     Min time     Max time
Copy:           13937.2     0.001760     0.001605     0.001887
Scale:          12446.9     0.001886     0.001797     0.002003
Add:            12734.1     0.002816     0.002635     0.003089
Triad:          14468.7     0.002651     0.002319     0.002821
-------------------------------------------------------------
Solution Validates: avg error less than 1.000000e-13 on all three arrays
-------------------------------------------------------------



--- run 3 ---
-------------------------------------------------------------
STREAM (dynamic) version — custom malloc-based implementation
-------------------------------------------------------------
This system uses 8 bytes per array element.
-------------------------------------------------------------
Array size = 1398101 (elements), Offset = 0 (elements)
Memory per array = 10.7 MiB (= 0.0 GiB).
Total memory required = 32.0 MiB (= 0.0 GiB).
Each kernel will be executed 5 times.
-------------------------------------------------------------
Function    Best Rate MB/s  Avg time     Min time     Max time
Copy:           14497.1     0.001711     0.001543     0.001802
Scale:          12476.7     0.001911     0.001793     0.002161
Add:            14021.9     0.002543     0.002393     0.002904
Triad:          15985.6     0.002365     0.002099     0.002467
-------------------------------------------------------------
Solution Validates: avg error less than 1.000000e-13 on all three arrays
-------------------------------------------------------------



--- run 1 ---
-------------------------------------------------------------
STREAM (dynamic) version — custom malloc-based implementation
-------------------------------------------------------------
This system uses 8 bytes per array element.
-------------------------------------------------------------
Array size = 1569322 (elements), Offset = 0 (elements)
Memory per array = 12.0 MiB (= 0.0 GiB).
Total memory required = 35.9 MiB (= 0.0 GiB).
Each kernel will be executed 5 times.
-------------------------------------------------------------
Function    Best Rate MB/s  Avg time     Min time     Max time
Copy:           16716.7     0.001724     0.001502     0.002003
Scale:          15403.7     0.001763     0.001630     0.001861
Add:            14293.6     0.002754     0.002635     0.002867
Triad:          14838.7     0.002685     0.002538     0.002750
-------------------------------------------------------------
Solution Validates: avg error less than 1.000000e-13 on all three arrays
-------------------------------------------------------------



--- run 2 ---
-------------------------------------------------------------
STREAM (dynamic) version — custom malloc-based implementation
-------------------------------------------------------------
This system uses 8 bytes per array element.
-------------------------------------------------------------
Array size = 1569322 (elements), Offset = 0 (elements)
Memory per array = 12.0 MiB (= 0.0 GiB).
Total memory required = 35.9 MiB (= 0.0 GiB).
Each kernel will be executed 5 times.
-------------------------------------------------------------
Function    Best Rate MB/s  Avg time     Min time     Max time
Copy:           17473.9     0.001659     0.001437     0.002048
Scale:          18597.1     0.001589     0.001350     0.001810
Add:            17182.2     0.002344     0.002192     0.002530
Triad:          17388.3     0.002369     0.002166     0.002687
-------------------------------------------------------------
Solution Validates: avg error less than 1.000000e-13 on all three arrays
-------------------------------------------------------------



--- run 3 ---
-------------------------------------------------------------
STREAM (dynamic) version — custom malloc-based implementation
-------------------------------------------------------------
This system uses 8 bytes per array element.
-------------------------------------------------------------
Array size = 1569322 (elements), Offset = 0 (elements)
Memory per array = 12.0 MiB (= 0.0 GiB).
Total memory required = 35.9 MiB (= 0.0 GiB).
Each kernel will be executed 5 times.
-------------------------------------------------------------
Function    Best Rate MB/s  Avg time     Min time     Max time
Copy:           18011.9     0.001621     0.001394     0.001956
Scale:          17658.5     0.001614     0.001422     0.001842
Add:            17666.4     0.002368     0.002132     0.002616
Triad:          17057.9     0.002317     0.002208     0.002521
-------------------------------------------------------------
Solution Validates: avg error less than 1.000000e-13 on all three arrays
-------------------------------------------------------------



--- run 1 ---
-------------------------------------------------------------
STREAM (dynamic) version — custom malloc-based implementation
-------------------------------------------------------------
This system uses 8 bytes per array element.
-------------------------------------------------------------
Array size = 1761493 (elements), Offset = 0 (elements)
Memory per array = 13.4 MiB (= 0.0 GiB).
Total memory required = 40.3 MiB (= 0.0 GiB).
Each kernel will be executed 5 times.
-------------------------------------------------------------
Function    Best Rate MB/s  Avg time     Min time     Max time
Copy:           14581.4     0.002003     0.001933     0.002065
Scale:          14677.4     0.002024     0.001920     0.002110
Add:            14058.3     0.003087     0.003007     0.003175
Triad:          13761.6     0.003124     0.003072     0.003215
-------------------------------------------------------------
Solution Validates: avg error less than 1.000000e-13 on all three arrays
-------------------------------------------------------------



--- run 2 ---
-------------------------------------------------------------
STREAM (dynamic) version — custom malloc-based implementation
-------------------------------------------------------------
This system uses 8 bytes per array element.
-------------------------------------------------------------
Array size = 1761493 (elements), Offset = 0 (elements)
Memory per array = 13.4 MiB (= 0.0 GiB).
Total memory required = 40.3 MiB (= 0.0 GiB).
Each kernel will be executed 5 times.
-------------------------------------------------------------
Function    Best Rate MB/s  Avg time     Min time     Max time
Copy:           13595.4     0.002106     0.002073     0.002182
Scale:          13109.9     0.002183     0.002150     0.002219
Add:            14487.9     0.003032     0.002918     0.003074
Triad:          14072.8     0.003067     0.003004     0.003135
-------------------------------------------------------------
Solution Validates: avg error less than 1.000000e-13 on all three arrays
-------------------------------------------------------------



--- run 3 ---
-------------------------------------------------------------
STREAM (dynamic) version — custom malloc-based implementation
-------------------------------------------------------------
This system uses 8 bytes per array element.
-------------------------------------------------------------
Array size = 1761493 (elements), Offset = 0 (elements)
Memory per array = 13.4 MiB (= 0.0 GiB).
Total memory required = 40.3 MiB (= 0.0 GiB).
Each kernel will be executed 5 times.
-------------------------------------------------------------
Function    Best Rate MB/s  Avg time     Min time     Max time
Copy:           13531.6     0.002198     0.002083     0.002474
Scale:          14865.7     0.002208     0.001896     0.002460
Add:            14776.5     0.003003     0.002861     0.003122
Triad:          14177.5     0.003043     0.002982     0.003069
-------------------------------------------------------------
Solution Validates: avg error less than 1.000000e-13 on all three arrays
-------------------------------------------------------------



--- run 1 ---
-------------------------------------------------------------
STREAM (dynamic) version — custom malloc-based implementation
-------------------------------------------------------------
This system uses 8 bytes per array element.
-------------------------------------------------------------
Array size = 1977216 (elements), Offset = 0 (elements)
Memory per array = 15.1 MiB (= 0.0 GiB).
Total memory required = 45.3 MiB (= 0.0 GiB).
Each kernel will be executed 5 times.
-------------------------------------------------------------
Function    Best Rate MB/s  Avg time     Min time     Max time
Copy:           14053.0     0.002293     0.002251     0.002348
Scale:          15630.7     0.002269     0.002024     0.002368
Add:            14211.6     0.003413     0.003339     0.003475
Triad:          15646.0     0.003317     0.003033     0.003613
-------------------------------------------------------------
Solution Validates: avg error less than 1.000000e-13 on all three arrays
-------------------------------------------------------------



--- run 2 ---
-------------------------------------------------------------
STREAM (dynamic) version — custom malloc-based implementation
-------------------------------------------------------------
This system uses 8 bytes per array element.
-------------------------------------------------------------
Array size = 1977216 (elements), Offset = 0 (elements)
Memory per array = 15.1 MiB (= 0.0 GiB).
Total memory required = 45.3 MiB (= 0.0 GiB).
Each kernel will be executed 5 times.
-------------------------------------------------------------
Function    Best Rate MB/s  Avg time     Min time     Max time
Copy:           15239.3     0.002253     0.002076     0.002410
Scale:          14720.3     0.002287     0.002149     0.002394
Add:            14118.8     0.003651     0.003361     0.003995
Triad:          14165.0     0.003560     0.003350     0.003739
-------------------------------------------------------------
Solution Validates: avg error less than 1.000000e-13 on all three arrays
-------------------------------------------------------------



--- run 3 ---
-------------------------------------------------------------
STREAM (dynamic) version — custom malloc-based implementation
-------------------------------------------------------------
This system uses 8 bytes per array element.
-------------------------------------------------------------
Array size = 1977216 (elements), Offset = 0 (elements)
Memory per array = 15.1 MiB (= 0.0 GiB).
Total memory required = 45.3 MiB (= 0.0 GiB).
Each kernel will be executed 5 times.
-------------------------------------------------------------
Function    Best Rate MB/s  Avg time     Min time     Max time
Copy:           14041.1     0.002314     0.002253     0.002355
Scale:          13508.0     0.002389     0.002342     0.002440
Add:            14190.3     0.003431     0.003344     0.003664
Triad:          15738.8     0.003294     0.003015     0.003652
-------------------------------------------------------------
Solution Validates: avg error less than 1.000000e-13 on all three arrays
-------------------------------------------------------------



--- run 1 ---
-------------------------------------------------------------
STREAM (dynamic) version — custom malloc-based implementation
-------------------------------------------------------------
This system uses 8 bytes per array element.
-------------------------------------------------------------
Array size = 2219349 (elements), Offset = 0 (elements)
Memory per array = 16.9 MiB (= 0.0 GiB).
Total memory required = 50.8 MiB (= 0.0 GiB).
Each kernel will be executed 5 times.
-------------------------------------------------------------
Function    Best Rate MB/s  Avg time     Min time     Max time
Copy:           14679.5     0.002489     0.002419     0.002515
Scale:          14052.1     0.002601     0.002527     0.002757
Add:            16033.2     0.003612     0.003322     0.003746
Triad:          14481.6     0.003734     0.003678     0.003846
-------------------------------------------------------------
Solution Validates: avg error less than 1.000000e-13 on all three arrays
-------------------------------------------------------------



--- run 2 ---
-------------------------------------------------------------
STREAM (dynamic) version — custom malloc-based implementation
-------------------------------------------------------------
This system uses 8 bytes per array element.
-------------------------------------------------------------
Array size = 2219349 (elements), Offset = 0 (elements)
Memory per array = 16.9 MiB (= 0.0 GiB).
Total memory required = 50.8 MiB (= 0.0 GiB).
Each kernel will be executed 5 times.
-------------------------------------------------------------
Function    Best Rate MB/s  Avg time     Min time     Max time
Copy:           14158.9     0.002538     0.002508     0.002574
Scale:          15881.6     0.002499     0.002236     0.002595
Add:            14952.6     0.003662     0.003562     0.003719
Triad:          14422.7     0.003726     0.003693     0.003749
-------------------------------------------------------------
Solution Validates: avg error less than 1.000000e-13 on all three arrays
-------------------------------------------------------------



--- run 3 ---
-------------------------------------------------------------
STREAM (dynamic) version — custom malloc-based implementation
-------------------------------------------------------------
This system uses 8 bytes per array element.
-------------------------------------------------------------
Array size = 2219349 (elements), Offset = 0 (elements)
Memory per array = 16.9 MiB (= 0.0 GiB).
Total memory required = 50.8 MiB (= 0.0 GiB).
Each kernel will be executed 5 times.
-------------------------------------------------------------
Function    Best Rate MB/s  Avg time     Min time     Max time
Copy:           17942.2     0.002402     0.001979     0.002583
Scale:          16045.9     0.002567     0.002213     0.002797
Add:            15551.1     0.003762     0.003425     0.004032
Triad:          15670.0     0.003672     0.003399     0.003872
-------------------------------------------------------------
Solution Validates: avg error less than 1.000000e-13 on all three arrays
-------------------------------------------------------------



--- run 1 ---
-------------------------------------------------------------
STREAM (dynamic) version — custom malloc-based implementation
-------------------------------------------------------------
This system uses 8 bytes per array element.
-------------------------------------------------------------
Array size = 2491136 (elements), Offset = 0 (elements)
Memory per array = 19.0 MiB (= 0.0 GiB).
Total memory required = 57.0 MiB (= 0.1 GiB).
Each kernel will be executed 5 times.
-------------------------------------------------------------
Function    Best Rate MB/s  Avg time     Min time     Max time
Copy:           15490.9     0.002666     0.002573     0.002759
Scale:          14584.1     0.002801     0.002733     0.002893
Add:            15228.4     0.004026     0.003926     0.004149
Triad:          14364.8     0.004264     0.004162     0.004557
-------------------------------------------------------------
Solution Validates: avg error less than 1.000000e-13 on all three arrays
-------------------------------------------------------------



--- run 2 ---
-------------------------------------------------------------
STREAM (dynamic) version — custom malloc-based implementation
-------------------------------------------------------------
This system uses 8 bytes per array element.
-------------------------------------------------------------
Array size = 2491136 (elements), Offset = 0 (elements)
Memory per array = 19.0 MiB (= 0.0 GiB).
Total memory required = 57.0 MiB (= 0.1 GiB).
Each kernel will be executed 5 times.
-------------------------------------------------------------
Function    Best Rate MB/s  Avg time     Min time     Max time
Copy:           15906.5     0.002592     0.002506     0.002718
Scale:          15389.6     0.002639     0.002590     0.002696
Add:            14386.2     0.004220     0.004156     0.004298
Triad:          14424.3     0.004153     0.004145     0.004168
-------------------------------------------------------------
Solution Validates: avg error less than 1.000000e-13 on all three arrays
-------------------------------------------------------------



--- run 3 ---
-------------------------------------------------------------
STREAM (dynamic) version — custom malloc-based implementation
-------------------------------------------------------------
This system uses 8 bytes per array element.
-------------------------------------------------------------
Array size = 2491136 (elements), Offset = 0 (elements)
Memory per array = 19.0 MiB (= 0.0 GiB).
Total memory required = 57.0 MiB (= 0.1 GiB).
Each kernel will be executed 5 times.
-------------------------------------------------------------
Function    Best Rate MB/s  Avg time     Min time     Max time
Copy:           15942.9     0.002721     0.002500     0.003004
Scale:          15749.2     0.002910     0.002531     0.003179
Add:            15634.8     0.004215     0.003824     0.004517
Triad:          14755.3     0.004587     0.004052     0.004966
-------------------------------------------------------------
Solution Validates: avg error less than 1.000000e-13 on all three arrays
-------------------------------------------------------------



--- run 1 ---
-------------------------------------------------------------
STREAM (dynamic) version — custom malloc-based implementation
-------------------------------------------------------------
This system uses 8 bytes per array element.
-------------------------------------------------------------
Array size = 2796202 (elements), Offset = 0 (elements)
Memory per array = 21.3 MiB (= 0.0 GiB).
Total memory required = 64.0 MiB (= 0.1 GiB).
Each kernel will be executed 5 times.
-------------------------------------------------------------
Function    Best Rate MB/s  Avg time     Min time     Max time
Copy:           16186.5     0.002926     0.002764     0.003035
Scale:          15887.7     0.003033     0.002816     0.003276
Add:            15283.4     0.004558     0.004391     0.004871
Triad:          15073.9     0.004599     0.004452     0.004877
-------------------------------------------------------------
Solution Validates: avg error less than 1.000000e-13 on all three arrays
-------------------------------------------------------------



--- run 2 ---
-------------------------------------------------------------
STREAM (dynamic) version — custom malloc-based implementation
-------------------------------------------------------------
This system uses 8 bytes per array element.
-------------------------------------------------------------
Array size = 2796202 (elements), Offset = 0 (elements)
Memory per array = 21.3 MiB (= 0.0 GiB).
Total memory required = 64.0 MiB (= 0.1 GiB).
Each kernel will be executed 5 times.
-------------------------------------------------------------
Function    Best Rate MB/s  Avg time     Min time     Max time
Copy:           15268.5     0.003026     0.002930     0.003098
Scale:          16317.4     0.002987     0.002742     0.003132
Add:            15552.0     0.004546     0.004315     0.004757
Triad:          14943.5     0.004752     0.004491     0.005033
-------------------------------------------------------------
Solution Validates: avg error less than 1.000000e-13 on all three arrays
-------------------------------------------------------------



--- run 3 ---
-------------------------------------------------------------
STREAM (dynamic) version — custom malloc-based implementation
-------------------------------------------------------------
This system uses 8 bytes per array element.
-------------------------------------------------------------
Array size = 2796202 (elements), Offset = 0 (elements)
Memory per array = 21.3 MiB (= 0.0 GiB).
Total memory required = 64.0 MiB (= 0.1 GiB).
Each kernel will be executed 5 times.
-------------------------------------------------------------
Function    Best Rate MB/s  Avg time     Min time     Max time
Copy:           16644.5     0.002945     0.002688     0.003059
Scale:          14760.5     0.003155     0.003031     0.003364
Add:            15049.7     0.004513     0.004459     0.004598
Triad:          16143.3     0.004425     0.004157     0.004737
-------------------------------------------------------------
Solution Validates: avg error less than 1.000000e-13 on all three arrays
-------------------------------------------------------------


