--- run 1 ---
-------------------------------------------------------------
STREAM (dynamic) version — custom malloc-based implementation
-------------------------------------------------------------
This system uses 8 bytes per array element.
-------------------------------------------------------------
Array size = 10922 (elements), Offset = 0 (elements)
Memory per array = 0.1 MiB (= 0.0 GiB).
Total memory required = 0.2 MiB (= 0.0 GiB).
Each kernel will be executed 20 times.
-------------------------------------------------------------
Function    Best Rate MB/s  Avg time     Min time     Max time
Copy:           25274.6     0.000007     0.000007     0.000008
Scale:          11634.3     0.000018     0.000015     0.000049
Add:            18955.9     0.000014     0.000014     0.000015
Triad:          17733.0     0.000015     0.000015     0.000016
-------------------------------------------------------------
Solution Validates: avg error less than 1.000000e-13 on all three arrays
-------------------------------------------------------------



--- run 2 ---
-------------------------------------------------------------
STREAM (dynamic) version — custom malloc-based implementation
-------------------------------------------------------------
This system uses 8 bytes per array element.
-------------------------------------------------------------
Array size = 10922 (elements), Offset = 0 (elements)
Memory per array = 0.1 MiB (= 0.0 GiB).
Total memory required = 0.2 MiB (= 0.0 GiB).
Each kernel will be executed 20 times.
-------------------------------------------------------------
Function    Best Rate MB/s  Avg time     Min time     Max time
Copy:           25274.6     0.000007     0.000007     0.000008
Scale:          11822.0     0.000015     0.000015     0.000015
Add:            18955.9     0.000014     0.000014     0.000014
Triad:          17451.5     0.000015     0.000015     0.000016
-------------------------------------------------------------
Solution Validates: avg error less than 1.000000e-13 on all three arrays
-------------------------------------------------------------



--- run 3 ---
-------------------------------------------------------------
STREAM (dynamic) version — custom malloc-based implementation
-------------------------------------------------------------
This system uses 8 bytes per array element.
-------------------------------------------------------------
Array size = 10922 (elements), Offset = 0 (elements)
Memory per array = 0.1 MiB (= 0.0 GiB).
Total memory required = 0.2 MiB (= 0.0 GiB).
Each kernel will be executed 20 times.
-------------------------------------------------------------
Function    Best Rate MB/s  Avg time     Min time     Max time
Copy:           24432.1     0.000007     0.000007     0.000008
Scale:          11634.3     0.000015     0.000015     0.000016
Add:            20360.1     0.000014     0.000013     0.000014
Triad:          17451.5     0.000015     0.000015     0.000016
-------------------------------------------------------------
Solution Validates: avg error less than 1.000000e-13 on all three arrays
-------------------------------------------------------------



--- run 1 ---
-------------------------------------------------------------
STREAM (dynamic) version — custom malloc-based implementation
-------------------------------------------------------------
This system uses 8 bytes per array element.
-------------------------------------------------------------
Array size = 11562 (elements), Offset = 0 (elements)
Memory per array = 0.1 MiB (= 0.0 GiB).
Total memory required = 0.3 MiB (= 0.0 GiB).
Each kernel will be executed 18 times.
-------------------------------------------------------------
Function    Best Rate MB/s  Avg time     Min time     Max time
Copy:           26755.6     0.000009     0.000007     0.000037
Scale:          12316.1     0.000016     0.000015     0.000016
Add:            20066.7     0.000015     0.000014     0.000015
Triad:          17371.2     0.000016     0.000016     0.000017
-------------------------------------------------------------
Solution Validates: avg error less than 1.000000e-13 on all three arrays
-------------------------------------------------------------



--- run 2 ---
-------------------------------------------------------------
STREAM (dynamic) version — custom malloc-based implementation
-------------------------------------------------------------
This system uses 8 bytes per array element.
-------------------------------------------------------------
Array size = 11562 (elements), Offset = 0 (elements)
Memory per array = 0.1 MiB (= 0.0 GiB).
Total memory required = 0.3 MiB (= 0.0 GiB).
Each kernel will be executed 18 times.
-------------------------------------------------------------
Function    Best Rate MB/s  Avg time     Min time     Max time
Copy:           26755.6     0.000008     0.000007     0.000008
Scale:          11580.8     0.000016     0.000016     0.000016
Add:            20066.7     0.000015     0.000014     0.000015
Triad:          18474.1     0.000016     0.000015     0.000016
-------------------------------------------------------------
Solution Validates: avg error less than 1.000000e-13 on all three arrays
-------------------------------------------------------------



--- run 3 ---
-------------------------------------------------------------
STREAM (dynamic) version — custom malloc-based implementation
-------------------------------------------------------------
This system uses 8 bytes per array element.
-------------------------------------------------------------
Array size = 11562 (elements), Offset = 0 (elements)
Memory per array = 0.1 MiB (= 0.0 GiB).
Total memory required = 0.3 MiB (= 0.0 GiB).
Each kernel will be executed 18 times.
-------------------------------------------------------------
Function    Best Rate MB/s  Avg time     Min time     Max time
Copy:           26755.6     0.000008     0.000007     0.000008
Scale:          11580.8     0.000016     0.000016     0.000016
Add:            19726.6     0.000015     0.000014     0.000015
Triad:          17371.2     0.000016     0.000016     0.000017
-------------------------------------------------------------
Solution Validates: avg error less than 1.000000e-13 on all three arrays
-------------------------------------------------------------



--- run 1 ---
-------------------------------------------------------------
STREAM (dynamic) version — custom malloc-based implementation
-------------------------------------------------------------
This system uses 8 bytes per array element.
-------------------------------------------------------------
Array size = 12245 (elements), Offset = 0 (elements)
Memory per array = 0.1 MiB (= 0.0 GiB).
Total memory required = 0.3 MiB (= 0.0 GiB).
Each kernel will be executed 17 times.
-------------------------------------------------------------
Function    Best Rate MB/s  Avg time     Min time     Max time
Copy:           28336.1     0.000008     0.000007     0.000008
Scale:          12264.9     0.000017     0.000016     0.000017
Add:            19565.4     0.000016     0.000015     0.000016
Triad:          17360.9     0.000017     0.000017     0.000017
-------------------------------------------------------------
Solution Validates: avg error less than 1.000000e-13 on all three arrays
-------------------------------------------------------------



--- run 2 ---
-------------------------------------------------------------
STREAM (dynamic) version — custom malloc-based implementation
-------------------------------------------------------------
This system uses 8 bytes per array element.
-------------------------------------------------------------
Array size = 12245 (elements), Offset = 0 (elements)
Memory per array = 0.1 MiB (= 0.0 GiB).
Total memory required = 0.3 MiB (= 0.0 GiB).
Each kernel will be executed 17 times.
-------------------------------------------------------------
Function    Best Rate MB/s  Avg time     Min time     Max time
Copy:           27391.6     0.000008     0.000007     0.000009
Scale:          12264.9     0.000017     0.000016     0.000017
Add:            19881.0     0.000016     0.000015     0.000016
Triad:          18397.3     0.000017     0.000016     0.000017
-------------------------------------------------------------
Solution Validates: avg error less than 1.000000e-13 on all three arrays
-------------------------------------------------------------



--- run 3 ---
-------------------------------------------------------------
STREAM (dynamic) version — custom malloc-based implementation
-------------------------------------------------------------
This system uses 8 bytes per array element.
-------------------------------------------------------------
Array size = 12245 (elements), Offset = 0 (elements)
Memory per array = 0.1 MiB (= 0.0 GiB).
Total memory required = 0.3 MiB (= 0.0 GiB).
Each kernel will be executed 17 times.
-------------------------------------------------------------
Function    Best Rate MB/s  Avg time     Min time     Max time
Copy:           28336.1     0.000008     0.000007     0.000008
Scale:          12264.9     0.000017     0.000016     0.000017
Add:            19881.0     0.000016     0.000015     0.000016
Triad:          18126.8     0.000017     0.000016     0.000017
-------------------------------------------------------------
Solution Validates: avg error less than 1.000000e-13 on all three arrays
-------------------------------------------------------------



--- run 1 ---
-------------------------------------------------------------
STREAM (dynamic) version — custom malloc-based implementation
-------------------------------------------------------------
This system uses 8 bytes per array element.
-------------------------------------------------------------
Array size = 12970 (elements), Offset = 0 (elements)
Memory per array = 0.1 MiB (= 0.0 GiB).
Total memory required = 0.3 MiB (= 0.0 GiB).
Each kernel will be executed 16 times.
-------------------------------------------------------------
Function    Best Rate MB/s  Avg time     Min time     Max time
Copy:           26375.8     0.000008     0.000008     0.000009
Scale:          12259.2     0.000018     0.000017     0.000018
Add:            19486.6     0.000018     0.000016     0.000036
Triad:          18388.8     0.000018     0.000017     0.000018
-------------------------------------------------------------
Solution Validates: avg error less than 1.000000e-13 on all three arrays
-------------------------------------------------------------



--- run 2 ---
-------------------------------------------------------------
STREAM (dynamic) version — custom malloc-based implementation
-------------------------------------------------------------
This system uses 8 bytes per array element.
-------------------------------------------------------------
Array size = 12970 (elements), Offset = 0 (elements)
Memory per array = 0.1 MiB (= 0.0 GiB).
Total memory required = 0.3 MiB (= 0.0 GiB).
Each kernel will be executed 16 times.
-------------------------------------------------------------
Function    Best Rate MB/s  Avg time     Min time     Max time
Copy:           26375.8     0.000008     0.000008     0.000009
Scale:          12259.2     0.000018     0.000017     0.000018
Add:            19486.6     0.000017     0.000016     0.000017
Triad:          18388.8     0.000018     0.000017     0.000018
-------------------------------------------------------------
Solution Validates: avg error less than 1.000000e-13 on all three arrays
-------------------------------------------------------------



--- run 3 ---
-------------------------------------------------------------
STREAM (dynamic) version — custom malloc-based implementation
-------------------------------------------------------------
This system uses 8 bytes per array element.
-------------------------------------------------------------
Array size = 12970 (elements), Offset = 0 (elements)
Memory per array = 0.1 MiB (= 0.0 GiB).
Total memory required = 0.3 MiB (= 0.0 GiB).
Each kernel will be executed 16 times.
-------------------------------------------------------------
Function    Best Rate MB/s  Avg time     Min time     Max time
Copy:           26375.8     0.000008     0.000008     0.000009
Scale:          12259.2     0.000018     0.000017     0.000018
Add:            19486.6     0.000016     0.000016     0.000017
Triad:          17408.0     0.000018     0.000018     0.000019
-------------------------------------------------------------
Solution Validates: avg error less than 1.000000e-13 on all three arrays
-------------------------------------------------------------



--- run 1 ---
-------------------------------------------------------------
STREAM (dynamic) version — custom malloc-based implementation
-------------------------------------------------------------
This system uses 8 bytes per array element.
-------------------------------------------------------------
Array size = 13781 (elements), Offset = 0 (elements)
Memory per array = 0.1 MiB (= 0.0 GiB).
Total memory required = 0.3 MiB (= 0.0 GiB).
Each kernel will be executed 15 times.
-------------------------------------------------------------
Function    Best Rate MB/s  Avg time     Min time     Max time
Copy:           28025.1     0.000010     0.000008     0.000022
Scale:          12168.8     0.000019     0.000018     0.000019
Add:            19538.6     0.000018     0.000017     0.000018
Triad:          17560.0     0.000019     0.000019     0.000019
-------------------------------------------------------------
Solution Validates: avg error less than 1.000000e-13 on all three arrays
-------------------------------------------------------------



--- run 2 ---
-------------------------------------------------------------
STREAM (dynamic) version — custom malloc-based implementation
-------------------------------------------------------------
This system uses 8 bytes per array element.
-------------------------------------------------------------
Array size = 13781 (elements), Offset = 0 (elements)
Memory per array = 0.1 MiB (= 0.0 GiB).
Total memory required = 0.3 MiB (= 0.0 GiB).
Each kernel will be executed 15 times.
-------------------------------------------------------------
Function    Best Rate MB/s  Avg time     Min time     Max time
Copy:           28025.1     0.000009     0.000008     0.000009
Scale:          11706.7     0.000019     0.000019     0.000019
Add:            19538.6     0.000018     0.000017     0.000032
Triad:          18496.5     0.000019     0.000018     0.000020
-------------------------------------------------------------
Solution Validates: avg error less than 1.000000e-13 on all three arrays
-------------------------------------------------------------



--- run 3 ---
-------------------------------------------------------------
STREAM (dynamic) version — custom malloc-based implementation
-------------------------------------------------------------
This system uses 8 bytes per array element.
-------------------------------------------------------------
Array size = 13781 (elements), Offset = 0 (elements)
Memory per array = 0.1 MiB (= 0.0 GiB).
Total memory required = 0.3 MiB (= 0.0 GiB).
Each kernel will be executed 15 times.
-------------------------------------------------------------
Function    Best Rate MB/s  Avg time     Min time     Max time
Copy:           27200.8     0.000012     0.000008     0.000052
Scale:          12331.0     0.000019     0.000018     0.000019
Add:            19538.6     0.000018     0.000017     0.000018
Triad:          17560.0     0.000019     0.000019     0.000019
-------------------------------------------------------------
Solution Validates: avg error less than 1.000000e-13 on all three arrays
-------------------------------------------------------------



--- run 1 ---
-------------------------------------------------------------
STREAM (dynamic) version — custom malloc-based implementation
-------------------------------------------------------------
This system uses 8 bytes per array element.
-------------------------------------------------------------
Array size = 14592 (elements), Offset = 0 (elements)
Memory per array = 0.1 MiB (= 0.0 GiB).
Total memory required = 0.3 MiB (= 0.0 GiB).
Each kernel will be executed 14 times.
-------------------------------------------------------------
Function    Best Rate MB/s  Avg time     Min time     Max time
Copy:           26466.3     0.000009     0.000009     0.000010
Scale:          11657.8     0.000020     0.000020     0.000021
Add:            19585.1     0.000018     0.000018     0.000019
Triad:          17486.7     0.000020     0.000020     0.000021
-------------------------------------------------------------
Solution Validates: avg error less than 1.000000e-13 on all three arrays
-------------------------------------------------------------



--- run 2 ---
-------------------------------------------------------------
STREAM (dynamic) version — custom malloc-based implementation
-------------------------------------------------------------
This system uses 8 bytes per array element.
-------------------------------------------------------------
Array size = 14592 (elements), Offset = 0 (elements)
Memory per array = 0.1 MiB (= 0.0 GiB).
Total memory required = 0.3 MiB (= 0.0 GiB).
Each kernel will be executed 14 times.
-------------------------------------------------------------
Function    Best Rate MB/s  Avg time     Min time     Max time
Copy:           26466.3     0.000010     0.000009     0.000011
Scale:          11798.2     0.000023     0.000020     0.000056
Add:            19585.1     0.000019     0.000018     0.000021
Triad:          17697.3     0.000020     0.000020     0.000021
-------------------------------------------------------------
Solution Validates: avg error less than 1.000000e-13 on all three arrays
-------------------------------------------------------------



--- run 3 ---
-------------------------------------------------------------
STREAM (dynamic) version — custom malloc-based implementation
-------------------------------------------------------------
This system uses 8 bytes per array element.
-------------------------------------------------------------
Array size = 14592 (elements), Offset = 0 (elements)
Memory per array = 0.1 MiB (= 0.0 GiB).
Total memory required = 0.3 MiB (= 0.0 GiB).
Each kernel will be executed 14 times.
-------------------------------------------------------------
Function    Best Rate MB/s  Avg time     Min time     Max time
Copy:           26466.3     0.000009     0.000009     0.000010
Scale:          11798.2     0.000020     0.000020     0.000020
Add:            19585.1     0.000019     0.000018     0.000019
Triad:          17486.7     0.000020     0.000020     0.000022
-------------------------------------------------------------
Solution Validates: avg error less than 1.000000e-13 on all three arrays
-------------------------------------------------------------



--- run 1 ---
-------------------------------------------------------------
STREAM (dynamic) version — custom malloc-based implementation
-------------------------------------------------------------
This system uses 8 bytes per array element.
-------------------------------------------------------------
Array size = 15445 (elements), Offset = 0 (elements)
Memory per array = 0.1 MiB (= 0.0 GiB).
Total memory required = 0.4 MiB (= 0.0 GiB).
Each kernel will be executed 14 times.
-------------------------------------------------------------
Function    Best Rate MB/s  Avg time     Min time     Max time
Copy:           28013.4     0.000010     0.000009     0.000011
Scale:          11778.4     0.000021     0.000021     0.000022
Add:            19680.3     0.000022     0.000019     0.000048
Triad:          17667.6     0.000021     0.000021     0.000022
-------------------------------------------------------------
Solution Validates: avg error less than 1.000000e-13 on all three arrays
-------------------------------------------------------------



--- run 2 ---
-------------------------------------------------------------
STREAM (dynamic) version — custom malloc-based implementation
-------------------------------------------------------------
This system uses 8 bytes per array element.
-------------------------------------------------------------
Array size = 15445 (elements), Offset = 0 (elements)
Memory per array = 0.1 MiB (= 0.0 GiB).
Total memory required = 0.4 MiB (= 0.0 GiB).
Each kernel will be executed 14 times.
-------------------------------------------------------------
Function    Best Rate MB/s  Avg time     Min time     Max time
Copy:           25280.4     0.000010     0.000010     0.000011
Scale:          11778.4     0.000021     0.000021     0.000022
Add:            19680.3     0.000020     0.000019     0.000021
Triad:          17667.6     0.000021     0.000021     0.000022
-------------------------------------------------------------
Solution Validates: avg error less than 1.000000e-13 on all three arrays
-------------------------------------------------------------



--- run 3 ---
-------------------------------------------------------------
STREAM (dynamic) version — custom malloc-based implementation
-------------------------------------------------------------
This system uses 8 bytes per array element.
-------------------------------------------------------------
Array size = 15445 (elements), Offset = 0 (elements)
Memory per array = 0.1 MiB (= 0.0 GiB).
Total memory required = 0.4 MiB (= 0.0 GiB).
Each kernel will be executed 14 times.
-------------------------------------------------------------
Function    Best Rate MB/s  Avg time     Min time     Max time
Copy:           25280.4     0.000010     0.000010     0.000011
Scale:          11778.4     0.000021     0.000021     0.000022
Add:            19680.3     0.000020     0.000019     0.000021
Triad:          17667.6     0.000021     0.000021     0.000022
-------------------------------------------------------------
Solution Validates: avg error less than 1.000000e-13 on all three arrays
-------------------------------------------------------------



--- run 1 ---
-------------------------------------------------------------
STREAM (dynamic) version — custom malloc-based implementation
-------------------------------------------------------------
This system uses 8 bytes per array element.
-------------------------------------------------------------
Array size = 16384 (elements), Offset = 0 (elements)
Memory per array = 0.1 MiB (= 0.0 GiB).
Total memory required = 0.4 MiB (= 0.0 GiB).
Each kernel will be executed 13 times.
-------------------------------------------------------------
Function    Best Rate MB/s  Avg time     Min time     Max time
Copy:           26178.8     0.000010     0.000010     0.000011
Scale:          11951.2     0.000023     0.000022     0.000023
Add:            19634.1     0.000021     0.000020     0.000021
Triad:          17926.8     0.000023     0.000022     0.000023
-------------------------------------------------------------
Solution Validates: avg error less than 1.000000e-13 on all three arrays
-------------------------------------------------------------



--- run 2 ---
-------------------------------------------------------------
STREAM (dynamic) version — custom malloc-based implementation
-------------------------------------------------------------
This system uses 8 bytes per array element.
-------------------------------------------------------------
Array size = 16384 (elements), Offset = 0 (elements)
Memory per array = 0.1 MiB (= 0.0 GiB).
Total memory required = 0.4 MiB (= 0.0 GiB).
Each kernel will be executed 13 times.
-------------------------------------------------------------
Function    Best Rate MB/s  Avg time     Min time     Max time
Copy:           26178.8     0.000011     0.000010     0.000011
Scale:          11951.2     0.000022     0.000022     0.000023
Add:            19634.1     0.000021     0.000020     0.000022
Triad:          17926.8     0.000022     0.000022     0.000023
-------------------------------------------------------------
Solution Validates: avg error less than 1.000000e-13 on all three arrays
-------------------------------------------------------------



--- run 3 ---
-------------------------------------------------------------
STREAM (dynamic) version — custom malloc-based implementation
-------------------------------------------------------------
This system uses 8 bytes per array element.
-------------------------------------------------------------
Array size = 16384 (elements), Offset = 0 (elements)
Memory per array = 0.1 MiB (= 0.0 GiB).
Total memory required = 0.4 MiB (= 0.0 GiB).
Each kernel will be executed 13 times.
-------------------------------------------------------------
Function    Best Rate MB/s  Avg time     Min time     Max time
Copy:           26178.8     0.000011     0.000010     0.000011
Scale:          11951.2     0.000023     0.000022     0.000023
Add:            19870.7     0.000021     0.000020     0.000021
Triad:          17926.8     0.000023     0.000022     0.000023
-------------------------------------------------------------
Solution Validates: avg error less than 1.000000e-13 on all three arrays
-------------------------------------------------------------



--- run 1 ---
-------------------------------------------------------------
STREAM (dynamic) version — custom malloc-based implementation
-------------------------------------------------------------
This system uses 8 bytes per array element.
-------------------------------------------------------------
Array size = 17322 (elements), Offset = 0 (elements)
Memory per array = 0.1 MiB (= 0.0 GiB).
Total memory required = 0.4 MiB (= 0.0 GiB).
Each kernel will be executed 12 times.
-------------------------------------------------------------
Function    Best Rate MB/s  Avg time     Min time     Max time
Copy:           25270.9     0.000011     0.000011     0.000012
Scale:          12109.0     0.000024     0.000023     0.000024
Add:            19814.7     0.000022     0.000021     0.000023
Triad:          18163.4     0.000024     0.000023     0.000025
-------------------------------------------------------------
Solution Validates: avg error less than 1.000000e-13 on all three arrays
-------------------------------------------------------------



--- run 2 ---
-------------------------------------------------------------
STREAM (dynamic) version — custom malloc-based implementation
-------------------------------------------------------------
This system uses 8 bytes per array element.
-------------------------------------------------------------
Array size = 17322 (elements), Offset = 0 (elements)
Memory per array = 0.1 MiB (= 0.0 GiB).
Total memory required = 0.4 MiB (= 0.0 GiB).
Each kernel will be executed 12 times.
-------------------------------------------------------------
Function    Best Rate MB/s  Avg time     Min time     Max time
Copy:           25270.9     0.000011     0.000011     0.000012
Scale:          12109.0     0.000024     0.000023     0.000024
Add:            18953.1     0.000022     0.000022     0.000023
Triad:          17436.9     0.000024     0.000024     0.000024
-------------------------------------------------------------
Solution Validates: avg error less than 1.000000e-13 on all three arrays
-------------------------------------------------------------



--- run 3 ---
-------------------------------------------------------------
STREAM (dynamic) version — custom malloc-based implementation
-------------------------------------------------------------
This system uses 8 bytes per array element.
-------------------------------------------------------------
Array size = 17322 (elements), Offset = 0 (elements)
Memory per array = 0.1 MiB (= 0.0 GiB).
Total memory required = 0.4 MiB (= 0.0 GiB).
Each kernel will be executed 12 times.
-------------------------------------------------------------
Function    Best Rate MB/s  Avg time     Min time     Max time
Copy:           25270.9     0.000011     0.000011     0.000012
Scale:          12109.0     0.000024     0.000023     0.000024
Add:            19814.7     0.000022     0.000021     0.000023
Triad:          18163.4     0.000024     0.000023     0.000024
-------------------------------------------------------------
Solution Validates: avg error less than 1.000000e-13 on all three arrays
-------------------------------------------------------------



--- run 1 ---
-------------------------------------------------------------
STREAM (dynamic) version — custom malloc-based implementation
-------------------------------------------------------------
This system uses 8 bytes per array element.
-------------------------------------------------------------
Array size = 18389 (elements), Offset = 0 (elements)
Memory per array = 0.1 MiB (= 0.0 GiB).
Total memory required = 0.4 MiB (= 0.0 GiB).
Each kernel will be executed 11 times.
-------------------------------------------------------------
Function    Best Rate MB/s  Avg time     Min time     Max time
Copy:           24681.3     0.000012     0.000012     0.000014
Scale:          11866.0     0.000027     0.000025     0.000042
Add:            19282.3     0.000024     0.000023     0.000026
Triad:          17629.5     0.000026     0.000025     0.000028
-------------------------------------------------------------
Solution Validates: avg error less than 1.000000e-13 on all three arrays
-------------------------------------------------------------



--- run 2 ---
-------------------------------------------------------------
STREAM (dynamic) version — custom malloc-based implementation
-------------------------------------------------------------
This system uses 8 bytes per array element.
-------------------------------------------------------------
Array size = 18389 (elements), Offset = 0 (elements)
Memory per array = 0.1 MiB (= 0.0 GiB).
Total memory required = 0.4 MiB (= 0.0 GiB).
Each kernel will be executed 11 times.
-------------------------------------------------------------
Function    Best Rate MB/s  Avg time     Min time     Max time
Copy:           26256.7     0.000012     0.000011     0.000013
Scale:          11753.0     0.000025     0.000025     0.000026
Add:            19282.3     0.000024     0.000023     0.000024
Triad:          17799.0     0.000025     0.000025     0.000026
-------------------------------------------------------------
Solution Validates: avg error less than 1.000000e-13 on all three arrays
-------------------------------------------------------------



--- run 3 ---
-------------------------------------------------------------
STREAM (dynamic) version — custom malloc-based implementation
-------------------------------------------------------------
This system uses 8 bytes per array element.
-------------------------------------------------------------
Array size = 18389 (elements), Offset = 0 (elements)
Memory per array = 0.1 MiB (= 0.0 GiB).
Total memory required = 0.4 MiB (= 0.0 GiB).
Each kernel will be executed 11 times.
-------------------------------------------------------------
Function    Best Rate MB/s  Avg time     Min time     Max time
Copy:           26827.5     0.000012     0.000011     0.000012
Scale:          11866.0     0.000025     0.000025     0.000026
Add:            19282.3     0.000023     0.000023     0.000024
Triad:          17799.0     0.000025     0.000025     0.000026
-------------------------------------------------------------
Solution Validates: avg error less than 1.000000e-13 on all three arrays
-------------------------------------------------------------



--- run 1 ---
-------------------------------------------------------------
STREAM (dynamic) version — custom malloc-based implementation
-------------------------------------------------------------
This system uses 8 bytes per array element.
-------------------------------------------------------------
Array size = 19456 (elements), Offset = 0 (elements)
Memory per array = 0.1 MiB (= 0.0 GiB).
Total memory required = 0.4 MiB (= 0.0 GiB).
Each kernel will be executed 11 times.
-------------------------------------------------------------
Function    Best Rate MB/s  Avg time     Min time     Max time
Copy:           26113.4     0.000012     0.000012     0.000013
Scale:          11978.6     0.000027     0.000026     0.000027
Add:            18831.8     0.000025     0.000025     0.000025
Triad:          17967.9     0.000027     0.000026     0.000028
-------------------------------------------------------------
Solution Validates: avg error less than 1.000000e-13 on all three arrays
-------------------------------------------------------------



--- run 2 ---
-------------------------------------------------------------
STREAM (dynamic) version — custom malloc-based implementation
-------------------------------------------------------------
This system uses 8 bytes per array element.
-------------------------------------------------------------
Array size = 19456 (elements), Offset = 0 (elements)
Memory per array = 0.1 MiB (= 0.0 GiB).
Total memory required = 0.4 MiB (= 0.0 GiB).
Each kernel will be executed 11 times.
-------------------------------------------------------------
Function    Best Rate MB/s  Avg time     Min time     Max time
Copy:           26113.4     0.000012     0.000012     0.000013
Scale:          11978.6     0.000027     0.000026     0.000027
Add:            19585.1     0.000025     0.000024     0.000025
Triad:          17967.9     0.000027     0.000026     0.000027
-------------------------------------------------------------
Solution Validates: avg error less than 1.000000e-13 on all three arrays
-------------------------------------------------------------



--- run 3 ---
-------------------------------------------------------------
STREAM (dynamic) version — custom malloc-based implementation
-------------------------------------------------------------
This system uses 8 bytes per array element.
-------------------------------------------------------------
Array size = 19456 (elements), Offset = 0 (elements)
Memory per array = 0.1 MiB (= 0.0 GiB).
Total memory required = 0.4 MiB (= 0.0 GiB).
Each kernel will be executed 11 times.
-------------------------------------------------------------
Function    Best Rate MB/s  Avg time     Min time     Max time
Copy:           25601.4     0.000013     0.000012     0.000013
Scale:          11978.6     0.000027     0.000026     0.000027
Add:            19585.1     0.000029     0.000024     0.000066
Triad:          17331.9     0.000027     0.000027     0.000027
-------------------------------------------------------------
Solution Validates: avg error less than 1.000000e-13 on all three arrays
-------------------------------------------------------------



--- run 1 ---
-------------------------------------------------------------
STREAM (dynamic) version — custom malloc-based implementation
-------------------------------------------------------------
This system uses 8 bytes per array element.
-------------------------------------------------------------
Array size = 20608 (elements), Offset = 0 (elements)
Memory per array = 0.2 MiB (= 0.0 GiB).
Total memory required = 0.5 MiB (= 0.0 GiB).
Each kernel will be executed 10 times.
-------------------------------------------------------------
Function    Best Rate MB/s  Avg time     Min time     Max time
Copy:           25610.7     0.000013     0.000013     0.000014
Scale:          11820.3     0.000028     0.000028     0.000029
Add:            19031.8     0.000026     0.000026     0.000027
Triad:          17730.5     0.000028     0.000028     0.000029
-------------------------------------------------------------
Solution Validates: avg error less than 1.000000e-13 on all three arrays
-------------------------------------------------------------



--- run 2 ---
-------------------------------------------------------------
STREAM (dynamic) version — custom malloc-based implementation
-------------------------------------------------------------
This system uses 8 bytes per array element.
-------------------------------------------------------------
Array size = 20608 (elements), Offset = 0 (elements)
Memory per array = 0.2 MiB (= 0.0 GiB).
Total memory required = 0.5 MiB (= 0.0 GiB).
Each kernel will be executed 10 times.
-------------------------------------------------------------
Function    Best Rate MB/s  Avg time     Min time     Max time
Copy:           25610.7     0.000014     0.000013     0.000014
Scale:          11820.3     0.000028     0.000028     0.000029
Add:            19031.8     0.000027     0.000026     0.000027
Triad:          17730.5     0.000029     0.000028     0.000029
-------------------------------------------------------------
Solution Validates: avg error less than 1.000000e-13 on all three arrays
-------------------------------------------------------------



--- run 3 ---
-------------------------------------------------------------
STREAM (dynamic) version — custom malloc-based implementation
-------------------------------------------------------------
This system uses 8 bytes per array element.
-------------------------------------------------------------
Array size = 20608 (elements), Offset = 0 (elements)
Memory per array = 0.2 MiB (= 0.0 GiB).
Total memory required = 0.5 MiB (= 0.0 GiB).
Each kernel will be executed 10 times.
-------------------------------------------------------------
Function    Best Rate MB/s  Avg time     Min time     Max time
Copy:           25610.7     0.000013     0.000013     0.000014
Scale:          11820.3     0.000028     0.000028     0.000029
Add:            19031.8     0.000026     0.000026     0.000027
Triad:          17730.5     0.000029     0.000028     0.000029
-------------------------------------------------------------
Solution Validates: avg error less than 1.000000e-13 on all three arrays
-------------------------------------------------------------



--- run 1 ---
-------------------------------------------------------------
STREAM (dynamic) version — custom malloc-based implementation
-------------------------------------------------------------
This system uses 8 bytes per array element.
-------------------------------------------------------------
Array size = 21845 (elements), Offset = 0 (elements)
Memory per array = 0.2 MiB (= 0.0 GiB).
Total memory required = 0.5 MiB (= 0.0 GiB).
Each kernel will be executed 10 times.
-------------------------------------------------------------
Function    Best Rate MB/s  Avg time     Min time     Max time
Copy:           25275.7     0.000014     0.000014     0.000015
Scale:          12115.6     0.000032     0.000029     0.000048
Add:            19289.4     0.000028     0.000027     0.000029
Triad:          17591.9     0.000030     0.000030     0.000031
-------------------------------------------------------------
Solution Validates: avg error less than 1.000000e-13 on all three arrays
-------------------------------------------------------------



--- run 2 ---
-------------------------------------------------------------
STREAM (dynamic) version — custom malloc-based implementation
-------------------------------------------------------------
This system uses 8 bytes per array element.
-------------------------------------------------------------
Array size = 21845 (elements), Offset = 0 (elements)
Memory per array = 0.2 MiB (= 0.0 GiB).
Total memory required = 0.5 MiB (= 0.0 GiB).
Each kernel will be executed 10 times.
-------------------------------------------------------------
Function    Best Rate MB/s  Avg time     Min time     Max time
Copy:           26654.4     0.000016     0.000013     0.000031
Scale:          12016.3     0.000030     0.000029     0.000030
Add:            19460.1     0.000028     0.000027     0.000028
Triad:          17591.9     0.000030     0.000030     0.000031
-------------------------------------------------------------
Solution Validates: avg error less than 1.000000e-13 on all three arrays
-------------------------------------------------------------



--- run 3 ---
-------------------------------------------------------------
STREAM (dynamic) version — custom malloc-based implementation
-------------------------------------------------------------
This system uses 8 bytes per array element.
-------------------------------------------------------------
Array size = 21845 (elements), Offset = 0 (elements)
Memory per array = 0.2 MiB (= 0.0 GiB).
Total memory required = 0.5 MiB (= 0.0 GiB).
Each kernel will be executed 10 times.
-------------------------------------------------------------
Function    Best Rate MB/s  Avg time     Min time     Max time
Copy:           25275.7     0.000014     0.000014     0.000015
Scale:          11727.9     0.000030     0.000030     0.000030
Add:            19460.1     0.000028     0.000027     0.000028
Triad:          17591.9     0.000033     0.000030     0.000050
-------------------------------------------------------------
Solution Validates: avg error less than 1.000000e-13 on all three arrays
-------------------------------------------------------------



--- run 1 ---
-------------------------------------------------------------
STREAM (dynamic) version — custom malloc-based implementation
-------------------------------------------------------------
This system uses 8 bytes per array element.
-------------------------------------------------------------
Array size = 23125 (elements), Offset = 0 (elements)
Memory per array = 0.2 MiB (= 0.0 GiB).
Total memory required = 0.5 MiB (= 0.0 GiB).
Each kernel will be executed 9 times.
-------------------------------------------------------------
Function    Best Rate MB/s  Avg time     Min time     Max time
Copy:           24633.2     0.000015     0.000015     0.000016
Scale:          11937.6     0.000032     0.000031     0.000032
Add:            19238.3     0.000029     0.000029     0.000030
Triad:          17371.9     0.000032     0.000032     0.000033
-------------------------------------------------------------
Solution Validates: avg error less than 1.000000e-13 on all three arrays
-------------------------------------------------------------



--- run 2 ---
-------------------------------------------------------------
STREAM (dynamic) version — custom malloc-based implementation
-------------------------------------------------------------
This system uses 8 bytes per array element.
-------------------------------------------------------------
Array size = 23125 (elements), Offset = 0 (elements)
Memory per array = 0.2 MiB (= 0.0 GiB).
Total memory required = 0.5 MiB (= 0.0 GiB).
Each kernel will be executed 9 times.
-------------------------------------------------------------
Function    Best Rate MB/s  Avg time     Min time     Max time
Copy:           26303.3     0.000015     0.000014     0.000015
Scale:          11937.6     0.000032     0.000031     0.000032
Add:            19238.3     0.000029     0.000029     0.000030
Triad:          17906.5     0.000032     0.000031     0.000032
-------------------------------------------------------------
Solution Validates: avg error less than 1.000000e-13 on all three arrays
-------------------------------------------------------------



--- run 3 ---
-------------------------------------------------------------
STREAM (dynamic) version — custom malloc-based implementation
-------------------------------------------------------------
This system uses 8 bytes per array element.
-------------------------------------------------------------
Array size = 23125 (elements), Offset = 0 (elements)
Memory per array = 0.2 MiB (= 0.0 GiB).
Total memory required = 0.5 MiB (= 0.0 GiB).
Each kernel will be executed 9 times.
-------------------------------------------------------------
Function    Best Rate MB/s  Avg time     Min time     Max time
Copy:           24633.2     0.000015     0.000015     0.000016
Scale:          11937.6     0.000032     0.000031     0.000032
Add:            19238.3     0.000029     0.000029     0.000030
Triad:          17906.5     0.000034     0.000031     0.000049
-------------------------------------------------------------
Solution Validates: avg error less than 1.000000e-13 on all three arrays
-------------------------------------------------------------



--- run 1 ---
-------------------------------------------------------------
STREAM (dynamic) version — custom malloc-based implementation
-------------------------------------------------------------
This system uses 8 bytes per array element.
-------------------------------------------------------------
Array size = 24533 (elements), Offset = 0 (elements)
Memory per array = 0.2 MiB (= 0.0 GiB).
Total memory required = 0.6 MiB (= 0.0 GiB).
Each kernel will be executed 8 times.
-------------------------------------------------------------
Function    Best Rate MB/s  Avg time     Min time     Max time
Copy:           26133.0     0.000016     0.000015     0.000016
Scale:          11930.3     0.000036     0.000033     0.000053
Add:            18996.7     0.000031     0.000031     0.000032
Triad:          17391.4     0.000034     0.000034     0.000035
-------------------------------------------------------------
Solution Validates: avg error less than 1.000000e-13 on all three arrays
-------------------------------------------------------------



--- run 2 ---
-------------------------------------------------------------
STREAM (dynamic) version — custom malloc-based implementation
-------------------------------------------------------------
This system uses 8 bytes per array element.
-------------------------------------------------------------
Array size = 24533 (elements), Offset = 0 (elements)
Memory per array = 0.2 MiB (= 0.0 GiB).
Total memory required = 0.6 MiB (= 0.0 GiB).
Each kernel will be executed 8 times.
-------------------------------------------------------------
Function    Best Rate MB/s  Avg time     Min time     Max time
Copy:           26133.0     0.000016     0.000015     0.000017
Scale:          11930.3     0.000034     0.000033     0.000034
Add:            18996.7     0.000031     0.000031     0.000031
Triad:          17895.5     0.000034     0.000033     0.000034
-------------------------------------------------------------
Solution Validates: avg error less than 1.000000e-13 on all three arrays
-------------------------------------------------------------



--- run 3 ---
-------------------------------------------------------------
STREAM (dynamic) version — custom malloc-based implementation
-------------------------------------------------------------
This system uses 8 bytes per array element.
-------------------------------------------------------------
Array size = 24533 (elements), Offset = 0 (elements)
Memory per array = 0.2 MiB (= 0.0 GiB).
Total memory required = 0.6 MiB (= 0.0 GiB).
Each kernel will be executed 8 times.
-------------------------------------------------------------
Function    Best Rate MB/s  Avg time     Min time     Max time
Copy:           26133.0     0.000016     0.000015     0.000016
Scale:          11930.3     0.000034     0.000033     0.000034
Add:            18996.7     0.000031     0.000031     0.000031
Triad:          17766.7     0.000034     0.000033     0.000034
-------------------------------------------------------------
Solution Validates: avg error less than 1.000000e-13 on all three arrays
-------------------------------------------------------------



--- run 1 ---
-------------------------------------------------------------
STREAM (dynamic) version — custom malloc-based implementation
-------------------------------------------------------------
This system uses 8 bytes per array element.
-------------------------------------------------------------
Array size = 25984 (elements), Offset = 0 (elements)
Memory per array = 0.2 MiB (= 0.0 GiB).
Total memory required = 0.6 MiB (= 0.0 GiB).
Each kernel will be executed 8 times.
-------------------------------------------------------------
Function    Best Rate MB/s  Avg time     Min time     Max time
Copy:           26026.2     0.000017     0.000016     0.000017
Scale:          11943.5     0.000036     0.000035     0.000036
Add:            18953.9     0.000033     0.000033     0.000034
Triad:          17793.4     0.000036     0.000035     0.000037
-------------------------------------------------------------
Solution Validates: avg error less than 1.000000e-13 on all three arrays
-------------------------------------------------------------



--- run 2 ---
-------------------------------------------------------------
STREAM (dynamic) version — custom malloc-based implementation
-------------------------------------------------------------
This system uses 8 bytes per array element.
-------------------------------------------------------------
Array size = 25984 (elements), Offset = 0 (elements)
Memory per array = 0.2 MiB (= 0.0 GiB).
Total memory required = 0.6 MiB (= 0.0 GiB).
Each kernel will be executed 8 times.
-------------------------------------------------------------
Function    Best Rate MB/s  Avg time     Min time     Max time
Copy:           26026.2     0.000017     0.000016     0.000017
Scale:          11548.1     0.000038     0.000036     0.000053
Add:            18953.9     0.000033     0.000033     0.000033
Triad:          17322.1     0.000036     0.000036     0.000036
-------------------------------------------------------------
Solution Validates: avg error less than 1.000000e-13 on all three arrays
-------------------------------------------------------------



--- run 3 ---
-------------------------------------------------------------
STREAM (dynamic) version — custom malloc-based implementation
-------------------------------------------------------------
This system uses 8 bytes per array element.
-------------------------------------------------------------
Array size = 25984 (elements), Offset = 0 (elements)
Memory per array = 0.2 MiB (= 0.0 GiB).
Total memory required = 0.6 MiB (= 0.0 GiB).
Each kernel will be executed 8 times.
-------------------------------------------------------------
Function    Best Rate MB/s  Avg time     Min time     Max time
Copy:           26026.2     0.000020     0.000016     0.000041
Scale:          11862.3     0.000036     0.000035     0.000036
Add:            19519.7     0.000033     0.000032     0.000033
Triad:          17322.1     0.000036     0.000036     0.000036
-------------------------------------------------------------
Solution Validates: avg error less than 1.000000e-13 on all three arrays
-------------------------------------------------------------



--- run 1 ---
-------------------------------------------------------------
STREAM (dynamic) version — custom malloc-based implementation
-------------------------------------------------------------
This system uses 8 bytes per array element.
-------------------------------------------------------------
Array size = 27520 (elements), Offset = 0 (elements)
Memory per array = 0.2 MiB (= 0.0 GiB).
Total memory required = 0.6 MiB (= 0.0 GiB).
Each kernel will be executed 7 times.
-------------------------------------------------------------
Function    Best Rate MB/s  Avg time     Min time     Max time
Copy:           26011.8     0.000017     0.000017     0.000018
Scale:          11915.1     0.000038     0.000037     0.000038
Add:            19508.8     0.000035     0.000034     0.000036
Triad:          17872.6     0.000038     0.000037     0.000038
-------------------------------------------------------------
Solution Validates: avg error less than 1.000000e-13 on all three arrays
-------------------------------------------------------------



--- run 2 ---
-------------------------------------------------------------
STREAM (dynamic) version — custom malloc-based implementation
-------------------------------------------------------------
This system uses 8 bytes per array element.
-------------------------------------------------------------
Array size = 27520 (elements), Offset = 0 (elements)
Memory per array = 0.2 MiB (= 0.0 GiB).
Total memory required = 0.6 MiB (= 0.0 GiB).
Each kernel will be executed 7 times.
-------------------------------------------------------------
Function    Best Rate MB/s  Avg time     Min time     Max time
Copy:           26011.8     0.000018     0.000017     0.000018
Scale:          11915.1     0.000038     0.000037     0.000038
Add:            19508.8     0.000035     0.000034     0.000035
Triad:          17423.0     0.000038     0.000038     0.000038
-------------------------------------------------------------
Solution Validates: avg error less than 1.000000e-13 on all three arrays
-------------------------------------------------------------



--- run 3 ---
-------------------------------------------------------------
STREAM (dynamic) version — custom malloc-based implementation
-------------------------------------------------------------
This system uses 8 bytes per array element.
-------------------------------------------------------------
Array size = 27520 (elements), Offset = 0 (elements)
Memory per array = 0.2 MiB (= 0.0 GiB).
Total memory required = 0.6 MiB (= 0.0 GiB).
Each kernel will be executed 7 times.
-------------------------------------------------------------
Function    Best Rate MB/s  Avg time     Min time     Max time
Copy:           25650.5     0.000018     0.000017     0.000019
Scale:          11915.1     0.000037     0.000037     0.000038
Add:            19508.8     0.000035     0.000034     0.000035
Triad:          17758.0     0.000038     0.000037     0.000039
-------------------------------------------------------------
Solution Validates: avg error less than 1.000000e-13 on all three arrays
-------------------------------------------------------------



--- run 1 ---
-------------------------------------------------------------
STREAM (dynamic) version — custom malloc-based implementation
-------------------------------------------------------------
This system uses 8 bytes per array element.
-------------------------------------------------------------
Array size = 29141 (elements), Offset = 0 (elements)
Memory per array = 0.2 MiB (= 0.0 GiB).
Total memory required = 0.7 MiB (= 0.0 GiB).
Each kernel will be executed 7 times.
-------------------------------------------------------------
Function    Best Rate MB/s  Avg time     Min time     Max time
Copy:           26074.9     0.000019     0.000018     0.000019
Scale:          11710.3     0.000040     0.000040     0.000040
Add:            18925.3     0.000037     0.000037     0.000038
Triad:          17460.9     0.000041     0.000040     0.000041
-------------------------------------------------------------
Solution Validates: avg error less than 1.000000e-13 on all three arrays
-------------------------------------------------------------



--- run 2 ---
-------------------------------------------------------------
STREAM (dynamic) version — custom malloc-based implementation
-------------------------------------------------------------
This system uses 8 bytes per array element.
-------------------------------------------------------------
Array size = 29141 (elements), Offset = 0 (elements)
Memory per array = 0.2 MiB (= 0.0 GiB).
Total memory required = 0.7 MiB (= 0.0 GiB).
Each kernel will be executed 7 times.
-------------------------------------------------------------
Function    Best Rate MB/s  Avg time     Min time     Max time
Copy:           26074.9     0.000019     0.000018     0.000019
Scale:          11924.5     0.000040     0.000039     0.000040
Add:            19426.7     0.000037     0.000036     0.000038
Triad:          17460.9     0.000043     0.000040     0.000056
-------------------------------------------------------------
Solution Validates: avg error less than 1.000000e-13 on all three arrays
-------------------------------------------------------------



--- run 3 ---
-------------------------------------------------------------
STREAM (dynamic) version — custom malloc-based implementation
-------------------------------------------------------------
This system uses 8 bytes per array element.
-------------------------------------------------------------
Array size = 29141 (elements), Offset = 0 (elements)
Memory per array = 0.2 MiB (= 0.0 GiB).
Total memory required = 0.7 MiB (= 0.0 GiB).
Each kernel will be executed 7 times.
-------------------------------------------------------------
Function    Best Rate MB/s  Avg time     Min time     Max time
Copy:           24754.7     0.000019     0.000019     0.000019
Scale:          11924.5     0.000040     0.000039     0.000040
Add:            19426.7     0.000037     0.000036     0.000038
Triad:          17460.9     0.000044     0.000040     0.000059
-------------------------------------------------------------
Solution Validates: avg error less than 1.000000e-13 on all three arrays
-------------------------------------------------------------



--- run 1 ---
-------------------------------------------------------------
STREAM (dynamic) version — custom malloc-based implementation
-------------------------------------------------------------
This system uses 8 bytes per array element.
-------------------------------------------------------------
Array size = 30890 (elements), Offset = 0 (elements)
Memory per array = 0.2 MiB (= 0.0 GiB).
Total memory required = 0.7 MiB (= 0.0 GiB).
Each kernel will be executed 7 times.
-------------------------------------------------------------
Function    Best Rate MB/s  Avg time     Min time     Max time
Copy:           26240.4     0.000020     0.000019     0.000021
Scale:          11778.4     0.000042     0.000042     0.000042
Add:            19076.6     0.000040     0.000039     0.000040
Triad:          17667.6     0.000043     0.000042     0.000044
-------------------------------------------------------------
Solution Validates: avg error less than 1.000000e-13 on all three arrays
-------------------------------------------------------------



--- run 2 ---
-------------------------------------------------------------
STREAM (dynamic) version — custom malloc-based implementation
-------------------------------------------------------------
This system uses 8 bytes per array element.
-------------------------------------------------------------
Array size = 30890 (elements), Offset = 0 (elements)
Memory per array = 0.2 MiB (= 0.0 GiB).
Total memory required = 0.7 MiB (= 0.0 GiB).
Each kernel will be executed 7 times.
-------------------------------------------------------------
Function    Best Rate MB/s  Avg time     Min time     Max time
Copy:           24678.5     0.000020     0.000020     0.000021
Scale:          11778.4     0.000045     0.000042     0.000058
Add:            19076.6     0.000040     0.000039     0.000040
Triad:          17667.6     0.000043     0.000042     0.000043
-------------------------------------------------------------
Solution Validates: avg error less than 1.000000e-13 on all three arrays
-------------------------------------------------------------



--- run 3 ---
-------------------------------------------------------------
STREAM (dynamic) version — custom malloc-based implementation
-------------------------------------------------------------
This system uses 8 bytes per array element.
-------------------------------------------------------------
Array size = 30890 (elements), Offset = 0 (elements)
Memory per array = 0.2 MiB (= 0.0 GiB).
Total memory required = 0.7 MiB (= 0.0 GiB).
Each kernel will be executed 7 times.
-------------------------------------------------------------
Function    Best Rate MB/s  Avg time     Min time     Max time
Copy:           24975.8     0.000020     0.000020     0.000021
Scale:          11778.4     0.000045     0.000042     0.000059
Add:            19434.3     0.000039     0.000038     0.000041
Triad:          17667.6     0.000043     0.000042     0.000044
-------------------------------------------------------------
Solution Validates: avg error less than 1.000000e-13 on all three arrays
-------------------------------------------------------------



--- run 1 ---
-------------------------------------------------------------
STREAM (dynamic) version — custom malloc-based implementation
-------------------------------------------------------------
This system uses 8 bytes per array element.
-------------------------------------------------------------
Array size = 32725 (elements), Offset = 0 (elements)
Memory per array = 0.2 MiB (= 0.0 GiB).
Total memory required = 0.7 MiB (= 0.0 GiB).
Each kernel will be executed 6 times.
-------------------------------------------------------------
Function    Best Rate MB/s  Avg time     Min time     Max time
Copy:           24956.1     0.000026     0.000021     0.000046
Scale:          11681.6     0.000045     0.000045     0.000045
Add:            17903.3     0.000044     0.000044     0.000045
Triad:          17522.4     0.000046     0.000045     0.000046
-------------------------------------------------------------
Solution Validates: avg error less than 1.000000e-13 on all three arrays
-------------------------------------------------------------



--- run 2 ---
-------------------------------------------------------------
STREAM (dynamic) version — custom malloc-based implementation
-------------------------------------------------------------
This system uses 8 bytes per array element.
-------------------------------------------------------------
Array size = 32725 (elements), Offset = 0 (elements)
Memory per array = 0.2 MiB (= 0.0 GiB).
Total memory required = 0.7 MiB (= 0.0 GiB).
Each kernel will be executed 6 times.
-------------------------------------------------------------
Function    Best Rate MB/s  Avg time     Min time     Max time
Copy:           24675.7     0.000022     0.000021     0.000022
Scale:          11681.6     0.000045     0.000045     0.000045
Add:            18717.1     0.000043     0.000042     0.000047
Triad:          17522.4     0.000045     0.000045     0.000046
-------------------------------------------------------------
Solution Validates: avg error less than 1.000000e-13 on all three arrays
-------------------------------------------------------------



--- run 3 ---
-------------------------------------------------------------
STREAM (dynamic) version — custom malloc-based implementation
-------------------------------------------------------------
This system uses 8 bytes per array element.
-------------------------------------------------------------
Array size = 32725 (elements), Offset = 0 (elements)
Memory per array = 0.2 MiB (= 0.0 GiB).
Total memory required = 0.7 MiB (= 0.0 GiB).
Each kernel will be executed 6 times.
-------------------------------------------------------------
Function    Best Rate MB/s  Avg time     Min time     Max time
Copy:           26144.5     0.000021     0.000020     0.000023
Scale:          11871.0     0.000045     0.000044     0.000045
Add:            18717.1     0.000043     0.000042     0.000044
Triad:          17429.7     0.000045     0.000045     0.000046
-------------------------------------------------------------
Solution Validates: avg error less than 1.000000e-13 on all three arrays
-------------------------------------------------------------



--- run 1 ---
-------------------------------------------------------------
STREAM (dynamic) version — custom malloc-based implementation
-------------------------------------------------------------
This system uses 8 bytes per array element.
-------------------------------------------------------------
Array size = 34688 (elements), Offset = 0 (elements)
Memory per array = 0.3 MiB (= 0.0 GiB).
Total memory required = 0.8 MiB (= 0.0 GiB).
Each kernel will be executed 6 times.
-------------------------------------------------------------
Function    Best Rate MB/s  Avg time     Min time     Max time
Copy:           25303.0     0.000022     0.000022     0.000023
Scale:          11816.6     0.000048     0.000047     0.000048
Add:            18977.2     0.000048     0.000044     0.000063
Triad:          17372.2     0.000048     0.000048     0.000049
-------------------------------------------------------------
Solution Validates: avg error less than 1.000000e-13 on all three arrays
-------------------------------------------------------------



--- run 2 ---
-------------------------------------------------------------
STREAM (dynamic) version — custom malloc-based implementation
-------------------------------------------------------------
This system uses 8 bytes per array element.
-------------------------------------------------------------
Array size = 34688 (elements), Offset = 0 (elements)
Memory per array = 0.3 MiB (= 0.0 GiB).
Total memory required = 0.8 MiB (= 0.0 GiB).
Each kernel will be executed 6 times.
-------------------------------------------------------------
Function    Best Rate MB/s  Avg time     Min time     Max time
Copy:           25303.0     0.000023     0.000022     0.000023
Scale:          11816.6     0.000048     0.000047     0.000048
Add:            19291.8     0.000044     0.000043     0.000044
Triad:          17724.9     0.000048     0.000047     0.000053
-------------------------------------------------------------
Solution Validates: avg error less than 1.000000e-13 on all three arrays
-------------------------------------------------------------



--- run 3 ---
-------------------------------------------------------------
STREAM (dynamic) version — custom malloc-based implementation
-------------------------------------------------------------
This system uses 8 bytes per array element.
-------------------------------------------------------------
Array size = 34688 (elements), Offset = 0 (elements)
Memory per array = 0.3 MiB (= 0.0 GiB).
Total memory required = 0.8 MiB (= 0.0 GiB).
Each kernel will be executed 6 times.
-------------------------------------------------------------
Function    Best Rate MB/s  Avg time     Min time     Max time
Copy:           25303.0     0.000023     0.000022     0.000023
Scale:          11816.6     0.000047     0.000047     0.000048
Add:            18977.2     0.000044     0.000044     0.000045
Triad:          17372.2     0.000048     0.000048     0.000049
-------------------------------------------------------------
Solution Validates: avg error less than 1.000000e-13 on all three arrays
-------------------------------------------------------------



--- run 1 ---
-------------------------------------------------------------
STREAM (dynamic) version — custom malloc-based implementation
-------------------------------------------------------------
This system uses 8 bytes per array element.
-------------------------------------------------------------
Array size = 36736 (elements), Offset = 0 (elements)
Memory per array = 0.3 MiB (= 0.0 GiB).
Total memory required = 0.8 MiB (= 0.0 GiB).
Each kernel will be executed 5 times.
-------------------------------------------------------------
Function    Best Rate MB/s  Avg time     Min time     Max time
Copy:           25680.3     0.000023     0.000023     0.000024
Scale:          11739.6     0.000051     0.000050     0.000051
Add:            19160.4     0.000050     0.000046     0.000062
Triad:          17280.2     0.000051     0.000051     0.000052
-------------------------------------------------------------
Solution Validates: avg error less than 1.000000e-13 on all three arrays
-------------------------------------------------------------



--- run 2 ---
-------------------------------------------------------------
STREAM (dynamic) version — custom malloc-based implementation
-------------------------------------------------------------
This system uses 8 bytes per array element.
-------------------------------------------------------------
Array size = 36736 (elements), Offset = 0 (elements)
Memory per array = 0.3 MiB (= 0.0 GiB).
Total memory required = 0.8 MiB (= 0.0 GiB).
Each kernel will be executed 5 times.
-------------------------------------------------------------
Function    Best Rate MB/s  Avg time     Min time     Max time
Copy:           25680.3     0.000023     0.000023     0.000024
Scale:          11795.7     0.000051     0.000050     0.000051
Add:            19160.4     0.000046     0.000046     0.000047
Triad:          17280.2     0.000051     0.000051     0.000052
-------------------------------------------------------------
Solution Validates: avg error less than 1.000000e-13 on all three arrays
-------------------------------------------------------------



--- run 3 ---
-------------------------------------------------------------
STREAM (dynamic) version — custom malloc-based implementation
-------------------------------------------------------------
This system uses 8 bytes per array element.
-------------------------------------------------------------
Array size = 36736 (elements), Offset = 0 (elements)
Memory per array = 0.3 MiB (= 0.0 GiB).
Total memory required = 0.8 MiB (= 0.0 GiB).
Each kernel will be executed 5 times.
-------------------------------------------------------------
Function    Best Rate MB/s  Avg time     Min time     Max time
Copy:           25680.3     0.000023     0.000023     0.000024
Scale:          11795.7     0.000050     0.000050     0.000051
Add:            19160.4     0.000046     0.000046     0.000047
Triad:          17693.6     0.000051     0.000050     0.000051
-------------------------------------------------------------
Solution Validates: avg error less than 1.000000e-13 on all three arrays
-------------------------------------------------------------



--- run 1 ---
-------------------------------------------------------------
STREAM (dynamic) version — custom malloc-based implementation
-------------------------------------------------------------
This system uses 8 bytes per array element.
-------------------------------------------------------------
Array size = 38912 (elements), Offset = 0 (elements)
Memory per array = 0.3 MiB (= 0.0 GiB).
Total memory required = 0.9 MiB (= 0.0 GiB).
Each kernel will be executed 5 times.
-------------------------------------------------------------
Function    Best Rate MB/s  Avg time     Min time     Max time
Copy:           25854.9     0.000025     0.000024     0.000025
Scale:          11762.8     0.000053     0.000053     0.000053
Add:            19107.4     0.000049     0.000049     0.000049
Triad:          17644.2     0.000061     0.000053     0.000084
-------------------------------------------------------------
Solution Validates: avg error less than 1.000000e-13 on all three arrays
-------------------------------------------------------------



--- run 2 ---
-------------------------------------------------------------
STREAM (dynamic) version — custom malloc-based implementation
-------------------------------------------------------------
This system uses 8 bytes per array element.
-------------------------------------------------------------
Array size = 38912 (elements), Offset = 0 (elements)
Memory per array = 0.3 MiB (= 0.0 GiB).
Total memory required = 0.9 MiB (= 0.0 GiB).
Each kernel will be executed 5 times.
-------------------------------------------------------------
Function    Best Rate MB/s  Avg time     Min time     Max time
Copy:           25109.0     0.000025     0.000025     0.000025
Scale:          11762.8     0.000053     0.000053     0.000053
Add:            19107.4     0.000055     0.000049     0.000072
Triad:          17644.2     0.000054     0.000053     0.000054
-------------------------------------------------------------
Solution Validates: avg error less than 1.000000e-13 on all three arrays
-------------------------------------------------------------



--- run 3 ---
-------------------------------------------------------------
STREAM (dynamic) version — custom malloc-based implementation
-------------------------------------------------------------
This system uses 8 bytes per array element.
-------------------------------------------------------------
Array size = 38912 (elements), Offset = 0 (elements)
Memory per array = 0.3 MiB (= 0.0 GiB).
Total memory required = 0.9 MiB (= 0.0 GiB).
Each kernel will be executed 5 times.
-------------------------------------------------------------
Function    Best Rate MB/s  Avg time     Min time     Max time
Copy:           26113.4     0.000025     0.000024     0.000025
Scale:          11762.8     0.000053     0.000053     0.000054
Add:            19107.4     0.000049     0.000049     0.000050
Triad:          17644.2     0.000053     0.000053     0.000053
-------------------------------------------------------------
Solution Validates: avg error less than 1.000000e-13 on all three arrays
-------------------------------------------------------------



--- run 1 ---
-------------------------------------------------------------
STREAM (dynamic) version — custom malloc-based implementation
-------------------------------------------------------------
This system uses 8 bytes per array element.
-------------------------------------------------------------
Array size = 41258 (elements), Offset = 0 (elements)
Memory per array = 0.3 MiB (= 0.0 GiB).
Total memory required = 0.9 MiB (= 0.0 GiB).
Each kernel will be executed 5 times.
-------------------------------------------------------------
Function    Best Rate MB/s  Avg time     Min time     Max time
Copy:           25401.6     0.000027     0.000026     0.000028
Scale:          11782.0     0.000056     0.000056     0.000057
Add:            19051.2     0.000052     0.000052     0.000053
Triad:          17377.3     0.000067     0.000057     0.000097
-------------------------------------------------------------
Solution Validates: avg error less than 1.000000e-13 on all three arrays
-------------------------------------------------------------



--- run 2 ---
-------------------------------------------------------------
STREAM (dynamic) version — custom malloc-based implementation
-------------------------------------------------------------
This system uses 8 bytes per array element.
-------------------------------------------------------------
Array size = 41258 (elements), Offset = 0 (elements)
Memory per array = 0.3 MiB (= 0.0 GiB).
Total memory required = 0.9 MiB (= 0.0 GiB).
Each kernel will be executed 5 times.
-------------------------------------------------------------
Function    Best Rate MB/s  Avg time     Min time     Max time
Copy:           25401.6     0.000027     0.000026     0.000027
Scale:          11782.0     0.000057     0.000056     0.000057
Add:            19051.2     0.000053     0.000052     0.000053
Triad:          17748.6     0.000057     0.000056     0.000058
-------------------------------------------------------------
Solution Validates: avg error less than 1.000000e-13 on all three arrays
-------------------------------------------------------------



--- run 3 ---
-------------------------------------------------------------
STREAM (dynamic) version — custom malloc-based implementation
-------------------------------------------------------------
This system uses 8 bytes per array element.
-------------------------------------------------------------
Array size = 41258 (elements), Offset = 0 (elements)
Memory per array = 0.3 MiB (= 0.0 GiB).
Total memory required = 0.9 MiB (= 0.0 GiB).
Each kernel will be executed 5 times.
-------------------------------------------------------------
Function    Best Rate MB/s  Avg time     Min time     Max time
Copy:           24502.5     0.000027     0.000027     0.000027
Scale:          11782.0     0.000057     0.000056     0.000057
Add:            19051.2     0.000053     0.000052     0.000053
Triad:          17377.3     0.000058     0.000057     0.000059
-------------------------------------------------------------
Solution Validates: avg error less than 1.000000e-13 on all three arrays
-------------------------------------------------------------



--- run 1 ---
-------------------------------------------------------------
STREAM (dynamic) version — custom malloc-based implementation
-------------------------------------------------------------
This system uses 8 bytes per array element.
-------------------------------------------------------------
Array size = 43690 (elements), Offset = 0 (elements)
Memory per array = 0.3 MiB (= 0.0 GiB).
Total memory required = 1.0 MiB (= 0.0 GiB).
Each kernel will be executed 5 times.
-------------------------------------------------------------
Function    Best Rate MB/s  Avg time     Min time     Max time
Copy:           25059.7     0.000028     0.000028     0.000029
Scale:          11870.4     0.000100     0.000059     0.000220
Add:            19121.6     0.000056     0.000055     0.000057
Triad:          17521.8     0.000060     0.000060     0.000061
-------------------------------------------------------------
Solution Validates: avg error less than 1.000000e-13 on all three arrays
-------------------------------------------------------------



--- run 2 ---
-------------------------------------------------------------
STREAM (dynamic) version — custom malloc-based implementation
-------------------------------------------------------------
This system uses 8 bytes per array element.
-------------------------------------------------------------
Array size = 43690 (elements), Offset = 0 (elements)
Memory per array = 0.3 MiB (= 0.0 GiB).
Total memory required = 1.0 MiB (= 0.0 GiB).
Each kernel will be executed 5 times.
-------------------------------------------------------------
Function    Best Rate MB/s  Avg time     Min time     Max time
Copy:           25059.7     0.000028     0.000028     0.000028
Scale:          11681.2     0.000060     0.000060     0.000060
Add:            19121.6     0.000055     0.000055     0.000055
Triad:          17452.3     0.000061     0.000060     0.000061
-------------------------------------------------------------
Solution Validates: avg error less than 1.000000e-13 on all three arrays
-------------------------------------------------------------



--- run 3 ---
-------------------------------------------------------------
STREAM (dynamic) version — custom malloc-based implementation
-------------------------------------------------------------
This system uses 8 bytes per array element.
-------------------------------------------------------------
Array size = 43690 (elements), Offset = 0 (elements)
Memory per array = 0.3 MiB (= 0.0 GiB).
Total memory required = 1.0 MiB (= 0.0 GiB).
Each kernel will be executed 5 times.
-------------------------------------------------------------
Function    Best Rate MB/s  Avg time     Min time     Max time
Copy:           25059.7     0.000028     0.000028     0.000029
Scale:          11870.4     0.000060     0.000059     0.000060
Add:            19038.9     0.000056     0.000055     0.000056
Triad:          17805.6     0.000060     0.000059     0.000060
-------------------------------------------------------------
Solution Validates: avg error less than 1.000000e-13 on all three arrays
-------------------------------------------------------------



--- run 1 ---
-------------------------------------------------------------
STREAM (dynamic) version — custom malloc-based implementation
-------------------------------------------------------------
This system uses 8 bytes per array element.
-------------------------------------------------------------
Array size = 46293 (elements), Offset = 0 (elements)
Memory per array = 0.4 MiB (= 0.0 GiB).
Total memory required = 1.1 MiB (= 0.0 GiB).
Each kernel will be executed 5 times.
-------------------------------------------------------------
Function    Best Rate MB/s  Avg time     Min time     Max time
Copy:           25464.5     0.000030     0.000029     0.000031
Scale:          11767.7     0.000069     0.000063     0.000085
Add:            18790.3     0.000060     0.000059     0.000062
Triad:          17651.5     0.000064     0.000063     0.000064
-------------------------------------------------------------
Solution Validates: avg error less than 1.000000e-13 on all three arrays
-------------------------------------------------------------



--- run 2 ---
-------------------------------------------------------------
STREAM (dynamic) version — custom malloc-based implementation
-------------------------------------------------------------
This system uses 8 bytes per array element.
-------------------------------------------------------------
Array size = 46293 (elements), Offset = 0 (elements)
Memory per array = 0.4 MiB (= 0.0 GiB).
Total memory required = 1.1 MiB (= 0.0 GiB).
Each kernel will be executed 5 times.
-------------------------------------------------------------
Function    Best Rate MB/s  Avg time     Min time     Max time
Copy:           25675.0     0.000030     0.000029     0.000030
Scale:          11767.7     0.000064     0.000063     0.000064
Add:            19177.0     0.000059     0.000058     0.000059
Triad:          17388.1     0.000064     0.000064     0.000065
-------------------------------------------------------------
Solution Validates: avg error less than 1.000000e-13 on all three arrays
-------------------------------------------------------------



--- run 3 ---
-------------------------------------------------------------
STREAM (dynamic) version — custom malloc-based implementation
-------------------------------------------------------------
This system uses 8 bytes per array element.
-------------------------------------------------------------
Array size = 46293 (elements), Offset = 0 (elements)
Memory per array = 0.4 MiB (= 0.0 GiB).
Total memory required = 1.1 MiB (= 0.0 GiB).
Each kernel will be executed 5 times.
-------------------------------------------------------------
Function    Best Rate MB/s  Avg time     Min time     Max time
Copy:           25675.0     0.000030     0.000029     0.000030
Scale:          11767.7     0.000063     0.000063     0.000064
Add:            19177.0     0.000059     0.000058     0.000059
Triad:          17388.1     0.000064     0.000064     0.000064
-------------------------------------------------------------
Solution Validates: avg error less than 1.000000e-13 on all three arrays
-------------------------------------------------------------



--- run 1 ---
-------------------------------------------------------------
STREAM (dynamic) version — custom malloc-based implementation
-------------------------------------------------------------
This system uses 8 bytes per array element.
-------------------------------------------------------------
Array size = 49024 (elements), Offset = 0 (elements)
Memory per array = 0.4 MiB (= 0.0 GiB).
Total memory required = 1.1 MiB (= 0.0 GiB).
Each kernel will be executed 5 times.
-------------------------------------------------------------
Function    Best Rate MB/s  Avg time     Min time     Max time
Copy:           25307.3     0.000032     0.000031     0.000032
Scale:          11708.0     0.000067     0.000067     0.000067
Add:            18980.5     0.000062     0.000062     0.000063
Triad:          17562.0     0.000074     0.000067     0.000092
-------------------------------------------------------------
Solution Validates: avg error less than 1.000000e-13 on all three arrays
-------------------------------------------------------------



--- run 2 ---
-------------------------------------------------------------
STREAM (dynamic) version — custom malloc-based implementation
-------------------------------------------------------------
This system uses 8 bytes per array element.
-------------------------------------------------------------
Array size = 49024 (elements), Offset = 0 (elements)
Memory per array = 0.4 MiB (= 0.0 GiB).
Total memory required = 1.1 MiB (= 0.0 GiB).
Each kernel will be executed 5 times.
-------------------------------------------------------------
Function    Best Rate MB/s  Avg time     Min time     Max time
Copy:           25307.3     0.000031     0.000031     0.000032
Scale:          11708.0     0.000067     0.000067     0.000067
Add:            18980.5     0.000063     0.000062     0.000064
Triad:          17315.5     0.000068     0.000068     0.000068
-------------------------------------------------------------
Solution Validates: avg error less than 1.000000e-13 on all three arrays
-------------------------------------------------------------



--- run 3 ---
-------------------------------------------------------------
STREAM (dynamic) version — custom malloc-based implementation
-------------------------------------------------------------
This system uses 8 bytes per array element.
-------------------------------------------------------------
Array size = 49024 (elements), Offset = 0 (elements)
Memory per array = 0.4 MiB (= 0.0 GiB).
Total memory required = 1.1 MiB (= 0.0 GiB).
Each kernel will be executed 5 times.
-------------------------------------------------------------
Function    Best Rate MB/s  Avg time     Min time     Max time
Copy:           25307.3     0.000032     0.000031     0.000032
Scale:          11708.0     0.000067     0.000067     0.000067
Add:            19352.6     0.000062     0.000061     0.000062
Triad:          17562.0     0.000067     0.000067     0.000067
-------------------------------------------------------------
Solution Validates: avg error less than 1.000000e-13 on all three arrays
-------------------------------------------------------------



--- run 1 ---
-------------------------------------------------------------
STREAM (dynamic) version — custom malloc-based implementation
-------------------------------------------------------------
This system uses 8 bytes per array element.
-------------------------------------------------------------
Array size = 51968 (elements), Offset = 0 (elements)
Memory per array = 0.4 MiB (= 0.0 GiB).
Total memory required = 1.2 MiB (= 0.0 GiB).
Each kernel will be executed 5 times.
-------------------------------------------------------------
Function    Best Rate MB/s  Avg time     Min time     Max time
Copy:           25090.0     0.000034     0.000033     0.000034
Scale:          11742.5     0.000071     0.000071     0.000071
Add:            19232.6     0.000073     0.000065     0.000093
Triad:          17554.6     0.000072     0.000071     0.000073
-------------------------------------------------------------
Solution Validates: avg error less than 1.000000e-13 on all three arrays
-------------------------------------------------------------



--- run 2 ---
-------------------------------------------------------------
STREAM (dynamic) version — custom malloc-based implementation
-------------------------------------------------------------
This system uses 8 bytes per array element.
-------------------------------------------------------------
Array size = 51968 (elements), Offset = 0 (elements)
Memory per array = 0.4 MiB (= 0.0 GiB).
Total memory required = 1.2 MiB (= 0.0 GiB).
Each kernel will be executed 5 times.
-------------------------------------------------------------
Function    Best Rate MB/s  Avg time     Min time     Max time
Copy:           25271.8     0.000034     0.000033     0.000034
Scale:          11742.5     0.000071     0.000071     0.000071
Add:            18885.5     0.000067     0.000066     0.000067
Triad:          17322.1     0.000072     0.000072     0.000073
-------------------------------------------------------------
Solution Validates: avg error less than 1.000000e-13 on all three arrays
-------------------------------------------------------------



--- run 3 ---
-------------------------------------------------------------
STREAM (dynamic) version — custom malloc-based implementation
-------------------------------------------------------------
This system uses 8 bytes per array element.
-------------------------------------------------------------
Array size = 51968 (elements), Offset = 0 (elements)
Memory per array = 0.4 MiB (= 0.0 GiB).
Total memory required = 1.2 MiB (= 0.0 GiB).
Each kernel will be executed 5 times.
-------------------------------------------------------------
Function    Best Rate MB/s  Avg time     Min time     Max time
Copy:           25271.8     0.000033     0.000033     0.000034
Scale:          11703.1     0.000071     0.000071     0.000071
Add:            19232.6     0.000066     0.000065     0.000067
Triad:          17613.7     0.000072     0.000071     0.000073
-------------------------------------------------------------
Solution Validates: avg error less than 1.000000e-13 on all three arrays
-------------------------------------------------------------



--- run 1 ---
-------------------------------------------------------------
STREAM (dynamic) version — custom malloc-based implementation
-------------------------------------------------------------
This system uses 8 bytes per array element.
-------------------------------------------------------------
Array size = 55040 (elements), Offset = 0 (elements)
Memory per array = 0.4 MiB (= 0.0 GiB).
Total memory required = 1.3 MiB (= 0.0 GiB).
Each kernel will be executed 5 times.
-------------------------------------------------------------
Function    Best Rate MB/s  Avg time     Min time     Max time
Copy:           25299.1     0.000035     0.000035     0.000036
Scale:          11725.9     0.000081     0.000075     0.000097
Add:            19171.3     0.000070     0.000069     0.000072
Triad:          17644.9     0.000076     0.000075     0.000077
-------------------------------------------------------------
Solution Validates: avg error less than 1.000000e-13 on all three arrays
-------------------------------------------------------------



--- run 2 ---
-------------------------------------------------------------
STREAM (dynamic) version — custom malloc-based implementation
-------------------------------------------------------------
This system uses 8 bytes per array element.
-------------------------------------------------------------
Array size = 55040 (elements), Offset = 0 (elements)
Memory per array = 0.4 MiB (= 0.0 GiB).
Total memory required = 1.3 MiB (= 0.0 GiB).
Each kernel will be executed 5 times.
-------------------------------------------------------------
Function    Best Rate MB/s  Avg time     Min time     Max time
Copy:           25127.0     0.000036     0.000035     0.000036
Scale:          11763.3     0.000075     0.000075     0.000075
Add:            18909.6     0.000070     0.000070     0.000071
Triad:          17368.4     0.000076     0.000076     0.000077
-------------------------------------------------------------
Solution Validates: avg error less than 1.000000e-13 on all three arrays
-------------------------------------------------------------



--- run 3 ---
-------------------------------------------------------------
STREAM (dynamic) version — custom malloc-based implementation
-------------------------------------------------------------
This system uses 8 bytes per array element.
-------------------------------------------------------------
Array size = 55040 (elements), Offset = 0 (elements)
Memory per array = 0.4 MiB (= 0.0 GiB).
Total memory required = 1.3 MiB (= 0.0 GiB).
Each kernel will be executed 5 times.
-------------------------------------------------------------
Function    Best Rate MB/s  Avg time     Min time     Max time
Copy:           25127.0     0.000036     0.000035     0.000036
Scale:          11763.3     0.000075     0.000075     0.000076
Add:            19171.3     0.000070     0.000069     0.000071
Triad:          17644.9     0.000076     0.000075     0.000077
-------------------------------------------------------------
Solution Validates: avg error less than 1.000000e-13 on all three arrays
-------------------------------------------------------------



--- run 1 ---
-------------------------------------------------------------
STREAM (dynamic) version — custom malloc-based implementation
-------------------------------------------------------------
This system uses 8 bytes per array element.
-------------------------------------------------------------
Array size = 58325 (elements), Offset = 0 (elements)
Memory per array = 0.4 MiB (= 0.0 GiB).
Total memory required = 1.3 MiB (= 0.0 GiB).
Each kernel will be executed 5 times.
-------------------------------------------------------------
Function    Best Rate MB/s  Avg time     Min time     Max time
Copy:           25252.4     0.000038     0.000037     0.000039
Scale:          11825.1     0.000079     0.000079     0.000080
Add:            19124.4     0.000075     0.000073     0.000077
Triad:          17525.9     0.000081     0.000080     0.000083
-------------------------------------------------------------
Solution Validates: avg error less than 1.000000e-13 on all three arrays
-------------------------------------------------------------



--- run 2 ---
-------------------------------------------------------------
STREAM (dynamic) version — custom malloc-based implementation
-------------------------------------------------------------
This system uses 8 bytes per array element.
-------------------------------------------------------------
Array size = 58325 (elements), Offset = 0 (elements)
Memory per array = 0.4 MiB (= 0.0 GiB).
Total memory required = 1.3 MiB (= 0.0 GiB).
Each kernel will be executed 5 times.
-------------------------------------------------------------
Function    Best Rate MB/s  Avg time     Min time     Max time
Copy:           25252.4     0.000037     0.000037     0.000038
Scale:          11825.1     0.000080     0.000079     0.000080
Add:            19186.9     0.000074     0.000073     0.000075
Triad:          17473.8     0.000081     0.000080     0.000082
-------------------------------------------------------------
Solution Validates: avg error less than 1.000000e-13 on all three arrays
-------------------------------------------------------------



--- run 3 ---
-------------------------------------------------------------
STREAM (dynamic) version — custom malloc-based implementation
-------------------------------------------------------------
This system uses 8 bytes per array element.
-------------------------------------------------------------
Array size = 58325 (elements), Offset = 0 (elements)
Memory per array = 0.4 MiB (= 0.0 GiB).
Total memory required = 1.3 MiB (= 0.0 GiB).
Each kernel will be executed 5 times.
-------------------------------------------------------------
Function    Best Rate MB/s  Avg time     Min time     Max time
Copy:           24617.1     0.000038     0.000038     0.000039
Scale:          11825.1     0.000080     0.000079     0.000080
Add:            19186.9     0.000080     0.000073     0.000096
Triad:          17525.9     0.000080     0.000080     0.000080
-------------------------------------------------------------
Solution Validates: avg error less than 1.000000e-13 on all three arrays
-------------------------------------------------------------



--- run 1 ---
-------------------------------------------------------------
STREAM (dynamic) version — custom malloc-based implementation
-------------------------------------------------------------
This system uses 8 bytes per array element.
-------------------------------------------------------------
Array size = 61781 (elements), Offset = 0 (elements)
Memory per array = 0.5 MiB (= 0.0 GiB).
Total memory required = 1.4 MiB (= 0.0 GiB).
Each kernel will be executed 5 times.
-------------------------------------------------------------
Function    Best Rate MB/s  Avg time     Min time     Max time
Copy:           25435.9     0.000040     0.000039     0.000041
Scale:          11778.6     0.000085     0.000084     0.000085
Add:            19018.6     0.000079     0.000078     0.000080
Triad:          17617.8     0.000091     0.000084     0.000105
-------------------------------------------------------------
Solution Validates: avg error less than 1.000000e-13 on all three arrays
-------------------------------------------------------------



--- run 2 ---
-------------------------------------------------------------
STREAM (dynamic) version — custom malloc-based implementation
-------------------------------------------------------------
This system uses 8 bytes per array element.
-------------------------------------------------------------
Array size = 61781 (elements), Offset = 0 (elements)
Memory per array = 0.5 MiB (= 0.0 GiB).
Total memory required = 1.4 MiB (= 0.0 GiB).
Each kernel will be executed 5 times.
-------------------------------------------------------------
Function    Best Rate MB/s  Avg time     Min time     Max time
Copy:           25435.9     0.000040     0.000039     0.000040
Scale:          11745.2     0.000085     0.000084     0.000085
Add:            18788.8     0.000079     0.000079     0.000080
Triad:          17420.4     0.000086     0.000085     0.000086
-------------------------------------------------------------
Solution Validates: avg error less than 1.000000e-13 on all three arrays
-------------------------------------------------------------



--- run 3 ---
-------------------------------------------------------------
STREAM (dynamic) version — custom malloc-based implementation
-------------------------------------------------------------
This system uses 8 bytes per array element.
-------------------------------------------------------------
Array size = 61781 (elements), Offset = 0 (elements)
Memory per array = 0.5 MiB (= 0.0 GiB).
Total memory required = 1.4 MiB (= 0.0 GiB).
Each kernel will be executed 5 times.
-------------------------------------------------------------
Function    Best Rate MB/s  Avg time     Min time     Max time
Copy:           25280.8     0.000040     0.000039     0.000040
Scale:          11778.6     0.000088     0.000084     0.000098
Add:            18788.8     0.000079     0.000079     0.000080
Triad:          17667.8     0.000086     0.000084     0.000087
-------------------------------------------------------------
Solution Validates: avg error less than 1.000000e-13 on all three arrays
-------------------------------------------------------------



--- run 1 ---
-------------------------------------------------------------
STREAM (dynamic) version — custom malloc-based implementation
-------------------------------------------------------------
This system uses 8 bytes per array element.
-------------------------------------------------------------
Array size = 65450 (elements), Offset = 0 (elements)
Memory per array = 0.5 MiB (= 0.0 GiB).
Total memory required = 1.5 MiB (= 0.0 GiB).
Each kernel will be executed 5 times.
-------------------------------------------------------------
Function    Best Rate MB/s  Avg time     Min time     Max time
Copy:           24956.1     0.000042     0.000042     0.000043
Scale:          11744.1     0.000096     0.000089     0.000116
Add:            18932.2     0.000085     0.000083     0.000087
Triad:          17429.7     0.000092     0.000090     0.000093
-------------------------------------------------------------
Solution Validates: avg error less than 1.000000e-13 on all three arrays
-------------------------------------------------------------



--- run 2 ---
-------------------------------------------------------------
STREAM (dynamic) version — custom malloc-based implementation
-------------------------------------------------------------
This system uses 8 bytes per array element.
-------------------------------------------------------------
Array size = 65450 (elements), Offset = 0 (elements)
Memory per array = 0.5 MiB (= 0.0 GiB).
Total memory required = 1.5 MiB (= 0.0 GiB).
Each kernel will be executed 5 times.
-------------------------------------------------------------
Function    Best Rate MB/s  Avg time     Min time     Max time
Copy:           24956.1     0.000042     0.000042     0.000043
Scale:          11775.5     0.000089     0.000089     0.000090
Add:            18878.0     0.000084     0.000083     0.000085
Triad:          17475.9     0.000090     0.000090     0.000091
-------------------------------------------------------------
Solution Validates: avg error less than 1.000000e-13 on all three arrays
-------------------------------------------------------------



--- run 3 ---
-------------------------------------------------------------
STREAM (dynamic) version — custom malloc-based implementation
-------------------------------------------------------------
This system uses 8 bytes per array element.
-------------------------------------------------------------
Array size = 65450 (elements), Offset = 0 (elements)
Memory per array = 0.5 MiB (= 0.0 GiB).
Total memory required = 1.5 MiB (= 0.0 GiB).
Each kernel will be executed 5 times.
-------------------------------------------------------------
Function    Best Rate MB/s  Avg time     Min time     Max time
Copy:           25536.5     0.000042     0.000041     0.000042
Scale:          11650.6     0.000090     0.000090     0.000090
Add:            18717.1     0.000085     0.000084     0.000086
Triad:          17429.7     0.000091     0.000090     0.000093
-------------------------------------------------------------
Solution Validates: avg error less than 1.000000e-13 on all three arrays
-------------------------------------------------------------



--- run 1 ---
-------------------------------------------------------------
STREAM (dynamic) version — custom malloc-based implementation
-------------------------------------------------------------
This system uses 8 bytes per array element.
-------------------------------------------------------------
Array size = 69333 (elements), Offset = 0 (elements)
Memory per array = 0.5 MiB (= 0.0 GiB).
Total memory required = 1.6 MiB (= 0.0 GiB).
Each kernel will be executed 5 times.
-------------------------------------------------------------
Function    Best Rate MB/s  Avg time     Min time     Max time
Copy:           24749.2     0.000045     0.000045     0.000046
Scale:          11809.3     0.000095     0.000094     0.000095
Add:            18914.1     0.000090     0.000088     0.000091
Triad:          17535.9     0.000096     0.000095     0.000098
-------------------------------------------------------------
Solution Validates: avg error less than 1.000000e-13 on all three arrays
-------------------------------------------------------------



--- run 2 ---
-------------------------------------------------------------
STREAM (dynamic) version — custom malloc-based implementation
-------------------------------------------------------------
This system uses 8 bytes per array element.
-------------------------------------------------------------
Array size = 69333 (elements), Offset = 0 (elements)
Memory per array = 0.5 MiB (= 0.0 GiB).
Total memory required = 1.6 MiB (= 0.0 GiB).
Each kernel will be executed 5 times.
-------------------------------------------------------------
Function    Best Rate MB/s  Avg time     Min time     Max time
Copy:           24618.3     0.000045     0.000045     0.000046
Scale:          11809.3     0.000094     0.000094     0.000095
Add:            19121.3     0.000089     0.000087     0.000091
Triad:          17535.9     0.000096     0.000095     0.000098
-------------------------------------------------------------
Solution Validates: avg error less than 1.000000e-13 on all three arrays
-------------------------------------------------------------



--- run 3 ---
-------------------------------------------------------------
STREAM (dynamic) version — custom malloc-based implementation
-------------------------------------------------------------
This system uses 8 bytes per array element.
-------------------------------------------------------------
Array size = 69333 (elements), Offset = 0 (elements)
Memory per array = 0.5 MiB (= 0.0 GiB).
Total memory required = 1.6 MiB (= 0.0 GiB).
Each kernel will be executed 5 times.
-------------------------------------------------------------
Function    Best Rate MB/s  Avg time     Min time     Max time
Copy:           24618.3     0.000046     0.000045     0.000046
Scale:          11690.6     0.000095     0.000095     0.000095
Add:            18914.1     0.000089     0.000088     0.000091
Triad:          17492.0     0.000097     0.000095     0.000098
-------------------------------------------------------------
Solution Validates: avg error less than 1.000000e-13 on all three arrays
-------------------------------------------------------------



--- run 1 ---
-------------------------------------------------------------
STREAM (dynamic) version — custom malloc-based implementation
-------------------------------------------------------------
This system uses 8 bytes per array element.
-------------------------------------------------------------
Array size = 73472 (elements), Offset = 0 (elements)
Memory per array = 0.6 MiB (= 0.0 GiB).
Total memory required = 1.7 MiB (= 0.0 GiB).
Each kernel will be executed 5 times.
-------------------------------------------------------------
Function    Best Rate MB/s  Avg time     Min time     Max time
Copy:           24530.5     0.000049     0.000048     0.000051
Scale:          11767.6     0.000100     0.000100     0.000101
Add:            18582.7     0.000096     0.000095     0.000099
Triad:          17280.2     0.000103     0.000102     0.000103
-------------------------------------------------------------
Solution Validates: avg error less than 1.000000e-13 on all three arrays
-------------------------------------------------------------



--- run 2 ---
-------------------------------------------------------------
STREAM (dynamic) version — custom malloc-based implementation
-------------------------------------------------------------
This system uses 8 bytes per array element.
-------------------------------------------------------------
Array size = 73472 (elements), Offset = 0 (elements)
Memory per array = 0.6 MiB (= 0.0 GiB).
Total memory required = 1.7 MiB (= 0.0 GiB).
Each kernel will be executed 5 times.
-------------------------------------------------------------
Function    Best Rate MB/s  Avg time     Min time     Max time
Copy:           24530.5     0.000050     0.000048     0.000052
Scale:          11767.6     0.000100     0.000100     0.000100
Add:            18963.9     0.000096     0.000093     0.000098
Triad:          17280.2     0.000106     0.000102     0.000118
-------------------------------------------------------------
Solution Validates: avg error less than 1.000000e-13 on all three arrays
-------------------------------------------------------------



--- run 3 ---
-------------------------------------------------------------
STREAM (dynamic) version — custom malloc-based implementation
-------------------------------------------------------------
This system uses 8 bytes per array element.
-------------------------------------------------------------
Array size = 73472 (elements), Offset = 0 (elements)
Memory per array = 0.6 MiB (= 0.0 GiB).
Total memory required = 1.7 MiB (= 0.0 GiB).
Each kernel will be executed 5 times.
-------------------------------------------------------------
Function    Best Rate MB/s  Avg time     Min time     Max time
Copy:           24530.5     0.000049     0.000048     0.000051
Scale:          11767.6     0.000101     0.000100     0.000101
Add:            18963.9     0.000096     0.000093     0.000097
Triad:          17443.2     0.000103     0.000101     0.000105
-------------------------------------------------------------
Solution Validates: avg error less than 1.000000e-13 on all three arrays
-------------------------------------------------------------



--- run 1 ---
-------------------------------------------------------------
STREAM (dynamic) version — custom malloc-based implementation
-------------------------------------------------------------
This system uses 8 bytes per array element.
-------------------------------------------------------------
Array size = 77866 (elements), Offset = 0 (elements)
Memory per array = 0.6 MiB (= 0.0 GiB).
Total memory required = 1.8 MiB (= 0.0 GiB).
Each kernel will be executed 5 times.
-------------------------------------------------------------
Function    Best Rate MB/s  Avg time     Min time     Max time
Copy:           24418.2     0.000052     0.000051     0.000053
Scale:          11742.7     0.000107     0.000106     0.000107
Add:            18887.3     0.000099     0.000099     0.000100
Triad:          17457.1     0.000108     0.000107     0.000108
-------------------------------------------------------------
Solution Validates: avg error less than 1.000000e-13 on all three arrays
-------------------------------------------------------------



--- run 2 ---
-------------------------------------------------------------
STREAM (dynamic) version — custom malloc-based implementation
-------------------------------------------------------------
This system uses 8 bytes per array element.
-------------------------------------------------------------
Array size = 77866 (elements), Offset = 0 (elements)
Memory per array = 0.6 MiB (= 0.0 GiB).
Total memory required = 1.8 MiB (= 0.0 GiB).
Each kernel will be executed 5 times.
-------------------------------------------------------------
Function    Best Rate MB/s  Avg time     Min time     Max time
Copy:           23538.3     0.000055     0.000053     0.000057
Scale:          11742.7     0.000118     0.000106     0.000153
Add:            18707.0     0.000100     0.000100     0.000100
Triad:          17457.1     0.000112     0.000107     0.000125
-------------------------------------------------------------
Solution Validates: avg error less than 1.000000e-13 on all three arrays
-------------------------------------------------------------



--- run 3 ---
-------------------------------------------------------------
STREAM (dynamic) version — custom malloc-based implementation
-------------------------------------------------------------
This system uses 8 bytes per array element.
-------------------------------------------------------------
Array size = 77866 (elements), Offset = 0 (elements)
Memory per array = 0.6 MiB (= 0.0 GiB).
Total memory required = 1.8 MiB (= 0.0 GiB).
Each kernel will be executed 5 times.
-------------------------------------------------------------
Function    Best Rate MB/s  Avg time     Min time     Max time
Copy:           24883.3     0.000051     0.000050     0.000052
Scale:          11769.1     0.000106     0.000106     0.000107
Add:            19071.2     0.000099     0.000098     0.000102
Triad:          17653.7     0.000107     0.000106     0.000107
-------------------------------------------------------------
Solution Validates: avg error less than 1.000000e-13 on all three arrays
-------------------------------------------------------------



--- run 1 ---
-------------------------------------------------------------
STREAM (dynamic) version — custom malloc-based implementation
-------------------------------------------------------------
This system uses 8 bytes per array element.
-------------------------------------------------------------
Array size = 82474 (elements), Offset = 0 (elements)
Memory per array = 0.6 MiB (= 0.0 GiB).
Total memory required = 1.9 MiB (= 0.0 GiB).
Each kernel will be executed 5 times.
-------------------------------------------------------------
Function    Best Rate MB/s  Avg time     Min time     Max time
Copy:           24064.1     0.000056     0.000055     0.000057
Scale:          11776.0     0.000113     0.000112     0.000113
Add:            18825.6     0.000106     0.000105     0.000107
Triad:          17368.4     0.000115     0.000114     0.000115
-------------------------------------------------------------
Solution Validates: avg error less than 1.000000e-13 on all three arrays
-------------------------------------------------------------



--- run 2 ---
-------------------------------------------------------------
STREAM (dynamic) version — custom malloc-based implementation
-------------------------------------------------------------
This system uses 8 bytes per array element.
-------------------------------------------------------------
Array size = 82474 (elements), Offset = 0 (elements)
Memory per array = 0.6 MiB (= 0.0 GiB).
Total memory required = 1.9 MiB (= 0.0 GiB).
Each kernel will be executed 5 times.
-------------------------------------------------------------
Function    Best Rate MB/s  Avg time     Min time     Max time
Copy:           23552.1     0.000062     0.000056     0.000076
Scale:          11676.7     0.000113     0.000113     0.000113
Add:            18825.6     0.000106     0.000105     0.000106
Triad:          17368.4     0.000114     0.000114     0.000115
-------------------------------------------------------------
Solution Validates: avg error less than 1.000000e-13 on all three arrays
-------------------------------------------------------------



--- run 3 ---
-------------------------------------------------------------
STREAM (dynamic) version — custom malloc-based implementation
-------------------------------------------------------------
This system uses 8 bytes per array element.
-------------------------------------------------------------
Array size = 82474 (elements), Offset = 0 (elements)
Memory per array = 0.6 MiB (= 0.0 GiB).
Total memory required = 1.9 MiB (= 0.0 GiB).
Each kernel will be executed 5 times.
-------------------------------------------------------------
Function    Best Rate MB/s  Avg time     Min time     Max time
Copy:           24490.0     0.000055     0.000054     0.000056
Scale:          11776.0     0.000113     0.000112     0.000113
Add:            18998.0     0.000105     0.000104     0.000106
Triad:          17515.0     0.000114     0.000113     0.000115
-------------------------------------------------------------
Solution Validates: avg error less than 1.000000e-13 on all three arrays
-------------------------------------------------------------



--- run 1 ---
-------------------------------------------------------------
STREAM (dynamic) version — custom malloc-based implementation
-------------------------------------------------------------
This system uses 8 bytes per array element.
-------------------------------------------------------------
Array size = 87381 (elements), Offset = 0 (elements)
Memory per array = 0.7 MiB (= 0.0 GiB).
Total memory required = 2.0 MiB (= 0.0 GiB).
Each kernel will be executed 5 times.
-------------------------------------------------------------
Function    Best Rate MB/s  Avg time     Min time     Max time
Copy:           24032.9     0.000059     0.000058     0.000060
Scale:          11751.6     0.000120     0.000119     0.000120
Add:            17951.1     0.000118     0.000117     0.000120
Triad:          16502.9     0.000128     0.000127     0.000128
-------------------------------------------------------------
Solution Validates: avg error less than 1.000000e-13 on all three arrays
-------------------------------------------------------------



--- run 2 ---
-------------------------------------------------------------
STREAM (dynamic) version — custom malloc-based implementation
-------------------------------------------------------------
This system uses 8 bytes per array element.
-------------------------------------------------------------
Array size = 87381 (elements), Offset = 0 (elements)
Memory per array = 0.7 MiB (= 0.0 GiB).
Total memory required = 2.0 MiB (= 0.0 GiB).
Each kernel will be executed 5 times.
-------------------------------------------------------------
Function    Best Rate MB/s  Avg time     Min time     Max time
Copy:           23362.7     0.000062     0.000060     0.000064
Scale:          11751.6     0.000124     0.000119     0.000138
Add:            17627.4     0.000121     0.000119     0.000127
Triad:          17349.2     0.000123     0.000121     0.000125
-------------------------------------------------------------
Solution Validates: avg error less than 1.000000e-13 on all three arrays
-------------------------------------------------------------



--- run 3 ---
-------------------------------------------------------------
STREAM (dynamic) version — custom malloc-based implementation
-------------------------------------------------------------
This system uses 8 bytes per array element.
-------------------------------------------------------------
Array size = 87381 (elements), Offset = 0 (elements)
Memory per array = 0.7 MiB (= 0.0 GiB).
Total memory required = 2.0 MiB (= 0.0 GiB).
Each kernel will be executed 5 times.
-------------------------------------------------------------
Function    Best Rate MB/s  Avg time     Min time     Max time
Copy:           23645.3     0.000062     0.000059     0.000067
Scale:          11751.6     0.000120     0.000119     0.000120
Add:            18401.8     0.000118     0.000114     0.000123
Triad:          16786.4     0.000132     0.000125     0.000146
-------------------------------------------------------------
Solution Validates: avg error less than 1.000000e-13 on all three arrays
-------------------------------------------------------------



--- run 1 ---
-------------------------------------------------------------
STREAM (dynamic) version — custom malloc-based implementation
-------------------------------------------------------------
This system uses 8 bytes per array element.
-------------------------------------------------------------
Array size = 92586 (elements), Offset = 0 (elements)
Memory per array = 0.7 MiB (= 0.0 GiB).
Total memory required = 2.1 MiB (= 0.0 GiB).
Each kernel will be executed 5 times.
-------------------------------------------------------------
Function    Best Rate MB/s  Avg time     Min time     Max time
Copy:           20305.0     0.000084     0.000073     0.000112
Scale:          11679.2     0.000127     0.000127     0.000128
Add:            16945.5     0.000135     0.000131     0.000140
Triad:          16853.5     0.000138     0.000132     0.000145
-------------------------------------------------------------
Solution Validates: avg error less than 1.000000e-13 on all three arrays
-------------------------------------------------------------



--- run 2 ---
-------------------------------------------------------------
STREAM (dynamic) version — custom malloc-based implementation
-------------------------------------------------------------
This system uses 8 bytes per array element.
-------------------------------------------------------------
Array size = 92586 (elements), Offset = 0 (elements)
Memory per array = 0.7 MiB (= 0.0 GiB).
Total memory required = 2.1 MiB (= 0.0 GiB).
Each kernel will be executed 5 times.
-------------------------------------------------------------
Function    Best Rate MB/s  Avg time     Min time     Max time
Copy:           21133.8     0.000077     0.000070     0.000088
Scale:          11745.4     0.000127     0.000126     0.000128
Add:            17651.5     0.000135     0.000126     0.000141
Triad:          17100.9     0.000139     0.000130     0.000146
-------------------------------------------------------------
Solution Validates: avg error less than 1.000000e-13 on all three arrays
-------------------------------------------------------------



--- run 3 ---
-------------------------------------------------------------
STREAM (dynamic) version — custom malloc-based implementation
-------------------------------------------------------------
This system uses 8 bytes per array element.
-------------------------------------------------------------
Array size = 92586 (elements), Offset = 0 (elements)
Memory per array = 0.7 MiB (= 0.0 GiB).
Total memory required = 2.1 MiB (= 0.0 GiB).
Each kernel will be executed 5 times.
-------------------------------------------------------------
Function    Best Rate MB/s  Avg time     Min time     Max time
Copy:           21425.3     0.000079     0.000069     0.000090
Scale:          11679.2     0.000128     0.000127     0.000132
Add:            17069.6     0.000147     0.000130     0.000157
Triad:          16350.9     0.000140     0.000136     0.000145
-------------------------------------------------------------
Solution Validates: avg error less than 1.000000e-13 on all three arrays
-------------------------------------------------------------



--- run 1 ---
-------------------------------------------------------------
STREAM (dynamic) version — custom malloc-based implementation
-------------------------------------------------------------
This system uses 8 bytes per array element.
-------------------------------------------------------------
Array size = 98090 (elements), Offset = 0 (elements)
Memory per array = 0.7 MiB (= 0.0 GiB).
Total memory required = 2.2 MiB (= 0.0 GiB).
Each kernel will be executed 5 times.
-------------------------------------------------------------
Function    Best Rate MB/s  Avg time     Min time     Max time
Copy:           23097.2     0.000068     0.000068     0.000069
Scale:          11713.0     0.000134     0.000134     0.000135
Add:            18525.4     0.000131     0.000127     0.000134
Triad:          17292.6     0.000139     0.000136     0.000142
-------------------------------------------------------------
Solution Validates: avg error less than 1.000000e-13 on all three arrays
-------------------------------------------------------------



--- run 2 ---
-------------------------------------------------------------
STREAM (dynamic) version — custom malloc-based implementation
-------------------------------------------------------------
This system uses 8 bytes per array element.
-------------------------------------------------------------
Array size = 98090 (elements), Offset = 0 (elements)
Memory per array = 0.7 MiB (= 0.0 GiB).
Total memory required = 2.2 MiB (= 0.0 GiB).
Each kernel will be executed 5 times.
-------------------------------------------------------------
Function    Best Rate MB/s  Avg time     Min time     Max time
Copy:           22777.5     0.000071     0.000069     0.000074
Scale:          11630.2     0.000135     0.000135     0.000135
Add:            18251.5     0.000132     0.000129     0.000140
Triad:          17083.2     0.000140     0.000138     0.000143
-------------------------------------------------------------
Solution Validates: avg error less than 1.000000e-13 on all three arrays
-------------------------------------------------------------



--- run 3 ---
-------------------------------------------------------------
STREAM (dynamic) version — custom malloc-based implementation
-------------------------------------------------------------
This system uses 8 bytes per array element.
-------------------------------------------------------------
Array size = 98090 (elements), Offset = 0 (elements)
Memory per array = 0.7 MiB (= 0.0 GiB).
Total memory required = 2.2 MiB (= 0.0 GiB).
Each kernel will be executed 5 times.
-------------------------------------------------------------
Function    Best Rate MB/s  Avg time     Min time     Max time
Copy:           23016.5     0.000073     0.000068     0.000076
Scale:          11713.0     0.000134     0.000134     0.000135
Add:            17695.5     0.000145     0.000133     0.000160
Triad:          16936.6     0.000146     0.000139     0.000153
-------------------------------------------------------------
Solution Validates: avg error less than 1.000000e-13 on all three arrays
-------------------------------------------------------------



--- run 1 ---
-------------------------------------------------------------
STREAM (dynamic) version — custom malloc-based implementation
-------------------------------------------------------------
This system uses 8 bytes per array element.
-------------------------------------------------------------
Array size = 103893 (elements), Offset = 0 (elements)
Memory per array = 0.8 MiB (= 0.0 GiB).
Total memory required = 2.4 MiB (= 0.0 GiB).
Each kernel will be executed 5 times.
-------------------------------------------------------------
Function    Best Rate MB/s  Avg time     Min time     Max time
Copy:           22784.8     0.000075     0.000073     0.000077
Scale:          11543.3     0.000144     0.000144     0.000145
Add:            17547.3     0.000144     0.000142     0.000146
Triad:          16626.7     0.000154     0.000150     0.000157
-------------------------------------------------------------
Solution Validates: avg error less than 1.000000e-13 on all three arrays
-------------------------------------------------------------



--- run 2 ---
-------------------------------------------------------------
STREAM (dynamic) version — custom malloc-based implementation
-------------------------------------------------------------
This system uses 8 bytes per array element.
-------------------------------------------------------------
Array size = 103893 (elements), Offset = 0 (elements)
Memory per array = 0.8 MiB (= 0.0 GiB).
Total memory required = 2.4 MiB (= 0.0 GiB).
Each kernel will be executed 5 times.
-------------------------------------------------------------
Function    Best Rate MB/s  Avg time     Min time     Max time
Copy:           22784.8     0.000075     0.000073     0.000078
Scale:          11717.9     0.000142     0.000142     0.000142
Add:            17938.6     0.000144     0.000139     0.000147
Triad:          16977.6     0.000149     0.000147     0.000152
-------------------------------------------------------------
Solution Validates: avg error less than 1.000000e-13 on all three arrays
-------------------------------------------------------------



--- run 3 ---
-------------------------------------------------------------
STREAM (dynamic) version — custom malloc-based implementation
-------------------------------------------------------------
This system uses 8 bytes per array element.
-------------------------------------------------------------
Array size = 103893 (elements), Offset = 0 (elements)
Memory per array = 0.8 MiB (= 0.0 GiB).
Total memory required = 2.4 MiB (= 0.0 GiB).
Each kernel will be executed 5 times.
-------------------------------------------------------------
Function    Best Rate MB/s  Avg time     Min time     Max time
Copy:           22490.8     0.000075     0.000074     0.000077
Scale:          11698.2     0.000143     0.000142     0.000143
Add:            18188.2     0.000140     0.000137     0.000141
Triad:          16392.2     0.000154     0.000152     0.000155
-------------------------------------------------------------
Solution Validates: avg error less than 1.000000e-13 on all three arrays
-------------------------------------------------------------



--- run 1 ---
-------------------------------------------------------------
STREAM (dynamic) version — custom malloc-based implementation
-------------------------------------------------------------
This system uses 8 bytes per array element.
-------------------------------------------------------------
Array size = 110080 (elements), Offset = 0 (elements)
Memory per array = 0.8 MiB (= 0.0 GiB).
Total memory required = 2.5 MiB (= 0.0 GiB).
Each kernel will be executed 5 times.
-------------------------------------------------------------
Function    Best Rate MB/s  Avg time     Min time     Max time
Copy:           21474.8     0.000083     0.000082     0.000084
Scale:          11578.9     0.000152     0.000152     0.000153
Add:            18106.2     0.000148     0.000146     0.000149
Triad:          16738.7     0.000159     0.000158     0.000160
-------------------------------------------------------------
Solution Validates: avg error less than 1.000000e-13 on all three arrays
-------------------------------------------------------------



--- run 2 ---
-------------------------------------------------------------
STREAM (dynamic) version — custom malloc-based implementation
-------------------------------------------------------------
This system uses 8 bytes per array element.
-------------------------------------------------------------
Array size = 110080 (elements), Offset = 0 (elements)
Memory per array = 0.8 MiB (= 0.0 GiB).
Total memory required = 2.5 MiB (= 0.0 GiB).
Each kernel will be executed 5 times.
-------------------------------------------------------------
Function    Best Rate MB/s  Avg time     Min time     Max time
Copy:           22318.3     0.000080     0.000079     0.000081
Scale:          11652.0     0.000152     0.000151     0.000152
Add:            18225.4     0.000147     0.000145     0.000149
Triad:          16943.4     0.000157     0.000156     0.000158
-------------------------------------------------------------
Solution Validates: avg error less than 1.000000e-13 on all three arrays
-------------------------------------------------------------



--- run 3 ---
-------------------------------------------------------------
STREAM (dynamic) version — custom malloc-based implementation
-------------------------------------------------------------
This system uses 8 bytes per array element.
-------------------------------------------------------------
Array size = 110080 (elements), Offset = 0 (elements)
Memory per array = 0.8 MiB (= 0.0 GiB).
Total memory required = 2.5 MiB (= 0.0 GiB).
Each kernel will be executed 5 times.
-------------------------------------------------------------
Function    Best Rate MB/s  Avg time     Min time     Max time
Copy:           21986.1     0.000083     0.000080     0.000086
Scale:          11744.6     0.000151     0.000150     0.000151
Add:            18225.4     0.000152     0.000145     0.000166
Triad:          16943.4     0.000158     0.000156     0.000160
-------------------------------------------------------------
Solution Validates: avg error less than 1.000000e-13 on all three arrays
-------------------------------------------------------------



--- run 1 ---
-------------------------------------------------------------
STREAM (dynamic) version — custom malloc-based implementation
-------------------------------------------------------------
This system uses 8 bytes per array element.
-------------------------------------------------------------
Array size = 116650 (elements), Offset = 0 (elements)
Memory per array = 0.9 MiB (= 0.0 GiB).
Total memory required = 2.7 MiB (= 0.0 GiB).
Each kernel will be executed 5 times.
-------------------------------------------------------------
Function    Best Rate MB/s  Avg time     Min time     Max time
Copy:           18683.2     0.000116     0.000100     0.000123
Scale:          11378.3     0.000167     0.000164     0.000169
Add:            13863.5     0.000215     0.000202     0.000238
Triad:          14062.7     0.000222     0.000199     0.000273
-------------------------------------------------------------
Solution Validates: avg error less than 1.000000e-13 on all three arrays
-------------------------------------------------------------



--- run 2 ---
-------------------------------------------------------------
STREAM (dynamic) version — custom malloc-based implementation
-------------------------------------------------------------
This system uses 8 bytes per array element.
-------------------------------------------------------------
Array size = 116650 (elements), Offset = 0 (elements)
Memory per array = 0.9 MiB (= 0.0 GiB).
Total memory required = 2.7 MiB (= 0.0 GiB).
Each kernel will be executed 5 times.
-------------------------------------------------------------
Function    Best Rate MB/s  Avg time     Min time     Max time
Copy:           18120.9     0.000105     0.000103     0.000107
Scale:          11444.8     0.000167     0.000163     0.000169
Add:            15309.5     0.000189     0.000183     0.000197
Triad:          15552.8     0.000181     0.000180     0.000183
-------------------------------------------------------------
Solution Validates: avg error less than 1.000000e-13 on all three arrays
-------------------------------------------------------------



--- run 3 ---
-------------------------------------------------------------
STREAM (dynamic) version — custom malloc-based implementation
-------------------------------------------------------------
This system uses 8 bytes per array element.
-------------------------------------------------------------
Array size = 116650 (elements), Offset = 0 (elements)
Memory per array = 0.9 MiB (= 0.0 GiB).
Total memory required = 2.7 MiB (= 0.0 GiB).
Each kernel will be executed 5 times.
-------------------------------------------------------------
Function    Best Rate MB/s  Avg time     Min time     Max time
Copy:           17434.9     0.000123     0.000107     0.000151
Scale:          11247.5     0.000178     0.000166     0.000213
Add:            15825.3     0.000208     0.000177     0.000225
Triad:          14733.2     0.000199     0.000190     0.000216
-------------------------------------------------------------
Solution Validates: avg error less than 1.000000e-13 on all three arrays
-------------------------------------------------------------



--- run 1 ---
-------------------------------------------------------------
STREAM (dynamic) version — custom malloc-based implementation
-------------------------------------------------------------
This system uses 8 bytes per array element.
-------------------------------------------------------------
Array size = 123562 (elements), Offset = 0 (elements)
Memory per array = 0.9 MiB (= 0.0 GiB).
Total memory required = 2.8 MiB (= 0.0 GiB).
Each kernel will be executed 5 times.
-------------------------------------------------------------
Function    Best Rate MB/s  Avg time     Min time     Max time
Copy:           19556.9     0.000103     0.000101     0.000103
Scale:          11500.8     0.000172     0.000172     0.000173
Add:            16028.6     0.000190     0.000185     0.000195
Triad:          15131.6     0.000202     0.000196     0.000211
-------------------------------------------------------------
Solution Validates: avg error less than 1.000000e-13 on all three arrays
-------------------------------------------------------------



--- run 2 ---
-------------------------------------------------------------
STREAM (dynamic) version — custom malloc-based implementation
-------------------------------------------------------------
This system uses 8 bytes per array element.
-------------------------------------------------------------
Array size = 123562 (elements), Offset = 0 (elements)
Memory per array = 0.9 MiB (= 0.0 GiB).
Total memory required = 2.8 MiB (= 0.0 GiB).
Each kernel will be executed 5 times.
-------------------------------------------------------------
Function    Best Rate MB/s  Avg time     Min time     Max time
Copy:           19556.9     0.000105     0.000101     0.000109
Scale:          11565.0     0.000172     0.000171     0.000173
Add:            15946.4     0.000189     0.000186     0.000192
Triad:          15784.5     0.000194     0.000188     0.000211
-------------------------------------------------------------
Solution Validates: avg error less than 1.000000e-13 on all three arrays
-------------------------------------------------------------



--- run 3 ---
-------------------------------------------------------------
STREAM (dynamic) version — custom malloc-based implementation
-------------------------------------------------------------
This system uses 8 bytes per array element.
-------------------------------------------------------------
Array size = 123562 (elements), Offset = 0 (elements)
Memory per array = 0.9 MiB (= 0.0 GiB).
Total memory required = 2.8 MiB (= 0.0 GiB).
Each kernel will be executed 5 times.
-------------------------------------------------------------
Function    Best Rate MB/s  Avg time     Min time     Max time
Copy:           20423.9     0.000099     0.000097     0.000103
Scale:          11500.8     0.000173     0.000172     0.000174
Add:            17038.6     0.000181     0.000174     0.000186
Triad:          16280.3     0.000190     0.000182     0.000195
-------------------------------------------------------------
Solution Validates: avg error less than 1.000000e-13 on all three arrays
-------------------------------------------------------------



--- run 1 ---
-------------------------------------------------------------
STREAM (dynamic) version — custom malloc-based implementation
-------------------------------------------------------------
This system uses 8 bytes per array element.
-------------------------------------------------------------
Array size = 130944 (elements), Offset = 0 (elements)
Memory per array = 1.0 MiB (= 0.0 GiB).
Total memory required = 3.0 MiB (= 0.0 GiB).
Each kernel will be executed 5 times.
-------------------------------------------------------------
Function    Best Rate MB/s  Avg time     Min time     Max time
Copy:           18383.9     0.000116     0.000114     0.000122
Scale:          11397.5     0.000196     0.000184     0.000232
Add:            14827.1     0.000216     0.000212     0.000226
Triad:          15785.9     0.000208     0.000199     0.000223
-------------------------------------------------------------
Solution Validates: avg error less than 1.000000e-13 on all three arrays
-------------------------------------------------------------



--- run 2 ---
-------------------------------------------------------------
STREAM (dynamic) version — custom malloc-based implementation
-------------------------------------------------------------
This system uses 8 bytes per array element.
-------------------------------------------------------------
Array size = 130944 (elements), Offset = 0 (elements)
Memory per array = 1.0 MiB (= 0.0 GiB).
Total memory required = 3.0 MiB (= 0.0 GiB).
Each kernel will be executed 5 times.
-------------------------------------------------------------
Function    Best Rate MB/s  Avg time     Min time     Max time
Copy:           18897.9     0.000113     0.000111     0.000115
Scale:          11502.0     0.000187     0.000182     0.000200
Add:            16456.0     0.000207     0.000191     0.000222
Triad:          15562.3     0.000208     0.000202     0.000215
-------------------------------------------------------------
Solution Validates: avg error less than 1.000000e-13 on all three arrays
-------------------------------------------------------------



--- run 3 ---
-------------------------------------------------------------
STREAM (dynamic) version — custom malloc-based implementation
-------------------------------------------------------------
This system uses 8 bytes per array element.
-------------------------------------------------------------
Array size = 130944 (elements), Offset = 0 (elements)
Memory per array = 1.0 MiB (= 0.0 GiB).
Total memory required = 3.0 MiB (= 0.0 GiB).
Each kernel will be executed 5 times.
-------------------------------------------------------------
Function    Best Rate MB/s  Avg time     Min time     Max time
Copy:           18736.7     0.000115     0.000112     0.000119
Scale:          11502.0     0.000183     0.000182     0.000184
Add:            15116.1     0.000210     0.000208     0.000212
Triad:          14894.1     0.000215     0.000211     0.000219
-------------------------------------------------------------
Solution Validates: avg error less than 1.000000e-13 on all three arrays
-------------------------------------------------------------



--- run 1 ---
-------------------------------------------------------------
STREAM (dynamic) version — custom malloc-based implementation
-------------------------------------------------------------
This system uses 8 bytes per array element.
-------------------------------------------------------------
Array size = 138709 (elements), Offset = 0 (elements)
Memory per array = 1.1 MiB (= 0.0 GiB).
Total memory required = 3.2 MiB (= 0.0 GiB).
Each kernel will be executed 5 times.
-------------------------------------------------------------
Function    Best Rate MB/s  Avg time     Min time     Max time
Copy:           18216.4     0.000124     0.000122     0.000127
Scale:          11269.5     0.000199     0.000197     0.000201
Add:            14666.9     0.000239     0.000227     0.000256
Triad:          15210.1     0.000227     0.000219     0.000239
-------------------------------------------------------------
Solution Validates: avg error less than 1.000000e-13 on all three arrays
-------------------------------------------------------------



--- run 2 ---
-------------------------------------------------------------
STREAM (dynamic) version — custom malloc-based implementation
-------------------------------------------------------------
This system uses 8 bytes per array element.
-------------------------------------------------------------
Array size = 138709 (elements), Offset = 0 (elements)
Memory per array = 1.1 MiB (= 0.0 GiB).
Total memory required = 3.2 MiB (= 0.0 GiB).
Each kernel will be executed 5 times.
-------------------------------------------------------------
Function    Best Rate MB/s  Avg time     Min time     Max time
Copy:           17901.2     0.000129     0.000124     0.000140
Scale:          11324.3     0.000197     0.000196     0.000198
Add:            14917.6     0.000230     0.000223     0.000237
Triad:          14854.2     0.000230     0.000224     0.000240
-------------------------------------------------------------
Solution Validates: avg error less than 1.000000e-13 on all three arrays
-------------------------------------------------------------



--- run 3 ---
-------------------------------------------------------------
STREAM (dynamic) version — custom malloc-based implementation
-------------------------------------------------------------
This system uses 8 bytes per array element.
-------------------------------------------------------------
Array size = 138709 (elements), Offset = 0 (elements)
Memory per array = 1.1 MiB (= 0.0 GiB).
Total memory required = 3.2 MiB (= 0.0 GiB).
Each kernel will be executed 5 times.
-------------------------------------------------------------
Function    Best Rate MB/s  Avg time     Min time     Max time
Copy:           18039.9     0.000127     0.000123     0.000131
Scale:          11324.3     0.000197     0.000196     0.000198
Add:            16086.3     0.000226     0.000207     0.000258
Triad:          15479.9     0.000236     0.000215     0.000268
-------------------------------------------------------------
Solution Validates: avg error less than 1.000000e-13 on all three arrays
-------------------------------------------------------------



--- run 1 ---
-------------------------------------------------------------
STREAM (dynamic) version — custom malloc-based implementation
-------------------------------------------------------------
This system uses 8 bytes per array element.
-------------------------------------------------------------
Array size = 146944 (elements), Offset = 0 (elements)
Memory per array = 1.1 MiB (= 0.0 GiB).
Total memory required = 3.4 MiB (= 0.0 GiB).
Each kernel will be executed 5 times.
-------------------------------------------------------------
Function    Best Rate MB/s  Avg time     Min time     Max time
Copy:           18363.6     0.000131     0.000128     0.000133
Scale:          11360.9     0.000208     0.000207     0.000209
Add:            15669.4     0.000235     0.000225     0.000262
Triad:          15603.2     0.000229     0.000226     0.000233
-------------------------------------------------------------
Solution Validates: avg error less than 1.000000e-13 on all three arrays
-------------------------------------------------------------



--- run 2 ---
-------------------------------------------------------------
STREAM (dynamic) version — custom malloc-based implementation
-------------------------------------------------------------
This system uses 8 bytes per array element.
-------------------------------------------------------------
Array size = 146944 (elements), Offset = 0 (elements)
Memory per array = 1.1 MiB (= 0.0 GiB).
Total memory required = 3.4 MiB (= 0.0 GiB).
Each kernel will be executed 5 times.
-------------------------------------------------------------
Function    Best Rate MB/s  Avg time     Min time     Max time
Copy:           17546.7     0.000139     0.000134     0.000149
Scale:          11360.9     0.000208     0.000207     0.000208
Add:            13772.7     0.000264     0.000256     0.000278
Triad:          13824.2     0.000264     0.000255     0.000276
-------------------------------------------------------------
Solution Validates: avg error less than 1.000000e-13 on all three arrays
-------------------------------------------------------------



--- run 3 ---
-------------------------------------------------------------
STREAM (dynamic) version — custom malloc-based implementation
-------------------------------------------------------------
This system uses 8 bytes per array element.
-------------------------------------------------------------
Array size = 146944 (elements), Offset = 0 (elements)
Memory per array = 1.1 MiB (= 0.0 GiB).
Total memory required = 3.4 MiB (= 0.0 GiB).
Each kernel will be executed 5 times.
-------------------------------------------------------------
Function    Best Rate MB/s  Avg time     Min time     Max time
Copy:           15879.6     0.000151     0.000148     0.000153
Scale:          11092.5     0.000221     0.000212     0.000240
Add:            14168.5     0.000257     0.000249     0.000263
Triad:          14277.9     0.000251     0.000247     0.000257
-------------------------------------------------------------
Solution Validates: avg error less than 1.000000e-13 on all three arrays
-------------------------------------------------------------



--- run 1 ---
-------------------------------------------------------------
STREAM (dynamic) version — custom malloc-based implementation
-------------------------------------------------------------
This system uses 8 bytes per array element.
-------------------------------------------------------------
Array size = 155690 (elements), Offset = 0 (elements)
Memory per array = 1.2 MiB (= 0.0 GiB).
Total memory required = 3.6 MiB (= 0.0 GiB).
Each kernel will be executed 5 times.
-------------------------------------------------------------
Function    Best Rate MB/s  Avg time     Min time     Max time
Copy:           17184.5     0.000148     0.000145     0.000151
Scale:          11126.9     0.000224     0.000224     0.000224
Add:            15440.7     0.000250     0.000242     0.000268
Triad:          15319.9     0.000249     0.000244     0.000253
-------------------------------------------------------------
Solution Validates: avg error less than 1.000000e-13 on all three arrays
-------------------------------------------------------------



--- run 2 ---
-------------------------------------------------------------
STREAM (dynamic) version — custom malloc-based implementation
-------------------------------------------------------------
This system uses 8 bytes per array element.
-------------------------------------------------------------
Array size = 155690 (elements), Offset = 0 (elements)
Memory per array = 1.2 MiB (= 0.0 GiB).
Total memory required = 3.6 MiB (= 0.0 GiB).
Each kernel will be executed 5 times.
-------------------------------------------------------------
Function    Best Rate MB/s  Avg time     Min time     Max time
Copy:           17413.6     0.000149     0.000143     0.000156
Scale:          11174.5     0.000228     0.000223     0.000243
Add:            15055.0     0.000257     0.000248     0.000268
Triad:          14715.7     0.000260     0.000254     0.000268
-------------------------------------------------------------
Solution Validates: avg error less than 1.000000e-13 on all three arrays
-------------------------------------------------------------



--- run 3 ---
-------------------------------------------------------------
STREAM (dynamic) version — custom malloc-based implementation
-------------------------------------------------------------
This system uses 8 bytes per array element.
-------------------------------------------------------------
Array size = 155690 (elements), Offset = 0 (elements)
Memory per array = 1.2 MiB (= 0.0 GiB).
Total memory required = 3.6 MiB (= 0.0 GiB).
Each kernel will be executed 5 times.
-------------------------------------------------------------
Function    Best Rate MB/s  Avg time     Min time     Max time
Copy:           17044.3     0.000150     0.000146     0.000153
Scale:          11222.5     0.000223     0.000222     0.000226
Add:            15186.3     0.000249     0.000246     0.000253
Triad:          15127.7     0.000250     0.000247     0.000253
-------------------------------------------------------------
Solution Validates: avg error less than 1.000000e-13 on all three arrays
-------------------------------------------------------------



--- run 1 ---
-------------------------------------------------------------
STREAM (dynamic) version — custom malloc-based implementation
-------------------------------------------------------------
This system uses 8 bytes per array element.
-------------------------------------------------------------
Array size = 164949 (elements), Offset = 0 (elements)
Memory per array = 1.3 MiB (= 0.0 GiB).
Total memory required = 3.8 MiB (= 0.0 GiB).
Each kernel will be executed 5 times.
-------------------------------------------------------------
Function    Best Rate MB/s  Avg time     Min time     Max time
Copy:           16089.4     0.000170     0.000164     0.000174
Scale:          11080.6     0.000247     0.000238     0.000266
Add:            14240.4     0.000314     0.000278     0.000336
Triad:          12982.3     0.000308     0.000305     0.000318
-------------------------------------------------------------
Solution Validates: avg error less than 1.000000e-13 on all three arrays
-------------------------------------------------------------



--- run 2 ---
-------------------------------------------------------------
STREAM (dynamic) version — custom malloc-based implementation
-------------------------------------------------------------
This system uses 8 bytes per array element.
-------------------------------------------------------------
Array size = 164949 (elements), Offset = 0 (elements)
Memory per array = 1.3 MiB (= 0.0 GiB).
Total memory required = 3.8 MiB (= 0.0 GiB).
Each kernel will be executed 5 times.
-------------------------------------------------------------
Function    Best Rate MB/s  Avg time     Min time     Max time
Copy:           15247.3     0.000181     0.000173     0.000192
Scale:          11047.4     0.000241     0.000239     0.000245
Add:            13369.0     0.000307     0.000296     0.000312
Triad:          14240.4     0.000314     0.000278     0.000387
-------------------------------------------------------------
Solution Validates: avg error less than 1.000000e-13 on all three arrays
-------------------------------------------------------------



--- run 3 ---
-------------------------------------------------------------
STREAM (dynamic) version — custom malloc-based implementation
-------------------------------------------------------------
This system uses 8 bytes per array element.
-------------------------------------------------------------
Array size = 164949 (elements), Offset = 0 (elements)
Memory per array = 1.3 MiB (= 0.0 GiB).
Total memory required = 3.8 MiB (= 0.0 GiB).
Each kernel will be executed 5 times.
-------------------------------------------------------------
Function    Best Rate MB/s  Avg time     Min time     Max time
Copy:           16375.1     0.000167     0.000161     0.000173
Scale:          11226.7     0.000241     0.000235     0.000255
Add:            14945.4     0.000286     0.000265     0.000315
Triad:          14772.5     0.000283     0.000268     0.000290
-------------------------------------------------------------
Solution Validates: avg error less than 1.000000e-13 on all three arrays
-------------------------------------------------------------



--- run 1 ---
-------------------------------------------------------------
STREAM (dynamic) version — custom malloc-based implementation
-------------------------------------------------------------
This system uses 8 bytes per array element.
-------------------------------------------------------------
Array size = 174762 (elements), Offset = 0 (elements)
Memory per array = 1.3 MiB (= 0.0 GiB).
Total memory required = 4.0 MiB (= 0.0 GiB).
Each kernel will be executed 5 times.
-------------------------------------------------------------
Function    Best Rate MB/s  Avg time     Min time     Max time
Copy:           14789.5     0.000194     0.000189     0.000201
Scale:          11012.3     0.000256     0.000254     0.000258
Add:            12415.0     0.000345     0.000338     0.000365
Triad:          13021.6     0.000334     0.000322     0.000344
-------------------------------------------------------------
Solution Validates: avg error less than 1.000000e-13 on all three arrays
-------------------------------------------------------------



--- run 2 ---
-------------------------------------------------------------
STREAM (dynamic) version — custom malloc-based implementation
-------------------------------------------------------------
This system uses 8 bytes per array element.
-------------------------------------------------------------
Array size = 174762 (elements), Offset = 0 (elements)
Memory per array = 1.3 MiB (= 0.0 GiB).
Total memory required = 4.0 MiB (= 0.0 GiB).
Each kernel will be executed 5 times.
-------------------------------------------------------------
Function    Best Rate MB/s  Avg time     Min time     Max time
Copy:           15616.6     0.000184     0.000179     0.000190
Scale:          11464.4     0.000255     0.000244     0.000260
Add:            12869.1     0.000359     0.000326     0.000439
Triad:          12944.9     0.000343     0.000324     0.000364
-------------------------------------------------------------
Solution Validates: avg error less than 1.000000e-13 on all three arrays
-------------------------------------------------------------



--- run 3 ---
-------------------------------------------------------------
STREAM (dynamic) version — custom malloc-based implementation
-------------------------------------------------------------
This system uses 8 bytes per array element.
-------------------------------------------------------------
Array size = 174762 (elements), Offset = 0 (elements)
Memory per array = 1.3 MiB (= 0.0 GiB).
Total memory required = 4.0 MiB (= 0.0 GiB).
Each kernel will be executed 5 times.
-------------------------------------------------------------
Function    Best Rate MB/s  Avg time     Min time     Max time
Copy:           15616.6     0.000187     0.000179     0.000196
Scale:          11320.5     0.000255     0.000247     0.000261
Add:            13616.2     0.000350     0.000308     0.000405
Triad:          13884.9     0.000328     0.000302     0.000348
-------------------------------------------------------------
Solution Validates: avg error less than 1.000000e-13 on all three arrays
-------------------------------------------------------------



--- run 1 ---
-------------------------------------------------------------
STREAM (dynamic) version — custom malloc-based implementation
-------------------------------------------------------------
This system uses 8 bytes per array element.
-------------------------------------------------------------
Array size = 185173 (elements), Offset = 0 (elements)
Memory per array = 1.4 MiB (= 0.0 GiB).
Total memory required = 4.2 MiB (= 0.0 GiB).
Each kernel will be executed 5 times.
-------------------------------------------------------------
Function    Best Rate MB/s  Avg time     Min time     Max time
Copy:           15770.0     0.000199     0.000188     0.000211
Scale:          10977.7     0.000279     0.000270     0.000301
Add:            12989.6     0.000368     0.000342     0.000427
Triad:          13468.3     0.000347     0.000330     0.000372
-------------------------------------------------------------
Solution Validates: avg error less than 1.000000e-13 on all three arrays
-------------------------------------------------------------



--- run 2 ---
-------------------------------------------------------------
STREAM (dynamic) version — custom malloc-based implementation
-------------------------------------------------------------
This system uses 8 bytes per array element.
-------------------------------------------------------------
Array size = 185173 (elements), Offset = 0 (elements)
Memory per array = 1.4 MiB (= 0.0 GiB).
Total memory required = 4.2 MiB (= 0.0 GiB).
Each kernel will be executed 5 times.
-------------------------------------------------------------
Function    Best Rate MB/s  Avg time     Min time     Max time
Copy:           15437.0     0.000202     0.000192     0.000216
Scale:          10815.3     0.000275     0.000274     0.000277
Add:            12846.4     0.000372     0.000346     0.000396
Triad:          13304.9     0.000366     0.000334     0.000384
-------------------------------------------------------------
Solution Validates: avg error less than 1.000000e-13 on all three arrays
-------------------------------------------------------------



--- run 3 ---
-------------------------------------------------------------
STREAM (dynamic) version — custom malloc-based implementation
-------------------------------------------------------------
This system uses 8 bytes per array element.
-------------------------------------------------------------
Array size = 185173 (elements), Offset = 0 (elements)
Memory per array = 1.4 MiB (= 0.0 GiB).
Total memory required = 4.2 MiB (= 0.0 GiB).
Each kernel will be executed 5 times.
-------------------------------------------------------------
Function    Best Rate MB/s  Avg time     Min time     Max time
Copy:           15770.0     0.000202     0.000188     0.000214
Scale:          10853.1     0.000292     0.000273     0.000341
Add:            12143.4     0.000383     0.000366     0.000410
Triad:          13807.5     0.000377     0.000322     0.000423
-------------------------------------------------------------
Solution Validates: avg error less than 1.000000e-13 on all three arrays
-------------------------------------------------------------



--- run 1 ---
-------------------------------------------------------------
STREAM (dynamic) version — custom malloc-based implementation
-------------------------------------------------------------
This system uses 8 bytes per array element.
-------------------------------------------------------------
Array size = 196181 (elements), Offset = 0 (elements)
Memory per array = 1.5 MiB (= 0.0 GiB).
Total memory required = 4.5 MiB (= 0.0 GiB).
Each kernel will be executed 5 times.
-------------------------------------------------------------
Function    Best Rate MB/s  Avg time     Min time     Max time
Copy:           14467.6     0.000224     0.000217     0.000230
Scale:          10634.5     0.000297     0.000295     0.000298
Add:            12167.7     0.000414     0.000387     0.000439
Triad:          12041.6     0.000429     0.000391     0.000469
-------------------------------------------------------------
Solution Validates: avg error less than 1.000000e-13 on all three arrays
-------------------------------------------------------------



--- run 2 ---
-------------------------------------------------------------
STREAM (dynamic) version — custom malloc-based implementation
-------------------------------------------------------------
This system uses 8 bytes per array element.
-------------------------------------------------------------
Array size = 196181 (elements), Offset = 0 (elements)
Memory per array = 1.5 MiB (= 0.0 GiB).
Total memory required = 4.5 MiB (= 0.0 GiB).
Each kernel will be executed 5 times.
-------------------------------------------------------------
Function    Best Rate MB/s  Avg time     Min time     Max time
Copy:           13887.6     0.000241     0.000226     0.000281
Scale:          10608.8     0.000298     0.000296     0.000299
Add:            10697.8     0.000458     0.000440     0.000488
Triad:          11832.4     0.000424     0.000398     0.000451
-------------------------------------------------------------
Solution Validates: avg error less than 1.000000e-13 on all three arrays
-------------------------------------------------------------



--- run 3 ---
-------------------------------------------------------------
STREAM (dynamic) version — custom malloc-based implementation
-------------------------------------------------------------
This system uses 8 bytes per array element.
-------------------------------------------------------------
Array size = 196181 (elements), Offset = 0 (elements)
Memory per array = 1.5 MiB (= 0.0 GiB).
Total memory required = 4.5 MiB (= 0.0 GiB).
Each kernel will be executed 5 times.
-------------------------------------------------------------
Function    Best Rate MB/s  Avg time     Min time     Max time
Copy:           14595.9     0.000229     0.000215     0.000237
Scale:          10971.2     0.000294     0.000286     0.000299
Add:            11182.5     0.000435     0.000421     0.000451
Triad:          12898.9     0.000390     0.000365     0.000427
-------------------------------------------------------------
Solution Validates: avg error less than 1.000000e-13 on all three arrays
-------------------------------------------------------------



--- run 1 ---
-------------------------------------------------------------
STREAM (dynamic) version — custom malloc-based implementation
-------------------------------------------------------------
This system uses 8 bytes per array element.
-------------------------------------------------------------
Array size = 207829 (elements), Offset = 0 (elements)
Memory per array = 1.6 MiB (= 0.0 GiB).
Total memory required = 4.8 MiB (= 0.0 GiB).
Each kernel will be executed 5 times.
-------------------------------------------------------------
Function    Best Rate MB/s  Avg time     Min time     Max time
Copy:           12938.0     0.000261     0.000257     0.000262
Scale:          10795.0     0.000322     0.000308     0.000333
Add:            10959.0     0.000492     0.000455     0.000518
Triad:          11740.0     0.000460     0.000425     0.000479
-------------------------------------------------------------
Solution Validates: avg error less than 1.000000e-13 on all three arrays
-------------------------------------------------------------



--- run 2 ---
-------------------------------------------------------------
STREAM (dynamic) version — custom malloc-based implementation
-------------------------------------------------------------
This system uses 8 bytes per array element.
-------------------------------------------------------------
Array size = 207829 (elements), Offset = 0 (elements)
Memory per array = 1.6 MiB (= 0.0 GiB).
Total memory required = 4.8 MiB (= 0.0 GiB).
Each kernel will be executed 5 times.
-------------------------------------------------------------
Function    Best Rate MB/s  Avg time     Min time     Max time
Copy:           14334.2     0.000241     0.000232     0.000254
Scale:          10518.2     0.000319     0.000316     0.000323
Add:            11545.7     0.000456     0.000432     0.000527
Triad:          10750.6     0.000480     0.000464     0.000497
-------------------------------------------------------------
Solution Validates: avg error less than 1.000000e-13 on all three arrays
-------------------------------------------------------------



--- run 3 ---
-------------------------------------------------------------
STREAM (dynamic) version — custom malloc-based implementation
-------------------------------------------------------------
This system uses 8 bytes per array element.
-------------------------------------------------------------
Array size = 207829 (elements), Offset = 0 (elements)
Memory per array = 1.6 MiB (= 0.0 GiB).
Total memory required = 4.8 MiB (= 0.0 GiB).
Each kernel will be executed 5 times.
-------------------------------------------------------------
Function    Best Rate MB/s  Avg time     Min time     Max time
Copy:           14589.1     0.000249     0.000228     0.000273
Scale:          10455.1     0.000322     0.000318     0.000326
Add:            11733.5     0.000448     0.000425     0.000505
Triad:          11181.6     0.000482     0.000446     0.000539
-------------------------------------------------------------
Solution Validates: avg error less than 1.000000e-13 on all three arrays
-------------------------------------------------------------



--- run 1 ---
-------------------------------------------------------------
STREAM (dynamic) version — custom malloc-based implementation
-------------------------------------------------------------
This system uses 8 bytes per array element.
-------------------------------------------------------------
Array size = 220202 (elements), Offset = 0 (elements)
Memory per array = 1.7 MiB (= 0.0 GiB).
Total memory required = 5.0 MiB (= 0.0 GiB).
Each kernel will be executed 5 times.
-------------------------------------------------------------
Function    Best Rate MB/s  Avg time     Min time     Max time
Copy:           13289.1     0.000282     0.000265     0.000292
Scale:          10333.9     0.000350     0.000341     0.000368
Add:            10897.9     0.000558     0.000485     0.000601
Triad:          11384.8     0.000518     0.000464     0.000561
-------------------------------------------------------------
Solution Validates: avg error less than 1.000000e-13 on all three arrays
-------------------------------------------------------------



--- run 2 ---
-------------------------------------------------------------
STREAM (dynamic) version — custom malloc-based implementation
-------------------------------------------------------------
This system uses 8 bytes per array element.
-------------------------------------------------------------
Array size = 220202 (elements), Offset = 0 (elements)
Memory per array = 1.7 MiB (= 0.0 GiB).
Total memory required = 5.0 MiB (= 0.0 GiB).
Each kernel will be executed 5 times.
-------------------------------------------------------------
Function    Best Rate MB/s  Avg time     Min time     Max time
Copy:           13810.8     0.000263     0.000255     0.000283
Scale:          10450.9     0.000340     0.000337     0.000342
Add:            11077.6     0.000483     0.000477     0.000488
Triad:          11715.8     0.000457     0.000451     0.000460
-------------------------------------------------------------
Solution Validates: avg error less than 1.000000e-13 on all three arrays
-------------------------------------------------------------



--- run 3 ---
-------------------------------------------------------------
STREAM (dynamic) version — custom malloc-based implementation
-------------------------------------------------------------
This system uses 8 bytes per array element.
-------------------------------------------------------------
Array size = 220202 (elements), Offset = 0 (elements)
Memory per array = 1.7 MiB (= 0.0 GiB).
Total memory required = 5.0 MiB (= 0.0 GiB).
Each kernel will be executed 5 times.
-------------------------------------------------------------
Function    Best Rate MB/s  Avg time     Min time     Max time
Copy:           13397.6     0.000286     0.000263     0.000299
Scale:          10392.1     0.000344     0.000339     0.000348
Add:            10897.9     0.000552     0.000485     0.000610
Triad:          10962.5     0.000525     0.000482     0.000607
-------------------------------------------------------------
Solution Validates: avg error less than 1.000000e-13 on all three arrays
-------------------------------------------------------------



--- run 1 ---
-------------------------------------------------------------
STREAM (dynamic) version — custom malloc-based implementation
-------------------------------------------------------------
This system uses 8 bytes per array element.
-------------------------------------------------------------
Array size = 233301 (elements), Offset = 0 (elements)
Memory per array = 1.8 MiB (= 0.0 GiB).
Total memory required = 5.3 MiB (= 0.0 GiB).
Each kernel will be executed 5 times.
-------------------------------------------------------------
Function    Best Rate MB/s  Avg time     Min time     Max time
Copy:           12080.7     0.000311     0.000309     0.000315
Scale:          10280.1     0.000375     0.000363     0.000392
Add:             9092.1     0.000624     0.000616     0.000630
Triad:           9349.1     0.000607     0.000599     0.000614
-------------------------------------------------------------
Solution Validates: avg error less than 1.000000e-13 on all three arrays
-------------------------------------------------------------



--- run 2 ---
-------------------------------------------------------------
STREAM (dynamic) version — custom malloc-based implementation
-------------------------------------------------------------
This system uses 8 bytes per array element.
-------------------------------------------------------------
Array size = 233301 (elements), Offset = 0 (elements)
Memory per array = 1.8 MiB (= 0.0 GiB).
Total memory required = 5.3 MiB (= 0.0 GiB).
Each kernel will be executed 5 times.
-------------------------------------------------------------
Function    Best Rate MB/s  Avg time     Min time     Max time
Copy:           13520.3     0.000299     0.000276     0.000309
Scale:          10396.1     0.000366     0.000359     0.000381
Add:            10428.4     0.000595     0.000537     0.000622
Triad:           9871.7     0.000598     0.000567     0.000615
-------------------------------------------------------------
Solution Validates: avg error less than 1.000000e-13 on all three arrays
-------------------------------------------------------------



--- run 3 ---
-------------------------------------------------------------
STREAM (dynamic) version — custom malloc-based implementation
-------------------------------------------------------------
This system uses 8 bytes per array element.
-------------------------------------------------------------
Array size = 233301 (elements), Offset = 0 (elements)
Memory per array = 1.8 MiB (= 0.0 GiB).
Total memory required = 5.3 MiB (= 0.0 GiB).
Each kernel will be executed 5 times.
-------------------------------------------------------------
Function    Best Rate MB/s  Avg time     Min time     Max time
Copy:           12006.6     0.000339     0.000311     0.000384
Scale:          10253.2     0.000365     0.000364     0.000366
Add:             9256.9     0.000621     0.000605     0.000637
Triad:           9621.0     0.000596     0.000582     0.000614
-------------------------------------------------------------
Solution Validates: avg error less than 1.000000e-13 on all three arrays
-------------------------------------------------------------



--- run 1 ---
-------------------------------------------------------------
STREAM (dynamic) version — custom malloc-based implementation
-------------------------------------------------------------
This system uses 8 bytes per array element.
-------------------------------------------------------------
Array size = 247168 (elements), Offset = 0 (elements)
Memory per array = 1.9 MiB (= 0.0 GiB).
Total memory required = 5.7 MiB (= 0.0 GiB).
Each kernel will be executed 5 times.
-------------------------------------------------------------
Function    Best Rate MB/s  Avg time     Min time     Max time
Copy:           13143.6     0.000356     0.000301     0.000442
Scale:          10354.0     0.000384     0.000382     0.000387
Add:            10349.7     0.000638     0.000573     0.000665
Triad:          11152.3     0.000609     0.000532     0.000643
-------------------------------------------------------------
Solution Validates: avg error less than 1.000000e-13 on all three arrays
-------------------------------------------------------------



--- run 2 ---
-------------------------------------------------------------
STREAM (dynamic) version — custom malloc-based implementation
-------------------------------------------------------------
This system uses 8 bytes per array element.
-------------------------------------------------------------
Array size = 247168 (elements), Offset = 0 (elements)
Memory per array = 1.9 MiB (= 0.0 GiB).
Total memory required = 5.7 MiB (= 0.0 GiB).
Each kernel will be executed 5 times.
-------------------------------------------------------------
Function    Best Rate MB/s  Avg time     Min time     Max time
Copy:           13185.3     0.000353     0.000300     0.000485
Scale:          10491.6     0.000380     0.000377     0.000382
Add:            10480.5     0.000625     0.000566     0.000683
Triad:           9239.0     0.000654     0.000642     0.000665
-------------------------------------------------------------
Solution Validates: avg error less than 1.000000e-13 on all three arrays
-------------------------------------------------------------



--- run 3 ---
-------------------------------------------------------------
STREAM (dynamic) version — custom malloc-based implementation
-------------------------------------------------------------
This system uses 8 bytes per array element.
-------------------------------------------------------------
Array size = 247168 (elements), Offset = 0 (elements)
Memory per array = 1.9 MiB (= 0.0 GiB).
Total memory required = 5.7 MiB (= 0.0 GiB).
Each kernel will be executed 5 times.
-------------------------------------------------------------
Function    Best Rate MB/s  Avg time     Min time     Max time
Copy:           11772.3     0.000371     0.000336     0.000475
Scale:          10380.0     0.000384     0.000381     0.000386
Add:             9014.8     0.000667     0.000658     0.000676
Triad:           9329.1     0.000652     0.000636     0.000682
-------------------------------------------------------------
Solution Validates: avg error less than 1.000000e-13 on all three arrays
-------------------------------------------------------------



--- run 1 ---
-------------------------------------------------------------
STREAM (dynamic) version — custom malloc-based implementation
-------------------------------------------------------------
This system uses 8 bytes per array element.
-------------------------------------------------------------
Array size = 261845 (elements), Offset = 0 (elements)
Memory per array = 2.0 MiB (= 0.0 GiB).
Total memory required = 6.0 MiB (= 0.0 GiB).
Each kernel will be executed 5 times.
-------------------------------------------------------------
Function    Best Rate MB/s  Avg time     Min time     Max time
Copy:           13133.1     0.000363     0.000319     0.000473
Scale:          10447.2     0.000405     0.000401     0.000409
Add:             9957.8     0.000708     0.000631     0.000776
Triad:          10560.2     0.000614     0.000595     0.000628
-------------------------------------------------------------
Solution Validates: avg error less than 1.000000e-13 on all three arrays
-------------------------------------------------------------



--- run 2 ---
-------------------------------------------------------------
STREAM (dynamic) version — custom malloc-based implementation
-------------------------------------------------------------
This system uses 8 bytes per array element.
-------------------------------------------------------------
Array size = 261845 (elements), Offset = 0 (elements)
Memory per array = 2.0 MiB (= 0.0 GiB).
Total memory required = 6.0 MiB (= 0.0 GiB).
Each kernel will be executed 5 times.
-------------------------------------------------------------
Function    Best Rate MB/s  Avg time     Min time     Max time
Copy:           13006.8     0.000334     0.000322     0.000361
Scale:          10528.5     0.000405     0.000398     0.000419
Add:            10071.9     0.000629     0.000624     0.000634
Triad:          10547.5     0.000597     0.000596     0.000598
-------------------------------------------------------------
Solution Validates: avg error less than 1.000000e-13 on all three arrays
-------------------------------------------------------------



--- run 3 ---
-------------------------------------------------------------
STREAM (dynamic) version — custom malloc-based implementation
-------------------------------------------------------------
This system uses 8 bytes per array element.
-------------------------------------------------------------
Array size = 261845 (elements), Offset = 0 (elements)
Memory per array = 2.0 MiB (= 0.0 GiB).
Total memory required = 6.0 MiB (= 0.0 GiB).
Each kernel will be executed 5 times.
-------------------------------------------------------------
Function    Best Rate MB/s  Avg time     Min time     Max time
Copy:           12968.4     0.000329     0.000323     0.000345
Scale:          10367.0     0.000417     0.000404     0.000431
Add:             9961.5     0.000677     0.000631     0.000728
Triad:           9042.3     0.000702     0.000695     0.000707
-------------------------------------------------------------
Solution Validates: avg error less than 1.000000e-13 on all three arrays
-------------------------------------------------------------



--- run 1 ---
-------------------------------------------------------------
STREAM (dynamic) version — custom malloc-based implementation
-------------------------------------------------------------
This system uses 8 bytes per array element.
-------------------------------------------------------------
Array size = 277418 (elements), Offset = 0 (elements)
Memory per array = 2.1 MiB (= 0.0 GiB).
Total memory required = 6.3 MiB (= 0.0 GiB).
Each kernel will be executed 5 times.
-------------------------------------------------------------
Function    Best Rate MB/s  Avg time     Min time     Max time
Copy:           12937.6     0.000403     0.000343     0.000513
Scale:          10418.1     0.000430     0.000426     0.000433
Add:             9805.4     0.000739     0.000679     0.000810
Triad:           8913.4     0.000765     0.000747     0.000774
-------------------------------------------------------------
Solution Validates: avg error less than 1.000000e-13 on all three arrays
-------------------------------------------------------------



--- run 2 ---
-------------------------------------------------------------
STREAM (dynamic) version — custom malloc-based implementation
-------------------------------------------------------------
This system uses 8 bytes per array element.
-------------------------------------------------------------
Array size = 277418 (elements), Offset = 0 (elements)
Memory per array = 2.1 MiB (= 0.0 GiB).
Total memory required = 6.3 MiB (= 0.0 GiB).
Each kernel will be executed 5 times.
-------------------------------------------------------------
Function    Best Rate MB/s  Avg time     Min time     Max time
Copy:           12866.1     0.000356     0.000345     0.000384
Scale:          10699.5     0.000419     0.000415     0.000427
Add:             8527.0     0.000789     0.000781     0.000796
Triad:          10385.2     0.000710     0.000641     0.000788
-------------------------------------------------------------
Solution Validates: avg error less than 1.000000e-13 on all three arrays
-------------------------------------------------------------



--- run 3 ---
-------------------------------------------------------------
STREAM (dynamic) version — custom malloc-based implementation
-------------------------------------------------------------
This system uses 8 bytes per array element.
-------------------------------------------------------------
Array size = 277418 (elements), Offset = 0 (elements)
Memory per array = 2.1 MiB (= 0.0 GiB).
Total memory required = 6.3 MiB (= 0.0 GiB).
Each kernel will be executed 5 times.
-------------------------------------------------------------
Function    Best Rate MB/s  Avg time     Min time     Max time
Copy:           12403.2     0.000372     0.000358     0.000381
Scale:          10441.5     0.000429     0.000425     0.000431
Add:             8406.3     0.000834     0.000792     0.000882
Triad:           8854.1     0.000770     0.000752     0.000797
-------------------------------------------------------------
Solution Validates: avg error less than 1.000000e-13 on all three arrays
-------------------------------------------------------------



--- run 1 ---
-------------------------------------------------------------
STREAM (dynamic) version — custom malloc-based implementation
-------------------------------------------------------------
This system uses 8 bytes per array element.
-------------------------------------------------------------
Array size = 293930 (elements), Offset = 0 (elements)
Memory per array = 2.2 MiB (= 0.0 GiB).
Total memory required = 6.7 MiB (= 0.0 GiB).
Each kernel will be executed 5 times.
-------------------------------------------------------------
Function    Best Rate MB/s  Avg time     Min time     Max time
Copy:           12579.9     0.000384     0.000374     0.000414
Scale:          10497.8     0.000455     0.000448     0.000473
Add:             9584.7     0.000739     0.000736     0.000742
Triad:          10209.8     0.000698     0.000691     0.000702
-------------------------------------------------------------
Solution Validates: avg error less than 1.000000e-13 on all three arrays
-------------------------------------------------------------



--- run 2 ---
-------------------------------------------------------------
STREAM (dynamic) version — custom malloc-based implementation
-------------------------------------------------------------
This system uses 8 bytes per array element.
-------------------------------------------------------------
Array size = 293930 (elements), Offset = 0 (elements)
Memory per array = 2.2 MiB (= 0.0 GiB).
Total memory required = 6.7 MiB (= 0.0 GiB).
Each kernel will be executed 5 times.
-------------------------------------------------------------
Function    Best Rate MB/s  Avg time     Min time     Max time
Copy:           12709.6     0.000373     0.000370     0.000374
Scale:          10593.6     0.000452     0.000444     0.000470
Add:             9675.6     0.000743     0.000729     0.000762
Triad:          10122.5     0.000724     0.000697     0.000790
-------------------------------------------------------------
Solution Validates: avg error less than 1.000000e-13 on all three arrays
-------------------------------------------------------------



--- run 3 ---
-------------------------------------------------------------
STREAM (dynamic) version — custom malloc-based implementation
-------------------------------------------------------------
This system uses 8 bytes per array element.
-------------------------------------------------------------
Array size = 293930 (elements), Offset = 0 (elements)
Memory per array = 2.2 MiB (= 0.0 GiB).
Total memory required = 6.7 MiB (= 0.0 GiB).
Each kernel will be executed 5 times.
-------------------------------------------------------------
Function    Best Rate MB/s  Avg time     Min time     Max time
Copy:           12676.9     0.000435     0.000371     0.000616
Scale:          10542.7     0.000449     0.000446     0.000452
Add:             9519.9     0.000754     0.000741     0.000789
Triad:          10223.9     0.000700     0.000690     0.000713
-------------------------------------------------------------
Solution Validates: avg error less than 1.000000e-13 on all three arrays
-------------------------------------------------------------



--- run 1 ---
-------------------------------------------------------------
STREAM (dynamic) version — custom malloc-based implementation
-------------------------------------------------------------
This system uses 8 bytes per array element.
-------------------------------------------------------------
Array size = 311381 (elements), Offset = 0 (elements)
Memory per array = 2.4 MiB (= 0.0 GiB).
Total memory required = 7.1 MiB (= 0.0 GiB).
Each kernel will be executed 5 times.
-------------------------------------------------------------
Function    Best Rate MB/s  Avg time     Min time     Max time
Copy:           12580.6     0.000414     0.000396     0.000455
Scale:          10575.1     0.000474     0.000471     0.000478
Add:             9353.8     0.000862     0.000799     0.000932
Triad:           8550.1     0.000879     0.000874     0.000886
-------------------------------------------------------------
Solution Validates: avg error less than 1.000000e-13 on all three arrays
-------------------------------------------------------------



--- run 2 ---
-------------------------------------------------------------
STREAM (dynamic) version — custom malloc-based implementation
-------------------------------------------------------------
This system uses 8 bytes per array element.
-------------------------------------------------------------
Array size = 311381 (elements), Offset = 0 (elements)
Memory per array = 2.4 MiB (= 0.0 GiB).
Total memory required = 7.1 MiB (= 0.0 GiB).
Each kernel will be executed 5 times.
-------------------------------------------------------------
Function    Best Rate MB/s  Avg time     Min time     Max time
Copy:           12550.4     0.000415     0.000397     0.000437
Scale:          10623.5     0.000470     0.000469     0.000471
Add:             8184.0     0.000917     0.000913     0.000923
Triad:           9988.7     0.000819     0.000748     0.000886
-------------------------------------------------------------
Solution Validates: avg error less than 1.000000e-13 on all three arrays
-------------------------------------------------------------



--- run 3 ---
-------------------------------------------------------------
STREAM (dynamic) version — custom malloc-based implementation
-------------------------------------------------------------
This system uses 8 bytes per array element.
-------------------------------------------------------------
Array size = 311381 (elements), Offset = 0 (elements)
Memory per array = 2.4 MiB (= 0.0 GiB).
Total memory required = 7.1 MiB (= 0.0 GiB).
Each kernel will be executed 5 times.
-------------------------------------------------------------
Function    Best Rate MB/s  Avg time     Min time     Max time
Copy:           12394.1     0.000495     0.000402     0.000653
Scale:          10532.5     0.000576     0.000473     0.000819
Add:             9213.6     0.000876     0.000811     0.000924
Triad:           9856.8     0.000813     0.000758     0.000910
-------------------------------------------------------------
Solution Validates: avg error less than 1.000000e-13 on all three arrays
-------------------------------------------------------------



--- run 1 ---
-------------------------------------------------------------
STREAM (dynamic) version — custom malloc-based implementation
-------------------------------------------------------------
This system uses 8 bytes per array element.
-------------------------------------------------------------
Array size = 329898 (elements), Offset = 0 (elements)
Memory per array = 2.5 MiB (= 0.0 GiB).
Total memory required = 7.6 MiB (= 0.0 GiB).
Each kernel will be executed 5 times.
-------------------------------------------------------------
Function    Best Rate MB/s  Avg time     Min time     Max time
Copy:           11209.7     0.000476     0.000471     0.000484
Scale:           9650.9     0.000563     0.000547     0.000576
Add:             8709.3     0.000926     0.000909     0.000946
Triad:           9080.8     0.000883     0.000872     0.000912
-------------------------------------------------------------
Solution Validates: avg error less than 1.000000e-13 on all three arrays
-------------------------------------------------------------



--- run 2 ---
-------------------------------------------------------------
STREAM (dynamic) version — custom malloc-based implementation
-------------------------------------------------------------
This system uses 8 bytes per array element.
-------------------------------------------------------------
Array size = 329898 (elements), Offset = 0 (elements)
Memory per array = 2.5 MiB (= 0.0 GiB).
Total memory required = 7.6 MiB (= 0.0 GiB).
Each kernel will be executed 5 times.
-------------------------------------------------------------
Function    Best Rate MB/s  Avg time     Min time     Max time
Copy:           10731.5     0.000516     0.000492     0.000574
Scale:           9084.6     0.000603     0.000581     0.000662
Add:             8171.4     0.000978     0.000969     0.000984
Triad:           8616.7     0.000961     0.000919     0.001059
-------------------------------------------------------------
Solution Validates: avg error less than 1.000000e-13 on all three arrays
-------------------------------------------------------------



--- run 3 ---
-------------------------------------------------------------
STREAM (dynamic) version — custom malloc-based implementation
-------------------------------------------------------------
This system uses 8 bytes per array element.
-------------------------------------------------------------
Array size = 329898 (elements), Offset = 0 (elements)
Memory per array = 2.5 MiB (= 0.0 GiB).
Total memory required = 7.6 MiB (= 0.0 GiB).
Each kernel will be executed 5 times.
-------------------------------------------------------------
Function    Best Rate MB/s  Avg time     Min time     Max time
Copy:           10211.8     0.000598     0.000517     0.000790
Scale:           9901.2     0.000566     0.000533     0.000582
Add:             7694.3     0.001080     0.001029     0.001157
Triad:           7815.6     0.001058     0.001013     0.001129
-------------------------------------------------------------
Solution Validates: avg error less than 1.000000e-13 on all three arrays
-------------------------------------------------------------



--- run 1 ---
-------------------------------------------------------------
STREAM (dynamic) version — custom malloc-based implementation
-------------------------------------------------------------
This system uses 8 bytes per array element.
-------------------------------------------------------------
Array size = 349525 (elements), Offset = 0 (elements)
Memory per array = 2.7 MiB (= 0.0 GiB).
Total memory required = 8.0 MiB (= 0.0 GiB).
Each kernel will be executed 5 times.
-------------------------------------------------------------
Function    Best Rate MB/s  Avg time     Min time     Max time
Copy:           12053.6     0.000488     0.000464     0.000498
Scale:          10754.8     0.000528     0.000520     0.000541
Add:             8249.6     0.001025     0.001017     0.001037
Triad:           8397.2     0.001007     0.000999     0.001025
-------------------------------------------------------------
Solution Validates: avg error less than 1.000000e-13 on all three arrays
-------------------------------------------------------------



--- run 2 ---
-------------------------------------------------------------
STREAM (dynamic) version — custom malloc-based implementation
-------------------------------------------------------------
This system uses 8 bytes per array element.
-------------------------------------------------------------
Array size = 349525 (elements), Offset = 0 (elements)
Memory per array = 2.7 MiB (= 0.0 GiB).
Total memory required = 8.0 MiB (= 0.0 GiB).
Each kernel will be executed 5 times.
-------------------------------------------------------------
Function    Best Rate MB/s  Avg time     Min time     Max time
Copy:           12319.4     0.000477     0.000454     0.000485
Scale:          10735.1     0.000531     0.000521     0.000538
Add:             8216.8     0.001032     0.001021     0.001055
Triad:           8405.2     0.001007     0.000998     0.001024
-------------------------------------------------------------
Solution Validates: avg error less than 1.000000e-13 on all three arrays
-------------------------------------------------------------



--- run 3 ---
-------------------------------------------------------------
STREAM (dynamic) version — custom malloc-based implementation
-------------------------------------------------------------
This system uses 8 bytes per array element.
-------------------------------------------------------------
Array size = 349525 (elements), Offset = 0 (elements)
Memory per array = 2.7 MiB (= 0.0 GiB).
Total memory required = 8.0 MiB (= 0.0 GiB).
Each kernel will be executed 5 times.
-------------------------------------------------------------
Function    Best Rate MB/s  Avg time     Min time     Max time
Copy:           12267.9     0.000484     0.000456     0.000523
Scale:          10735.1     0.000535     0.000521     0.000574
Add:             9332.7     0.000999     0.000899     0.001047
Triad:           8439.5     0.001022     0.000994     0.001089
-------------------------------------------------------------
Solution Validates: avg error less than 1.000000e-13 on all three arrays
-------------------------------------------------------------



--- run 1 ---
-------------------------------------------------------------
STREAM (dynamic) version — custom malloc-based implementation
-------------------------------------------------------------
This system uses 8 bytes per array element.
-------------------------------------------------------------
Array size = 370304 (elements), Offset = 0 (elements)
Memory per array = 2.8 MiB (= 0.0 GiB).
Total memory required = 8.5 MiB (= 0.0 GiB).
Each kernel will be executed 5 times.
-------------------------------------------------------------
Function    Best Rate MB/s  Avg time     Min time     Max time
Copy:           12290.1     0.000486     0.000482     0.000497
Scale:          10894.6     0.000549     0.000544     0.000562
Add:             9229.0     0.000977     0.000963     0.000987
Triad:           9649.5     0.000930     0.000921     0.000944
-------------------------------------------------------------
Solution Validates: avg error less than 1.000000e-13 on all three arrays
-------------------------------------------------------------



--- run 2 ---
-------------------------------------------------------------
STREAM (dynamic) version — custom malloc-based implementation
-------------------------------------------------------------
This system uses 8 bytes per array element.
-------------------------------------------------------------
Array size = 370304 (elements), Offset = 0 (elements)
Memory per array = 2.8 MiB (= 0.0 GiB).
Total memory required = 8.5 MiB (= 0.0 GiB).
Each kernel will be executed 5 times.
-------------------------------------------------------------
Function    Best Rate MB/s  Avg time     Min time     Max time
Copy:           12475.2     0.000596     0.000475     0.000723
Scale:          10561.3     0.000604     0.000561     0.000629
Add:             8729.7     0.001073     0.001018     0.001134
Triad:           8044.0     0.001129     0.001105     0.001162
-------------------------------------------------------------
Solution Validates: avg error less than 1.000000e-13 on all three arrays
-------------------------------------------------------------



--- run 3 ---
-------------------------------------------------------------
STREAM (dynamic) version — custom malloc-based implementation
-------------------------------------------------------------
This system uses 8 bytes per array element.
-------------------------------------------------------------
Array size = 370304 (elements), Offset = 0 (elements)
Memory per array = 2.8 MiB (= 0.0 GiB).
Total memory required = 8.5 MiB (= 0.0 GiB).
Each kernel will be executed 5 times.
-------------------------------------------------------------
Function    Best Rate MB/s  Avg time     Min time     Max time
Copy:           10771.9     0.000634     0.000550     0.000750
Scale:          10753.2     0.000600     0.000551     0.000670
Add:             7762.6     0.001189     0.001145     0.001205
Triad:           8636.7     0.001121     0.001029     0.001192
-------------------------------------------------------------
Solution Validates: avg error less than 1.000000e-13 on all three arrays
-------------------------------------------------------------



--- run 1 ---
-------------------------------------------------------------
STREAM (dynamic) version — custom malloc-based implementation
-------------------------------------------------------------
This system uses 8 bytes per array element.
-------------------------------------------------------------
Array size = 392320 (elements), Offset = 0 (elements)
Memory per array = 3.0 MiB (= 0.0 GiB).
Total memory required = 9.0 MiB (= 0.0 GiB).
Each kernel will be executed 5 times.
-------------------------------------------------------------
Function    Best Rate MB/s  Avg time     Min time     Max time
Copy:           12262.8     0.000516     0.000512     0.000518
Scale:          11029.8     0.000572     0.000569     0.000574
Add:             9240.1     0.001029     0.001019     0.001048
Triad:           9472.8     0.001006     0.000994     0.001023
-------------------------------------------------------------
Solution Validates: avg error less than 1.000000e-13 on all three arrays
-------------------------------------------------------------



--- run 2 ---
-------------------------------------------------------------
STREAM (dynamic) version — custom malloc-based implementation
-------------------------------------------------------------
This system uses 8 bytes per array element.
-------------------------------------------------------------
Array size = 392320 (elements), Offset = 0 (elements)
Memory per array = 3.0 MiB (= 0.0 GiB).
Total memory required = 9.0 MiB (= 0.0 GiB).
Each kernel will be executed 5 times.
-------------------------------------------------------------
Function    Best Rate MB/s  Avg time     Min time     Max time
Copy:           11372.9     0.000554     0.000552     0.000558
Scale:          10803.5     0.000584     0.000581     0.000588
Add:             8217.3     0.001156     0.001146     0.001174
Triad:           8288.0     0.001149     0.001136     0.001162
-------------------------------------------------------------
Solution Validates: avg error less than 1.000000e-13 on all three arrays
-------------------------------------------------------------



--- run 3 ---
-------------------------------------------------------------
STREAM (dynamic) version — custom malloc-based implementation
-------------------------------------------------------------
This system uses 8 bytes per array element.
-------------------------------------------------------------
Array size = 392320 (elements), Offset = 0 (elements)
Memory per array = 3.0 MiB (= 0.0 GiB).
Total memory required = 9.0 MiB (= 0.0 GiB).
Each kernel will be executed 5 times.
-------------------------------------------------------------
Function    Best Rate MB/s  Avg time     Min time     Max time
Copy:           11227.4     0.000631     0.000559     0.000777
Scale:          10993.0     0.000579     0.000571     0.000595
Add:             9323.0     0.001132     0.001010     0.001188
Triad:           9425.4     0.001098     0.000999     0.001134
-------------------------------------------------------------
Solution Validates: avg error less than 1.000000e-13 on all three arrays
-------------------------------------------------------------



--- run 1 ---
-------------------------------------------------------------
STREAM (dynamic) version — custom malloc-based implementation
-------------------------------------------------------------
This system uses 8 bytes per array element.
-------------------------------------------------------------
Array size = 415658 (elements), Offset = 0 (elements)
Memory per array = 3.2 MiB (= 0.0 GiB).
Total memory required = 9.5 MiB (= 0.0 GiB).
Each kernel will be executed 5 times.
-------------------------------------------------------------
Function    Best Rate MB/s  Avg time     Min time     Max time
Copy:           11915.6     0.000595     0.000558     0.000629
Scale:          10990.7     0.000612     0.000605     0.000626
Add:             9296.0     0.001204     0.001073     0.001290
Triad:           9500.8     0.001122     0.001050     0.001197
-------------------------------------------------------------
Solution Validates: avg error less than 1.000000e-13 on all three arrays
-------------------------------------------------------------



--- run 2 ---
-------------------------------------------------------------
STREAM (dynamic) version — custom malloc-based implementation
-------------------------------------------------------------
This system uses 8 bytes per array element.
-------------------------------------------------------------
Array size = 415658 (elements), Offset = 0 (elements)
Memory per array = 3.2 MiB (= 0.0 GiB).
Total memory required = 9.5 MiB (= 0.0 GiB).
Each kernel will be executed 5 times.
-------------------------------------------------------------
Function    Best Rate MB/s  Avg time     Min time     Max time
Copy:           11982.1     0.000580     0.000555     0.000591
Scale:          10939.0     0.000611     0.000608     0.000615
Add:             8223.6     0.001223     0.001213     0.001231
Triad:           8265.8     0.001252     0.001207     0.001302
-------------------------------------------------------------
Solution Validates: avg error less than 1.000000e-13 on all three arrays
-------------------------------------------------------------



--- run 3 ---
-------------------------------------------------------------
STREAM (dynamic) version — custom malloc-based implementation
-------------------------------------------------------------
This system uses 8 bytes per array element.
-------------------------------------------------------------
Array size = 415658 (elements), Offset = 0 (elements)
Memory per array = 3.2 MiB (= 0.0 GiB).
Total memory required = 9.5 MiB (= 0.0 GiB).
Each kernel will be executed 5 times.
-------------------------------------------------------------
Function    Best Rate MB/s  Avg time     Min time     Max time
Copy:           12202.2     0.000561     0.000545     0.000574
Scale:          11047.3     0.000610     0.000602     0.000625
Add:             9306.4     0.001082     0.001072     0.001091
Triad:           9520.3     0.001058     0.001048     0.001072
-------------------------------------------------------------
Solution Validates: avg error less than 1.000000e-13 on all three arrays
-------------------------------------------------------------



--- run 1 ---
-------------------------------------------------------------
STREAM (dynamic) version — custom malloc-based implementation
-------------------------------------------------------------
This system uses 8 bytes per array element.
-------------------------------------------------------------
Array size = 440362 (elements), Offset = 0 (elements)
Memory per array = 3.4 MiB (= 0.0 GiB).
Total memory required = 10.1 MiB (= 0.0 GiB).
Each kernel will be executed 5 times.
-------------------------------------------------------------
Function    Best Rate MB/s  Avg time     Min time     Max time
Copy:           12022.9     0.000706     0.000586     0.000945
Scale:          11168.6     0.000657     0.000631     0.000687
Add:             9328.3     0.001246     0.001133     0.001373
Triad:           9547.3     0.001276     0.001107     0.001391
-------------------------------------------------------------
Solution Validates: avg error less than 1.000000e-13 on all three arrays
-------------------------------------------------------------



--- run 2 ---
-------------------------------------------------------------
STREAM (dynamic) version — custom malloc-based implementation
-------------------------------------------------------------
This system uses 8 bytes per array element.
-------------------------------------------------------------
Array size = 440362 (elements), Offset = 0 (elements)
Memory per array = 3.4 MiB (= 0.0 GiB).
Total memory required = 10.1 MiB (= 0.0 GiB).
Each kernel will be executed 5 times.
-------------------------------------------------------------
Function    Best Rate MB/s  Avg time     Min time     Max time
Copy:           10626.5     0.000769     0.000663     0.001060
Scale:          10438.8     0.000716     0.000675     0.000756
Add:             8368.6     0.001314     0.001263     0.001410
Triad:           8641.0     0.001240     0.001223     0.001253
-------------------------------------------------------------
Solution Validates: avg error less than 1.000000e-13 on all three arrays
-------------------------------------------------------------



--- run 3 ---
-------------------------------------------------------------
STREAM (dynamic) version — custom malloc-based implementation
-------------------------------------------------------------
This system uses 8 bytes per array element.
-------------------------------------------------------------
Array size = 440362 (elements), Offset = 0 (elements)
Memory per array = 3.4 MiB (= 0.0 GiB).
Total memory required = 10.1 MiB (= 0.0 GiB).
Each kernel will be executed 5 times.
-------------------------------------------------------------
Function    Best Rate MB/s  Avg time     Min time     Max time
Copy:           10661.0     0.000666     0.000661     0.000672
Scale:           9717.9     0.000740     0.000725     0.000748
Add:             8524.7     0.001291     0.001240     0.001433
Triad:           8429.0     0.001335     0.001254     0.001405
-------------------------------------------------------------
Solution Validates: avg error less than 1.000000e-13 on all three arrays
-------------------------------------------------------------



--- run 1 ---
-------------------------------------------------------------
STREAM (dynamic) version — custom malloc-based implementation
-------------------------------------------------------------
This system uses 8 bytes per array element.
-------------------------------------------------------------
Array size = 466560 (elements), Offset = 0 (elements)
Memory per array = 3.6 MiB (= 0.0 GiB).
Total memory required = 10.7 MiB (= 0.0 GiB).
Each kernel will be executed 5 times.
-------------------------------------------------------------
Function    Best Rate MB/s  Avg time     Min time     Max time
Copy:           12278.6     0.000641     0.000608     0.000672
Scale:          11138.5     0.000672     0.000670     0.000675
Add:             9410.0     0.001274     0.001190     0.001359
Triad:           8275.9     0.001364     0.001353     0.001389
-------------------------------------------------------------
Solution Validates: avg error less than 1.000000e-13 on all three arrays
-------------------------------------------------------------



--- run 2 ---
-------------------------------------------------------------
STREAM (dynamic) version — custom malloc-based implementation
-------------------------------------------------------------
This system uses 8 bytes per array element.
-------------------------------------------------------------
Array size = 466560 (elements), Offset = 0 (elements)
Memory per array = 3.6 MiB (= 0.0 GiB).
Total memory required = 10.7 MiB (= 0.0 GiB).
Each kernel will be executed 5 times.
-------------------------------------------------------------
Function    Best Rate MB/s  Avg time     Min time     Max time
Copy:           11222.3     0.000667     0.000665     0.000669
Scale:          11122.7     0.000689     0.000671     0.000696
Add:             8294.9     0.001359     0.001350     0.001379
Triad:           8394.2     0.001338     0.001334     0.001346
-------------------------------------------------------------
Solution Validates: avg error less than 1.000000e-13 on all three arrays
-------------------------------------------------------------



--- run 3 ---
-------------------------------------------------------------
STREAM (dynamic) version — custom malloc-based implementation
-------------------------------------------------------------
This system uses 8 bytes per array element.
-------------------------------------------------------------
Array size = 466560 (elements), Offset = 0 (elements)
Memory per array = 3.6 MiB (= 0.0 GiB).
Total memory required = 10.7 MiB (= 0.0 GiB).
Each kernel will be executed 5 times.
-------------------------------------------------------------
Function    Best Rate MB/s  Avg time     Min time     Max time
Copy:           11190.2     0.000764     0.000667     0.001049
Scale:          11142.5     0.000671     0.000670     0.000673
Add:             9346.4     0.001288     0.001198     0.001372
Triad:           8380.7     0.001375     0.001336     0.001450
-------------------------------------------------------------
Solution Validates: avg error less than 1.000000e-13 on all three arrays
-------------------------------------------------------------



--- run 1 ---
-------------------------------------------------------------
STREAM (dynamic) version — custom malloc-based implementation
-------------------------------------------------------------
This system uses 8 bytes per array element.
-------------------------------------------------------------
Array size = 494293 (elements), Offset = 0 (elements)
Memory per array = 3.8 MiB (= 0.0 GiB).
Total memory required = 11.3 MiB (= 0.0 GiB).
Each kernel will be executed 5 times.
-------------------------------------------------------------
Function    Best Rate MB/s  Avg time     Min time     Max time
Copy:           12150.7     0.000698     0.000651     0.000715
Scale:          11279.0     0.000704     0.000701     0.000705
Add:             9188.8     0.001422     0.001291     0.001493
Triad:           8378.0     0.001437     0.001416     0.001487
-------------------------------------------------------------
Solution Validates: avg error less than 1.000000e-13 on all three arrays
-------------------------------------------------------------



--- run 2 ---
-------------------------------------------------------------
STREAM (dynamic) version — custom malloc-based implementation
-------------------------------------------------------------
This system uses 8 bytes per array element.
-------------------------------------------------------------
Array size = 494293 (elements), Offset = 0 (elements)
Memory per array = 3.8 MiB (= 0.0 GiB).
Total memory required = 11.3 MiB (= 0.0 GiB).
Each kernel will be executed 5 times.
-------------------------------------------------------------
Function    Best Rate MB/s  Avg time     Min time     Max time
Copy:           11123.9     0.001017     0.000711     0.001243
Scale:          11109.0     0.000778     0.000712     0.000821
Add:             7982.9     0.001517     0.001486     0.001547
Triad:           7999.5     0.001496     0.001483     0.001508
-------------------------------------------------------------
Solution Validates: avg error less than 1.000000e-13 on all three arrays
-------------------------------------------------------------



--- run 3 ---
-------------------------------------------------------------
STREAM (dynamic) version — custom malloc-based implementation
-------------------------------------------------------------
This system uses 8 bytes per array element.
-------------------------------------------------------------
Array size = 494293 (elements), Offset = 0 (elements)
Memory per array = 3.8 MiB (= 0.0 GiB).
Total memory required = 11.3 MiB (= 0.0 GiB).
Each kernel will be executed 5 times.
-------------------------------------------------------------
Function    Best Rate MB/s  Avg time     Min time     Max time
Copy:           11344.5     0.000726     0.000697     0.000744
Scale:          10908.1     0.000733     0.000725     0.000747
Add:             8255.7     0.001483     0.001437     0.001537
Triad:           8987.9     0.001424     0.001320     0.001536
-------------------------------------------------------------
Solution Validates: avg error less than 1.000000e-13 on all three arrays
-------------------------------------------------------------



--- run 1 ---
-------------------------------------------------------------
STREAM (dynamic) version — custom malloc-based implementation
-------------------------------------------------------------
This system uses 8 bytes per array element.
-------------------------------------------------------------
Array size = 523690 (elements), Offset = 0 (elements)
Memory per array = 4.0 MiB (= 0.0 GiB).
Total memory required = 12.0 MiB (= 0.0 GiB).
Each kernel will be executed 5 times.
-------------------------------------------------------------
Function    Best Rate MB/s  Avg time     Min time     Max time
Copy:           12194.4     0.000737     0.000687     0.000758
Scale:          11231.8     0.000757     0.000746     0.000771
Add:             9155.3     0.001483     0.001373     0.001544
Triad:           8385.0     0.001504     0.001499     0.001509
-------------------------------------------------------------
Solution Validates: avg error less than 1.000000e-13 on all three arrays
-------------------------------------------------------------



--- run 2 ---
-------------------------------------------------------------
STREAM (dynamic) version — custom malloc-based implementation
-------------------------------------------------------------
This system uses 8 bytes per array element.
-------------------------------------------------------------
Array size = 523690 (elements), Offset = 0 (elements)
Memory per array = 4.0 MiB (= 0.0 GiB).
Total memory required = 12.0 MiB (= 0.0 GiB).
Each kernel will be executed 5 times.
-------------------------------------------------------------
Function    Best Rate MB/s  Avg time     Min time     Max time
Copy:           12093.7     0.000734     0.000693     0.000800
Scale:          11264.2     0.000757     0.000744     0.000772
Add:             9435.5     0.001345     0.001332     0.001356
Triad:           9478.0     0.001340     0.001326     0.001358
-------------------------------------------------------------
Solution Validates: avg error less than 1.000000e-13 on all three arrays
-------------------------------------------------------------



--- run 3 ---
-------------------------------------------------------------
STREAM (dynamic) version — custom malloc-based implementation
-------------------------------------------------------------
This system uses 8 bytes per array element.
-------------------------------------------------------------
Array size = 523690 (elements), Offset = 0 (elements)
Memory per array = 4.0 MiB (= 0.0 GiB).
Total memory required = 12.0 MiB (= 0.0 GiB).
Each kernel will be executed 5 times.
-------------------------------------------------------------
Function    Best Rate MB/s  Avg time     Min time     Max time
Copy:           11125.1     0.000851     0.000753     0.001005
Scale:          11278.6     0.000745     0.000743     0.000748
Add:             8334.6     0.001533     0.001508     0.001586
Triad:           8312.3     0.001543     0.001512     0.001611
-------------------------------------------------------------
Solution Validates: avg error less than 1.000000e-13 on all three arrays
-------------------------------------------------------------



--- run 1 ---
-------------------------------------------------------------
STREAM (dynamic) version — custom malloc-based implementation
-------------------------------------------------------------
This system uses 8 bytes per array element.
-------------------------------------------------------------
Array size = 554837 (elements), Offset = 0 (elements)
Memory per array = 4.2 MiB (= 0.0 GiB).
Total memory required = 12.7 MiB (= 0.0 GiB).
Each kernel will be executed 5 times.
-------------------------------------------------------------
Function    Best Rate MB/s  Avg time     Min time     Max time
Copy:           12144.3     0.000782     0.000731     0.000808
Scale:          11324.4     0.000791     0.000784     0.000808
Add:             9505.1     0.001554     0.001401     0.001615
Triad:           8433.0     0.001595     0.001579     0.001609
-------------------------------------------------------------
Solution Validates: avg error less than 1.000000e-13 on all three arrays
-------------------------------------------------------------



--- run 2 ---
-------------------------------------------------------------
STREAM (dynamic) version — custom malloc-based implementation
-------------------------------------------------------------
This system uses 8 bytes per array element.
-------------------------------------------------------------
Array size = 554837 (elements), Offset = 0 (elements)
Memory per array = 4.2 MiB (= 0.0 GiB).
Total memory required = 12.7 MiB (= 0.0 GiB).
Each kernel will be executed 5 times.
-------------------------------------------------------------
Function    Best Rate MB/s  Avg time     Min time     Max time
Copy:           12015.0     0.000873     0.000739     0.001156
Scale:          11293.4     0.000795     0.000786     0.000805
Add:             8703.7     0.001615     0.001530     0.001671
Triad:           8323.7     0.001623     0.001600     0.001669
-------------------------------------------------------------
Solution Validates: avg error less than 1.000000e-13 on all three arrays
-------------------------------------------------------------



--- run 3 ---
-------------------------------------------------------------
STREAM (dynamic) version — custom malloc-based implementation
-------------------------------------------------------------
This system uses 8 bytes per array element.
-------------------------------------------------------------
Array size = 554837 (elements), Offset = 0 (elements)
Memory per array = 4.2 MiB (= 0.0 GiB).
Total memory required = 12.7 MiB (= 0.0 GiB).
Each kernel will be executed 5 times.
-------------------------------------------------------------
Function    Best Rate MB/s  Avg time     Min time     Max time
Copy:           12108.8     0.000806     0.000733     0.000892
Scale:          11324.4     0.000787     0.000784     0.000792
Add:             9234.7     0.001593     0.001442     0.001720
Triad:           8379.9     0.001602     0.001589     0.001621
-------------------------------------------------------------
Solution Validates: avg error less than 1.000000e-13 on all three arrays
-------------------------------------------------------------



--- run 1 ---
-------------------------------------------------------------
STREAM (dynamic) version — custom malloc-based implementation
-------------------------------------------------------------
This system uses 8 bytes per array element.
-------------------------------------------------------------
Array size = 587818 (elements), Offset = 0 (elements)
Memory per array = 4.5 MiB (= 0.0 GiB).
Total memory required = 13.5 MiB (= 0.0 GiB).
Each kernel will be executed 5 times.
-------------------------------------------------------------
Function    Best Rate MB/s  Avg time     Min time     Max time
Copy:           12026.8     0.000940     0.000782     0.001173
Scale:          11316.1     0.000938     0.000831     0.001111
Add:             9437.3     0.001666     0.001495     0.001845
Triad:           9238.4     0.001667     0.001527     0.001846
-------------------------------------------------------------
Solution Validates: avg error less than 1.000000e-13 on all three arrays
-------------------------------------------------------------



--- run 2 ---
-------------------------------------------------------------
STREAM (dynamic) version — custom malloc-based implementation
-------------------------------------------------------------
This system uses 8 bytes per array element.
-------------------------------------------------------------
Array size = 587818 (elements), Offset = 0 (elements)
Memory per array = 4.5 MiB (= 0.0 GiB).
Total memory required = 13.5 MiB (= 0.0 GiB).
Each kernel will be executed 5 times.
-------------------------------------------------------------
Function    Best Rate MB/s  Avg time     Min time     Max time
Copy:           12104.3     0.000790     0.000777     0.000804
Scale:          11329.1     0.000842     0.000830     0.000851
Add:             9423.7     0.001501     0.001497     0.001505
Triad:           9202.4     0.001584     0.001533     0.001699
-------------------------------------------------------------
Solution Validates: avg error less than 1.000000e-13 on all three arrays
-------------------------------------------------------------



--- run 3 ---
-------------------------------------------------------------
STREAM (dynamic) version — custom malloc-based implementation
-------------------------------------------------------------
This system uses 8 bytes per array element.
-------------------------------------------------------------
Array size = 587818 (elements), Offset = 0 (elements)
Memory per array = 4.5 MiB (= 0.0 GiB).
Total memory required = 13.5 MiB (= 0.0 GiB).
Each kernel will be executed 5 times.
-------------------------------------------------------------
Function    Best Rate MB/s  Avg time     Min time     Max time
Copy:           11907.0     0.000840     0.000790     0.000896
Scale:          11345.4     0.000838     0.000829     0.000849
Add:             9324.3     0.001656     0.001513     0.001722
Triad:           8367.0     0.001697     0.001686     0.001712
-------------------------------------------------------------
Solution Validates: avg error less than 1.000000e-13 on all three arrays
-------------------------------------------------------------



--- run 1 ---
-------------------------------------------------------------
STREAM (dynamic) version — custom malloc-based implementation
-------------------------------------------------------------
This system uses 8 bytes per array element.
-------------------------------------------------------------
Array size = 622762 (elements), Offset = 0 (elements)
Memory per array = 4.8 MiB (= 0.0 GiB).
Total memory required = 14.3 MiB (= 0.0 GiB).
Each kernel will be executed 5 times.
-------------------------------------------------------------
Function    Best Rate MB/s  Avg time     Min time     Max time
Copy:           12106.9     0.000850     0.000823     0.000887
Scale:          11362.9     0.000885     0.000877     0.000904
Add:             9376.2     0.001666     0.001594     0.001800
Triad:           9283.2     0.001764     0.001610     0.001864
-------------------------------------------------------------
Solution Validates: avg error less than 1.000000e-13 on all three arrays
-------------------------------------------------------------



--- run 2 ---
-------------------------------------------------------------
STREAM (dynamic) version — custom malloc-based implementation
-------------------------------------------------------------
This system uses 8 bytes per array element.
-------------------------------------------------------------
Array size = 622762 (elements), Offset = 0 (elements)
Memory per array = 4.8 MiB (= 0.0 GiB).
Total memory required = 14.3 MiB (= 0.0 GiB).
Each kernel will be executed 5 times.
-------------------------------------------------------------
Function    Best Rate MB/s  Avg time     Min time     Max time
Copy:           11207.5     0.000969     0.000889     0.001185
Scale:          11359.8     0.000881     0.000877     0.000884
Add:             8349.7     0.001806     0.001790     0.001820
Triad:           8304.3     0.001840     0.001800     0.001896
-------------------------------------------------------------
Solution Validates: avg error less than 1.000000e-13 on all three arrays
-------------------------------------------------------------



--- run 3 ---
-------------------------------------------------------------
STREAM (dynamic) version — custom malloc-based implementation
-------------------------------------------------------------
This system uses 8 bytes per array element.
-------------------------------------------------------------
Array size = 622762 (elements), Offset = 0 (elements)
Memory per array = 4.8 MiB (= 0.0 GiB).
Total memory required = 14.3 MiB (= 0.0 GiB).
Each kernel will be executed 5 times.
-------------------------------------------------------------
Function    Best Rate MB/s  Avg time     Min time     Max time
Copy:           11693.6     0.000932     0.000852     0.001068
Scale:          11350.6     0.000882     0.000878     0.000886
Add:             8257.3     0.001815     0.001810     0.001820
Triad:           8349.7     0.001808     0.001790     0.001833
-------------------------------------------------------------
Solution Validates: avg error less than 1.000000e-13 on all three arrays
-------------------------------------------------------------



--- run 1 ---
-------------------------------------------------------------
STREAM (dynamic) version — custom malloc-based implementation
-------------------------------------------------------------
This system uses 8 bytes per array element.
-------------------------------------------------------------
Array size = 659797 (elements), Offset = 0 (elements)
Memory per array = 5.0 MiB (= 0.0 GiB).
Total memory required = 15.1 MiB (= 0.0 GiB).
Each kernel will be executed 5 times.
-------------------------------------------------------------
Function    Best Rate MB/s  Avg time     Min time     Max time
Copy:           12231.6     0.000923     0.000863     0.001019
Scale:          11327.3     0.000934     0.000932     0.000935
Add:             9254.2     0.001873     0.001711     0.002025
Triad:           9465.2     0.001848     0.001673     0.001923
-------------------------------------------------------------
Solution Validates: avg error less than 1.000000e-13 on all three arrays
-------------------------------------------------------------



--- run 2 ---
-------------------------------------------------------------
STREAM (dynamic) version — custom malloc-based implementation
-------------------------------------------------------------
This system uses 8 bytes per array element.
-------------------------------------------------------------
Array size = 659797 (elements), Offset = 0 (elements)
Memory per array = 5.0 MiB (= 0.0 GiB).
Total memory required = 15.1 MiB (= 0.0 GiB).
Each kernel will be executed 5 times.
-------------------------------------------------------------
Function    Best Rate MB/s  Avg time     Min time     Max time
Copy:           11615.5     0.000946     0.000909     0.000972
Scale:          11376.7     0.000958     0.000928     0.001021
Add:             9353.2     0.001848     0.001693     0.001911
Triad:           8321.9     0.001932     0.001903     0.001967
-------------------------------------------------------------
Solution Validates: avg error less than 1.000000e-13 on all three arrays
-------------------------------------------------------------



--- run 3 ---
-------------------------------------------------------------
STREAM (dynamic) version — custom malloc-based implementation
-------------------------------------------------------------
This system uses 8 bytes per array element.
-------------------------------------------------------------
Array size = 659797 (elements), Offset = 0 (elements)
Memory per array = 5.0 MiB (= 0.0 GiB).
Total memory required = 15.1 MiB (= 0.0 GiB).
Each kernel will be executed 5 times.
-------------------------------------------------------------
Function    Best Rate MB/s  Avg time     Min time     Max time
Copy:           11111.2     0.001009     0.000950     0.001125
Scale:          11304.1     0.000960     0.000934     0.001015
Add:             8982.6     0.001889     0.001763     0.002012
Triad:           8338.6     0.001950     0.001899     0.002064
-------------------------------------------------------------
Solution Validates: avg error less than 1.000000e-13 on all three arrays
-------------------------------------------------------------



--- run 1 ---
-------------------------------------------------------------
STREAM (dynamic) version — custom malloc-based implementation
-------------------------------------------------------------
This system uses 8 bytes per array element.
-------------------------------------------------------------
Array size = 699050 (elements), Offset = 0 (elements)
Memory per array = 5.3 MiB (= 0.0 GiB).
Total memory required = 16.0 MiB (= 0.0 GiB).
Each kernel will be executed 5 times.
-------------------------------------------------------------
Function    Best Rate MB/s  Avg time     Min time     Max time
Copy:           12223.2     0.000919     0.000915     0.000926
Scale:          11378.2     0.000989     0.000983     0.001002
Add:             9372.5     0.001904     0.001790     0.002017
Triad:           9463.2     0.001797     0.001773     0.001822
-------------------------------------------------------------
Solution Validates: avg error less than 1.000000e-13 on all three arrays
-------------------------------------------------------------



--- run 2 ---
-------------------------------------------------------------
STREAM (dynamic) version — custom malloc-based implementation
-------------------------------------------------------------
This system uses 8 bytes per array element.
-------------------------------------------------------------
Array size = 699050 (elements), Offset = 0 (elements)
Memory per array = 5.3 MiB (= 0.0 GiB).
Total memory required = 16.0 MiB (= 0.0 GiB).
Each kernel will be executed 5 times.
-------------------------------------------------------------
Function    Best Rate MB/s  Avg time     Min time     Max time
Copy:           12103.3     0.000949     0.000924     0.001016
Scale:          11298.8     0.001014     0.000990     0.001080
Add:             9436.6     0.001874     0.001778     0.002004
Triad:           9488.8     0.001921     0.001768     0.002097
-------------------------------------------------------------
Solution Validates: avg error less than 1.000000e-13 on all three arrays
-------------------------------------------------------------



--- run 3 ---
-------------------------------------------------------------
STREAM (dynamic) version — custom malloc-based implementation
-------------------------------------------------------------
This system uses 8 bytes per array element.
-------------------------------------------------------------
Array size = 699050 (elements), Offset = 0 (elements)
Memory per array = 5.3 MiB (= 0.0 GiB).
Total memory required = 16.0 MiB (= 0.0 GiB).
Each kernel will be executed 5 times.
-------------------------------------------------------------
Function    Best Rate MB/s  Avg time     Min time     Max time
Copy:           12264.7     0.000916     0.000912     0.000922
Scale:          11403.1     0.001014     0.000981     0.001109
Add:             9336.4     0.001910     0.001797     0.002029
Triad:           9483.6     0.001782     0.001769     0.001794
-------------------------------------------------------------
Solution Validates: avg error less than 1.000000e-13 on all three arrays
-------------------------------------------------------------



--- run 1 ---
-------------------------------------------------------------
STREAM (dynamic) version — custom malloc-based implementation
-------------------------------------------------------------
This system uses 8 bytes per array element.
-------------------------------------------------------------
Array size = 740608 (elements), Offset = 0 (elements)
Memory per array = 5.7 MiB (= 0.0 GiB).
Total memory required = 17.0 MiB (= 0.0 GiB).
Each kernel will be executed 5 times.
-------------------------------------------------------------
Function    Best Rate MB/s  Avg time     Min time     Max time
Copy:           11126.3     0.001276     0.001065     0.001595
Scale:          11306.0     0.001062     0.001048     0.001077
Add:             9345.9     0.002121     0.001902     0.002285
Triad:           8282.6     0.002158     0.002146     0.002168
-------------------------------------------------------------
Solution Validates: avg error less than 1.000000e-13 on all three arrays
-------------------------------------------------------------



--- run 2 ---
-------------------------------------------------------------
STREAM (dynamic) version — custom malloc-based implementation
-------------------------------------------------------------
This system uses 8 bytes per array element.
-------------------------------------------------------------
Array size = 740608 (elements), Offset = 0 (elements)
Memory per array = 5.7 MiB (= 0.0 GiB).
Total memory required = 17.0 MiB (= 0.0 GiB).
Each kernel will be executed 5 times.
-------------------------------------------------------------
Function    Best Rate MB/s  Avg time     Min time     Max time
Copy:           11054.6     0.001164     0.001072     0.001410
Scale:          11275.3     0.001075     0.001051     0.001145
Add:             8213.3     0.002194     0.002164     0.002242
Triad:           8244.2     0.002177     0.002156     0.002227
-------------------------------------------------------------
Solution Validates: avg error less than 1.000000e-13 on all three arrays
-------------------------------------------------------------



--- run 3 ---
-------------------------------------------------------------
STREAM (dynamic) version — custom malloc-based implementation
-------------------------------------------------------------
This system uses 8 bytes per array element.
-------------------------------------------------------------
Array size = 740608 (elements), Offset = 0 (elements)
Memory per array = 5.7 MiB (= 0.0 GiB).
Total memory required = 17.0 MiB (= 0.0 GiB).
Each kernel will be executed 5 times.
-------------------------------------------------------------
Function    Best Rate MB/s  Avg time     Min time     Max time
Copy:           12069.3     0.001049     0.000982     0.001086
Scale:          11339.6     0.001047     0.001045     0.001049
Add:             9280.7     0.002108     0.001915     0.002197
Triad:           8321.5     0.002172     0.002136     0.002266
-------------------------------------------------------------
Solution Validates: avg error less than 1.000000e-13 on all three arrays
-------------------------------------------------------------



--- run 1 ---
-------------------------------------------------------------
STREAM (dynamic) version — custom malloc-based implementation
-------------------------------------------------------------
This system uses 8 bytes per array element.
-------------------------------------------------------------
Array size = 784640 (elements), Offset = 0 (elements)
Memory per array = 6.0 MiB (= 0.0 GiB).
Total memory required = 18.0 MiB (= 0.0 GiB).
Each kernel will be executed 5 times.
-------------------------------------------------------------
Function    Best Rate MB/s  Avg time     Min time     Max time
Copy:           12141.2     0.001078     0.001034     0.001133
Scale:          11372.9     0.001110     0.001104     0.001124
Add:             9487.6     0.002014     0.001985     0.002057
Triad:           8383.9     0.002261     0.002246     0.002279
-------------------------------------------------------------
Solution Validates: avg error less than 1.000000e-13 on all three arrays
-------------------------------------------------------------



--- run 2 ---
-------------------------------------------------------------
STREAM (dynamic) version — custom malloc-based implementation
-------------------------------------------------------------
This system uses 8 bytes per array element.
-------------------------------------------------------------
Array size = 784640 (elements), Offset = 0 (elements)
Memory per array = 6.0 MiB (= 0.0 GiB).
Total memory required = 18.0 MiB (= 0.0 GiB).
Each kernel will be executed 5 times.
-------------------------------------------------------------
Function    Best Rate MB/s  Avg time     Min time     Max time
Copy:           11071.6     0.001281     0.001134     0.001700
Scale:          11319.1     0.001160     0.001109     0.001272
Add:             8369.7     0.002262     0.002250     0.002273
Triad:           8313.3     0.002272     0.002265     0.002287
-------------------------------------------------------------
Solution Validates: avg error less than 1.000000e-13 on all three arrays
-------------------------------------------------------------



--- run 3 ---
-------------------------------------------------------------
STREAM (dynamic) version — custom malloc-based implementation
-------------------------------------------------------------
This system uses 8 bytes per array element.
-------------------------------------------------------------
Array size = 784640 (elements), Offset = 0 (elements)
Memory per array = 6.0 MiB (= 0.0 GiB).
Total memory required = 18.0 MiB (= 0.0 GiB).
Each kernel will be executed 5 times.
-------------------------------------------------------------
Function    Best Rate MB/s  Avg time     Min time     Max time
Copy:           11967.3     0.001328     0.001049     0.001899
Scale:          10803.5     0.001252     0.001162     0.001338
Add:             8414.2     0.002343     0.002238     0.002459
Triad:           8479.3     0.002341     0.002221     0.002493
-------------------------------------------------------------
Solution Validates: avg error less than 1.000000e-13 on all three arrays
-------------------------------------------------------------



--- run 1 ---
-------------------------------------------------------------
STREAM (dynamic) version — custom malloc-based implementation
-------------------------------------------------------------
This system uses 8 bytes per array element.
-------------------------------------------------------------
Array size = 831317 (elements), Offset = 0 (elements)
Memory per array = 6.3 MiB (= 0.0 GiB).
Total memory required = 19.0 MiB (= 0.0 GiB).
Each kernel will be executed 5 times.
-------------------------------------------------------------
Function    Best Rate MB/s  Avg time     Min time     Max time
Copy:           11148.8     0.001578     0.001193     0.001981
Scale:          11330.0     0.001176     0.001174     0.001179
Add:             8390.1     0.002395     0.002378     0.002426
Triad:           8334.1     0.002403     0.002394     0.002413
-------------------------------------------------------------
Solution Validates: avg error less than 1.000000e-13 on all three arrays
-------------------------------------------------------------



--- run 2 ---
-------------------------------------------------------------
STREAM (dynamic) version — custom malloc-based implementation
-------------------------------------------------------------
This system uses 8 bytes per array element.
-------------------------------------------------------------
Array size = 831317 (elements), Offset = 0 (elements)
Memory per array = 6.3 MiB (= 0.0 GiB).
Total memory required = 19.0 MiB (= 0.0 GiB).
Each kernel will be executed 5 times.
-------------------------------------------------------------
Function    Best Rate MB/s  Avg time     Min time     Max time
Copy:           11759.9     0.001201     0.001131     0.001307
Scale:          11378.5     0.001193     0.001169     0.001240
Add:             8386.8     0.002408     0.002379     0.002463
Triad:           8344.9     0.002407     0.002391     0.002419
-------------------------------------------------------------
Solution Validates: avg error less than 1.000000e-13 on all three arrays
-------------------------------------------------------------



--- run 3 ---
-------------------------------------------------------------
STREAM (dynamic) version — custom malloc-based implementation
-------------------------------------------------------------
This system uses 8 bytes per array element.
-------------------------------------------------------------
Array size = 831317 (elements), Offset = 0 (elements)
Memory per array = 6.3 MiB (= 0.0 GiB).
Total memory required = 19.0 MiB (= 0.0 GiB).
Each kernel will be executed 5 times.
-------------------------------------------------------------
Function    Best Rate MB/s  Avg time     Min time     Max time
Copy:           12091.2     0.001151     0.001100     0.001196
Scale:          11357.6     0.001185     0.001171     0.001220
Add:             9527.9     0.002264     0.002094     0.002403
Triad:           8372.5     0.002403     0.002383     0.002424
-------------------------------------------------------------
Solution Validates: avg error less than 1.000000e-13 on all three arrays
-------------------------------------------------------------



--- run 1 ---
-------------------------------------------------------------
STREAM (dynamic) version — custom malloc-based implementation
-------------------------------------------------------------
This system uses 8 bytes per array element.
-------------------------------------------------------------
Array size = 880768 (elements), Offset = 0 (elements)
Memory per array = 6.7 MiB (= 0.0 GiB).
Total memory required = 20.2 MiB (= 0.0 GiB).
Each kernel will be executed 5 times.
-------------------------------------------------------------
Function    Best Rate MB/s  Avg time     Min time     Max time
Copy:           12209.7     0.001181     0.001154     0.001236
Scale:          11364.6     0.001249     0.001240     0.001273
Add:             9340.6     0.002288     0.002263     0.002318
Triad:           9412.0     0.002434     0.002246     0.002685
-------------------------------------------------------------
Solution Validates: avg error less than 1.000000e-13 on all three arrays
-------------------------------------------------------------



--- run 2 ---
-------------------------------------------------------------
STREAM (dynamic) version — custom malloc-based implementation
-------------------------------------------------------------
This system uses 8 bytes per array element.
-------------------------------------------------------------
Array size = 880768 (elements), Offset = 0 (elements)
Memory per array = 6.7 MiB (= 0.0 GiB).
Total memory required = 20.2 MiB (= 0.0 GiB).
Each kernel will be executed 5 times.
-------------------------------------------------------------
Function    Best Rate MB/s  Avg time     Min time     Max time
Copy:           11228.6     0.001840     0.001255     0.002214
Scale:          11265.0     0.001459     0.001251     0.001551
Add:             8276.0     0.002609     0.002554     0.002749
Triad:           7686.9     0.002835     0.002750     0.002951
-------------------------------------------------------------
Solution Validates: avg error less than 1.000000e-13 on all three arrays
-------------------------------------------------------------



--- run 3 ---
-------------------------------------------------------------
STREAM (dynamic) version — custom malloc-based implementation
-------------------------------------------------------------
This system uses 8 bytes per array element.
-------------------------------------------------------------
Array size = 880768 (elements), Offset = 0 (elements)
Memory per array = 6.7 MiB (= 0.0 GiB).
Total memory required = 20.2 MiB (= 0.0 GiB).
Each kernel will be executed 5 times.
-------------------------------------------------------------
Function    Best Rate MB/s  Avg time     Min time     Max time
Copy:           12296.1     0.001220     0.001146     0.001369
Scale:          11355.9     0.001251     0.001241     0.001264
Add:             9361.3     0.002361     0.002258     0.002572
Triad:           9374.2     0.002330     0.002255     0.002529
-------------------------------------------------------------
Solution Validates: avg error less than 1.000000e-13 on all three arrays
-------------------------------------------------------------



--- run 1 ---
-------------------------------------------------------------
STREAM (dynamic) version — custom malloc-based implementation
-------------------------------------------------------------
This system uses 8 bytes per array element.
-------------------------------------------------------------
Array size = 933120 (elements), Offset = 0 (elements)
Memory per array = 7.1 MiB (= 0.0 GiB).
Total memory required = 21.4 MiB (= 0.0 GiB).
Each kernel will be executed 5 times.
-------------------------------------------------------------
Function    Best Rate MB/s  Avg time     Min time     Max time
Copy:           11224.3     0.001389     0.001330     0.001517
Scale:          11200.3     0.001360     0.001333     0.001436
Add:             9481.3     0.002612     0.002362     0.002712
Triad:           8337.6     0.002696     0.002686     0.002701
-------------------------------------------------------------
Solution Validates: avg error less than 1.000000e-13 on all three arrays
-------------------------------------------------------------



--- run 2 ---
-------------------------------------------------------------
STREAM (dynamic) version — custom malloc-based implementation
-------------------------------------------------------------
This system uses 8 bytes per array element.
-------------------------------------------------------------
Array size = 933120 (elements), Offset = 0 (elements)
Memory per array = 7.1 MiB (= 0.0 GiB).
Total memory required = 21.4 MiB (= 0.0 GiB).
Each kernel will be executed 5 times.
-------------------------------------------------------------
Function    Best Rate MB/s  Avg time     Min time     Max time
Copy:           12168.8     0.001743     0.001227     0.002108
Scale:          11414.6     0.001316     0.001308     0.001333
Add:             9441.2     0.002456     0.002372     0.002665
Triad:           9342.6     0.002491     0.002397     0.002700
-------------------------------------------------------------
Solution Validates: avg error less than 1.000000e-13 on all three arrays
-------------------------------------------------------------



--- run 3 ---
-------------------------------------------------------------
STREAM (dynamic) version — custom malloc-based implementation
-------------------------------------------------------------
This system uses 8 bytes per array element.
-------------------------------------------------------------
Array size = 933120 (elements), Offset = 0 (elements)
Memory per array = 7.1 MiB (= 0.0 GiB).
Total memory required = 21.4 MiB (= 0.0 GiB).
Each kernel will be executed 5 times.
-------------------------------------------------------------
Function    Best Rate MB/s  Avg time     Min time     Max time
Copy:           11866.7     0.001324     0.001258     0.001361
Scale:          11319.7     0.001371     0.001319     0.001484
Add:             9461.2     0.002619     0.002367     0.002733
Triad:           8312.5     0.002705     0.002694     0.002727
-------------------------------------------------------------
Solution Validates: avg error less than 1.000000e-13 on all three arrays
-------------------------------------------------------------



--- run 1 ---
-------------------------------------------------------------
STREAM (dynamic) version — custom malloc-based implementation
-------------------------------------------------------------
This system uses 8 bytes per array element.
-------------------------------------------------------------
Array size = 988586 (elements), Offset = 0 (elements)
Memory per array = 7.5 MiB (= 0.0 GiB).
Total memory required = 22.6 MiB (= 0.0 GiB).
Each kernel will be executed 5 times.
-------------------------------------------------------------
Function    Best Rate MB/s  Avg time     Min time     Max time
Copy:           11846.9     0.001349     0.001335     0.001360
Scale:          11362.0     0.001395     0.001392     0.001398
Add:             9330.1     0.002717     0.002543     0.002873
Triad:           9441.6     0.002604     0.002513     0.002848
-------------------------------------------------------------
Solution Validates: avg error less than 1.000000e-13 on all three arrays
-------------------------------------------------------------



--- run 2 ---
-------------------------------------------------------------
STREAM (dynamic) version — custom malloc-based implementation
-------------------------------------------------------------
This system uses 8 bytes per array element.
-------------------------------------------------------------
Array size = 988586 (elements), Offset = 0 (elements)
Memory per array = 7.5 MiB (= 0.0 GiB).
Total memory required = 22.6 MiB (= 0.0 GiB).
Each kernel will be executed 5 times.
-------------------------------------------------------------
Function    Best Rate MB/s  Avg time     Min time     Max time
Copy:           11227.4     0.001446     0.001409     0.001503
Scale:          11364.0     0.001432     0.001392     0.001529
Add:             8339.4     0.002868     0.002845     0.002880
Triad:           8269.4     0.002899     0.002869     0.002919
-------------------------------------------------------------
Solution Validates: avg error less than 1.000000e-13 on all three arrays
-------------------------------------------------------------



--- run 3 ---
-------------------------------------------------------------
STREAM (dynamic) version — custom malloc-based implementation
-------------------------------------------------------------
This system uses 8 bytes per array element.
-------------------------------------------------------------
Array size = 988586 (elements), Offset = 0 (elements)
Memory per array = 7.5 MiB (= 0.0 GiB).
Total memory required = 22.6 MiB (= 0.0 GiB).
Each kernel will be executed 5 times.
-------------------------------------------------------------
Function    Best Rate MB/s  Avg time     Min time     Max time
Copy:           12177.5     0.001435     0.001299     0.001686
Scale:          11323.2     0.001404     0.001397     0.001420
Add:             9418.4     0.002729     0.002519     0.002952
Triad:           8336.6     0.002889     0.002846     0.002954
-------------------------------------------------------------
Solution Validates: avg error less than 1.000000e-13 on all three arrays
-------------------------------------------------------------



--- run 1 ---
-------------------------------------------------------------
STREAM (dynamic) version — custom malloc-based implementation
-------------------------------------------------------------
This system uses 8 bytes per array element.
-------------------------------------------------------------
Array size = 1047381 (elements), Offset = 0 (elements)
Memory per array = 8.0 MiB (= 0.0 GiB).
Total memory required = 24.0 MiB (= 0.0 GiB).
Each kernel will be executed 5 times.
-------------------------------------------------------------
Function    Best Rate MB/s  Avg time     Min time     Max time
Copy:           12213.5     0.001451     0.001372     0.001563
Scale:          11307.7     0.001503     0.001482     0.001558
Add:             9295.8     0.002943     0.002704     0.003033
Triad:           9411.1     0.002855     0.002671     0.003036
-------------------------------------------------------------
Solution Validates: avg error less than 1.000000e-13 on all three arrays
-------------------------------------------------------------



--- run 2 ---
-------------------------------------------------------------
STREAM (dynamic) version — custom malloc-based implementation
-------------------------------------------------------------
This system uses 8 bytes per array element.
-------------------------------------------------------------
Array size = 1047381 (elements), Offset = 0 (elements)
Memory per array = 8.0 MiB (= 0.0 GiB).
Total memory required = 24.0 MiB (= 0.0 GiB).
Each kernel will be executed 5 times.
-------------------------------------------------------------
Function    Best Rate MB/s  Avg time     Min time     Max time
Copy:           11375.4     0.001562     0.001473     0.001641
Scale:          10820.3     0.001642     0.001549     0.001737
Add:             9033.0     0.002856     0.002783     0.002960
Triad:           9238.8     0.002847     0.002721     0.003027
-------------------------------------------------------------
Solution Validates: avg error less than 1.000000e-13 on all three arrays
-------------------------------------------------------------



--- run 3 ---
-------------------------------------------------------------
STREAM (dynamic) version — custom malloc-based implementation
-------------------------------------------------------------
This system uses 8 bytes per array element.
-------------------------------------------------------------
Array size = 1047381 (elements), Offset = 0 (elements)
Memory per array = 8.0 MiB (= 0.0 GiB).
Total memory required = 24.0 MiB (= 0.0 GiB).
Each kernel will be executed 5 times.
-------------------------------------------------------------
Function    Best Rate MB/s  Avg time     Min time     Max time
Copy:           11276.8     0.001822     0.001486     0.002696
Scale:          11255.2     0.001566     0.001489     0.001749
Add:             8314.9     0.003153     0.003023     0.003307
Triad:           8309.6     0.003118     0.003025     0.003194
-------------------------------------------------------------
Solution Validates: avg error less than 1.000000e-13 on all three arrays
-------------------------------------------------------------



--- run 1 ---
-------------------------------------------------------------
STREAM (dynamic) version — custom malloc-based implementation
-------------------------------------------------------------
This system uses 8 bytes per array element.
-------------------------------------------------------------
Array size = 1109674 (elements), Offset = 0 (elements)
Memory per array = 8.5 MiB (= 0.0 GiB).
Total memory required = 25.4 MiB (= 0.0 GiB).
Each kernel will be executed 5 times.
-------------------------------------------------------------
Function    Best Rate MB/s  Avg time     Min time     Max time
Copy:           12210.0     0.001603     0.001454     0.001832
Scale:          11345.1     0.001577     0.001565     0.001590
Add:             9397.1     0.003098     0.002834     0.003186
Triad:           9528.6     0.003015     0.002795     0.003245
-------------------------------------------------------------
Solution Validates: avg error less than 1.000000e-13 on all three arrays
-------------------------------------------------------------



--- run 2 ---
-------------------------------------------------------------
STREAM (dynamic) version — custom malloc-based implementation
-------------------------------------------------------------
This system uses 8 bytes per array element.
-------------------------------------------------------------
Array size = 1109674 (elements), Offset = 0 (elements)
Memory per array = 8.5 MiB (= 0.0 GiB).
Total memory required = 25.4 MiB (= 0.0 GiB).
Each kernel will be executed 5 times.
-------------------------------------------------------------
Function    Best Rate MB/s  Avg time     Min time     Max time
Copy:           12154.2     0.001688     0.001461     0.001923
Scale:          11374.5     0.001606     0.001561     0.001712
Add:             9440.8     0.003125     0.002821     0.003269
Triad:           9464.8     0.002946     0.002814     0.003299
-------------------------------------------------------------
Solution Validates: avg error less than 1.000000e-13 on all three arrays
-------------------------------------------------------------



--- run 3 ---
-------------------------------------------------------------
STREAM (dynamic) version — custom malloc-based implementation
-------------------------------------------------------------
This system uses 8 bytes per array element.
-------------------------------------------------------------
Array size = 1109674 (elements), Offset = 0 (elements)
Memory per array = 8.5 MiB (= 0.0 GiB).
Total memory required = 25.4 MiB (= 0.0 GiB).
Each kernel will be executed 5 times.
-------------------------------------------------------------
Function    Best Rate MB/s  Avg time     Min time     Max time
Copy:           12202.0     0.001607     0.001455     0.001684
Scale:          11315.8     0.001623     0.001569     0.001782
Add:             9437.6     0.003059     0.002822     0.003302
Triad:           9374.2     0.003045     0.002841     0.003248
-------------------------------------------------------------
Solution Validates: avg error less than 1.000000e-13 on all three arrays
-------------------------------------------------------------



--- run 1 ---
-------------------------------------------------------------
STREAM (dynamic) version — custom malloc-based implementation
-------------------------------------------------------------
This system uses 8 bytes per array element.
-------------------------------------------------------------
Array size = 1175637 (elements), Offset = 0 (elements)
Memory per array = 9.0 MiB (= 0.0 GiB).
Total memory required = 26.9 MiB (= 0.0 GiB).
Each kernel will be executed 5 times.
-------------------------------------------------------------
Function    Best Rate MB/s  Avg time     Min time     Max time
Copy:           11712.5     0.001833     0.001606     0.002351
Scale:          11330.7     0.001725     0.001660     0.001794
Add:             9396.1     0.003229     0.003003     0.003455
Triad:           8315.3     0.003423     0.003393     0.003460
-------------------------------------------------------------
Solution Validates: avg error less than 1.000000e-13 on all three arrays
-------------------------------------------------------------



--- run 2 ---
-------------------------------------------------------------
STREAM (dynamic) version — custom malloc-based implementation
-------------------------------------------------------------
This system uses 8 bytes per array element.
-------------------------------------------------------------
Array size = 1175637 (elements), Offset = 0 (elements)
Memory per array = 9.0 MiB (= 0.0 GiB).
Total memory required = 26.9 MiB (= 0.0 GiB).
Each kernel will be executed 5 times.
-------------------------------------------------------------
Function    Best Rate MB/s  Avg time     Min time     Max time
Copy:           11059.1     0.001777     0.001701     0.001975
Scale:          11332.3     0.001667     0.001660     0.001683
Add:             9395.3     0.003206     0.003003     0.003408
Triad:           8283.9     0.003449     0.003406     0.003537
-------------------------------------------------------------
Solution Validates: avg error less than 1.000000e-13 on all three arrays
-------------------------------------------------------------



--- run 3 ---
-------------------------------------------------------------
STREAM (dynamic) version — custom malloc-based implementation
-------------------------------------------------------------
This system uses 8 bytes per array element.
-------------------------------------------------------------
Array size = 1175637 (elements), Offset = 0 (elements)
Memory per array = 9.0 MiB (= 0.0 GiB).
Total memory required = 26.9 MiB (= 0.0 GiB).
Each kernel will be executed 5 times.
-------------------------------------------------------------
Function    Best Rate MB/s  Avg time     Min time     Max time
Copy:           12065.4     0.001598     0.001559     0.001693
Scale:          11358.4     0.001684     0.001656     0.001739
Add:             8291.4     0.003407     0.003403     0.003412
Triad:           9389.4     0.003128     0.003005     0.003484
-------------------------------------------------------------
Solution Validates: avg error less than 1.000000e-13 on all three arrays
-------------------------------------------------------------



--- run 1 ---
-------------------------------------------------------------
STREAM (dynamic) version — custom malloc-based implementation
-------------------------------------------------------------
This system uses 8 bytes per array element.
-------------------------------------------------------------
Array size = 1245568 (elements), Offset = 0 (elements)
Memory per array = 9.5 MiB (= 0.0 GiB).
Total memory required = 28.5 MiB (= 0.0 GiB).
Each kernel will be executed 5 times.
-------------------------------------------------------------
Function    Best Rate MB/s  Avg time     Min time     Max time
Copy:            8668.3     0.002757     0.002299     0.003207
Scale:          10444.7     0.001969     0.001908     0.002035
Add:             7922.6     0.003871     0.003773     0.004024
Triad:           7969.9     0.003842     0.003751     0.003995
-------------------------------------------------------------
Solution Validates: avg error less than 1.000000e-13 on all three arrays
-------------------------------------------------------------



--- run 2 ---
-------------------------------------------------------------
STREAM (dynamic) version — custom malloc-based implementation
-------------------------------------------------------------
This system uses 8 bytes per array element.
-------------------------------------------------------------
Array size = 1245568 (elements), Offset = 0 (elements)
Memory per array = 9.5 MiB (= 0.0 GiB).
Total memory required = 28.5 MiB (= 0.0 GiB).
Each kernel will be executed 5 times.
-------------------------------------------------------------
Function    Best Rate MB/s  Avg time     Min time     Max time
Copy:           12263.6     0.002008     0.001625     0.002468
Scale:          11291.2     0.001942     0.001765     0.002457
Add:             9368.1     0.003502     0.003191     0.003608
Triad:           9453.6     0.003305     0.003162     0.003587
-------------------------------------------------------------
Solution Validates: avg error less than 1.000000e-13 on all three arrays
-------------------------------------------------------------



--- run 3 ---
-------------------------------------------------------------
STREAM (dynamic) version — custom malloc-based implementation
-------------------------------------------------------------
This system uses 8 bytes per array element.
-------------------------------------------------------------
Array size = 1245568 (elements), Offset = 0 (elements)
Memory per array = 9.5 MiB (= 0.0 GiB).
Total memory required = 28.5 MiB (= 0.0 GiB).
Each kernel will be executed 5 times.
-------------------------------------------------------------
Function    Best Rate MB/s  Avg time     Min time     Max time
Copy:           12137.2     0.001814     0.001642     0.002131
Scale:          11361.8     0.001767     0.001754     0.001779
Add:             9439.4     0.003383     0.003167     0.003601
Triad:           8329.4     0.003598     0.003589     0.003615
-------------------------------------------------------------
Solution Validates: avg error less than 1.000000e-13 on all three arrays
-------------------------------------------------------------



--- run 1 ---
-------------------------------------------------------------
STREAM (dynamic) version — custom malloc-based implementation
-------------------------------------------------------------
This system uses 8 bytes per array element.
-------------------------------------------------------------
Array size = 1319637 (elements), Offset = 0 (elements)
Memory per array = 10.1 MiB (= 0.0 GiB).
Total memory required = 30.2 MiB (= 0.0 GiB).
Each kernel will be executed 5 times.
-------------------------------------------------------------
Function    Best Rate MB/s  Avg time     Min time     Max time
Copy:           11218.6     0.001994     0.001882     0.002319
Scale:          11255.6     0.001894     0.001876     0.001928
Add:             8278.1     0.003841     0.003826     0.003863
Triad:           8312.8     0.003832     0.003810     0.003864
-------------------------------------------------------------
Solution Validates: avg error less than 1.000000e-13 on all three arrays
-------------------------------------------------------------



--- run 2 ---
-------------------------------------------------------------
STREAM (dynamic) version — custom malloc-based implementation
-------------------------------------------------------------
This system uses 8 bytes per array element.
-------------------------------------------------------------
Array size = 1319637 (elements), Offset = 0 (elements)
Memory per array = 10.1 MiB (= 0.0 GiB).
Total memory required = 30.2 MiB (= 0.0 GiB).
Each kernel will be executed 5 times.
-------------------------------------------------------------
Function    Best Rate MB/s  Avg time     Min time     Max time
Copy:           10871.5     0.002003     0.001942     0.002065
Scale:          10294.0     0.002196     0.002051     0.002315
Add:             8401.2     0.003854     0.003770     0.004007
Triad:           8276.1     0.003929     0.003827     0.004182
-------------------------------------------------------------
Solution Validates: avg error less than 1.000000e-13 on all three arrays
-------------------------------------------------------------



--- run 3 ---
-------------------------------------------------------------
STREAM (dynamic) version — custom malloc-based implementation
-------------------------------------------------------------
This system uses 8 bytes per array element.
-------------------------------------------------------------
Array size = 1319637 (elements), Offset = 0 (elements)
Memory per array = 10.1 MiB (= 0.0 GiB).
Total memory required = 30.2 MiB (= 0.0 GiB).
Each kernel will be executed 5 times.
-------------------------------------------------------------
Function    Best Rate MB/s  Avg time     Min time     Max time
Copy:           12347.9     0.001896     0.001710     0.002228
Scale:          11388.8     0.001872     0.001854     0.001896
Add:             9376.0     0.003504     0.003378     0.003834
Triad:           9442.6     0.003385     0.003354     0.003433
-------------------------------------------------------------
Solution Validates: avg error less than 1.000000e-13 on all three arrays
-------------------------------------------------------------



--- run 1 ---
-------------------------------------------------------------
STREAM (dynamic) version — custom malloc-based implementation
-------------------------------------------------------------
This system uses 8 bytes per array element.
-------------------------------------------------------------
Array size = 1398101 (elements), Offset = 0 (elements)
Memory per array = 10.7 MiB (= 0.0 GiB).
Total memory required = 32.0 MiB (= 0.0 GiB).
Each kernel will be executed 5 times.
-------------------------------------------------------------
Function    Best Rate MB/s  Avg time     Min time     Max time
Copy:           12317.8     0.002007     0.001816     0.002169
Scale:          11349.3     0.002005     0.001971     0.002079
Add:             9399.4     0.003930     0.003570     0.004070
Triad:           9377.5     0.003817     0.003578     0.004046
-------------------------------------------------------------
Solution Validates: avg error less than 1.000000e-13 on all three arrays
-------------------------------------------------------------



--- run 2 ---
-------------------------------------------------------------
STREAM (dynamic) version — custom malloc-based implementation
-------------------------------------------------------------
This system uses 8 bytes per array element.
-------------------------------------------------------------
Array size = 1398101 (elements), Offset = 0 (elements)
Memory per array = 10.7 MiB (= 0.0 GiB).
Total memory required = 32.0 MiB (= 0.0 GiB).
Each kernel will be executed 5 times.
-------------------------------------------------------------
Function    Best Rate MB/s  Avg time     Min time     Max time
Copy:           12125.2     0.002275     0.001845     0.002840
Scale:          11247.3     0.002019     0.001989     0.002093
Add:             9268.8     0.003945     0.003620     0.004065
Triad:           8313.4     0.004042     0.004036     0.004050
-------------------------------------------------------------
Solution Validates: avg error less than 1.000000e-13 on all three arrays
-------------------------------------------------------------



--- run 3 ---
-------------------------------------------------------------
STREAM (dynamic) version — custom malloc-based implementation
-------------------------------------------------------------
This system uses 8 bytes per array element.
-------------------------------------------------------------
Array size = 1398101 (elements), Offset = 0 (elements)
Memory per array = 10.7 MiB (= 0.0 GiB).
Total memory required = 32.0 MiB (= 0.0 GiB).
Each kernel will be executed 5 times.
-------------------------------------------------------------
Function    Best Rate MB/s  Avg time     Min time     Max time
Copy:           11013.6     0.002441     0.002031     0.003002
Scale:          10044.4     0.002319     0.002227     0.002424
Add:             8686.4     0.003940     0.003863     0.004069
Triad:           8706.3     0.003920     0.003854     0.004049
-------------------------------------------------------------
Solution Validates: avg error less than 1.000000e-13 on all three arrays
-------------------------------------------------------------



--- run 1 ---
-------------------------------------------------------------
STREAM (dynamic) version — custom malloc-based implementation
-------------------------------------------------------------
This system uses 8 bytes per array element.
-------------------------------------------------------------
Array size = 1481216 (elements), Offset = 0 (elements)
Memory per array = 11.3 MiB (= 0.0 GiB).
Total memory required = 33.9 MiB (= 0.0 GiB).
Each kernel will be executed 5 times.
-------------------------------------------------------------
Function    Best Rate MB/s  Avg time     Min time     Max time
Copy:           11946.0     0.002106     0.001984     0.002298
Scale:          11300.9     0.002141     0.002097     0.002180
Add:             8305.7     0.004322     0.004280     0.004382
Triad:           8251.9     0.004378     0.004308     0.004541
-------------------------------------------------------------
Solution Validates: avg error less than 1.000000e-13 on all three arrays
-------------------------------------------------------------



--- run 2 ---
-------------------------------------------------------------
STREAM (dynamic) version — custom malloc-based implementation
-------------------------------------------------------------
This system uses 8 bytes per array element.
-------------------------------------------------------------
Array size = 1481216 (elements), Offset = 0 (elements)
Memory per array = 11.3 MiB (= 0.0 GiB).
Total memory required = 33.9 MiB (= 0.0 GiB).
Each kernel will be executed 5 times.
-------------------------------------------------------------
Function    Best Rate MB/s  Avg time     Min time     Max time
Copy:           10957.1     0.002724     0.002163     0.003332
Scale:          11383.7     0.002110     0.002082     0.002154
Add:             8333.1     0.004281     0.004266     0.004287
Triad:           8325.7     0.004299     0.004270     0.004329
-------------------------------------------------------------
Solution Validates: avg error less than 1.000000e-13 on all three arrays
-------------------------------------------------------------



--- run 3 ---
-------------------------------------------------------------
STREAM (dynamic) version — custom malloc-based implementation
-------------------------------------------------------------
This system uses 8 bytes per array element.
-------------------------------------------------------------
Array size = 1481216 (elements), Offset = 0 (elements)
Memory per array = 11.3 MiB (= 0.0 GiB).
Total memory required = 33.9 MiB (= 0.0 GiB).
Each kernel will be executed 5 times.
-------------------------------------------------------------
Function    Best Rate MB/s  Avg time     Min time     Max time
Copy:           11237.0     0.002167     0.002109     0.002234
Scale:          11136.3     0.002318     0.002128     0.002444
Add:             8781.7     0.004149     0.004048     0.004288
Triad:           8795.1     0.004253     0.004042     0.004624
-------------------------------------------------------------
Solution Validates: avg error less than 1.000000e-13 on all three arrays
-------------------------------------------------------------



--- run 1 ---
-------------------------------------------------------------
STREAM (dynamic) version — custom malloc-based implementation
-------------------------------------------------------------
This system uses 8 bytes per array element.
-------------------------------------------------------------
Array size = 1569322 (elements), Offset = 0 (elements)
Memory per array = 12.0 MiB (= 0.0 GiB).
Total memory required = 35.9 MiB (= 0.0 GiB).
Each kernel will be executed 5 times.
-------------------------------------------------------------
Function    Best Rate MB/s  Avg time     Min time     Max time
Copy:           12171.0     0.002166     0.002063     0.002242
Scale:          11367.0     0.002230     0.002209     0.002282
Add:             9411.6     0.004283     0.004002     0.004557
Triad:           8321.4     0.004541     0.004526     0.004557
-------------------------------------------------------------
Solution Validates: avg error less than 1.000000e-13 on all three arrays
-------------------------------------------------------------



--- run 2 ---
-------------------------------------------------------------
STREAM (dynamic) version — custom malloc-based implementation
-------------------------------------------------------------
This system uses 8 bytes per array element.
-------------------------------------------------------------
Array size = 1569322 (elements), Offset = 0 (elements)
Memory per array = 12.0 MiB (= 0.0 GiB).
Total memory required = 35.9 MiB (= 0.0 GiB).
Each kernel will be executed 5 times.
-------------------------------------------------------------
Function    Best Rate MB/s  Avg time     Min time     Max time
Copy:           12124.7     0.002609     0.002071     0.003229
Scale:          11264.9     0.002520     0.002229     0.002968
Add:             9366.9     0.004342     0.004021     0.004739
Triad:           9357.5     0.004207     0.004025     0.004599
-------------------------------------------------------------
Solution Validates: avg error less than 1.000000e-13 on all three arrays
-------------------------------------------------------------



--- run 3 ---
-------------------------------------------------------------
STREAM (dynamic) version — custom malloc-based implementation
-------------------------------------------------------------
This system uses 8 bytes per array element.
-------------------------------------------------------------
Array size = 1569322 (elements), Offset = 0 (elements)
Memory per array = 12.0 MiB (= 0.0 GiB).
Total memory required = 35.9 MiB (= 0.0 GiB).
Each kernel will be executed 5 times.
-------------------------------------------------------------
Function    Best Rate MB/s  Avg time     Min time     Max time
Copy:           11776.3     0.002297     0.002132     0.002517
Scale:          11335.2     0.002262     0.002215     0.002377
Add:             9394.8     0.004411     0.004009     0.004566
Triad:           9416.1     0.004422     0.004000     0.004640
-------------------------------------------------------------
Solution Validates: avg error less than 1.000000e-13 on all three arrays
-------------------------------------------------------------



--- run 1 ---
-------------------------------------------------------------
STREAM (dynamic) version — custom malloc-based implementation
-------------------------------------------------------------
This system uses 8 bytes per array element.
-------------------------------------------------------------
Array size = 1662634 (elements), Offset = 0 (elements)
Memory per array = 12.7 MiB (= 0.0 GiB).
Total memory required = 38.1 MiB (= 0.0 GiB).
Each kernel will be executed 5 times.
-------------------------------------------------------------
Function    Best Rate MB/s  Avg time     Min time     Max time
Copy:           12230.3     0.002543     0.002175     0.003584
Scale:          11277.3     0.002371     0.002359     0.002383
Add:             9424.3     0.004252     0.004234     0.004275
Triad:           9451.4     0.004251     0.004222     0.004284
-------------------------------------------------------------
Solution Validates: avg error less than 1.000000e-13 on all three arrays
-------------------------------------------------------------



--- run 2 ---
-------------------------------------------------------------
STREAM (dynamic) version — custom malloc-based implementation
-------------------------------------------------------------
This system uses 8 bytes per array element.
-------------------------------------------------------------
Array size = 1662634 (elements), Offset = 0 (elements)
Memory per array = 12.7 MiB (= 0.0 GiB).
Total memory required = 38.1 MiB (= 0.0 GiB).
Each kernel will be executed 5 times.
-------------------------------------------------------------
Function    Best Rate MB/s  Avg time     Min time     Max time
Copy:           11988.6     0.002283     0.002219     0.002406
Scale:          11358.8     0.002355     0.002342     0.002365
Add:             9386.8     0.004663     0.004251     0.004818
Triad:           9462.7     0.004382     0.004217     0.004852
-------------------------------------------------------------
Solution Validates: avg error less than 1.000000e-13 on all three arrays
-------------------------------------------------------------



--- run 3 ---
-------------------------------------------------------------
STREAM (dynamic) version — custom malloc-based implementation
-------------------------------------------------------------
This system uses 8 bytes per array element.
-------------------------------------------------------------
Array size = 1662634 (elements), Offset = 0 (elements)
Memory per array = 12.7 MiB (= 0.0 GiB).
Total memory required = 38.1 MiB (= 0.0 GiB).
Each kernel will be executed 5 times.
-------------------------------------------------------------
Function    Best Rate MB/s  Avg time     Min time     Max time
Copy:           12219.6     0.002247     0.002177     0.002314
Scale:          11300.1     0.002411     0.002354     0.002550
Add:             8333.7     0.004871     0.004788     0.005099
Triad:           9484.7     0.004433     0.004207     0.005066
-------------------------------------------------------------
Solution Validates: avg error less than 1.000000e-13 on all three arrays
-------------------------------------------------------------



--- run 1 ---
-------------------------------------------------------------
STREAM (dynamic) version — custom malloc-based implementation
-------------------------------------------------------------
This system uses 8 bytes per array element.
-------------------------------------------------------------
Array size = 1761493 (elements), Offset = 0 (elements)
Memory per array = 13.4 MiB (= 0.0 GiB).
Total memory required = 40.3 MiB (= 0.0 GiB).
Each kernel will be executed 5 times.
-------------------------------------------------------------
Function    Best Rate MB/s  Avg time     Min time     Max time
Copy:           12227.1     0.002326     0.002305     0.002340
Scale:          11360.0     0.002492     0.002481     0.002500
Add:             9411.3     0.004805     0.004492     0.005104
Triad:           9415.8     0.004518     0.004490     0.004579
-------------------------------------------------------------
Solution Validates: avg error less than 1.000000e-13 on all three arrays
-------------------------------------------------------------



--- run 2 ---
-------------------------------------------------------------
STREAM (dynamic) version — custom malloc-based implementation
-------------------------------------------------------------
This system uses 8 bytes per array element.
-------------------------------------------------------------
Array size = 1761493 (elements), Offset = 0 (elements)
Memory per array = 13.4 MiB (= 0.0 GiB).
Total memory required = 40.3 MiB (= 0.0 GiB).
Each kernel will be executed 5 times.
-------------------------------------------------------------
Function    Best Rate MB/s  Avg time     Min time     Max time
Copy:           11057.1     0.003554     0.002549     0.004066
Scale:          11264.7     0.002507     0.002502     0.002513
Add:             9417.8     0.004938     0.004489     0.005095
Triad:           9280.7     0.004980     0.004555     0.005171
-------------------------------------------------------------
Solution Validates: avg error less than 1.000000e-13 on all three arrays
-------------------------------------------------------------



--- run 3 ---
-------------------------------------------------------------
STREAM (dynamic) version — custom malloc-based implementation
-------------------------------------------------------------
This system uses 8 bytes per array element.
-------------------------------------------------------------
Array size = 1761493 (elements), Offset = 0 (elements)
Memory per array = 13.4 MiB (= 0.0 GiB).
Total memory required = 40.3 MiB (= 0.0 GiB).
Each kernel will be executed 5 times.
-------------------------------------------------------------
Function    Best Rate MB/s  Avg time     Min time     Max time
Copy:           11886.6     0.003037     0.002371     0.003726
Scale:          11374.2     0.002752     0.002478     0.002964
Add:             8325.2     0.005348     0.005078     0.005579
Triad:           8270.0     0.005418     0.005112     0.005638
-------------------------------------------------------------
Solution Validates: avg error less than 1.000000e-13 on all three arrays
-------------------------------------------------------------



--- run 1 ---
-------------------------------------------------------------
STREAM (dynamic) version — custom malloc-based implementation
-------------------------------------------------------------
This system uses 8 bytes per array element.
-------------------------------------------------------------
Array size = 1866240 (elements), Offset = 0 (elements)
Memory per array = 14.2 MiB (= 0.0 GiB).
Total memory required = 42.7 MiB (= 0.0 GiB).
Each kernel will be executed 5 times.
-------------------------------------------------------------
Function    Best Rate MB/s  Avg time     Min time     Max time
Copy:           11667.7     0.002647     0.002559     0.002682
Scale:          11348.4     0.002638     0.002631     0.002646
Add:             8319.1     0.005406     0.005384     0.005440
Triad:           8280.6     0.005412     0.005409     0.005415
-------------------------------------------------------------
Solution Validates: avg error less than 1.000000e-13 on all three arrays
-------------------------------------------------------------



--- run 2 ---
-------------------------------------------------------------
STREAM (dynamic) version — custom malloc-based implementation
-------------------------------------------------------------
This system uses 8 bytes per array element.
-------------------------------------------------------------
Array size = 1866240 (elements), Offset = 0 (elements)
Memory per array = 14.2 MiB (= 0.0 GiB).
Total memory required = 42.7 MiB (= 0.0 GiB).
Each kernel will be executed 5 times.
-------------------------------------------------------------
Function    Best Rate MB/s  Avg time     Min time     Max time
Copy:           11806.3     0.002719     0.002529     0.002969
Scale:          11306.4     0.002647     0.002641     0.002654
Add:             8337.6     0.005380     0.005372     0.005400
Triad:           8384.4     0.005381     0.005342     0.005419
-------------------------------------------------------------
Solution Validates: avg error less than 1.000000e-13 on all three arrays
-------------------------------------------------------------



--- run 3 ---
-------------------------------------------------------------
STREAM (dynamic) version — custom malloc-based implementation
-------------------------------------------------------------
This system uses 8 bytes per array element.
-------------------------------------------------------------
Array size = 1866240 (elements), Offset = 0 (elements)
Memory per array = 14.2 MiB (= 0.0 GiB).
Total memory required = 42.7 MiB (= 0.0 GiB).
Each kernel will be executed 5 times.
-------------------------------------------------------------
Function    Best Rate MB/s  Avg time     Min time     Max time
Copy:           11600.7     0.002765     0.002574     0.003171
Scale:          11251.6     0.002809     0.002654     0.003212
Add:             8331.3     0.005558     0.005376     0.005705
Triad:           8280.6     0.005537     0.005409     0.005684
-------------------------------------------------------------
Solution Validates: avg error less than 1.000000e-13 on all three arrays
-------------------------------------------------------------



--- run 1 ---
-------------------------------------------------------------
STREAM (dynamic) version — custom malloc-based implementation
-------------------------------------------------------------
This system uses 8 bytes per array element.
-------------------------------------------------------------
Array size = 1977216 (elements), Offset = 0 (elements)
Memory per array = 15.1 MiB (= 0.0 GiB).
Total memory required = 45.3 MiB (= 0.0 GiB).
Each kernel will be executed 5 times.
-------------------------------------------------------------
Function    Best Rate MB/s  Avg time     Min time     Max time
Copy:           12290.5     0.002720     0.002574     0.002819
Scale:          11246.7     0.002829     0.002813     0.002865
Add:             9387.5     0.005554     0.005055     0.005740
Triad:           9337.3     0.005423     0.005082     0.005782
-------------------------------------------------------------
Solution Validates: avg error less than 1.000000e-13 on all three arrays
-------------------------------------------------------------



--- run 2 ---
-------------------------------------------------------------
STREAM (dynamic) version — custom malloc-based implementation
-------------------------------------------------------------
This system uses 8 bytes per array element.
-------------------------------------------------------------
Array size = 1977216 (elements), Offset = 0 (elements)
Memory per array = 15.1 MiB (= 0.0 GiB).
Total memory required = 45.3 MiB (= 0.0 GiB).
Each kernel will be executed 5 times.
-------------------------------------------------------------
Function    Best Rate MB/s  Avg time     Min time     Max time
Copy:           12125.4     0.002837     0.002609     0.003390
Scale:          11278.3     0.002820     0.002805     0.002835
Add:             9407.9     0.005335     0.005044     0.005964
Triad:           9367.1     0.005260     0.005066     0.005800
-------------------------------------------------------------
Solution Validates: avg error less than 1.000000e-13 on all three arrays
-------------------------------------------------------------



--- run 3 ---
-------------------------------------------------------------
STREAM (dynamic) version — custom malloc-based implementation
-------------------------------------------------------------
This system uses 8 bytes per array element.
-------------------------------------------------------------
Array size = 1977216 (elements), Offset = 0 (elements)
Memory per array = 15.1 MiB (= 0.0 GiB).
Total memory required = 45.3 MiB (= 0.0 GiB).
Each kernel will be executed 5 times.
-------------------------------------------------------------
Function    Best Rate MB/s  Avg time     Min time     Max time
Copy:           12093.4     0.002713     0.002616     0.002963
Scale:          11245.8     0.002824     0.002813     0.002851
Add:             9407.9     0.005256     0.005044     0.005731
Triad:           9120.3     0.005605     0.005203     0.005747
-------------------------------------------------------------
Solution Validates: avg error less than 1.000000e-13 on all three arrays
-------------------------------------------------------------



--- run 1 ---
-------------------------------------------------------------
STREAM (dynamic) version — custom malloc-based implementation
-------------------------------------------------------------
This system uses 8 bytes per array element.
-------------------------------------------------------------
Array size = 2094805 (elements), Offset = 0 (elements)
Memory per array = 16.0 MiB (= 0.0 GiB).
Total memory required = 47.9 MiB (= 0.0 GiB).
Each kernel will be executed 5 times.
-------------------------------------------------------------
Function    Best Rate MB/s  Avg time     Min time     Max time
Copy:           11642.2     0.002925     0.002879     0.002968
Scale:          11266.2     0.002999     0.002975     0.003053
Add:             9221.6     0.005901     0.005452     0.006097
Triad:           8340.1     0.006039     0.006028     0.006053
-------------------------------------------------------------
Solution Validates: avg error less than 1.000000e-13 on all three arrays
-------------------------------------------------------------



--- run 2 ---
-------------------------------------------------------------
STREAM (dynamic) version — custom malloc-based implementation
-------------------------------------------------------------
This system uses 8 bytes per array element.
-------------------------------------------------------------
Array size = 2094805 (elements), Offset = 0 (elements)
Memory per array = 16.0 MiB (= 0.0 GiB).
Total memory required = 47.9 MiB (= 0.0 GiB).
Each kernel will be executed 5 times.
-------------------------------------------------------------
Function    Best Rate MB/s  Avg time     Min time     Max time
Copy:           11311.6     0.003541     0.002963     0.004920
Scale:          11278.0     0.003101     0.002972     0.003263
Add:             9405.9     0.005734     0.005345     0.006137
Triad:           9341.3     0.005835     0.005382     0.006105
-------------------------------------------------------------
Solution Validates: avg error less than 1.000000e-13 on all three arrays
-------------------------------------------------------------



--- run 3 ---
-------------------------------------------------------------
STREAM (dynamic) version — custom malloc-based implementation
-------------------------------------------------------------
This system uses 8 bytes per array element.
-------------------------------------------------------------
Array size = 2094805 (elements), Offset = 0 (elements)
Memory per array = 16.0 MiB (= 0.0 GiB).
Total memory required = 47.9 MiB (= 0.0 GiB).
Each kernel will be executed 5 times.
-------------------------------------------------------------
Function    Best Rate MB/s  Avg time     Min time     Max time
Copy:           12368.5     0.002731     0.002710     0.002740
Scale:          11296.1     0.002986     0.002967     0.002997
Add:             9416.8     0.005881     0.005339     0.006068
Triad:           9450.1     0.005363     0.005320     0.005426
-------------------------------------------------------------
Solution Validates: avg error less than 1.000000e-13 on all three arrays
-------------------------------------------------------------



--- run 1 ---
-------------------------------------------------------------
STREAM (dynamic) version — custom malloc-based implementation
-------------------------------------------------------------
This system uses 8 bytes per array element.
-------------------------------------------------------------
Array size = 2219349 (elements), Offset = 0 (elements)
Memory per array = 16.9 MiB (= 0.0 GiB).
Total memory required = 50.8 MiB (= 0.0 GiB).
Each kernel will be executed 5 times.
-------------------------------------------------------------
Function    Best Rate MB/s  Avg time     Min time     Max time
Copy:           11177.3     0.004930     0.003177     0.005982
Scale:          11272.9     0.003893     0.003150     0.005214
Add:             8247.8     0.006858     0.006458     0.007094
Triad:           8299.2     0.006889     0.006418     0.007102
-------------------------------------------------------------
Solution Validates: avg error less than 1.000000e-13 on all three arrays
-------------------------------------------------------------



--- run 2 ---
-------------------------------------------------------------
STREAM (dynamic) version — custom malloc-based implementation
-------------------------------------------------------------
This system uses 8 bytes per array element.
-------------------------------------------------------------
Array size = 2219349 (elements), Offset = 0 (elements)
Memory per array = 16.9 MiB (= 0.0 GiB).
Total memory required = 50.8 MiB (= 0.0 GiB).
Each kernel will be executed 5 times.
-------------------------------------------------------------
Function    Best Rate MB/s  Avg time     Min time     Max time
Copy:           11972.5     0.003541     0.002966     0.004339
Scale:          11304.6     0.003162     0.003141     0.003213
Add:             8300.8     0.006458     0.006417     0.006501
Triad:           9298.9     0.006234     0.005728     0.006431
-------------------------------------------------------------
Solution Validates: avg error less than 1.000000e-13 on all three arrays
-------------------------------------------------------------



--- run 3 ---
-------------------------------------------------------------
STREAM (dynamic) version — custom malloc-based implementation
-------------------------------------------------------------
This system uses 8 bytes per array element.
-------------------------------------------------------------
Array size = 2219349 (elements), Offset = 0 (elements)
Memory per array = 16.9 MiB (= 0.0 GiB).
Total memory required = 50.8 MiB (= 0.0 GiB).
Each kernel will be executed 5 times.
-------------------------------------------------------------
Function    Best Rate MB/s  Avg time     Min time     Max time
Copy:           12303.8     0.002911     0.002886     0.002931
Scale:          11247.4     0.003170     0.003157     0.003189
Add:             9425.7     0.006250     0.005651     0.006483
Triad:           9407.4     0.005869     0.005662     0.006443
-------------------------------------------------------------
Solution Validates: avg error less than 1.000000e-13 on all three arrays
-------------------------------------------------------------



--- run 1 ---
-------------------------------------------------------------
STREAM (dynamic) version — custom malloc-based implementation
-------------------------------------------------------------
This system uses 8 bytes per array element.
-------------------------------------------------------------
Array size = 2351317 (elements), Offset = 0 (elements)
Memory per array = 17.9 MiB (= 0.0 GiB).
Total memory required = 53.8 MiB (= 0.1 GiB).
Each kernel will be executed 5 times.
-------------------------------------------------------------
Function    Best Rate MB/s  Avg time     Min time     Max time
Copy:           12367.3     0.003134     0.003042     0.003333
Scale:          11236.5     0.003350     0.003348     0.003353
Add:             8344.2     0.006779     0.006763     0.006820
Triad:           9426.9     0.006219     0.005986     0.006835
-------------------------------------------------------------
Solution Validates: avg error less than 1.000000e-13 on all three arrays
-------------------------------------------------------------



--- run 2 ---
-------------------------------------------------------------
STREAM (dynamic) version — custom malloc-based implementation
-------------------------------------------------------------
This system uses 8 bytes per array element.
-------------------------------------------------------------
Array size = 2351317 (elements), Offset = 0 (elements)
Memory per array = 17.9 MiB (= 0.0 GiB).
Total memory required = 53.8 MiB (= 0.1 GiB).
Each kernel will be executed 5 times.
-------------------------------------------------------------
Function    Best Rate MB/s  Avg time     Min time     Max time
Copy:           12250.2     0.003157     0.003071     0.003348
Scale:          11287.1     0.003338     0.003333     0.003343
Add:             9427.3     0.006396     0.005986     0.006780
Triad:           9439.7     0.006201     0.005978     0.006822
-------------------------------------------------------------
Solution Validates: avg error less than 1.000000e-13 on all three arrays
-------------------------------------------------------------



--- run 3 ---
-------------------------------------------------------------
STREAM (dynamic) version — custom malloc-based implementation
-------------------------------------------------------------
This system uses 8 bytes per array element.
-------------------------------------------------------------
Array size = 2351317 (elements), Offset = 0 (elements)
Memory per array = 17.9 MiB (= 0.0 GiB).
Total memory required = 53.8 MiB (= 0.1 GiB).
Each kernel will be executed 5 times.
-------------------------------------------------------------
Function    Best Rate MB/s  Avg time     Min time     Max time
Copy:           12441.4     0.003048     0.003024     0.003086
Scale:          11237.3     0.003364     0.003348     0.003402
Add:             8328.0     0.006800     0.006776     0.006826
Triad:           9433.7     0.006210     0.005982     0.006812
-------------------------------------------------------------
Solution Validates: avg error less than 1.000000e-13 on all three arrays
-------------------------------------------------------------



--- run 1 ---
-------------------------------------------------------------
STREAM (dynamic) version — custom malloc-based implementation
-------------------------------------------------------------
This system uses 8 bytes per array element.
-------------------------------------------------------------
Array size = 2491136 (elements), Offset = 0 (elements)
Memory per array = 19.0 MiB (= 0.0 GiB).
Total memory required = 57.0 MiB (= 0.1 GiB).
Each kernel will be executed 5 times.
-------------------------------------------------------------
Function    Best Rate MB/s  Avg time     Min time     Max time
Copy:           12287.0     0.003355     0.003244     0.003554
Scale:          11252.4     0.003548     0.003542     0.003556
Add:             9424.1     0.006743     0.006344     0.007144
Triad:           9424.1     0.006588     0.006344     0.007213
-------------------------------------------------------------
Solution Validates: avg error less than 1.000000e-13 on all three arrays
-------------------------------------------------------------



--- run 2 ---
-------------------------------------------------------------
STREAM (dynamic) version — custom malloc-based implementation
-------------------------------------------------------------
This system uses 8 bytes per array element.
-------------------------------------------------------------
Array size = 2491136 (elements), Offset = 0 (elements)
Memory per array = 19.0 MiB (= 0.0 GiB).
Total memory required = 57.0 MiB (= 0.1 GiB).
Each kernel will be executed 5 times.
-------------------------------------------------------------
Function    Best Rate MB/s  Avg time     Min time     Max time
Copy:           11029.0     0.005003     0.003614     0.005832
Scale:          11263.0     0.003984     0.003539     0.004591
Add:             9315.6     0.007048     0.006418     0.007527
Triad:           8582.6     0.007297     0.006966     0.007509
-------------------------------------------------------------
Solution Validates: avg error less than 1.000000e-13 on all three arrays
-------------------------------------------------------------



--- run 3 ---
-------------------------------------------------------------
STREAM (dynamic) version — custom malloc-based implementation
-------------------------------------------------------------
This system uses 8 bytes per array element.
-------------------------------------------------------------
Array size = 2491136 (elements), Offset = 0 (elements)
Memory per array = 19.0 MiB (= 0.0 GiB).
Total memory required = 57.0 MiB (= 0.1 GiB).
Each kernel will be executed 5 times.
-------------------------------------------------------------
Function    Best Rate MB/s  Avg time     Min time     Max time
Copy:           11174.2     0.003934     0.003567     0.004700
Scale:          11272.2     0.003989     0.003536     0.005320
Add:             9433.0     0.006791     0.006338     0.007242
Triad:           8317.8     0.007220     0.007188     0.007274
-------------------------------------------------------------
Solution Validates: avg error less than 1.000000e-13 on all three arrays
-------------------------------------------------------------



--- run 1 ---
-------------------------------------------------------------
STREAM (dynamic) version — custom malloc-based implementation
-------------------------------------------------------------
This system uses 8 bytes per array element.
-------------------------------------------------------------
Array size = 2639274 (elements), Offset = 0 (elements)
Memory per array = 20.1 MiB (= 0.0 GiB).
Total memory required = 60.4 MiB (= 0.1 GiB).
Each kernel will be executed 5 times.
-------------------------------------------------------------
Function    Best Rate MB/s  Avg time     Min time     Max time
Copy:           12326.4     0.003806     0.003426     0.004726
Scale:          11303.0     0.003991     0.003736     0.004615
Add:             8920.2     0.007602     0.007101     0.008517
Triad:           9272.9     0.007589     0.006831     0.008398
-------------------------------------------------------------
Solution Validates: avg error less than 1.000000e-13 on all three arrays
-------------------------------------------------------------



--- run 2 ---
-------------------------------------------------------------
STREAM (dynamic) version — custom malloc-based implementation
-------------------------------------------------------------
This system uses 8 bytes per array element.
-------------------------------------------------------------
Array size = 2639274 (elements), Offset = 0 (elements)
Memory per array = 20.1 MiB (= 0.0 GiB).
Total memory required = 60.4 MiB (= 0.1 GiB).
Each kernel will be executed 5 times.
-------------------------------------------------------------
Function    Best Rate MB/s  Avg time     Min time     Max time
Copy:           12123.9     0.003513     0.003483     0.003569
Scale:          11270.0     0.003751     0.003747     0.003756
Add:             9309.6     0.007423     0.006804     0.007656
Triad:           9481.1     0.006710     0.006681     0.006743
-------------------------------------------------------------
Solution Validates: avg error less than 1.000000e-13 on all three arrays
-------------------------------------------------------------



--- run 3 ---
-------------------------------------------------------------
STREAM (dynamic) version — custom malloc-based implementation
-------------------------------------------------------------
This system uses 8 bytes per array element.
-------------------------------------------------------------
Array size = 2639274 (elements), Offset = 0 (elements)
Memory per array = 20.1 MiB (= 0.0 GiB).
Total memory required = 60.4 MiB (= 0.1 GiB).
Each kernel will be executed 5 times.
-------------------------------------------------------------
Function    Best Rate MB/s  Avg time     Min time     Max time
Copy:           12062.0     0.004133     0.003501     0.005656
Scale:          11300.2     0.003753     0.003737     0.003764
Add:             9307.0     0.007399     0.006806     0.007598
Triad:           8309.4     0.007651     0.007623     0.007664
-------------------------------------------------------------
Solution Validates: avg error less than 1.000000e-13 on all three arrays
-------------------------------------------------------------



--- run 1 ---
-------------------------------------------------------------
STREAM (dynamic) version — custom malloc-based implementation
-------------------------------------------------------------
This system uses 8 bytes per array element.
-------------------------------------------------------------
Array size = 2796202 (elements), Offset = 0 (elements)
Memory per array = 21.3 MiB (= 0.0 GiB).
Total memory required = 64.0 MiB (= 0.1 GiB).
Each kernel will be executed 5 times.
-------------------------------------------------------------
Function    Best Rate MB/s  Avg time     Min time     Max time
Copy:           12247.1     0.003753     0.003653     0.004031
Scale:          11258.1     0.003984     0.003974     0.004009
Add:             9422.7     0.007380     0.007122     0.008099
Triad:           8290.1     0.008116     0.008095     0.008137
-------------------------------------------------------------
Solution Validates: avg error less than 1.000000e-13 on all three arrays
-------------------------------------------------------------



--- run 2 ---
-------------------------------------------------------------
STREAM (dynamic) version — custom malloc-based implementation
-------------------------------------------------------------
This system uses 8 bytes per array element.
-------------------------------------------------------------
Array size = 2796202 (elements), Offset = 0 (elements)
Memory per array = 21.3 MiB (= 0.0 GiB).
Total memory required = 64.0 MiB (= 0.1 GiB).
Each kernel will be executed 5 times.
-------------------------------------------------------------
Function    Best Rate MB/s  Avg time     Min time     Max time
Copy:           12027.3     0.003801     0.003720     0.003982
Scale:          11292.0     0.003979     0.003962     0.004014
Add:             9409.5     0.007623     0.007132     0.008132
Triad:           9448.0     0.007586     0.007103     0.008016
-------------------------------------------------------------
Solution Validates: avg error less than 1.000000e-13 on all three arrays
-------------------------------------------------------------



--- run 3 ---
-------------------------------------------------------------
STREAM (dynamic) version — custom malloc-based implementation
-------------------------------------------------------------
This system uses 8 bytes per array element.
-------------------------------------------------------------
Array size = 2796202 (elements), Offset = 0 (elements)
Memory per array = 21.3 MiB (= 0.0 GiB).
Total memory required = 64.0 MiB (= 0.1 GiB).
Each kernel will be executed 5 times.
-------------------------------------------------------------
Function    Best Rate MB/s  Avg time     Min time     Max time
Copy:           11124.0     0.004451     0.004022     0.005425
Scale:          11232.5     0.004342     0.003983     0.004721
Add:             9341.4     0.007593     0.007184     0.007934
Triad:           9026.0     0.007851     0.007435     0.008112
-------------------------------------------------------------
Solution Validates: avg error less than 1.000000e-13 on all three arrays
-------------------------------------------------------------


