--- run 1 ---
-------------------------------------------------------------
STREAM (dynamic) version — custom malloc-based implementation
-------------------------------------------------------------
This system uses 8 bytes per array element.
-------------------------------------------------------------
Array size = 2730 (elements), Offset = 0 (elements)
Memory per array = 0.0 MiB (= 0.0 GiB).
Total memory required = 0.1 MiB (= 0.0 GiB).
Each kernel will be executed 80 times.
-------------------------------------------------------------
Function    Best Rate MB/s  Avg time     Min time     Max time
Copy:           45801.8     0.000001     0.000001     0.000002
Scale:          15267.3     0.000004     0.000003     0.000004
Add:            22900.9     0.000004     0.000003     0.000004
Triad:          22900.9     0.000004     0.000003     0.000004
-------------------------------------------------------------
Solution Validates: avg error less than 1.000000e-13 on all three arrays
-------------------------------------------------------------



--- run 2 ---
-------------------------------------------------------------
STREAM (dynamic) version — custom malloc-based implementation
-------------------------------------------------------------
This system uses 8 bytes per array element.
-------------------------------------------------------------
Array size = 2730 (elements), Offset = 0 (elements)
Memory per array = 0.0 MiB (= 0.0 GiB).
Total memory required = 0.1 MiB (= 0.0 GiB).
Each kernel will be executed 80 times.
-------------------------------------------------------------
Function    Best Rate MB/s  Avg time     Min time     Max time
Copy:           45801.8     0.000001     0.000001     0.000002
Scale:          15267.3     0.000004     0.000003     0.000004
Add:            22900.9     0.000004     0.000003     0.000004
Triad:          22900.9     0.000004     0.000003     0.000004
-------------------------------------------------------------
Solution Validates: avg error less than 1.000000e-13 on all three arrays
-------------------------------------------------------------



--- run 3 ---
-------------------------------------------------------------
STREAM (dynamic) version — custom malloc-based implementation
-------------------------------------------------------------
This system uses 8 bytes per array element.
-------------------------------------------------------------
Array size = 2730 (elements), Offset = 0 (elements)
Memory per array = 0.0 MiB (= 0.0 GiB).
Total memory required = 0.1 MiB (= 0.0 GiB).
Each kernel will be executed 80 times.
-------------------------------------------------------------
Function    Best Rate MB/s  Avg time     Min time     Max time
Copy:           45801.8     0.000001     0.000001     0.000002
Scale:          15267.3     0.000004     0.000003     0.000004
Add:            22900.9     0.000004     0.000003     0.000004
Triad:          22900.9     0.000004     0.000003     0.000025
-------------------------------------------------------------
Solution Validates: avg error less than 1.000000e-13 on all three arrays
-------------------------------------------------------------



--- run 1 ---
-------------------------------------------------------------
STREAM (dynamic) version — custom malloc-based implementation
-------------------------------------------------------------
This system uses 8 bytes per array element.
-------------------------------------------------------------
Array size = 2901 (elements), Offset = 0 (elements)
Memory per array = 0.0 MiB (= 0.0 GiB).
Total memory required = 0.1 MiB (= 0.0 GiB).
Each kernel will be executed 75 times.
-------------------------------------------------------------
Function    Best Rate MB/s  Avg time     Min time     Max time
Copy:           48670.7     0.000002     0.000001     0.000002
Scale:          12167.7     0.000004     0.000004     0.000005
Add:            24335.4     0.000004     0.000003     0.000004
Triad:          18251.5     0.000004     0.000004     0.000005
-------------------------------------------------------------
Solution Validates: avg error less than 1.000000e-13 on all three arrays
-------------------------------------------------------------



--- run 2 ---
-------------------------------------------------------------
STREAM (dynamic) version — custom malloc-based implementation
-------------------------------------------------------------
This system uses 8 bytes per array element.
-------------------------------------------------------------
Array size = 2901 (elements), Offset = 0 (elements)
Memory per array = 0.0 MiB (= 0.0 GiB).
Total memory required = 0.1 MiB (= 0.0 GiB).
Each kernel will be executed 75 times.
-------------------------------------------------------------
Function    Best Rate MB/s  Avg time     Min time     Max time
Copy:           48670.7     0.000002     0.000001     0.000002
Scale:          12167.7     0.000004     0.000004     0.000005
Add:            24335.4     0.000004     0.000003     0.000004
Triad:          18251.5     0.000004     0.000004     0.000005
-------------------------------------------------------------
Solution Validates: avg error less than 1.000000e-13 on all three arrays
-------------------------------------------------------------



--- run 3 ---
-------------------------------------------------------------
STREAM (dynamic) version — custom malloc-based implementation
-------------------------------------------------------------
This system uses 8 bytes per array element.
-------------------------------------------------------------
Array size = 2901 (elements), Offset = 0 (elements)
Memory per array = 0.0 MiB (= 0.0 GiB).
Total memory required = 0.1 MiB (= 0.0 GiB).
Each kernel will be executed 75 times.
-------------------------------------------------------------
Function    Best Rate MB/s  Avg time     Min time     Max time
Copy:           48670.7     0.000002     0.000001     0.000002
Scale:          12167.7     0.000004     0.000004     0.000005
Add:            24335.4     0.000004     0.000003     0.000004
Triad:          18251.5     0.000004     0.000004     0.000005
-------------------------------------------------------------
Solution Validates: avg error less than 1.000000e-13 on all three arrays
-------------------------------------------------------------



--- run 1 ---
-------------------------------------------------------------
STREAM (dynamic) version — custom malloc-based implementation
-------------------------------------------------------------
This system uses 8 bytes per array element.
-------------------------------------------------------------
Array size = 3072 (elements), Offset = 0 (elements)
Memory per array = 0.0 MiB (= 0.0 GiB).
Total memory required = 0.1 MiB (= 0.0 GiB).
Each kernel will be executed 71 times.
-------------------------------------------------------------
Function    Best Rate MB/s  Avg time     Min time     Max time
Copy:           51539.6     0.000002     0.000001     0.000002
Scale:          12884.9     0.000004     0.000004     0.000005
Add:            25769.8     0.000004     0.000003     0.000004
Triad:          19327.4     0.000004     0.000004     0.000005
-------------------------------------------------------------
Solution Validates: avg error less than 1.000000e-13 on all three arrays
-------------------------------------------------------------



--- run 2 ---
-------------------------------------------------------------
STREAM (dynamic) version — custom malloc-based implementation
-------------------------------------------------------------
This system uses 8 bytes per array element.
-------------------------------------------------------------
Array size = 3072 (elements), Offset = 0 (elements)
Memory per array = 0.0 MiB (= 0.0 GiB).
Total memory required = 0.1 MiB (= 0.0 GiB).
Each kernel will be executed 71 times.
-------------------------------------------------------------
Function    Best Rate MB/s  Avg time     Min time     Max time
Copy:           51539.6     0.000002     0.000001     0.000002
Scale:          12884.9     0.000004     0.000004     0.000005
Add:            23787.5     0.000004     0.000003     0.000004
Triad:          19327.4     0.000004     0.000004     0.000005
-------------------------------------------------------------
Solution Validates: avg error less than 1.000000e-13 on all three arrays
-------------------------------------------------------------



--- run 3 ---
-------------------------------------------------------------
STREAM (dynamic) version — custom malloc-based implementation
-------------------------------------------------------------
This system uses 8 bytes per array element.
-------------------------------------------------------------
Array size = 3072 (elements), Offset = 0 (elements)
Memory per array = 0.0 MiB (= 0.0 GiB).
Total memory required = 0.1 MiB (= 0.0 GiB).
Each kernel will be executed 71 times.
-------------------------------------------------------------
Function    Best Rate MB/s  Avg time     Min time     Max time
Copy:           51539.6     0.000002     0.000001     0.000002
Scale:          12884.9     0.000004     0.000004     0.000005
Add:            23787.5     0.000004     0.000003     0.000004
Triad:          19327.4     0.000004     0.000004     0.000005
-------------------------------------------------------------
Solution Validates: avg error less than 1.000000e-13 on all three arrays
-------------------------------------------------------------



--- run 1 ---
-------------------------------------------------------------
STREAM (dynamic) version — custom malloc-based implementation
-------------------------------------------------------------
This system uses 8 bytes per array element.
-------------------------------------------------------------
Array size = 3242 (elements), Offset = 0 (elements)
Memory per array = 0.0 MiB (= 0.0 GiB).
Total memory required = 0.1 MiB (= 0.0 GiB).
Each kernel will be executed 67 times.
-------------------------------------------------------------
Function    Best Rate MB/s  Avg time     Min time     Max time
Copy:           27195.9     0.000002     0.000002     0.000003
Scale:          13597.9     0.000005     0.000004     0.000005
Add:            20396.9     0.000004     0.000004     0.000005
Triad:          20396.9     0.000005     0.000004     0.000005
-------------------------------------------------------------
Solution Validates: avg error less than 1.000000e-13 on all three arrays
-------------------------------------------------------------



--- run 2 ---
-------------------------------------------------------------
STREAM (dynamic) version — custom malloc-based implementation
-------------------------------------------------------------
This system uses 8 bytes per array element.
-------------------------------------------------------------
Array size = 3242 (elements), Offset = 0 (elements)
Memory per array = 0.0 MiB (= 0.0 GiB).
Total memory required = 0.1 MiB (= 0.0 GiB).
Each kernel will be executed 67 times.
-------------------------------------------------------------
Function    Best Rate MB/s  Avg time     Min time     Max time
Copy:           27195.9     0.000002     0.000002     0.000002
Scale:          13597.9     0.000004     0.000004     0.000005
Add:            20396.9     0.000004     0.000004     0.000005
Triad:          20396.9     0.000005     0.000004     0.000005
-------------------------------------------------------------
Solution Validates: avg error less than 1.000000e-13 on all three arrays
-------------------------------------------------------------



--- run 3 ---
-------------------------------------------------------------
STREAM (dynamic) version — custom malloc-based implementation
-------------------------------------------------------------
This system uses 8 bytes per array element.
-------------------------------------------------------------
Array size = 3242 (elements), Offset = 0 (elements)
Memory per array = 0.0 MiB (= 0.0 GiB).
Total memory required = 0.1 MiB (= 0.0 GiB).
Each kernel will be executed 67 times.
-------------------------------------------------------------
Function    Best Rate MB/s  Avg time     Min time     Max time
Copy:           54391.7     0.000002     0.000001     0.000002
Scale:          12798.1     0.000005     0.000004     0.000005
Add:            20396.9     0.000004     0.000004     0.000005
Triad:          20396.9     0.000005     0.000004     0.000005
-------------------------------------------------------------
Solution Validates: avg error less than 1.000000e-13 on all three arrays
-------------------------------------------------------------



--- run 1 ---
-------------------------------------------------------------
STREAM (dynamic) version — custom malloc-based implementation
-------------------------------------------------------------
This system uses 8 bytes per array element.
-------------------------------------------------------------
Array size = 3456 (elements), Offset = 0 (elements)
Memory per array = 0.0 MiB (= 0.0 GiB).
Total memory required = 0.1 MiB (= 0.0 GiB).
Each kernel will be executed 63 times.
-------------------------------------------------------------
Function    Best Rate MB/s  Avg time     Min time     Max time
Copy:           28991.0     0.000002     0.000002     0.000003
Scale:          14495.5     0.000005     0.000004     0.000005
Add:            21743.3     0.000004     0.000004     0.000005
Triad:          21743.3     0.000005     0.000004     0.000005
-------------------------------------------------------------
Solution Validates: avg error less than 1.000000e-13 on all three arrays
-------------------------------------------------------------



--- run 2 ---
-------------------------------------------------------------
STREAM (dynamic) version — custom malloc-based implementation
-------------------------------------------------------------
This system uses 8 bytes per array element.
-------------------------------------------------------------
Array size = 3456 (elements), Offset = 0 (elements)
Memory per array = 0.0 MiB (= 0.0 GiB).
Total memory required = 0.1 MiB (= 0.0 GiB).
Each kernel will be executed 63 times.
-------------------------------------------------------------
Function    Best Rate MB/s  Avg time     Min time     Max time
Copy:           28991.0     0.000002     0.000002     0.000003
Scale:          14495.5     0.000005     0.000004     0.000005
Add:            21743.3     0.000004     0.000004     0.000005
Triad:          21743.3     0.000005     0.000004     0.000005
-------------------------------------------------------------
Solution Validates: avg error less than 1.000000e-13 on all three arrays
-------------------------------------------------------------



--- run 3 ---
-------------------------------------------------------------
STREAM (dynamic) version — custom malloc-based implementation
-------------------------------------------------------------
This system uses 8 bytes per array element.
-------------------------------------------------------------
Array size = 3456 (elements), Offset = 0 (elements)
Memory per array = 0.0 MiB (= 0.0 GiB).
Total memory required = 0.1 MiB (= 0.0 GiB).
Each kernel will be executed 63 times.
-------------------------------------------------------------
Function    Best Rate MB/s  Avg time     Min time     Max time
Copy:           28991.0     0.000002     0.000002     0.000003
Scale:          14495.5     0.000005     0.000004     0.000005
Add:            21743.3     0.000004     0.000004     0.000005
Triad:          21743.3     0.000005     0.000004     0.000005
-------------------------------------------------------------
Solution Validates: avg error less than 1.000000e-13 on all three arrays
-------------------------------------------------------------



--- run 1 ---
-------------------------------------------------------------
STREAM (dynamic) version — custom malloc-based implementation
-------------------------------------------------------------
This system uses 8 bytes per array element.
-------------------------------------------------------------
Array size = 3626 (elements), Offset = 0 (elements)
Memory per array = 0.0 MiB (= 0.0 GiB).
Total memory required = 0.1 MiB (= 0.0 GiB).
Each kernel will be executed 60 times.
-------------------------------------------------------------
Function    Best Rate MB/s  Avg time     Min time     Max time
Copy:           30417.1     0.000002     0.000002     0.000003
Scale:          12166.8     0.000005     0.000005     0.000006
Add:            22812.8     0.000005     0.000004     0.000005
Triad:          17381.2     0.000005     0.000005     0.000006
-------------------------------------------------------------
Solution Validates: avg error less than 1.000000e-13 on all three arrays
-------------------------------------------------------------



--- run 2 ---
-------------------------------------------------------------
STREAM (dynamic) version — custom malloc-based implementation
-------------------------------------------------------------
This system uses 8 bytes per array element.
-------------------------------------------------------------
Array size = 3626 (elements), Offset = 0 (elements)
Memory per array = 0.0 MiB (= 0.0 GiB).
Total memory required = 0.1 MiB (= 0.0 GiB).
Each kernel will be executed 60 times.
-------------------------------------------------------------
Function    Best Rate MB/s  Avg time     Min time     Max time
Copy:           30417.1     0.000002     0.000002     0.000003
Scale:          12166.8     0.000005     0.000005     0.000006
Add:            22812.8     0.000005     0.000004     0.000005
Triad:          17381.2     0.000005     0.000005     0.000006
-------------------------------------------------------------
Solution Validates: avg error less than 1.000000e-13 on all three arrays
-------------------------------------------------------------



--- run 3 ---
-------------------------------------------------------------
STREAM (dynamic) version — custom malloc-based implementation
-------------------------------------------------------------
This system uses 8 bytes per array element.
-------------------------------------------------------------
Array size = 3626 (elements), Offset = 0 (elements)
Memory per array = 0.0 MiB (= 0.0 GiB).
Total memory required = 0.1 MiB (= 0.0 GiB).
Each kernel will be executed 60 times.
-------------------------------------------------------------
Function    Best Rate MB/s  Avg time     Min time     Max time
Copy:           30417.1     0.000002     0.000002     0.000003
Scale:          12166.8     0.000005     0.000005     0.000006
Add:            22812.8     0.000005     0.000004     0.000005
Triad:          18250.3     0.000005     0.000005     0.000006
-------------------------------------------------------------
Solution Validates: avg error less than 1.000000e-13 on all three arrays
-------------------------------------------------------------



--- run 1 ---
-------------------------------------------------------------
STREAM (dynamic) version — custom malloc-based implementation
-------------------------------------------------------------
This system uses 8 bytes per array element.
-------------------------------------------------------------
Array size = 3882 (elements), Offset = 0 (elements)
Memory per array = 0.0 MiB (= 0.0 GiB).
Total memory required = 0.1 MiB (= 0.0 GiB).
Each kernel will be executed 56 times.
-------------------------------------------------------------
Function    Best Rate MB/s  Avg time     Min time     Max time
Copy:           32564.6     0.000002     0.000002     0.000003
Scale:          13025.8     0.000005     0.000005     0.000006
Add:            19538.7     0.000005     0.000005     0.000005
Triad:          19538.7     0.000005     0.000005     0.000006
-------------------------------------------------------------
Solution Validates: avg error less than 1.000000e-13 on all three arrays
-------------------------------------------------------------



--- run 2 ---
-------------------------------------------------------------
STREAM (dynamic) version — custom malloc-based implementation
-------------------------------------------------------------
This system uses 8 bytes per array element.
-------------------------------------------------------------
Array size = 3882 (elements), Offset = 0 (elements)
Memory per array = 0.0 MiB (= 0.0 GiB).
Total memory required = 0.1 MiB (= 0.0 GiB).
Each kernel will be executed 56 times.
-------------------------------------------------------------
Function    Best Rate MB/s  Avg time     Min time     Max time
Copy:           32564.6     0.000002     0.000002     0.000003
Scale:          12405.6     0.000005     0.000005     0.000006
Add:            19538.7     0.000005     0.000005     0.000006
Triad:          18608.3     0.000005     0.000005     0.000006
-------------------------------------------------------------
Solution Validates: avg error less than 1.000000e-13 on all three arrays
-------------------------------------------------------------



--- run 3 ---
-------------------------------------------------------------
STREAM (dynamic) version — custom malloc-based implementation
-------------------------------------------------------------
This system uses 8 bytes per array element.
-------------------------------------------------------------
Array size = 3882 (elements), Offset = 0 (elements)
Memory per array = 0.0 MiB (= 0.0 GiB).
Total memory required = 0.1 MiB (= 0.0 GiB).
Each kernel will be executed 56 times.
-------------------------------------------------------------
Function    Best Rate MB/s  Avg time     Min time     Max time
Copy:           32564.6     0.000002     0.000002     0.000003
Scale:          13025.8     0.000005     0.000005     0.000006
Add:            22986.8     0.000005     0.000004     0.000005
Triad:          19538.7     0.000006     0.000005     0.000023
-------------------------------------------------------------
Solution Validates: avg error less than 1.000000e-13 on all three arrays
-------------------------------------------------------------



--- run 1 ---
-------------------------------------------------------------
STREAM (dynamic) version — custom malloc-based implementation
-------------------------------------------------------------
This system uses 8 bytes per array element.
-------------------------------------------------------------
Array size = 4096 (elements), Offset = 0 (elements)
Memory per array = 0.0 MiB (= 0.0 GiB).
Total memory required = 0.1 MiB (= 0.0 GiB).
Each kernel will be executed 53 times.
-------------------------------------------------------------
Function    Best Rate MB/s  Avg time     Min time     Max time
Copy:           34359.7     0.000003     0.000002     0.000003
Scale:          13089.4     0.000006     0.000005     0.000006
Add:            19634.1     0.000005     0.000005     0.000006
Triad:          19634.1     0.000006     0.000005     0.000006
-------------------------------------------------------------
Solution Validates: avg error less than 1.000000e-13 on all three arrays
-------------------------------------------------------------



--- run 2 ---
-------------------------------------------------------------
STREAM (dynamic) version — custom malloc-based implementation
-------------------------------------------------------------
This system uses 8 bytes per array element.
-------------------------------------------------------------
Array size = 4096 (elements), Offset = 0 (elements)
Memory per array = 0.0 MiB (= 0.0 GiB).
Total memory required = 0.1 MiB (= 0.0 GiB).
Each kernel will be executed 53 times.
-------------------------------------------------------------
Function    Best Rate MB/s  Avg time     Min time     Max time
Copy:           34359.7     0.000003     0.000002     0.000003
Scale:          13743.9     0.000006     0.000005     0.000017
Add:            20615.8     0.000005     0.000005     0.000006
Triad:          20615.8     0.000006     0.000005     0.000006
-------------------------------------------------------------
Solution Validates: avg error less than 1.000000e-13 on all three arrays
-------------------------------------------------------------



--- run 3 ---
-------------------------------------------------------------
STREAM (dynamic) version — custom malloc-based implementation
-------------------------------------------------------------
This system uses 8 bytes per array element.
-------------------------------------------------------------
Array size = 4096 (elements), Offset = 0 (elements)
Memory per array = 0.0 MiB (= 0.0 GiB).
Total memory required = 0.1 MiB (= 0.0 GiB).
Each kernel will be executed 53 times.
-------------------------------------------------------------
Function    Best Rate MB/s  Avg time     Min time     Max time
Copy:           34359.7     0.000003     0.000002     0.000003
Scale:          13743.9     0.000006     0.000005     0.000006
Add:            19634.1     0.000005     0.000005     0.000006
Triad:          19634.1     0.000006     0.000005     0.000006
-------------------------------------------------------------
Solution Validates: avg error less than 1.000000e-13 on all three arrays
-------------------------------------------------------------



--- run 1 ---
-------------------------------------------------------------
STREAM (dynamic) version — custom malloc-based implementation
-------------------------------------------------------------
This system uses 8 bytes per array element.
-------------------------------------------------------------
Array size = 4352 (elements), Offset = 0 (elements)
Memory per array = 0.0 MiB (= 0.0 GiB).
Total memory required = 0.1 MiB (= 0.0 GiB).
Each kernel will be executed 50 times.
-------------------------------------------------------------
Function    Best Rate MB/s  Avg time     Min time     Max time
Copy:           36507.2     0.000003     0.000002     0.000003
Scale:          11682.3     0.000006     0.000006     0.000007
Add:            21904.3     0.000006     0.000005     0.000006
Triad:          17523.5     0.000006     0.000006     0.000007
-------------------------------------------------------------
Solution Validates: avg error less than 1.000000e-13 on all three arrays
-------------------------------------------------------------



--- run 2 ---
-------------------------------------------------------------
STREAM (dynamic) version — custom malloc-based implementation
-------------------------------------------------------------
This system uses 8 bytes per array element.
-------------------------------------------------------------
Array size = 4352 (elements), Offset = 0 (elements)
Memory per array = 0.0 MiB (= 0.0 GiB).
Total memory required = 0.1 MiB (= 0.0 GiB).
Each kernel will be executed 50 times.
-------------------------------------------------------------
Function    Best Rate MB/s  Avg time     Min time     Max time
Copy:           32450.9     0.000003     0.000002     0.000003
Scale:          11682.3     0.000006     0.000006     0.000007
Add:            20861.3     0.000006     0.000005     0.000006
Triad:          17523.5     0.000006     0.000006     0.000007
-------------------------------------------------------------
Solution Validates: avg error less than 1.000000e-13 on all three arrays
-------------------------------------------------------------



--- run 3 ---
-------------------------------------------------------------
STREAM (dynamic) version — custom malloc-based implementation
-------------------------------------------------------------
This system uses 8 bytes per array element.
-------------------------------------------------------------
Array size = 4352 (elements), Offset = 0 (elements)
Memory per array = 0.0 MiB (= 0.0 GiB).
Total memory required = 0.1 MiB (= 0.0 GiB).
Each kernel will be executed 50 times.
-------------------------------------------------------------
Function    Best Rate MB/s  Avg time     Min time     Max time
Copy:           36507.2     0.000003     0.000002     0.000003
Scale:          11682.3     0.000006     0.000006     0.000006
Add:            21904.3     0.000006     0.000005     0.000006
Triad:          17523.5     0.000006     0.000006     0.000007
-------------------------------------------------------------
Solution Validates: avg error less than 1.000000e-13 on all three arrays
-------------------------------------------------------------



--- run 1 ---
-------------------------------------------------------------
STREAM (dynamic) version — custom malloc-based implementation
-------------------------------------------------------------
This system uses 8 bytes per array element.
-------------------------------------------------------------
Array size = 4608 (elements), Offset = 0 (elements)
Memory per array = 0.0 MiB (= 0.0 GiB).
Total memory required = 0.1 MiB (= 0.0 GiB).
Each kernel will be executed 47 times.
-------------------------------------------------------------
Function    Best Rate MB/s  Avg time     Min time     Max time
Copy:           25769.8     0.000003     0.000003     0.000003
Scale:          12369.5     0.000006     0.000006     0.000007
Add:            22088.4     0.000006     0.000005     0.000006
Triad:          18554.3     0.000007     0.000006     0.000007
-------------------------------------------------------------
Solution Validates: avg error less than 1.000000e-13 on all three arrays
-------------------------------------------------------------



--- run 2 ---
-------------------------------------------------------------
STREAM (dynamic) version — custom malloc-based implementation
-------------------------------------------------------------
This system uses 8 bytes per array element.
-------------------------------------------------------------
Array size = 4608 (elements), Offset = 0 (elements)
Memory per array = 0.0 MiB (= 0.0 GiB).
Total memory required = 0.1 MiB (= 0.0 GiB).
Each kernel will be executed 47 times.
-------------------------------------------------------------
Function    Best Rate MB/s  Avg time     Min time     Max time
Copy:           25769.8     0.000003     0.000003     0.000004
Scale:          12369.5     0.000006     0.000006     0.000006
Add:            18554.3     0.000006     0.000006     0.000006
Triad:          18554.3     0.000007     0.000006     0.000007
-------------------------------------------------------------
Solution Validates: avg error less than 1.000000e-13 on all three arrays
-------------------------------------------------------------



--- run 3 ---
-------------------------------------------------------------
STREAM (dynamic) version — custom malloc-based implementation
-------------------------------------------------------------
This system uses 8 bytes per array element.
-------------------------------------------------------------
Array size = 4608 (elements), Offset = 0 (elements)
Memory per array = 0.0 MiB (= 0.0 GiB).
Total memory required = 0.1 MiB (= 0.0 GiB).
Each kernel will be executed 47 times.
-------------------------------------------------------------
Function    Best Rate MB/s  Avg time     Min time     Max time
Copy:           25769.8     0.000003     0.000003     0.000003
Scale:          12369.5     0.000007     0.000006     0.000007
Add:            23192.8     0.000005     0.000005     0.000006
Triad:          18554.3     0.000006     0.000006     0.000007
-------------------------------------------------------------
Solution Validates: avg error less than 1.000000e-13 on all three arrays
-------------------------------------------------------------



--- run 1 ---
-------------------------------------------------------------
STREAM (dynamic) version — custom malloc-based implementation
-------------------------------------------------------------
This system uses 8 bytes per array element.
-------------------------------------------------------------
Array size = 4864 (elements), Offset = 0 (elements)
Memory per array = 0.0 MiB (= 0.0 GiB).
Total memory required = 0.1 MiB (= 0.0 GiB).
Each kernel will be executed 44 times.
-------------------------------------------------------------
Function    Best Rate MB/s  Avg time     Min time     Max time
Copy:           27201.5     0.000003     0.000003     0.000004
Scale:          13056.7     0.000007     0.000006     0.000007
Add:            19585.1     0.000006     0.000006     0.000007
Triad:          19585.1     0.000007     0.000006     0.000007
-------------------------------------------------------------
Solution Validates: avg error less than 1.000000e-13 on all three arrays
-------------------------------------------------------------



--- run 2 ---
-------------------------------------------------------------
STREAM (dynamic) version — custom malloc-based implementation
-------------------------------------------------------------
This system uses 8 bytes per array element.
-------------------------------------------------------------
Array size = 4864 (elements), Offset = 0 (elements)
Memory per array = 0.0 MiB (= 0.0 GiB).
Total memory required = 0.1 MiB (= 0.0 GiB).
Each kernel will be executed 44 times.
-------------------------------------------------------------
Function    Best Rate MB/s  Avg time     Min time     Max time
Copy:           27201.5     0.000003     0.000003     0.000004
Scale:          13056.7     0.000007     0.000006     0.000007
Add:            19585.1     0.000006     0.000006     0.000007
Triad:          19585.1     0.000007     0.000006     0.000007
-------------------------------------------------------------
Solution Validates: avg error less than 1.000000e-13 on all three arrays
-------------------------------------------------------------



--- run 3 ---
-------------------------------------------------------------
STREAM (dynamic) version — custom malloc-based implementation
-------------------------------------------------------------
This system uses 8 bytes per array element.
-------------------------------------------------------------
Array size = 4864 (elements), Offset = 0 (elements)
Memory per array = 0.0 MiB (= 0.0 GiB).
Total memory required = 0.1 MiB (= 0.0 GiB).
Each kernel will be executed 44 times.
-------------------------------------------------------------
Function    Best Rate MB/s  Avg time     Min time     Max time
Copy:           27201.5     0.000003     0.000003     0.000004
Scale:          13056.7     0.000007     0.000006     0.000007
Add:            19585.1     0.000006     0.000006     0.000007
Triad:          19585.1     0.000007     0.000006     0.000007
-------------------------------------------------------------
Solution Validates: avg error less than 1.000000e-13 on all three arrays
-------------------------------------------------------------



--- run 1 ---
-------------------------------------------------------------
STREAM (dynamic) version — custom malloc-based implementation
-------------------------------------------------------------
This system uses 8 bytes per array element.
-------------------------------------------------------------
Array size = 5162 (elements), Offset = 0 (elements)
Memory per array = 0.0 MiB (= 0.0 GiB).
Total memory required = 0.1 MiB (= 0.0 GiB).
Each kernel will be executed 42 times.
-------------------------------------------------------------
Function    Best Rate MB/s  Avg time     Min time     Max time
Copy:           28868.0     0.000003     0.000003     0.000004
Scale:          11945.4     0.000007     0.000007     0.000008
Add:            20785.0     0.000007     0.000006     0.000007
Triad:          17918.1     0.000007     0.000007     0.000008
-------------------------------------------------------------
Solution Validates: avg error less than 1.000000e-13 on all three arrays
-------------------------------------------------------------



--- run 2 ---
-------------------------------------------------------------
STREAM (dynamic) version — custom malloc-based implementation
-------------------------------------------------------------
This system uses 8 bytes per array element.
-------------------------------------------------------------
Array size = 5162 (elements), Offset = 0 (elements)
Memory per array = 0.0 MiB (= 0.0 GiB).
Total memory required = 0.1 MiB (= 0.0 GiB).
Each kernel will be executed 42 times.
-------------------------------------------------------------
Function    Best Rate MB/s  Avg time     Min time     Max time
Copy:           28868.0     0.000003     0.000003     0.000004
Scale:          11945.4     0.000007     0.000007     0.000008
Add:            20785.0     0.000007     0.000006     0.000007
Triad:          17918.1     0.000007     0.000007     0.000008
-------------------------------------------------------------
Solution Validates: avg error less than 1.000000e-13 on all three arrays
-------------------------------------------------------------



--- run 3 ---
-------------------------------------------------------------
STREAM (dynamic) version — custom malloc-based implementation
-------------------------------------------------------------
This system uses 8 bytes per array element.
-------------------------------------------------------------
Array size = 5162 (elements), Offset = 0 (elements)
Memory per array = 0.0 MiB (= 0.0 GiB).
Total memory required = 0.1 MiB (= 0.0 GiB).
Each kernel will be executed 42 times.
-------------------------------------------------------------
Function    Best Rate MB/s  Avg time     Min time     Max time
Copy:           28868.0     0.000003     0.000003     0.000004
Scale:          11945.4     0.000007     0.000007     0.000008
Add:            20785.0     0.000007     0.000006     0.000007
Triad:          17918.1     0.000007     0.000007     0.000008
-------------------------------------------------------------
Solution Validates: avg error less than 1.000000e-13 on all three arrays
-------------------------------------------------------------



--- run 1 ---
-------------------------------------------------------------
STREAM (dynamic) version — custom malloc-based implementation
-------------------------------------------------------------
This system uses 8 bytes per array element.
-------------------------------------------------------------
Array size = 5461 (elements), Offset = 0 (elements)
Memory per array = 0.0 MiB (= 0.0 GiB).
Total memory required = 0.1 MiB (= 0.0 GiB).
Each kernel will be executed 40 times.
-------------------------------------------------------------
Function    Best Rate MB/s  Avg time     Min time     Max time
Copy:           30540.1     0.000003     0.000003     0.000004
Scale:          12637.3     0.000008     0.000007     0.000008
Add:            18955.9     0.000007     0.000007     0.000007
Triad:          18955.9     0.000008     0.000007     0.000008
-------------------------------------------------------------
Solution Validates: avg error less than 1.000000e-13 on all three arrays
-------------------------------------------------------------



--- run 2 ---
-------------------------------------------------------------
STREAM (dynamic) version — custom malloc-based implementation
-------------------------------------------------------------
This system uses 8 bytes per array element.
-------------------------------------------------------------
Array size = 5461 (elements), Offset = 0 (elements)
Memory per array = 0.0 MiB (= 0.0 GiB).
Total memory required = 0.1 MiB (= 0.0 GiB).
Each kernel will be executed 40 times.
-------------------------------------------------------------
Function    Best Rate MB/s  Avg time     Min time     Max time
Copy:           30540.1     0.000004     0.000003     0.000004
Scale:          12637.3     0.000008     0.000007     0.000008
Add:            18955.9     0.000007     0.000007     0.000008
Triad:          18955.9     0.000008     0.000007     0.000008
-------------------------------------------------------------
Solution Validates: avg error less than 1.000000e-13 on all three arrays
-------------------------------------------------------------



--- run 3 ---
-------------------------------------------------------------
STREAM (dynamic) version — custom malloc-based implementation
-------------------------------------------------------------
This system uses 8 bytes per array element.
-------------------------------------------------------------
Array size = 5461 (elements), Offset = 0 (elements)
Memory per array = 0.0 MiB (= 0.0 GiB).
Total memory required = 0.1 MiB (= 0.0 GiB).
Each kernel will be executed 40 times.
-------------------------------------------------------------
Function    Best Rate MB/s  Avg time     Min time     Max time
Copy:           30540.1     0.000004     0.000003     0.000004
Scale:          12637.3     0.000007     0.000007     0.000008
Add:            21988.9     0.000007     0.000006     0.000007
Triad:          18955.9     0.000008     0.000007     0.000008
-------------------------------------------------------------
Solution Validates: avg error less than 1.000000e-13 on all three arrays
-------------------------------------------------------------



--- run 1 ---
-------------------------------------------------------------
STREAM (dynamic) version — custom malloc-based implementation
-------------------------------------------------------------
This system uses 8 bytes per array element.
-------------------------------------------------------------
Array size = 5802 (elements), Offset = 0 (elements)
Memory per array = 0.0 MiB (= 0.0 GiB).
Total memory required = 0.1 MiB (= 0.0 GiB).
Each kernel will be executed 37 times.
-------------------------------------------------------------
Function    Best Rate MB/s  Avg time     Min time     Max time
Copy:           32447.1     0.000004     0.000003     0.000004
Scale:          11799.0     0.000008     0.000008     0.000008
Add:            20139.6     0.000007     0.000007     0.000008
Triad:          17698.4     0.000008     0.000008     0.000009
-------------------------------------------------------------
Solution Validates: avg error less than 1.000000e-13 on all three arrays
-------------------------------------------------------------



--- run 2 ---
-------------------------------------------------------------
STREAM (dynamic) version — custom malloc-based implementation
-------------------------------------------------------------
This system uses 8 bytes per array element.
-------------------------------------------------------------
Array size = 5802 (elements), Offset = 0 (elements)
Memory per array = 0.0 MiB (= 0.0 GiB).
Total memory required = 0.1 MiB (= 0.0 GiB).
Each kernel will be executed 37 times.
-------------------------------------------------------------
Function    Best Rate MB/s  Avg time     Min time     Max time
Copy:           32447.1     0.000004     0.000003     0.000004
Scale:          11799.0     0.000008     0.000008     0.000009
Add:            20139.6     0.000007     0.000007     0.000008
Triad:          17698.4     0.000008     0.000008     0.000009
-------------------------------------------------------------
Solution Validates: avg error less than 1.000000e-13 on all three arrays
-------------------------------------------------------------



--- run 3 ---
-------------------------------------------------------------
STREAM (dynamic) version — custom malloc-based implementation
-------------------------------------------------------------
This system uses 8 bytes per array element.
-------------------------------------------------------------
Array size = 5802 (elements), Offset = 0 (elements)
Memory per array = 0.0 MiB (= 0.0 GiB).
Total memory required = 0.1 MiB (= 0.0 GiB).
Each kernel will be executed 37 times.
-------------------------------------------------------------
Function    Best Rate MB/s  Avg time     Min time     Max time
Copy:           32447.1     0.000004     0.000003     0.000004
Scale:          11799.0     0.000008     0.000008     0.000008
Add:            20139.6     0.000007     0.000007     0.000008
Triad:          17698.4     0.000008     0.000008     0.000009
-------------------------------------------------------------
Solution Validates: avg error less than 1.000000e-13 on all three arrays
-------------------------------------------------------------



--- run 1 ---
-------------------------------------------------------------
STREAM (dynamic) version — custom malloc-based implementation
-------------------------------------------------------------
This system uses 8 bytes per array element.
-------------------------------------------------------------
Array size = 6144 (elements), Offset = 0 (elements)
Memory per array = 0.0 MiB (= 0.0 GiB).
Total memory required = 0.1 MiB (= 0.0 GiB).
Each kernel will be executed 35 times.
-------------------------------------------------------------
Function    Best Rate MB/s  Avg time     Min time     Max time
Copy:           31716.7     0.000004     0.000003     0.000004
Scale:          12494.5     0.000008     0.000008     0.000009
Add:            21326.7     0.000008     0.000007     0.000008
Triad:          18741.7     0.000009     0.000008     0.000009
-------------------------------------------------------------
Solution Validates: avg error less than 1.000000e-13 on all three arrays
-------------------------------------------------------------



--- run 2 ---
-------------------------------------------------------------
STREAM (dynamic) version — custom malloc-based implementation
-------------------------------------------------------------
This system uses 8 bytes per array element.
-------------------------------------------------------------
Array size = 6144 (elements), Offset = 0 (elements)
Memory per array = 0.0 MiB (= 0.0 GiB).
Total memory required = 0.1 MiB (= 0.0 GiB).
Each kernel will be executed 35 times.
-------------------------------------------------------------
Function    Best Rate MB/s  Avg time     Min time     Max time
Copy:           25769.8     0.000004     0.000004     0.000004
Scale:          12494.5     0.000008     0.000008     0.000009
Add:            21326.7     0.000008     0.000007     0.000008
Triad:          18741.7     0.000009     0.000008     0.000009
-------------------------------------------------------------
Solution Validates: avg error less than 1.000000e-13 on all three arrays
-------------------------------------------------------------



--- run 3 ---
-------------------------------------------------------------
STREAM (dynamic) version — custom malloc-based implementation
-------------------------------------------------------------
This system uses 8 bytes per array element.
-------------------------------------------------------------
Array size = 6144 (elements), Offset = 0 (elements)
Memory per array = 0.0 MiB (= 0.0 GiB).
Total memory required = 0.1 MiB (= 0.0 GiB).
Each kernel will be executed 35 times.
-------------------------------------------------------------
Function    Best Rate MB/s  Avg time     Min time     Max time
Copy:           25769.8     0.000004     0.000004     0.000004
Scale:          12494.5     0.000008     0.000008     0.000009
Add:            21326.7     0.000008     0.000007     0.000008
Triad:          18741.7     0.000008     0.000008     0.000009
-------------------------------------------------------------
Solution Validates: avg error less than 1.000000e-13 on all three arrays
-------------------------------------------------------------



--- run 1 ---
-------------------------------------------------------------
STREAM (dynamic) version — custom malloc-based implementation
-------------------------------------------------------------
This system uses 8 bytes per array element.
-------------------------------------------------------------
Array size = 6485 (elements), Offset = 0 (elements)
Memory per array = 0.0 MiB (= 0.0 GiB).
Total memory required = 0.1 MiB (= 0.0 GiB).
Each kernel will be executed 33 times.
-------------------------------------------------------------
Function    Best Rate MB/s  Avg time     Min time     Max time
Copy:           27200.1     0.000004     0.000004     0.000005
Scale:          13187.9     0.000009     0.000008     0.000009
Add:            19781.9     0.000008     0.000008     0.000009
Triad:          17179.0     0.000009     0.000009     0.000009
-------------------------------------------------------------
Solution Validates: avg error less than 1.000000e-13 on all three arrays
-------------------------------------------------------------



--- run 2 ---
-------------------------------------------------------------
STREAM (dynamic) version — custom malloc-based implementation
-------------------------------------------------------------
This system uses 8 bytes per array element.
-------------------------------------------------------------
Array size = 6485 (elements), Offset = 0 (elements)
Memory per array = 0.0 MiB (= 0.0 GiB).
Total memory required = 0.1 MiB (= 0.0 GiB).
Each kernel will be executed 33 times.
-------------------------------------------------------------
Function    Best Rate MB/s  Avg time     Min time     Max time
Copy:           27200.1     0.000004     0.000004     0.000005
Scale:          13187.9     0.000009     0.000008     0.000009
Add:            19781.9     0.000008     0.000008     0.000009
Triad:          17643.3     0.000009     0.000009     0.000009
-------------------------------------------------------------
Solution Validates: avg error less than 1.000000e-13 on all three arrays
-------------------------------------------------------------



--- run 3 ---
-------------------------------------------------------------
STREAM (dynamic) version — custom malloc-based implementation
-------------------------------------------------------------
This system uses 8 bytes per array element.
-------------------------------------------------------------
Array size = 6485 (elements), Offset = 0 (elements)
Memory per array = 0.0 MiB (= 0.0 GiB).
Total memory required = 0.1 MiB (= 0.0 GiB).
Each kernel will be executed 33 times.
-------------------------------------------------------------
Function    Best Rate MB/s  Avg time     Min time     Max time
Copy:           27200.1     0.000004     0.000004     0.000005
Scale:          12800.0     0.000009     0.000008     0.000009
Add:            19781.9     0.000008     0.000008     0.000009
Triad:          17643.3     0.000009     0.000009     0.000009
-------------------------------------------------------------
Solution Validates: avg error less than 1.000000e-13 on all three arrays
-------------------------------------------------------------



--- run 1 ---
-------------------------------------------------------------
STREAM (dynamic) version — custom malloc-based implementation
-------------------------------------------------------------
This system uses 8 bytes per array element.
-------------------------------------------------------------
Array size = 6869 (elements), Offset = 0 (elements)
Memory per array = 0.1 MiB (= 0.0 GiB).
Total memory required = 0.2 MiB (= 0.0 GiB).
Each kernel will be executed 31 times.
-------------------------------------------------------------
Function    Best Rate MB/s  Avg time     Min time     Max time
Copy:           28810.7     0.000005     0.000004     0.000005
Scale:          12458.7     0.000010     0.000009     0.000010
Add:            20953.2     0.000009     0.000008     0.000009
Triad:          18688.0     0.000010     0.000009     0.000010
-------------------------------------------------------------
Solution Validates: avg error less than 1.000000e-13 on all three arrays
-------------------------------------------------------------



--- run 2 ---
-------------------------------------------------------------
STREAM (dynamic) version — custom malloc-based implementation
-------------------------------------------------------------
This system uses 8 bytes per array element.
-------------------------------------------------------------
Array size = 6869 (elements), Offset = 0 (elements)
Memory per array = 0.1 MiB (= 0.0 GiB).
Total memory required = 0.2 MiB (= 0.0 GiB).
Each kernel will be executed 31 times.
-------------------------------------------------------------
Function    Best Rate MB/s  Avg time     Min time     Max time
Copy:           28810.7     0.000004     0.000004     0.000005
Scale:          12458.7     0.000009     0.000009     0.000010
Add:            20953.2     0.000009     0.000008     0.000009
Triad:          18688.0     0.000009     0.000009     0.000010
-------------------------------------------------------------
Solution Validates: avg error less than 1.000000e-13 on all three arrays
-------------------------------------------------------------



--- run 3 ---
-------------------------------------------------------------
STREAM (dynamic) version — custom malloc-based implementation
-------------------------------------------------------------
This system uses 8 bytes per array element.
-------------------------------------------------------------
Array size = 6869 (elements), Offset = 0 (elements)
Memory per array = 0.1 MiB (= 0.0 GiB).
Total memory required = 0.2 MiB (= 0.0 GiB).
Each kernel will be executed 31 times.
-------------------------------------------------------------
Function    Best Rate MB/s  Avg time     Min time     Max time
Copy:           28810.7     0.000005     0.000004     0.000005
Scale:          12458.7     0.000010     0.000009     0.000010
Add:            20953.2     0.000009     0.000008     0.000009
Triad:          18688.0     0.000010     0.000009     0.000010
-------------------------------------------------------------
Solution Validates: avg error less than 1.000000e-13 on all three arrays
-------------------------------------------------------------



--- run 1 ---
-------------------------------------------------------------
STREAM (dynamic) version — custom malloc-based implementation
-------------------------------------------------------------
This system uses 8 bytes per array element.
-------------------------------------------------------------
Array size = 7296 (elements), Offset = 0 (elements)
Memory per array = 0.1 MiB (= 0.0 GiB).
Total memory required = 0.2 MiB (= 0.0 GiB).
Each kernel will be executed 29 times.
-------------------------------------------------------------
Function    Best Rate MB/s  Avg time     Min time     Max time
Copy:           30601.6     0.000005     0.000004     0.000005
Scale:          11942.1     0.000010     0.000010     0.000011
Add:            19849.7     0.000009     0.000009     0.000010
Triad:          17486.7     0.000010     0.000010     0.000011
-------------------------------------------------------------
Solution Validates: avg error less than 1.000000e-13 on all three arrays
-------------------------------------------------------------



--- run 2 ---
-------------------------------------------------------------
STREAM (dynamic) version — custom malloc-based implementation
-------------------------------------------------------------
This system uses 8 bytes per array element.
-------------------------------------------------------------
Array size = 7296 (elements), Offset = 0 (elements)
Memory per array = 0.1 MiB (= 0.0 GiB).
Total memory required = 0.2 MiB (= 0.0 GiB).
Each kernel will be executed 29 times.
-------------------------------------------------------------
Function    Best Rate MB/s  Avg time     Min time     Max time
Copy:           30601.6     0.000005     0.000004     0.000005
Scale:          11942.1     0.000010     0.000010     0.000011
Add:            19849.7     0.000009     0.000009     0.000010
Triad:          17486.7     0.000010     0.000010     0.000011
-------------------------------------------------------------
Solution Validates: avg error less than 1.000000e-13 on all three arrays
-------------------------------------------------------------



--- run 3 ---
-------------------------------------------------------------
STREAM (dynamic) version — custom malloc-based implementation
-------------------------------------------------------------
This system uses 8 bytes per array element.
-------------------------------------------------------------
Array size = 7296 (elements), Offset = 0 (elements)
Memory per array = 0.1 MiB (= 0.0 GiB).
Total memory required = 0.2 MiB (= 0.0 GiB).
Each kernel will be executed 29 times.
-------------------------------------------------------------
Function    Best Rate MB/s  Avg time     Min time     Max time
Copy:           30601.6     0.000005     0.000004     0.000005
Scale:          11657.8     0.000010     0.000010     0.000011
Add:            19849.7     0.000009     0.000009     0.000010
Triad:          17913.2     0.000010     0.000010     0.000011
-------------------------------------------------------------
Solution Validates: avg error less than 1.000000e-13 on all three arrays
-------------------------------------------------------------



--- run 1 ---
-------------------------------------------------------------
STREAM (dynamic) version — custom malloc-based implementation
-------------------------------------------------------------
This system uses 8 bytes per array element.
-------------------------------------------------------------
Array size = 7722 (elements), Offset = 0 (elements)
Memory per array = 0.1 MiB (= 0.0 GiB).
Total memory required = 0.2 MiB (= 0.0 GiB).
Each kernel will be executed 28 times.
-------------------------------------------------------------
Function    Best Rate MB/s  Avg time     Min time     Max time
Copy:           25910.7     0.000005     0.000005     0.000007
Scale:          12338.4     0.000011     0.000010     0.000011
Add:            20455.8     0.000010     0.000009     0.000025
Triad:          18507.7     0.000011     0.000010     0.000011
-------------------------------------------------------------
Solution Validates: avg error less than 1.000000e-13 on all three arrays
-------------------------------------------------------------



--- run 2 ---
-------------------------------------------------------------
STREAM (dynamic) version — custom malloc-based implementation
-------------------------------------------------------------
This system uses 8 bytes per array element.
-------------------------------------------------------------
Array size = 7722 (elements), Offset = 0 (elements)
Memory per array = 0.1 MiB (= 0.0 GiB).
Total memory required = 0.2 MiB (= 0.0 GiB).
Each kernel will be executed 28 times.
-------------------------------------------------------------
Function    Best Rate MB/s  Avg time     Min time     Max time
Copy:           25910.7     0.000006     0.000005     0.000021
Scale:          12338.4     0.000011     0.000010     0.000011
Add:            21008.7     0.000010     0.000009     0.000011
Triad:          18507.7     0.000011     0.000010     0.000012
-------------------------------------------------------------
Solution Validates: avg error less than 1.000000e-13 on all three arrays
-------------------------------------------------------------



--- run 3 ---
-------------------------------------------------------------
STREAM (dynamic) version — custom malloc-based implementation
-------------------------------------------------------------
This system uses 8 bytes per array element.
-------------------------------------------------------------
Array size = 7722 (elements), Offset = 0 (elements)
Memory per array = 0.1 MiB (= 0.0 GiB).
Total memory required = 0.2 MiB (= 0.0 GiB).
Each kernel will be executed 28 times.
-------------------------------------------------------------
Function    Best Rate MB/s  Avg time     Min time     Max time
Copy:           24676.9     0.000005     0.000005     0.000008
Scale:          12639.4     0.000011     0.000010     0.000011
Add:            20455.8     0.000010     0.000009     0.000010
Triad:          18959.1     0.000011     0.000010     0.000026
-------------------------------------------------------------
Solution Validates: avg error less than 1.000000e-13 on all three arrays
-------------------------------------------------------------



--- run 1 ---
-------------------------------------------------------------
STREAM (dynamic) version — custom malloc-based implementation
-------------------------------------------------------------
This system uses 8 bytes per array element.
-------------------------------------------------------------
Array size = 8192 (elements), Offset = 0 (elements)
Memory per array = 0.1 MiB (= 0.0 GiB).
Total memory required = 0.2 MiB (= 0.0 GiB).
Each kernel will be executed 26 times.
-------------------------------------------------------------
Function    Best Rate MB/s  Avg time     Min time     Max time
Copy:           26178.8     0.000006     0.000005     0.000007
Scale:          11951.2     0.000013     0.000011     0.000046
Add:            19634.1     0.000011     0.000010     0.000011
Triad:          17926.8     0.000011     0.000011     0.000012
-------------------------------------------------------------
Solution Validates: avg error less than 1.000000e-13 on all three arrays
-------------------------------------------------------------



--- run 2 ---
-------------------------------------------------------------
STREAM (dynamic) version — custom malloc-based implementation
-------------------------------------------------------------
This system uses 8 bytes per array element.
-------------------------------------------------------------
Array size = 8192 (elements), Offset = 0 (elements)
Memory per array = 0.1 MiB (= 0.0 GiB).
Total memory required = 0.2 MiB (= 0.0 GiB).
Each kernel will be executed 26 times.
-------------------------------------------------------------
Function    Best Rate MB/s  Avg time     Min time     Max time
Copy:           26178.8     0.000006     0.000005     0.000007
Scale:          11951.2     0.000011     0.000011     0.000012
Add:            20113.0     0.000011     0.000010     0.000025
Triad:          17926.8     0.000011     0.000011     0.000012
-------------------------------------------------------------
Solution Validates: avg error less than 1.000000e-13 on all three arrays
-------------------------------------------------------------



--- run 3 ---
-------------------------------------------------------------
STREAM (dynamic) version — custom malloc-based implementation
-------------------------------------------------------------
This system uses 8 bytes per array element.
-------------------------------------------------------------
Array size = 8192 (elements), Offset = 0 (elements)
Memory per array = 0.1 MiB (= 0.0 GiB).
Total memory required = 0.2 MiB (= 0.0 GiB).
Each kernel will be executed 26 times.
-------------------------------------------------------------
Function    Best Rate MB/s  Avg time     Min time     Max time
Copy:           26178.8     0.000005     0.000005     0.000006
Scale:          11951.2     0.000012     0.000011     0.000012
Add:            19634.1     0.000011     0.000010     0.000030
Triad:          17926.8     0.000012     0.000011     0.000012
-------------------------------------------------------------
Solution Validates: avg error less than 1.000000e-13 on all three arrays
-------------------------------------------------------------



--- run 1 ---
-------------------------------------------------------------
STREAM (dynamic) version — custom malloc-based implementation
-------------------------------------------------------------
This system uses 8 bytes per array element.
-------------------------------------------------------------
Array size = 8661 (elements), Offset = 0 (elements)
Memory per array = 0.1 MiB (= 0.0 GiB).
Total memory required = 0.2 MiB (= 0.0 GiB).
Each kernel will be executed 25 times.
-------------------------------------------------------------
Function    Best Rate MB/s  Avg time     Min time     Max time
Copy:           27677.6     0.000006     0.000005     0.000006
Scale:          11624.6     0.000012     0.000012     0.000013
Add:            18953.1     0.000011     0.000011     0.000012
Triad:          17436.9     0.000012     0.000012     0.000013
-------------------------------------------------------------
Solution Validates: avg error less than 1.000000e-13 on all three arrays
-------------------------------------------------------------



--- run 2 ---
-------------------------------------------------------------
STREAM (dynamic) version — custom malloc-based implementation
-------------------------------------------------------------
This system uses 8 bytes per array element.
-------------------------------------------------------------
Array size = 8661 (elements), Offset = 0 (elements)
Memory per array = 0.1 MiB (= 0.0 GiB).
Total memory required = 0.2 MiB (= 0.0 GiB).
Each kernel will be executed 25 times.
-------------------------------------------------------------
Function    Best Rate MB/s  Avg time     Min time     Max time
Copy:           27677.6     0.000006     0.000005     0.000006
Scale:          11624.6     0.000012     0.000012     0.000012
Add:            18953.1     0.000011     0.000011     0.000011
Triad:          18953.1     0.000012     0.000011     0.000012
-------------------------------------------------------------
Solution Validates: avg error less than 1.000000e-13 on all three arrays
-------------------------------------------------------------



--- run 3 ---
-------------------------------------------------------------
STREAM (dynamic) version — custom malloc-based implementation
-------------------------------------------------------------
This system uses 8 bytes per array element.
-------------------------------------------------------------
Array size = 8661 (elements), Offset = 0 (elements)
Memory per array = 0.1 MiB (= 0.0 GiB).
Total memory required = 0.2 MiB (= 0.0 GiB).
Each kernel will be executed 25 times.
-------------------------------------------------------------
Function    Best Rate MB/s  Avg time     Min time     Max time
Copy:           29061.5     0.000006     0.000005     0.000006
Scale:          12635.4     0.000012     0.000011     0.000012
Add:            18953.1     0.000011     0.000011     0.000011
Triad:          17436.9     0.000012     0.000012     0.000012
-------------------------------------------------------------
Solution Validates: avg error less than 1.000000e-13 on all three arrays
-------------------------------------------------------------



--- run 1 ---
-------------------------------------------------------------
STREAM (dynamic) version — custom malloc-based implementation
-------------------------------------------------------------
This system uses 8 bytes per array element.
-------------------------------------------------------------
Array size = 9173 (elements), Offset = 0 (elements)
Memory per array = 0.1 MiB (= 0.0 GiB).
Total memory required = 0.2 MiB (= 0.0 GiB).
Each kernel will be executed 23 times.
-------------------------------------------------------------
Function    Best Rate MB/s  Avg time     Min time     Max time
Copy:           24623.6     0.000006     0.000006     0.000006
Scale:          12311.8     0.000013     0.000012     0.000013
Add:            20073.6     0.000012     0.000011     0.000012
Triad:          18467.7     0.000013     0.000012     0.000013
-------------------------------------------------------------
Solution Validates: avg error less than 1.000000e-13 on all three arrays
-------------------------------------------------------------



--- run 2 ---
-------------------------------------------------------------
STREAM (dynamic) version — custom malloc-based implementation
-------------------------------------------------------------
This system uses 8 bytes per array element.
-------------------------------------------------------------
Array size = 9173 (elements), Offset = 0 (elements)
Memory per array = 0.1 MiB (= 0.0 GiB).
Total memory required = 0.2 MiB (= 0.0 GiB).
Each kernel will be executed 23 times.
-------------------------------------------------------------
Function    Best Rate MB/s  Avg time     Min time     Max time
Copy:           29313.8     0.000006     0.000005     0.000006
Scale:          12311.8     0.000013     0.000012     0.000013
Add:            20073.6     0.000012     0.000011     0.000012
Triad:          18467.7     0.000013     0.000012     0.000013
-------------------------------------------------------------
Solution Validates: avg error less than 1.000000e-13 on all three arrays
-------------------------------------------------------------



--- run 3 ---
-------------------------------------------------------------
STREAM (dynamic) version — custom malloc-based implementation
-------------------------------------------------------------
This system uses 8 bytes per array element.
-------------------------------------------------------------
Array size = 9173 (elements), Offset = 0 (elements)
Memory per array = 0.1 MiB (= 0.0 GiB).
Total memory required = 0.2 MiB (= 0.0 GiB).
Each kernel will be executed 23 times.
-------------------------------------------------------------
Function    Best Rate MB/s  Avg time     Min time     Max time
Copy:           29313.8     0.000006     0.000005     0.000006
Scale:          12311.8     0.000013     0.000012     0.000013
Add:            20073.6     0.000012     0.000011     0.000012
Triad:          18467.7     0.000013     0.000012     0.000013
-------------------------------------------------------------
Solution Validates: avg error less than 1.000000e-13 on all three arrays
-------------------------------------------------------------



--- run 1 ---
-------------------------------------------------------------
STREAM (dynamic) version — custom malloc-based implementation
-------------------------------------------------------------
This system uses 8 bytes per array element.
-------------------------------------------------------------
Array size = 9728 (elements), Offset = 0 (elements)
Memory per array = 0.1 MiB (= 0.0 GiB).
Total memory required = 0.2 MiB (= 0.0 GiB).
Each kernel will be executed 22 times.
-------------------------------------------------------------
Function    Best Rate MB/s  Avg time     Min time     Max time
Copy:           26113.4     0.000006     0.000006     0.000007
Scale:          12089.5     0.000013     0.000013     0.000014
Add:            19585.1     0.000012     0.000012     0.000013
Triad:          18134.3     0.000013     0.000013     0.000014
-------------------------------------------------------------
Solution Validates: avg error less than 1.000000e-13 on all three arrays
-------------------------------------------------------------



--- run 2 ---
-------------------------------------------------------------
STREAM (dynamic) version — custom malloc-based implementation
-------------------------------------------------------------
This system uses 8 bytes per array element.
-------------------------------------------------------------
Array size = 9728 (elements), Offset = 0 (elements)
Memory per array = 0.1 MiB (= 0.0 GiB).
Total memory required = 0.2 MiB (= 0.0 GiB).
Each kernel will be executed 22 times.
-------------------------------------------------------------
Function    Best Rate MB/s  Avg time     Min time     Max time
Copy:           26113.4     0.000006     0.000006     0.000007
Scale:          12089.5     0.000013     0.000013     0.000014
Add:            19585.1     0.000012     0.000012     0.000013
Triad:          18134.3     0.000013     0.000013     0.000014
-------------------------------------------------------------
Solution Validates: avg error less than 1.000000e-13 on all three arrays
-------------------------------------------------------------



--- run 3 ---
-------------------------------------------------------------
STREAM (dynamic) version — custom malloc-based implementation
-------------------------------------------------------------
This system uses 8 bytes per array element.
-------------------------------------------------------------
Array size = 9728 (elements), Offset = 0 (elements)
Memory per array = 0.1 MiB (= 0.0 GiB).
Total memory required = 0.2 MiB (= 0.0 GiB).
Each kernel will be executed 22 times.
-------------------------------------------------------------
Function    Best Rate MB/s  Avg time     Min time     Max time
Copy:           26113.4     0.000006     0.000006     0.000007
Scale:          12089.5     0.000013     0.000013     0.000014
Add:            19585.1     0.000012     0.000012     0.000013
Triad:          18134.3     0.000013     0.000013     0.000014
-------------------------------------------------------------
Solution Validates: avg error less than 1.000000e-13 on all three arrays
-------------------------------------------------------------



--- run 1 ---
-------------------------------------------------------------
STREAM (dynamic) version — custom malloc-based implementation
-------------------------------------------------------------
This system uses 8 bytes per array element.
-------------------------------------------------------------
Array size = 10325 (elements), Offset = 0 (elements)
Memory per array = 0.1 MiB (= 0.0 GiB).
Total memory required = 0.2 MiB (= 0.0 GiB).
Each kernel will be executed 21 times.
-------------------------------------------------------------
Function    Best Rate MB/s  Avg time     Min time     Max time
Copy:           27716.0     0.000007     0.000006     0.000007
Scale:          11946.5     0.000014     0.000014     0.000015
Add:            19247.2     0.000013     0.000013     0.000014
Triad:          17919.8     0.000014     0.000014     0.000015
-------------------------------------------------------------
Solution Validates: avg error less than 1.000000e-13 on all three arrays
-------------------------------------------------------------



--- run 2 ---
-------------------------------------------------------------
STREAM (dynamic) version — custom malloc-based implementation
-------------------------------------------------------------
This system uses 8 bytes per array element.
-------------------------------------------------------------
Array size = 10325 (elements), Offset = 0 (elements)
Memory per array = 0.1 MiB (= 0.0 GiB).
Total memory required = 0.2 MiB (= 0.0 GiB).
Each kernel will be executed 21 times.
-------------------------------------------------------------
Function    Best Rate MB/s  Avg time     Min time     Max time
Copy:           27716.0     0.000007     0.000006     0.000007
Scale:          11946.5     0.000014     0.000014     0.000015
Add:            19247.2     0.000013     0.000013     0.000014
Triad:          17616.1     0.000014     0.000014     0.000015
-------------------------------------------------------------
Solution Validates: avg error less than 1.000000e-13 on all three arrays
-------------------------------------------------------------



--- run 3 ---
-------------------------------------------------------------
STREAM (dynamic) version — custom malloc-based implementation
-------------------------------------------------------------
This system uses 8 bytes per array element.
-------------------------------------------------------------
Array size = 10325 (elements), Offset = 0 (elements)
Memory per array = 0.1 MiB (= 0.0 GiB).
Total memory required = 0.2 MiB (= 0.0 GiB).
Each kernel will be executed 21 times.
-------------------------------------------------------------
Function    Best Rate MB/s  Avg time     Min time     Max time
Copy:           27716.0     0.000007     0.000006     0.000007
Scale:          11946.5     0.000014     0.000014     0.000015
Add:            19247.2     0.000013     0.000013     0.000014
Triad:          17919.8     0.000014     0.000014     0.000015
-------------------------------------------------------------
Solution Validates: avg error less than 1.000000e-13 on all three arrays
-------------------------------------------------------------



--- run 1 ---
-------------------------------------------------------------
STREAM (dynamic) version — custom malloc-based implementation
-------------------------------------------------------------
This system uses 8 bytes per array element.
-------------------------------------------------------------
Array size = 10922 (elements), Offset = 0 (elements)
Memory per array = 0.1 MiB (= 0.0 GiB).
Total memory required = 0.2 MiB (= 0.0 GiB).
Each kernel will be executed 20 times.
-------------------------------------------------------------
Function    Best Rate MB/s  Avg time     Min time     Max time
Copy:           25274.6     0.000007     0.000007     0.000008
Scale:          11634.3     0.000015     0.000015     0.000016
Add:            20360.1     0.000014     0.000013     0.000014
Triad:          17733.0     0.000015     0.000015     0.000016
-------------------------------------------------------------
Solution Validates: avg error less than 1.000000e-13 on all three arrays
-------------------------------------------------------------



--- run 2 ---
-------------------------------------------------------------
STREAM (dynamic) version — custom malloc-based implementation
-------------------------------------------------------------
This system uses 8 bytes per array element.
-------------------------------------------------------------
Array size = 10922 (elements), Offset = 0 (elements)
Memory per array = 0.1 MiB (= 0.0 GiB).
Total memory required = 0.2 MiB (= 0.0 GiB).
Each kernel will be executed 20 times.
-------------------------------------------------------------
Function    Best Rate MB/s  Avg time     Min time     Max time
Copy:           25274.6     0.000007     0.000007     0.000007
Scale:          11634.3     0.000015     0.000015     0.000016
Add:            20360.1     0.000014     0.000013     0.000014
Triad:          17733.0     0.000015     0.000015     0.000015
-------------------------------------------------------------
Solution Validates: avg error less than 1.000000e-13 on all three arrays
-------------------------------------------------------------



--- run 3 ---
-------------------------------------------------------------
STREAM (dynamic) version — custom malloc-based implementation
-------------------------------------------------------------
This system uses 8 bytes per array element.
-------------------------------------------------------------
Array size = 10922 (elements), Offset = 0 (elements)
Memory per array = 0.1 MiB (= 0.0 GiB).
Total memory required = 0.2 MiB (= 0.0 GiB).
Each kernel will be executed 20 times.
-------------------------------------------------------------
Function    Best Rate MB/s  Avg time     Min time     Max time
Copy:           25274.6     0.000007     0.000007     0.000007
Scale:          11822.0     0.000015     0.000015     0.000015
Add:            20360.1     0.000014     0.000013     0.000014
Triad:          17733.0     0.000015     0.000015     0.000016
-------------------------------------------------------------
Solution Validates: avg error less than 1.000000e-13 on all three arrays
-------------------------------------------------------------



--- run 1 ---
-------------------------------------------------------------
STREAM (dynamic) version — custom malloc-based implementation
-------------------------------------------------------------
This system uses 8 bytes per array element.
-------------------------------------------------------------
Array size = 11562 (elements), Offset = 0 (elements)
Memory per array = 0.1 MiB (= 0.0 GiB).
Total memory required = 0.3 MiB (= 0.0 GiB).
Each kernel will be executed 18 times.
-------------------------------------------------------------
Function    Best Rate MB/s  Avg time     Min time     Max time
Copy:           26755.6     0.000007     0.000007     0.000008
Scale:          12316.1     0.000016     0.000015     0.000016
Add:            20066.7     0.000015     0.000014     0.000015
Triad:          18474.1     0.000016     0.000015     0.000016
-------------------------------------------------------------
Solution Validates: avg error less than 1.000000e-13 on all three arrays
-------------------------------------------------------------



--- run 2 ---
-------------------------------------------------------------
STREAM (dynamic) version — custom malloc-based implementation
-------------------------------------------------------------
This system uses 8 bytes per array element.
-------------------------------------------------------------
Array size = 11562 (elements), Offset = 0 (elements)
Memory per array = 0.1 MiB (= 0.0 GiB).
Total memory required = 0.3 MiB (= 0.0 GiB).
Each kernel will be executed 18 times.
-------------------------------------------------------------
Function    Best Rate MB/s  Avg time     Min time     Max time
Copy:           26755.6     0.000007     0.000007     0.000008
Scale:          12316.1     0.000016     0.000015     0.000016
Add:            20066.7     0.000015     0.000014     0.000015
Triad:          18474.1     0.000016     0.000015     0.000016
-------------------------------------------------------------
Solution Validates: avg error less than 1.000000e-13 on all three arrays
-------------------------------------------------------------



--- run 3 ---
-------------------------------------------------------------
STREAM (dynamic) version — custom malloc-based implementation
-------------------------------------------------------------
This system uses 8 bytes per array element.
-------------------------------------------------------------
Array size = 11562 (elements), Offset = 0 (elements)
Memory per array = 0.1 MiB (= 0.0 GiB).
Total memory required = 0.3 MiB (= 0.0 GiB).
Each kernel will be executed 18 times.
-------------------------------------------------------------
Function    Best Rate MB/s  Avg time     Min time     Max time
Copy:           26755.6     0.000007     0.000007     0.000008
Scale:          12316.1     0.000016     0.000015     0.000016
Add:            20066.7     0.000015     0.000014     0.000015
Triad:          18474.1     0.000016     0.000015     0.000016
-------------------------------------------------------------
Solution Validates: avg error less than 1.000000e-13 on all three arrays
-------------------------------------------------------------



--- run 1 ---
-------------------------------------------------------------
STREAM (dynamic) version — custom malloc-based implementation
-------------------------------------------------------------
This system uses 8 bytes per array element.
-------------------------------------------------------------
Array size = 12245 (elements), Offset = 0 (elements)
Memory per array = 0.1 MiB (= 0.0 GiB).
Total memory required = 0.3 MiB (= 0.0 GiB).
Each kernel will be executed 17 times.
-------------------------------------------------------------
Function    Best Rate MB/s  Avg time     Min time     Max time
Copy:           28336.1     0.000008     0.000007     0.000008
Scale:          12264.9     0.000017     0.000016     0.000017
Add:            19565.4     0.000015     0.000015     0.000016
Triad:          18397.3     0.000017     0.000016     0.000017
-------------------------------------------------------------
Solution Validates: avg error less than 1.000000e-13 on all three arrays
-------------------------------------------------------------



--- run 2 ---
-------------------------------------------------------------
STREAM (dynamic) version — custom malloc-based implementation
-------------------------------------------------------------
This system uses 8 bytes per array element.
-------------------------------------------------------------
Array size = 12245 (elements), Offset = 0 (elements)
Memory per array = 0.1 MiB (= 0.0 GiB).
Total memory required = 0.3 MiB (= 0.0 GiB).
Each kernel will be executed 17 times.
-------------------------------------------------------------
Function    Best Rate MB/s  Avg time     Min time     Max time
Copy:           28336.1     0.000008     0.000007     0.000008
Scale:          12264.9     0.000017     0.000016     0.000017
Add:            19881.0     0.000016     0.000015     0.000016
Triad:          18397.3     0.000017     0.000016     0.000017
-------------------------------------------------------------
Solution Validates: avg error less than 1.000000e-13 on all three arrays
-------------------------------------------------------------



--- run 3 ---
-------------------------------------------------------------
STREAM (dynamic) version — custom malloc-based implementation
-------------------------------------------------------------
This system uses 8 bytes per array element.
-------------------------------------------------------------
Array size = 12245 (elements), Offset = 0 (elements)
Memory per array = 0.1 MiB (= 0.0 GiB).
Total memory required = 0.3 MiB (= 0.0 GiB).
Each kernel will be executed 17 times.
-------------------------------------------------------------
Function    Best Rate MB/s  Avg time     Min time     Max time
Copy:           27391.6     0.000008     0.000007     0.000008
Scale:          12264.9     0.000017     0.000016     0.000017
Add:            19881.0     0.000015     0.000015     0.000016
Triad:          18397.3     0.000017     0.000016     0.000017
-------------------------------------------------------------
Solution Validates: avg error less than 1.000000e-13 on all three arrays
-------------------------------------------------------------



--- run 1 ---
-------------------------------------------------------------
STREAM (dynamic) version — custom malloc-based implementation
-------------------------------------------------------------
This system uses 8 bytes per array element.
-------------------------------------------------------------
Array size = 12970 (elements), Offset = 0 (elements)
Memory per array = 0.1 MiB (= 0.0 GiB).
Total memory required = 0.3 MiB (= 0.0 GiB).
Each kernel will be executed 16 times.
-------------------------------------------------------------
Function    Best Rate MB/s  Avg time     Min time     Max time
Copy:           26375.8     0.000008     0.000008     0.000009
Scale:          12259.2     0.000018     0.000017     0.000018
Add:            19486.6     0.000016     0.000016     0.000017
Triad:          18388.8     0.000018     0.000017     0.000018
-------------------------------------------------------------
Solution Validates: avg error less than 1.000000e-13 on all three arrays
-------------------------------------------------------------



--- run 2 ---
-------------------------------------------------------------
STREAM (dynamic) version — custom malloc-based implementation
-------------------------------------------------------------
This system uses 8 bytes per array element.
-------------------------------------------------------------
Array size = 12970 (elements), Offset = 0 (elements)
Memory per array = 0.1 MiB (= 0.0 GiB).
Total memory required = 0.3 MiB (= 0.0 GiB).
Each kernel will be executed 16 times.
-------------------------------------------------------------
Function    Best Rate MB/s  Avg time     Min time     Max time
Copy:           26375.8     0.000008     0.000008     0.000009
Scale:          12259.2     0.000018     0.000017     0.000018
Add:            19486.6     0.000016     0.000016     0.000017
Triad:          18388.8     0.000018     0.000017     0.000018
-------------------------------------------------------------
Solution Validates: avg error less than 1.000000e-13 on all three arrays
-------------------------------------------------------------



--- run 3 ---
-------------------------------------------------------------
STREAM (dynamic) version — custom malloc-based implementation
-------------------------------------------------------------
This system uses 8 bytes per array element.
-------------------------------------------------------------
Array size = 12970 (elements), Offset = 0 (elements)
Memory per array = 0.1 MiB (= 0.0 GiB).
Total memory required = 0.3 MiB (= 0.0 GiB).
Each kernel will be executed 16 times.
-------------------------------------------------------------
Function    Best Rate MB/s  Avg time     Min time     Max time
Copy:           26375.8     0.000008     0.000008     0.000009
Scale:          12259.2     0.000018     0.000017     0.000018
Add:            19486.6     0.000016     0.000016     0.000017
Triad:          18388.8     0.000018     0.000017     0.000018
-------------------------------------------------------------
Solution Validates: avg error less than 1.000000e-13 on all three arrays
-------------------------------------------------------------



--- run 1 ---
-------------------------------------------------------------
STREAM (dynamic) version — custom malloc-based implementation
-------------------------------------------------------------
This system uses 8 bytes per array element.
-------------------------------------------------------------
Array size = 13781 (elements), Offset = 0 (elements)
Memory per array = 0.1 MiB (= 0.0 GiB).
Total memory required = 0.3 MiB (= 0.0 GiB).
Each kernel will be executed 15 times.
-------------------------------------------------------------
Function    Best Rate MB/s  Avg time     Min time     Max time
Copy:           28025.1     0.000009     0.000008     0.000009
Scale:          12331.0     0.000019     0.000018     0.000019
Add:            19538.6     0.000017     0.000017     0.000018
Triad:          17560.0     0.000019     0.000019     0.000019
-------------------------------------------------------------
Solution Validates: avg error less than 1.000000e-13 on all three arrays
-------------------------------------------------------------



--- run 2 ---
-------------------------------------------------------------
STREAM (dynamic) version — custom malloc-based implementation
-------------------------------------------------------------
This system uses 8 bytes per array element.
-------------------------------------------------------------
Array size = 13781 (elements), Offset = 0 (elements)
Memory per array = 0.1 MiB (= 0.0 GiB).
Total memory required = 0.3 MiB (= 0.0 GiB).
Each kernel will be executed 15 times.
-------------------------------------------------------------
Function    Best Rate MB/s  Avg time     Min time     Max time
Copy:           27200.8     0.000009     0.000008     0.000009
Scale:          11706.7     0.000019     0.000019     0.000019
Add:            19538.6     0.000017     0.000017     0.000018
Triad:          18253.2     0.000019     0.000018     0.000019
-------------------------------------------------------------
Solution Validates: avg error less than 1.000000e-13 on all three arrays
-------------------------------------------------------------



--- run 3 ---
-------------------------------------------------------------
STREAM (dynamic) version — custom malloc-based implementation
-------------------------------------------------------------
This system uses 8 bytes per array element.
-------------------------------------------------------------
Array size = 13781 (elements), Offset = 0 (elements)
Memory per array = 0.1 MiB (= 0.0 GiB).
Total memory required = 0.3 MiB (= 0.0 GiB).
Each kernel will be executed 15 times.
-------------------------------------------------------------
Function    Best Rate MB/s  Avg time     Min time     Max time
Copy:           28025.1     0.000009     0.000008     0.000009
Scale:          12331.0     0.000019     0.000018     0.000019
Add:            19538.6     0.000017     0.000017     0.000018
Triad:          18496.5     0.000019     0.000018     0.000019
-------------------------------------------------------------
Solution Validates: avg error less than 1.000000e-13 on all three arrays
-------------------------------------------------------------



--- run 1 ---
-------------------------------------------------------------
STREAM (dynamic) version — custom malloc-based implementation
-------------------------------------------------------------
This system uses 8 bytes per array element.
-------------------------------------------------------------
Array size = 14592 (elements), Offset = 0 (elements)
Memory per array = 0.1 MiB (= 0.0 GiB).
Total memory required = 0.3 MiB (= 0.0 GiB).
Each kernel will be executed 14 times.
-------------------------------------------------------------
Function    Best Rate MB/s  Avg time     Min time     Max time
Copy:           26466.3     0.000009     0.000009     0.000010
Scale:          11798.2     0.000020     0.000020     0.000020
Add:            19585.1     0.000018     0.000018     0.000019
Triad:          17697.3     0.000020     0.000020     0.000021
-------------------------------------------------------------
Solution Validates: avg error less than 1.000000e-13 on all three arrays
-------------------------------------------------------------



--- run 2 ---
-------------------------------------------------------------
STREAM (dynamic) version — custom malloc-based implementation
-------------------------------------------------------------
This system uses 8 bytes per array element.
-------------------------------------------------------------
Array size = 14592 (elements), Offset = 0 (elements)
Memory per array = 0.1 MiB (= 0.0 GiB).
Total memory required = 0.3 MiB (= 0.0 GiB).
Each kernel will be executed 14 times.
-------------------------------------------------------------
Function    Best Rate MB/s  Avg time     Min time     Max time
Copy:           26466.3     0.000009     0.000009     0.000010
Scale:          11798.2     0.000020     0.000020     0.000020
Add:            19585.1     0.000018     0.000018     0.000019
Triad:          17697.3     0.000020     0.000020     0.000020
-------------------------------------------------------------
Solution Validates: avg error less than 1.000000e-13 on all three arrays
-------------------------------------------------------------



--- run 3 ---
-------------------------------------------------------------
STREAM (dynamic) version — custom malloc-based implementation
-------------------------------------------------------------
This system uses 8 bytes per array element.
-------------------------------------------------------------
Array size = 14592 (elements), Offset = 0 (elements)
Memory per array = 0.1 MiB (= 0.0 GiB).
Total memory required = 0.3 MiB (= 0.0 GiB).
Each kernel will be executed 14 times.
-------------------------------------------------------------
Function    Best Rate MB/s  Avg time     Min time     Max time
Copy:           26466.3     0.000009     0.000009     0.000010
Scale:          11657.8     0.000020     0.000020     0.000021
Add:            19585.1     0.000018     0.000018     0.000019
Triad:          17697.3     0.000020     0.000020     0.000021
-------------------------------------------------------------
Solution Validates: avg error less than 1.000000e-13 on all three arrays
-------------------------------------------------------------



--- run 1 ---
-------------------------------------------------------------
STREAM (dynamic) version — custom malloc-based implementation
-------------------------------------------------------------
This system uses 8 bytes per array element.
-------------------------------------------------------------
Array size = 15445 (elements), Offset = 0 (elements)
Memory per array = 0.1 MiB (= 0.0 GiB).
Total memory required = 0.4 MiB (= 0.0 GiB).
Each kernel will be executed 14 times.
-------------------------------------------------------------
Function    Best Rate MB/s  Avg time     Min time     Max time
Copy:           27276.2     0.000010     0.000009     0.000010
Scale:          11778.4     0.000021     0.000021     0.000022
Add:            19680.3     0.000020     0.000019     0.000020
Triad:          17667.6     0.000024     0.000021     0.000057
-------------------------------------------------------------
Solution Validates: avg error less than 1.000000e-13 on all three arrays
-------------------------------------------------------------



--- run 2 ---
-------------------------------------------------------------
STREAM (dynamic) version — custom malloc-based implementation
-------------------------------------------------------------
This system uses 8 bytes per array element.
-------------------------------------------------------------
Array size = 15445 (elements), Offset = 0 (elements)
Memory per array = 0.1 MiB (= 0.0 GiB).
Total memory required = 0.4 MiB (= 0.0 GiB).
Each kernel will be executed 14 times.
-------------------------------------------------------------
Function    Best Rate MB/s  Avg time     Min time     Max time
Copy:           27276.2     0.000010     0.000009     0.000010
Scale:          11778.4     0.000022     0.000021     0.000037
Add:            19680.3     0.000020     0.000019     0.000020
Triad:          17667.6     0.000021     0.000021     0.000022
-------------------------------------------------------------
Solution Validates: avg error less than 1.000000e-13 on all three arrays
-------------------------------------------------------------



--- run 3 ---
-------------------------------------------------------------
STREAM (dynamic) version — custom malloc-based implementation
-------------------------------------------------------------
This system uses 8 bytes per array element.
-------------------------------------------------------------
Array size = 15445 (elements), Offset = 0 (elements)
Memory per array = 0.1 MiB (= 0.0 GiB).
Total memory required = 0.4 MiB (= 0.0 GiB).
Each kernel will be executed 14 times.
-------------------------------------------------------------
Function    Best Rate MB/s  Avg time     Min time     Max time
Copy:           27276.2     0.000010     0.000009     0.000010
Scale:          11778.4     0.000022     0.000021     0.000034
Add:            19680.3     0.000020     0.000019     0.000020
Triad:          17667.6     0.000021     0.000021     0.000022
-------------------------------------------------------------
Solution Validates: avg error less than 1.000000e-13 on all three arrays
-------------------------------------------------------------



--- run 1 ---
-------------------------------------------------------------
STREAM (dynamic) version — custom malloc-based implementation
-------------------------------------------------------------
This system uses 8 bytes per array element.
-------------------------------------------------------------
Array size = 16384 (elements), Offset = 0 (elements)
Memory per array = 0.1 MiB (= 0.0 GiB).
Total memory required = 0.4 MiB (= 0.0 GiB).
Each kernel will be executed 13 times.
-------------------------------------------------------------
Function    Best Rate MB/s  Avg time     Min time     Max time
Copy:           26178.8     0.000010     0.000010     0.000011
Scale:          11951.2     0.000022     0.000022     0.000023
Add:            19870.7     0.000021     0.000020     0.000021
Triad:          17926.8     0.000023     0.000022     0.000023
-------------------------------------------------------------
Solution Validates: avg error less than 1.000000e-13 on all three arrays
-------------------------------------------------------------



--- run 2 ---
-------------------------------------------------------------
STREAM (dynamic) version — custom malloc-based implementation
-------------------------------------------------------------
This system uses 8 bytes per array element.
-------------------------------------------------------------
Array size = 16384 (elements), Offset = 0 (elements)
Memory per array = 0.1 MiB (= 0.0 GiB).
Total memory required = 0.4 MiB (= 0.0 GiB).
Each kernel will be executed 13 times.
-------------------------------------------------------------
Function    Best Rate MB/s  Avg time     Min time     Max time
Copy:           26817.4     0.000010     0.000010     0.000011
Scale:          11951.2     0.000022     0.000022     0.000023
Add:            19870.7     0.000021     0.000020     0.000021
Triad:          17926.8     0.000023     0.000022     0.000023
-------------------------------------------------------------
Solution Validates: avg error less than 1.000000e-13 on all three arrays
-------------------------------------------------------------



--- run 3 ---
-------------------------------------------------------------
STREAM (dynamic) version — custom malloc-based implementation
-------------------------------------------------------------
This system uses 8 bytes per array element.
-------------------------------------------------------------
Array size = 16384 (elements), Offset = 0 (elements)
Memory per array = 0.1 MiB (= 0.0 GiB).
Total memory required = 0.4 MiB (= 0.0 GiB).
Each kernel will be executed 13 times.
-------------------------------------------------------------
Function    Best Rate MB/s  Avg time     Min time     Max time
Copy:           26178.8     0.000011     0.000010     0.000011
Scale:          11951.2     0.000023     0.000022     0.000023
Add:            19634.1     0.000021     0.000020     0.000021
Triad:          17926.8     0.000022     0.000022     0.000023
-------------------------------------------------------------
Solution Validates: avg error less than 1.000000e-13 on all three arrays
-------------------------------------------------------------



--- run 1 ---
-------------------------------------------------------------
STREAM (dynamic) version — custom malloc-based implementation
-------------------------------------------------------------
This system uses 8 bytes per array element.
-------------------------------------------------------------
Array size = 17322 (elements), Offset = 0 (elements)
Memory per array = 0.1 MiB (= 0.0 GiB).
Total memory required = 0.4 MiB (= 0.0 GiB).
Each kernel will be executed 12 times.
-------------------------------------------------------------
Function    Best Rate MB/s  Avg time     Min time     Max time
Copy:           25270.9     0.000011     0.000011     0.000011
Scale:          12109.0     0.000024     0.000023     0.000024
Add:            19814.7     0.000022     0.000021     0.000022
Triad:          18163.4     0.000024     0.000023     0.000024
-------------------------------------------------------------
Solution Validates: avg error less than 1.000000e-13 on all three arrays
-------------------------------------------------------------



--- run 2 ---
-------------------------------------------------------------
STREAM (dynamic) version — custom malloc-based implementation
-------------------------------------------------------------
This system uses 8 bytes per array element.
-------------------------------------------------------------
Array size = 17322 (elements), Offset = 0 (elements)
Memory per array = 0.1 MiB (= 0.0 GiB).
Total memory required = 0.4 MiB (= 0.0 GiB).
Each kernel will be executed 12 times.
-------------------------------------------------------------
Function    Best Rate MB/s  Avg time     Min time     Max time
Copy:           25270.9     0.000011     0.000011     0.000011
Scale:          11984.1     0.000024     0.000023     0.000024
Add:            18953.1     0.000022     0.000022     0.000022
Triad:          17436.9     0.000024     0.000024     0.000024
-------------------------------------------------------------
Solution Validates: avg error less than 1.000000e-13 on all three arrays
-------------------------------------------------------------



--- run 3 ---
-------------------------------------------------------------
STREAM (dynamic) version — custom malloc-based implementation
-------------------------------------------------------------
This system uses 8 bytes per array element.
-------------------------------------------------------------
Array size = 17322 (elements), Offset = 0 (elements)
Memory per array = 0.1 MiB (= 0.0 GiB).
Total memory required = 0.4 MiB (= 0.0 GiB).
Each kernel will be executed 12 times.
-------------------------------------------------------------
Function    Best Rate MB/s  Avg time     Min time     Max time
Copy:           25270.9     0.000011     0.000011     0.000012
Scale:          12109.0     0.000024     0.000023     0.000024
Add:            19814.7     0.000022     0.000021     0.000022
Triad:          18163.4     0.000024     0.000023     0.000024
-------------------------------------------------------------
Solution Validates: avg error less than 1.000000e-13 on all three arrays
-------------------------------------------------------------



--- run 1 ---
-------------------------------------------------------------
STREAM (dynamic) version — custom malloc-based implementation
-------------------------------------------------------------
This system uses 8 bytes per array element.
-------------------------------------------------------------
Array size = 18389 (elements), Offset = 0 (elements)
Memory per array = 0.1 MiB (= 0.0 GiB).
Total memory required = 0.4 MiB (= 0.0 GiB).
Each kernel will be executed 11 times.
-------------------------------------------------------------
Function    Best Rate MB/s  Avg time     Min time     Max time
Copy:           26827.5     0.000012     0.000011     0.000012
Scale:          11866.0     0.000025     0.000025     0.000026
Add:            19282.3     0.000024     0.000023     0.000024
Triad:          17799.0     0.000025     0.000025     0.000025
-------------------------------------------------------------
Solution Validates: avg error less than 1.000000e-13 on all three arrays
-------------------------------------------------------------



--- run 2 ---
-------------------------------------------------------------
STREAM (dynamic) version — custom malloc-based implementation
-------------------------------------------------------------
This system uses 8 bytes per array element.
-------------------------------------------------------------
Array size = 18389 (elements), Offset = 0 (elements)
Memory per array = 0.1 MiB (= 0.0 GiB).
Total memory required = 0.4 MiB (= 0.0 GiB).
Each kernel will be executed 11 times.
-------------------------------------------------------------
Function    Best Rate MB/s  Avg time     Min time     Max time
Copy:           26827.5     0.000012     0.000011     0.000012
Scale:          11866.0     0.000025     0.000025     0.000026
Add:            19282.3     0.000023     0.000023     0.000024
Triad:          17629.5     0.000025     0.000025     0.000026
-------------------------------------------------------------
Solution Validates: avg error less than 1.000000e-13 on all three arrays
-------------------------------------------------------------



--- run 3 ---
-------------------------------------------------------------
STREAM (dynamic) version — custom malloc-based implementation
-------------------------------------------------------------
This system uses 8 bytes per array element.
-------------------------------------------------------------
Array size = 18389 (elements), Offset = 0 (elements)
Memory per array = 0.1 MiB (= 0.0 GiB).
Total memory required = 0.4 MiB (= 0.0 GiB).
Each kernel will be executed 11 times.
-------------------------------------------------------------
Function    Best Rate MB/s  Avg time     Min time     Max time
Copy:           26827.5     0.000012     0.000011     0.000012
Scale:          11866.0     0.000025     0.000025     0.000026
Add:            19282.3     0.000023     0.000023     0.000023
Triad:          17799.0     0.000025     0.000025     0.000026
-------------------------------------------------------------
Solution Validates: avg error less than 1.000000e-13 on all three arrays
-------------------------------------------------------------



--- run 1 ---
-------------------------------------------------------------
STREAM (dynamic) version — custom malloc-based implementation
-------------------------------------------------------------
This system uses 8 bytes per array element.
-------------------------------------------------------------
Array size = 19456 (elements), Offset = 0 (elements)
Memory per array = 0.1 MiB (= 0.0 GiB).
Total memory required = 0.4 MiB (= 0.0 GiB).
Each kernel will be executed 11 times.
-------------------------------------------------------------
Function    Best Rate MB/s  Avg time     Min time     Max time
Copy:           26113.4     0.000012     0.000012     0.000013
Scale:          11978.6     0.000027     0.000026     0.000027
Add:            19585.1     0.000025     0.000024     0.000025
Triad:          17967.9     0.000027     0.000026     0.000027
-------------------------------------------------------------
Solution Validates: avg error less than 1.000000e-13 on all three arrays
-------------------------------------------------------------



--- run 2 ---
-------------------------------------------------------------
STREAM (dynamic) version — custom malloc-based implementation
-------------------------------------------------------------
This system uses 8 bytes per array element.
-------------------------------------------------------------
Array size = 19456 (elements), Offset = 0 (elements)
Memory per array = 0.1 MiB (= 0.0 GiB).
Total memory required = 0.4 MiB (= 0.0 GiB).
Each kernel will be executed 11 times.
-------------------------------------------------------------
Function    Best Rate MB/s  Avg time     Min time     Max time
Copy:           26113.4     0.000012     0.000012     0.000013
Scale:          11554.6     0.000027     0.000027     0.000027
Add:            19585.1     0.000025     0.000024     0.000025
Triad:          17967.9     0.000027     0.000026     0.000027
-------------------------------------------------------------
Solution Validates: avg error less than 1.000000e-13 on all three arrays
-------------------------------------------------------------



--- run 3 ---
-------------------------------------------------------------
STREAM (dynamic) version — custom malloc-based implementation
-------------------------------------------------------------
This system uses 8 bytes per array element.
-------------------------------------------------------------
Array size = 19456 (elements), Offset = 0 (elements)
Memory per array = 0.1 MiB (= 0.0 GiB).
Total memory required = 0.4 MiB (= 0.0 GiB).
Each kernel will be executed 11 times.
-------------------------------------------------------------
Function    Best Rate MB/s  Avg time     Min time     Max time
Copy:           26113.4     0.000013     0.000012     0.000013
Scale:          11978.6     0.000027     0.000026     0.000027
Add:            19585.1     0.000024     0.000024     0.000025
Triad:          17967.9     0.000027     0.000026     0.000027
-------------------------------------------------------------
Solution Validates: avg error less than 1.000000e-13 on all three arrays
-------------------------------------------------------------



--- run 1 ---
-------------------------------------------------------------
STREAM (dynamic) version — custom malloc-based implementation
-------------------------------------------------------------
This system uses 8 bytes per array element.
-------------------------------------------------------------
Array size = 20608 (elements), Offset = 0 (elements)
Memory per array = 0.2 MiB (= 0.0 GiB).
Total memory required = 0.5 MiB (= 0.0 GiB).
Each kernel will be executed 10 times.
-------------------------------------------------------------
Function    Best Rate MB/s  Avg time     Min time     Max time
Copy:           25610.7     0.000013     0.000013     0.000013
Scale:          11820.3     0.000028     0.000028     0.000029
Add:            19946.8     0.000026     0.000025     0.000026
Triad:          17730.5     0.000028     0.000028     0.000029
-------------------------------------------------------------
Solution Validates: avg error less than 1.000000e-13 on all three arrays
-------------------------------------------------------------



--- run 2 ---
-------------------------------------------------------------
STREAM (dynamic) version — custom malloc-based implementation
-------------------------------------------------------------
This system uses 8 bytes per array element.
-------------------------------------------------------------
Array size = 20608 (elements), Offset = 0 (elements)
Memory per array = 0.2 MiB (= 0.0 GiB).
Total memory required = 0.5 MiB (= 0.0 GiB).
Each kernel will be executed 10 times.
-------------------------------------------------------------
Function    Best Rate MB/s  Avg time     Min time     Max time
Copy:           25610.7     0.000013     0.000013     0.000014
Scale:          11820.3     0.000028     0.000028     0.000029
Add:            19756.8     0.000026     0.000025     0.000026
Triad:          17730.5     0.000028     0.000028     0.000029
-------------------------------------------------------------
Solution Validates: avg error less than 1.000000e-13 on all three arrays
-------------------------------------------------------------



--- run 3 ---
-------------------------------------------------------------
STREAM (dynamic) version — custom malloc-based implementation
-------------------------------------------------------------
This system uses 8 bytes per array element.
-------------------------------------------------------------
Array size = 20608 (elements), Offset = 0 (elements)
Memory per array = 0.2 MiB (= 0.0 GiB).
Total memory required = 0.5 MiB (= 0.0 GiB).
Each kernel will be executed 10 times.
-------------------------------------------------------------
Function    Best Rate MB/s  Avg time     Min time     Max time
Copy:           25610.7     0.000013     0.000013     0.000014
Scale:          11820.3     0.000028     0.000028     0.000029
Add:            19756.8     0.000026     0.000025     0.000026
Triad:          17730.5     0.000028     0.000028     0.000029
-------------------------------------------------------------
Solution Validates: avg error less than 1.000000e-13 on all three arrays
-------------------------------------------------------------



--- run 1 ---
-------------------------------------------------------------
STREAM (dynamic) version — custom malloc-based implementation
-------------------------------------------------------------
This system uses 8 bytes per array element.
-------------------------------------------------------------
Array size = 21845 (elements), Offset = 0 (elements)
Memory per array = 0.2 MiB (= 0.0 GiB).
Total memory required = 0.5 MiB (= 0.0 GiB).
Each kernel will be executed 10 times.
-------------------------------------------------------------
Function    Best Rate MB/s  Avg time     Min time     Max time
Copy:           26654.4     0.000014     0.000013     0.000014
Scale:          12016.3     0.000030     0.000029     0.000030
Add:            19460.1     0.000028     0.000027     0.000028
Triad:          17591.9     0.000030     0.000030     0.000030
-------------------------------------------------------------
Solution Validates: avg error less than 1.000000e-13 on all three arrays
-------------------------------------------------------------



--- run 2 ---
-------------------------------------------------------------
STREAM (dynamic) version — custom malloc-based implementation
-------------------------------------------------------------
This system uses 8 bytes per array element.
-------------------------------------------------------------
Array size = 21845 (elements), Offset = 0 (elements)
Memory per array = 0.2 MiB (= 0.0 GiB).
Total memory required = 0.5 MiB (= 0.0 GiB).
Each kernel will be executed 10 times.
-------------------------------------------------------------
Function    Best Rate MB/s  Avg time     Min time     Max time
Copy:           27148.0     0.000014     0.000013     0.000014
Scale:          11727.9     0.000030     0.000030     0.000030
Add:            19460.1     0.000027     0.000027     0.000028
Triad:          17591.9     0.000030     0.000030     0.000030
-------------------------------------------------------------
Solution Validates: avg error less than 1.000000e-13 on all three arrays
-------------------------------------------------------------



--- run 3 ---
-------------------------------------------------------------
STREAM (dynamic) version — custom malloc-based implementation
-------------------------------------------------------------
This system uses 8 bytes per array element.
-------------------------------------------------------------
Array size = 21845 (elements), Offset = 0 (elements)
Memory per array = 0.2 MiB (= 0.0 GiB).
Total memory required = 0.5 MiB (= 0.0 GiB).
Each kernel will be executed 10 times.
-------------------------------------------------------------
Function    Best Rate MB/s  Avg time     Min time     Max time
Copy:           25275.7     0.000014     0.000014     0.000014
Scale:          11727.9     0.000032     0.000030     0.000044
Add:            19460.1     0.000028     0.000027     0.000028
Triad:          17591.9     0.000030     0.000030     0.000030
-------------------------------------------------------------
Solution Validates: avg error less than 1.000000e-13 on all three arrays
-------------------------------------------------------------



--- run 1 ---
-------------------------------------------------------------
STREAM (dynamic) version — custom malloc-based implementation
-------------------------------------------------------------
This system uses 8 bytes per array element.
-------------------------------------------------------------
Array size = 23125 (elements), Offset = 0 (elements)
Memory per array = 0.2 MiB (= 0.0 GiB).
Total memory required = 0.5 MiB (= 0.0 GiB).
Each kernel will be executed 9 times.
-------------------------------------------------------------
Function    Best Rate MB/s  Avg time     Min time     Max time
Copy:           26756.8     0.000015     0.000014     0.000015
Scale:          11937.6     0.000032     0.000031     0.000032
Add:            19238.3     0.000029     0.000029     0.000030
Triad:          17906.5     0.000032     0.000031     0.000032
-------------------------------------------------------------
Solution Validates: avg error less than 1.000000e-13 on all three arrays
-------------------------------------------------------------



--- run 2 ---
-------------------------------------------------------------
STREAM (dynamic) version — custom malloc-based implementation
-------------------------------------------------------------
This system uses 8 bytes per array element.
-------------------------------------------------------------
Array size = 23125 (elements), Offset = 0 (elements)
Memory per array = 0.2 MiB (= 0.0 GiB).
Total memory required = 0.5 MiB (= 0.0 GiB).
Each kernel will be executed 9 times.
-------------------------------------------------------------
Function    Best Rate MB/s  Avg time     Min time     Max time
Copy:           26756.8     0.000015     0.000014     0.000015
Scale:          11937.6     0.000032     0.000031     0.000032
Add:            19238.3     0.000031     0.000029     0.000042
Triad:          17906.5     0.000032     0.000031     0.000032
-------------------------------------------------------------
Solution Validates: avg error less than 1.000000e-13 on all three arrays
-------------------------------------------------------------



--- run 3 ---
-------------------------------------------------------------
STREAM (dynamic) version — custom malloc-based implementation
-------------------------------------------------------------
This system uses 8 bytes per array element.
-------------------------------------------------------------
Array size = 23125 (elements), Offset = 0 (elements)
Memory per array = 0.2 MiB (= 0.0 GiB).
Total memory required = 0.5 MiB (= 0.0 GiB).
Each kernel will be executed 9 times.
-------------------------------------------------------------
Function    Best Rate MB/s  Avg time     Min time     Max time
Copy:           26303.3     0.000016     0.000014     0.000026
Scale:          11937.6     0.000032     0.000031     0.000032
Add:            19080.6     0.000029     0.000029     0.000030
Triad:          17906.5     0.000032     0.000031     0.000032
-------------------------------------------------------------
Solution Validates: avg error less than 1.000000e-13 on all three arrays
-------------------------------------------------------------



--- run 1 ---
-------------------------------------------------------------
STREAM (dynamic) version — custom malloc-based implementation
-------------------------------------------------------------
This system uses 8 bytes per array element.
-------------------------------------------------------------
Array size = 24533 (elements), Offset = 0 (elements)
Memory per array = 0.2 MiB (= 0.0 GiB).
Total memory required = 0.6 MiB (= 0.0 GiB).
Each kernel will be executed 8 times.
-------------------------------------------------------------
Function    Best Rate MB/s  Avg time     Min time     Max time
Copy:           26133.0     0.000015     0.000015     0.000016
Scale:          11844.5     0.000034     0.000033     0.000034
Add:            18996.7     0.000031     0.000031     0.000031
Triad:          17895.5     0.000034     0.000033     0.000034
-------------------------------------------------------------
Solution Validates: avg error less than 1.000000e-13 on all three arrays
-------------------------------------------------------------



--- run 2 ---
-------------------------------------------------------------
STREAM (dynamic) version — custom malloc-based implementation
-------------------------------------------------------------
This system uses 8 bytes per array element.
-------------------------------------------------------------
Array size = 24533 (elements), Offset = 0 (elements)
Memory per array = 0.2 MiB (= 0.0 GiB).
Total memory required = 0.6 MiB (= 0.0 GiB).
Each kernel will be executed 8 times.
-------------------------------------------------------------
Function    Best Rate MB/s  Avg time     Min time     Max time
Copy:           24572.9     0.000016     0.000016     0.000016
Scale:          11594.2     0.000034     0.000034     0.000034
Add:            19599.8     0.000031     0.000030     0.000031
Triad:          17895.5     0.000033     0.000033     0.000033
-------------------------------------------------------------
Solution Validates: avg error less than 1.000000e-13 on all three arrays
-------------------------------------------------------------



--- run 3 ---
-------------------------------------------------------------
STREAM (dynamic) version — custom malloc-based implementation
-------------------------------------------------------------
This system uses 8 bytes per array element.
-------------------------------------------------------------
Array size = 24533 (elements), Offset = 0 (elements)
Memory per array = 0.2 MiB (= 0.0 GiB).
Total memory required = 0.6 MiB (= 0.0 GiB).
Each kernel will be executed 8 times.
-------------------------------------------------------------
Function    Best Rate MB/s  Avg time     Min time     Max time
Copy:           26554.5     0.000015     0.000015     0.000016
Scale:          11594.2     0.000034     0.000034     0.000034
Add:            18996.7     0.000031     0.000031     0.000031
Triad:          17895.5     0.000034     0.000033     0.000034
-------------------------------------------------------------
Solution Validates: avg error less than 1.000000e-13 on all three arrays
-------------------------------------------------------------



--- run 1 ---
-------------------------------------------------------------
STREAM (dynamic) version — custom malloc-based implementation
-------------------------------------------------------------
This system uses 8 bytes per array element.
-------------------------------------------------------------
Array size = 25984 (elements), Offset = 0 (elements)
Memory per array = 0.2 MiB (= 0.0 GiB).
Total memory required = 0.6 MiB (= 0.0 GiB).
Each kernel will be executed 8 times.
-------------------------------------------------------------
Function    Best Rate MB/s  Avg time     Min time     Max time
Copy:           26026.2     0.000016     0.000016     0.000017
Scale:          11862.3     0.000036     0.000035     0.000036
Add:            19519.7     0.000033     0.000032     0.000033
Triad:          17793.4     0.000036     0.000035     0.000036
-------------------------------------------------------------
Solution Validates: avg error less than 1.000000e-13 on all three arrays
-------------------------------------------------------------



--- run 2 ---
-------------------------------------------------------------
STREAM (dynamic) version — custom malloc-based implementation
-------------------------------------------------------------
This system uses 8 bytes per array element.
-------------------------------------------------------------
Array size = 25984 (elements), Offset = 0 (elements)
Memory per array = 0.2 MiB (= 0.0 GiB).
Total memory required = 0.6 MiB (= 0.0 GiB).
Each kernel will be executed 8 times.
-------------------------------------------------------------
Function    Best Rate MB/s  Avg time     Min time     Max time
Copy:           26026.2     0.000016     0.000016     0.000017
Scale:          11943.5     0.000036     0.000035     0.000036
Add:            19519.7     0.000033     0.000032     0.000033
Triad:          17793.4     0.000036     0.000035     0.000036
-------------------------------------------------------------
Solution Validates: avg error less than 1.000000e-13 on all three arrays
-------------------------------------------------------------



--- run 3 ---
-------------------------------------------------------------
STREAM (dynamic) version — custom malloc-based implementation
-------------------------------------------------------------
This system uses 8 bytes per array element.
-------------------------------------------------------------
Array size = 25984 (elements), Offset = 0 (elements)
Memory per array = 0.2 MiB (= 0.0 GiB).
Total memory required = 0.6 MiB (= 0.0 GiB).
Each kernel will be executed 8 times.
-------------------------------------------------------------
Function    Best Rate MB/s  Avg time     Min time     Max time
Copy:           26026.2     0.000017     0.000016     0.000017
Scale:          11943.5     0.000036     0.000035     0.000036
Add:            19519.7     0.000033     0.000032     0.000033
Triad:          17793.4     0.000036     0.000035     0.000036
-------------------------------------------------------------
Solution Validates: avg error less than 1.000000e-13 on all three arrays
-------------------------------------------------------------



--- run 1 ---
-------------------------------------------------------------
STREAM (dynamic) version — custom malloc-based implementation
-------------------------------------------------------------
This system uses 8 bytes per array element.
-------------------------------------------------------------
Array size = 27520 (elements), Offset = 0 (elements)
Memory per array = 0.2 MiB (= 0.0 GiB).
Total memory required = 0.6 MiB (= 0.0 GiB).
Each kernel will be executed 7 times.
-------------------------------------------------------------
Function    Best Rate MB/s  Avg time     Min time     Max time
Copy:           26011.8     0.000017     0.000017     0.000018
Scale:          11915.1     0.000038     0.000037     0.000038
Add:            18974.3     0.000035     0.000035     0.000035
Triad:          17872.6     0.000038     0.000037     0.000038
-------------------------------------------------------------
Solution Validates: avg error less than 1.000000e-13 on all three arrays
-------------------------------------------------------------



--- run 2 ---
-------------------------------------------------------------
STREAM (dynamic) version — custom malloc-based implementation
-------------------------------------------------------------
This system uses 8 bytes per array element.
-------------------------------------------------------------
Array size = 27520 (elements), Offset = 0 (elements)
Memory per array = 0.2 MiB (= 0.0 GiB).
Total memory required = 0.6 MiB (= 0.0 GiB).
Each kernel will be executed 7 times.
-------------------------------------------------------------
Function    Best Rate MB/s  Avg time     Min time     Max time
Copy:           26011.8     0.000017     0.000017     0.000018
Scale:          11915.1     0.000038     0.000037     0.000038
Add:            19508.8     0.000035     0.000034     0.000035
Triad:          17872.6     0.000038     0.000037     0.000038
-------------------------------------------------------------
Solution Validates: avg error less than 1.000000e-13 on all three arrays
-------------------------------------------------------------



--- run 3 ---
-------------------------------------------------------------
STREAM (dynamic) version — custom malloc-based implementation
-------------------------------------------------------------
This system uses 8 bytes per array element.
-------------------------------------------------------------
Array size = 27520 (elements), Offset = 0 (elements)
Memory per array = 0.2 MiB (= 0.0 GiB).
Total memory required = 0.6 MiB (= 0.0 GiB).
Each kernel will be executed 7 times.
-------------------------------------------------------------
Function    Best Rate MB/s  Avg time     Min time     Max time
Copy:           26011.8     0.000018     0.000017     0.000018
Scale:          11615.3     0.000038     0.000038     0.000038
Add:            19372.4     0.000037     0.000034     0.000048
Triad:          17872.6     0.000038     0.000037     0.000038
-------------------------------------------------------------
Solution Validates: avg error less than 1.000000e-13 on all three arrays
-------------------------------------------------------------



--- run 1 ---
-------------------------------------------------------------
STREAM (dynamic) version — custom malloc-based implementation
-------------------------------------------------------------
This system uses 8 bytes per array element.
-------------------------------------------------------------
Array size = 29141 (elements), Offset = 0 (elements)
Memory per array = 0.2 MiB (= 0.0 GiB).
Total memory required = 0.7 MiB (= 0.0 GiB).
Each kernel will be executed 7 times.
-------------------------------------------------------------
Function    Best Rate MB/s  Avg time     Min time     Max time
Copy:           26074.9     0.000018     0.000018     0.000019
Scale:          11924.5     0.000040     0.000039     0.000040
Add:            19426.7     0.000036     0.000036     0.000037
Triad:          17460.9     0.000040     0.000040     0.000040
-------------------------------------------------------------
Solution Validates: avg error less than 1.000000e-13 on all three arrays
-------------------------------------------------------------



--- run 2 ---
-------------------------------------------------------------
STREAM (dynamic) version — custom malloc-based implementation
-------------------------------------------------------------
This system uses 8 bytes per array element.
-------------------------------------------------------------
Array size = 29141 (elements), Offset = 0 (elements)
Memory per array = 0.2 MiB (= 0.0 GiB).
Total memory required = 0.7 MiB (= 0.0 GiB).
Each kernel will be executed 7 times.
-------------------------------------------------------------
Function    Best Rate MB/s  Avg time     Min time     Max time
Copy:           26074.9     0.000021     0.000018     0.000033
Scale:          11710.3     0.000040     0.000040     0.000040
Add:            18925.3     0.000038     0.000037     0.000041
Triad:          17565.4     0.000041     0.000040     0.000047
-------------------------------------------------------------
Solution Validates: avg error less than 1.000000e-13 on all three arrays
-------------------------------------------------------------



--- run 3 ---
-------------------------------------------------------------
STREAM (dynamic) version — custom malloc-based implementation
-------------------------------------------------------------
This system uses 8 bytes per array element.
-------------------------------------------------------------
Array size = 29141 (elements), Offset = 0 (elements)
Memory per array = 0.2 MiB (= 0.0 GiB).
Total memory required = 0.7 MiB (= 0.0 GiB).
Each kernel will be executed 7 times.
-------------------------------------------------------------
Function    Best Rate MB/s  Avg time     Min time     Max time
Copy:           26074.9     0.000018     0.000018     0.000019
Scale:          11640.6     0.000040     0.000040     0.000040
Add:            19426.7     0.000037     0.000036     0.000037
Triad:          17460.9     0.000042     0.000040     0.000053
-------------------------------------------------------------
Solution Validates: avg error less than 1.000000e-13 on all three arrays
-------------------------------------------------------------



--- run 1 ---
-------------------------------------------------------------
STREAM (dynamic) version — custom malloc-based implementation
-------------------------------------------------------------
This system uses 8 bytes per array element.
-------------------------------------------------------------
Array size = 30890 (elements), Offset = 0 (elements)
Memory per array = 0.2 MiB (= 0.0 GiB).
Total memory required = 0.7 MiB (= 0.0 GiB).
Each kernel will be executed 7 times.
-------------------------------------------------------------
Function    Best Rate MB/s  Avg time     Min time     Max time
Copy:           25912.4     0.000020     0.000019     0.000021
Scale:          11778.4     0.000042     0.000042     0.000042
Add:            19076.6     0.000040     0.000039     0.000041
Triad:          17667.6     0.000045     0.000042     0.000058
-------------------------------------------------------------
Solution Validates: avg error less than 1.000000e-13 on all three arrays
-------------------------------------------------------------



--- run 2 ---
-------------------------------------------------------------
STREAM (dynamic) version — custom malloc-based implementation
-------------------------------------------------------------
This system uses 8 bytes per array element.
-------------------------------------------------------------
Array size = 30890 (elements), Offset = 0 (elements)
Memory per array = 0.2 MiB (= 0.0 GiB).
Total memory required = 0.7 MiB (= 0.0 GiB).
Each kernel will be executed 7 times.
-------------------------------------------------------------
Function    Best Rate MB/s  Avg time     Min time     Max time
Copy:           25912.4     0.000020     0.000019     0.000020
Scale:          11778.4     0.000042     0.000042     0.000043
Add:            19434.3     0.000039     0.000038     0.000040
Triad:          17667.6     0.000042     0.000042     0.000043
-------------------------------------------------------------
Solution Validates: avg error less than 1.000000e-13 on all three arrays
-------------------------------------------------------------



--- run 3 ---
-------------------------------------------------------------
STREAM (dynamic) version — custom malloc-based implementation
-------------------------------------------------------------
This system uses 8 bytes per array element.
-------------------------------------------------------------
Array size = 30890 (elements), Offset = 0 (elements)
Memory per array = 0.2 MiB (= 0.0 GiB).
Total memory required = 0.7 MiB (= 0.0 GiB).
Each kernel will be executed 7 times.
-------------------------------------------------------------
Function    Best Rate MB/s  Avg time     Min time     Max time
Copy:           26240.4     0.000020     0.000019     0.000022
Scale:          11778.4     0.000043     0.000042     0.000043
Add:            19076.6     0.000039     0.000039     0.000040
Triad:          17667.6     0.000043     0.000042     0.000043
-------------------------------------------------------------
Solution Validates: avg error less than 1.000000e-13 on all three arrays
-------------------------------------------------------------



--- run 1 ---
-------------------------------------------------------------
STREAM (dynamic) version — custom malloc-based implementation
-------------------------------------------------------------
This system uses 8 bytes per array element.
-------------------------------------------------------------
Array size = 32725 (elements), Offset = 0 (elements)
Memory per array = 0.2 MiB (= 0.0 GiB).
Total memory required = 0.7 MiB (= 0.0 GiB).
Each kernel will be executed 6 times.
-------------------------------------------------------------
Function    Best Rate MB/s  Avg time     Min time     Max time
Copy:           26144.5     0.000021     0.000020     0.000021
Scale:          11871.0     0.000045     0.000044     0.000045
Add:            19152.4     0.000041     0.000041     0.000042
Triad:          17806.5     0.000045     0.000044     0.000045
-------------------------------------------------------------
Solution Validates: avg error less than 1.000000e-13 on all three arrays
-------------------------------------------------------------



--- run 2 ---
-------------------------------------------------------------
STREAM (dynamic) version — custom malloc-based implementation
-------------------------------------------------------------
This system uses 8 bytes per array element.
-------------------------------------------------------------
Array size = 32725 (elements), Offset = 0 (elements)
Memory per array = 0.2 MiB (= 0.0 GiB).
Total memory required = 0.7 MiB (= 0.0 GiB).
Each kernel will be executed 6 times.
-------------------------------------------------------------
Function    Best Rate MB/s  Avg time     Min time     Max time
Copy:           24956.1     0.000024     0.000021     0.000036
Scale:          11681.6     0.000045     0.000045     0.000045
Add:            19152.4     0.000041     0.000041     0.000041
Triad:          17522.4     0.000045     0.000045     0.000045
-------------------------------------------------------------
Solution Validates: avg error less than 1.000000e-13 on all three arrays
-------------------------------------------------------------



--- run 3 ---
-------------------------------------------------------------
STREAM (dynamic) version — custom malloc-based implementation
-------------------------------------------------------------
This system uses 8 bytes per array element.
-------------------------------------------------------------
Array size = 32725 (elements), Offset = 0 (elements)
Memory per array = 0.2 MiB (= 0.0 GiB).
Total memory required = 0.7 MiB (= 0.0 GiB).
Each kernel will be executed 6 times.
-------------------------------------------------------------
Function    Best Rate MB/s  Avg time     Min time     Max time
Copy:           26144.5     0.000021     0.000020     0.000021
Scale:          11871.0     0.000047     0.000044     0.000057
Add:            19152.4     0.000041     0.000041     0.000042
Triad:          17903.3     0.000045     0.000044     0.000045
-------------------------------------------------------------
Solution Validates: avg error less than 1.000000e-13 on all three arrays
-------------------------------------------------------------



--- run 1 ---
-------------------------------------------------------------
STREAM (dynamic) version — custom malloc-based implementation
-------------------------------------------------------------
This system uses 8 bytes per array element.
-------------------------------------------------------------
Array size = 34688 (elements), Offset = 0 (elements)
Memory per array = 0.3 MiB (= 0.0 GiB).
Total memory required = 0.8 MiB (= 0.0 GiB).
Each kernel will be executed 6 times.
-------------------------------------------------------------
Function    Best Rate MB/s  Avg time     Min time     Max time
Copy:           25303.0     0.000022     0.000022     0.000022
Scale:          11816.6     0.000048     0.000047     0.000048
Add:            19398.9     0.000044     0.000043     0.000044
Triad:          17724.9     0.000047     0.000047     0.000048
-------------------------------------------------------------
Solution Validates: avg error less than 1.000000e-13 on all three arrays
-------------------------------------------------------------



--- run 2 ---
-------------------------------------------------------------
STREAM (dynamic) version — custom malloc-based implementation
-------------------------------------------------------------
This system uses 8 bytes per array element.
-------------------------------------------------------------
Array size = 34688 (elements), Offset = 0 (elements)
Memory per array = 0.3 MiB (= 0.0 GiB).
Total memory required = 0.8 MiB (= 0.0 GiB).
Each kernel will be executed 6 times.
-------------------------------------------------------------
Function    Best Rate MB/s  Avg time     Min time     Max time
Copy:           25303.0     0.000022     0.000022     0.000022
Scale:          11816.6     0.000048     0.000047     0.000048
Add:            19398.9     0.000043     0.000043     0.000043
Triad:          17372.2     0.000048     0.000048     0.000048
-------------------------------------------------------------
Solution Validates: avg error less than 1.000000e-13 on all three arrays
-------------------------------------------------------------



--- run 3 ---
-------------------------------------------------------------
STREAM (dynamic) version — custom malloc-based implementation
-------------------------------------------------------------
This system uses 8 bytes per array element.
-------------------------------------------------------------
Array size = 34688 (elements), Offset = 0 (elements)
Memory per array = 0.3 MiB (= 0.0 GiB).
Total memory required = 0.8 MiB (= 0.0 GiB).
Each kernel will be executed 6 times.
-------------------------------------------------------------
Function    Best Rate MB/s  Avg time     Min time     Max time
Copy:           25303.0     0.000022     0.000022     0.000022
Scale:          11816.6     0.000048     0.000047     0.000048
Add:            19398.9     0.000043     0.000043     0.000044
Triad:          17724.9     0.000050     0.000047     0.000061
-------------------------------------------------------------
Solution Validates: avg error less than 1.000000e-13 on all three arrays
-------------------------------------------------------------



--- run 1 ---
-------------------------------------------------------------
STREAM (dynamic) version — custom malloc-based implementation
-------------------------------------------------------------
This system uses 8 bytes per array element.
-------------------------------------------------------------
Array size = 36736 (elements), Offset = 0 (elements)
Memory per array = 0.3 MiB (= 0.0 GiB).
Total memory required = 0.8 MiB (= 0.0 GiB).
Each kernel will be executed 5 times.
-------------------------------------------------------------
Function    Best Rate MB/s  Avg time     Min time     Max time
Copy:           25680.3     0.000023     0.000023     0.000024
Scale:          11739.6     0.000050     0.000050     0.000051
Add:            19260.2     0.000046     0.000046     0.000046
Triad:          17609.4     0.000051     0.000050     0.000051
-------------------------------------------------------------
Solution Validates: avg error less than 1.000000e-13 on all three arrays
-------------------------------------------------------------



--- run 2 ---
-------------------------------------------------------------
STREAM (dynamic) version — custom malloc-based implementation
-------------------------------------------------------------
This system uses 8 bytes per array element.
-------------------------------------------------------------
Array size = 36736 (elements), Offset = 0 (elements)
Memory per array = 0.3 MiB (= 0.0 GiB).
Total memory required = 0.8 MiB (= 0.0 GiB).
Each kernel will be executed 5 times.
-------------------------------------------------------------
Function    Best Rate MB/s  Avg time     Min time     Max time
Copy:           25680.3     0.000023     0.000023     0.000024
Scale:          11795.7     0.000050     0.000050     0.000051
Add:            19160.4     0.000046     0.000046     0.000047
Triad:          17609.4     0.000051     0.000050     0.000051
-------------------------------------------------------------
Solution Validates: avg error less than 1.000000e-13 on all three arrays
-------------------------------------------------------------



--- run 3 ---
-------------------------------------------------------------
STREAM (dynamic) version — custom malloc-based implementation
-------------------------------------------------------------
This system uses 8 bytes per array element.
-------------------------------------------------------------
Array size = 36736 (elements), Offset = 0 (elements)
Memory per array = 0.3 MiB (= 0.0 GiB).
Total memory required = 0.8 MiB (= 0.0 GiB).
Each kernel will be executed 5 times.
-------------------------------------------------------------
Function    Best Rate MB/s  Avg time     Min time     Max time
Copy:           25680.3     0.000023     0.000023     0.000023
Scale:          11795.7     0.000050     0.000050     0.000051
Add:            19160.4     0.000050     0.000046     0.000060
Triad:          17609.4     0.000050     0.000050     0.000051
-------------------------------------------------------------
Solution Validates: avg error less than 1.000000e-13 on all three arrays
-------------------------------------------------------------



--- run 1 ---
-------------------------------------------------------------
STREAM (dynamic) version — custom malloc-based implementation
-------------------------------------------------------------
This system uses 8 bytes per array element.
-------------------------------------------------------------
Array size = 38912 (elements), Offset = 0 (elements)
Memory per array = 0.3 MiB (= 0.0 GiB).
Total memory required = 0.9 MiB (= 0.0 GiB).
Each kernel will be executed 5 times.
-------------------------------------------------------------
Function    Best Rate MB/s  Avg time     Min time     Max time
Copy:           25854.9     0.000025     0.000024     0.000025
Scale:          11762.8     0.000053     0.000053     0.000054
Add:            19391.1     0.000049     0.000048     0.000049
Triad:          17644.2     0.000053     0.000053     0.000053
-------------------------------------------------------------
Solution Validates: avg error less than 1.000000e-13 on all three arrays
-------------------------------------------------------------



--- run 2 ---
-------------------------------------------------------------
STREAM (dynamic) version — custom malloc-based implementation
-------------------------------------------------------------
This system uses 8 bytes per array element.
-------------------------------------------------------------
Array size = 38912 (elements), Offset = 0 (elements)
Memory per array = 0.3 MiB (= 0.0 GiB).
Total memory required = 0.9 MiB (= 0.0 GiB).
Each kernel will be executed 5 times.
-------------------------------------------------------------
Function    Best Rate MB/s  Avg time     Min time     Max time
Copy:           25854.9     0.000025     0.000024     0.000025
Scale:          11762.8     0.000053     0.000053     0.000054
Add:            19014.6     0.000052     0.000049     0.000061
Triad:          17644.2     0.000053     0.000053     0.000054
-------------------------------------------------------------
Solution Validates: avg error less than 1.000000e-13 on all three arrays
-------------------------------------------------------------



--- run 3 ---
-------------------------------------------------------------
STREAM (dynamic) version — custom malloc-based implementation
-------------------------------------------------------------
This system uses 8 bytes per array element.
-------------------------------------------------------------
Array size = 38912 (elements), Offset = 0 (elements)
Memory per array = 0.3 MiB (= 0.0 GiB).
Total memory required = 0.9 MiB (= 0.0 GiB).
Each kernel will be executed 5 times.
-------------------------------------------------------------
Function    Best Rate MB/s  Avg time     Min time     Max time
Copy:           25854.9     0.000025     0.000024     0.000026
Scale:          11762.8     0.000053     0.000053     0.000053
Add:            19391.1     0.000049     0.000048     0.000049
Triad:          17644.2     0.000056     0.000053     0.000065
-------------------------------------------------------------
Solution Validates: avg error less than 1.000000e-13 on all three arrays
-------------------------------------------------------------



--- run 1 ---
-------------------------------------------------------------
STREAM (dynamic) version — custom malloc-based implementation
-------------------------------------------------------------
This system uses 8 bytes per array element.
-------------------------------------------------------------
Array size = 41258 (elements), Offset = 0 (elements)
Memory per array = 0.3 MiB (= 0.0 GiB).
Total memory required = 0.9 MiB (= 0.0 GiB).
Each kernel will be executed 5 times.
-------------------------------------------------------------
Function    Best Rate MB/s  Avg time     Min time     Max time
Copy:           25401.6     0.000026     0.000026     0.000027
Scale:          11832.4     0.000056     0.000056     0.000057
Add:            19051.2     0.000052     0.000052     0.000052
Triad:          17748.6     0.000056     0.000056     0.000056
-------------------------------------------------------------
Solution Validates: avg error less than 1.000000e-13 on all three arrays
-------------------------------------------------------------



--- run 2 ---
-------------------------------------------------------------
STREAM (dynamic) version — custom malloc-based implementation
-------------------------------------------------------------
This system uses 8 bytes per array element.
-------------------------------------------------------------
Array size = 41258 (elements), Offset = 0 (elements)
Memory per array = 0.3 MiB (= 0.0 GiB).
Total memory required = 0.9 MiB (= 0.0 GiB).
Each kernel will be executed 5 times.
-------------------------------------------------------------
Function    Best Rate MB/s  Avg time     Min time     Max time
Copy:           25401.6     0.000026     0.000026     0.000027
Scale:          11782.0     0.000057     0.000056     0.000057
Add:            19051.2     0.000052     0.000052     0.000052
Triad:          17673.0     0.000060     0.000056     0.000070
-------------------------------------------------------------
Solution Validates: avg error less than 1.000000e-13 on all three arrays
-------------------------------------------------------------



--- run 3 ---
-------------------------------------------------------------
STREAM (dynamic) version — custom malloc-based implementation
-------------------------------------------------------------
This system uses 8 bytes per array element.
-------------------------------------------------------------
Array size = 41258 (elements), Offset = 0 (elements)
Memory per array = 0.3 MiB (= 0.0 GiB).
Total memory required = 0.9 MiB (= 0.0 GiB).
Each kernel will be executed 5 times.
-------------------------------------------------------------
Function    Best Rate MB/s  Avg time     Min time     Max time
Copy:           25401.6     0.000026     0.000026     0.000026
Scale:          11832.4     0.000060     0.000056     0.000069
Add:            19407.3     0.000051     0.000051     0.000052
Triad:          17673.0     0.000057     0.000056     0.000057
-------------------------------------------------------------
Solution Validates: avg error less than 1.000000e-13 on all three arrays
-------------------------------------------------------------



--- run 1 ---
-------------------------------------------------------------
STREAM (dynamic) version — custom malloc-based implementation
-------------------------------------------------------------
This system uses 8 bytes per array element.
-------------------------------------------------------------
Array size = 43690 (elements), Offset = 0 (elements)
Memory per array = 0.3 MiB (= 0.0 GiB).
Total memory required = 1.0 MiB (= 0.0 GiB).
Each kernel will be executed 5 times.
-------------------------------------------------------------
Function    Best Rate MB/s  Avg time     Min time     Max time
Copy:           25719.2     0.000028     0.000027     0.000028
Scale:          11822.5     0.000060     0.000059     0.000060
Add:            19460.1     0.000055     0.000054     0.000055
Triad:          17805.6     0.000060     0.000059     0.000060
-------------------------------------------------------------
Solution Validates: avg error less than 1.000000e-13 on all three arrays
-------------------------------------------------------------



--- run 2 ---
-------------------------------------------------------------
STREAM (dynamic) version — custom malloc-based implementation
-------------------------------------------------------------
This system uses 8 bytes per array element.
-------------------------------------------------------------
Array size = 43690 (elements), Offset = 0 (elements)
Memory per array = 0.3 MiB (= 0.0 GiB).
Total memory required = 1.0 MiB (= 0.0 GiB).
Each kernel will be executed 5 times.
-------------------------------------------------------------
Function    Best Rate MB/s  Avg time     Min time     Max time
Copy:           25946.8     0.000028     0.000027     0.000028
Scale:          11870.4     0.000059     0.000059     0.000060
Add:            19121.6     0.000055     0.000055     0.000055
Triad:          17733.8     0.000063     0.000059     0.000073
-------------------------------------------------------------
Solution Validates: avg error less than 1.000000e-13 on all three arrays
-------------------------------------------------------------



--- run 3 ---
-------------------------------------------------------------
STREAM (dynamic) version — custom malloc-based implementation
-------------------------------------------------------------
This system uses 8 bytes per array element.
-------------------------------------------------------------
Array size = 43690 (elements), Offset = 0 (elements)
Memory per array = 0.3 MiB (= 0.0 GiB).
Total memory required = 1.0 MiB (= 0.0 GiB).
Each kernel will be executed 5 times.
-------------------------------------------------------------
Function    Best Rate MB/s  Avg time     Min time     Max time
Copy:           25946.8     0.000027     0.000027     0.000028
Scale:          11681.2     0.000060     0.000060     0.000060
Add:            19374.4     0.000055     0.000054     0.000055
Triad:          17733.8     0.000060     0.000059     0.000060
-------------------------------------------------------------
Solution Validates: avg error less than 1.000000e-13 on all three arrays
-------------------------------------------------------------



--- run 1 ---
-------------------------------------------------------------
STREAM (dynamic) version — custom malloc-based implementation
-------------------------------------------------------------
This system uses 8 bytes per array element.
-------------------------------------------------------------
Array size = 46293 (elements), Offset = 0 (elements)
Memory per array = 0.4 MiB (= 0.0 GiB).
Total memory required = 1.1 MiB (= 0.0 GiB).
Each kernel will be executed 5 times.
-------------------------------------------------------------
Function    Best Rate MB/s  Avg time     Min time     Max time
Copy:           25675.0     0.000030     0.000029     0.000030
Scale:          11767.7     0.000063     0.000063     0.000064
Add:            19177.0     0.000058     0.000058     0.000059
Triad:          17651.5     0.000063     0.000063     0.000064
-------------------------------------------------------------
Solution Validates: avg error less than 1.000000e-13 on all three arrays
-------------------------------------------------------------



--- run 2 ---
-------------------------------------------------------------
STREAM (dynamic) version — custom malloc-based implementation
-------------------------------------------------------------
This system uses 8 bytes per array element.
-------------------------------------------------------------
Array size = 46293 (elements), Offset = 0 (elements)
Memory per array = 0.4 MiB (= 0.0 GiB).
Total memory required = 1.1 MiB (= 0.0 GiB).
Each kernel will be executed 5 times.
-------------------------------------------------------------
Function    Best Rate MB/s  Avg time     Min time     Max time
Copy:           25675.0     0.000029     0.000029     0.000029
Scale:          11767.7     0.000063     0.000063     0.000064
Add:            19177.0     0.000062     0.000058     0.000072
Triad:          17651.5     0.000063     0.000063     0.000064
-------------------------------------------------------------
Solution Validates: avg error less than 1.000000e-13 on all three arrays
-------------------------------------------------------------



--- run 3 ---
-------------------------------------------------------------
STREAM (dynamic) version — custom malloc-based implementation
-------------------------------------------------------------
This system uses 8 bytes per array element.
-------------------------------------------------------------
Array size = 46293 (elements), Offset = 0 (elements)
Memory per array = 0.4 MiB (= 0.0 GiB).
Total memory required = 1.1 MiB (= 0.0 GiB).
Each kernel will be executed 5 times.
-------------------------------------------------------------
Function    Best Rate MB/s  Avg time     Min time     Max time
Copy:           25675.0     0.000029     0.000029     0.000030
Scale:          11767.7     0.000063     0.000063     0.000064
Add:            19177.0     0.000058     0.000058     0.000059
Triad:          17651.5     0.000063     0.000063     0.000064
-------------------------------------------------------------
Solution Validates: avg error less than 1.000000e-13 on all three arrays
-------------------------------------------------------------



--- run 1 ---
-------------------------------------------------------------
STREAM (dynamic) version — custom malloc-based implementation
-------------------------------------------------------------
This system uses 8 bytes per array element.
-------------------------------------------------------------
Array size = 49024 (elements), Offset = 0 (elements)
Memory per array = 0.4 MiB (= 0.0 GiB).
Total memory required = 1.1 MiB (= 0.0 GiB).
Each kernel will be executed 5 times.
-------------------------------------------------------------
Function    Best Rate MB/s  Avg time     Min time     Max time
Copy:           25307.3     0.000031     0.000031     0.000031
Scale:          11708.0     0.000067     0.000067     0.000067
Add:            18980.5     0.000062     0.000062     0.000062
Triad:          17562.0     0.000071     0.000067     0.000081
-------------------------------------------------------------
Solution Validates: avg error less than 1.000000e-13 on all three arrays
-------------------------------------------------------------



--- run 2 ---
-------------------------------------------------------------
STREAM (dynamic) version — custom malloc-based implementation
-------------------------------------------------------------
This system uses 8 bytes per array element.
-------------------------------------------------------------
Array size = 49024 (elements), Offset = 0 (elements)
Memory per array = 0.4 MiB (= 0.0 GiB).
Total memory required = 1.1 MiB (= 0.0 GiB).
Each kernel will be executed 5 times.
-------------------------------------------------------------
Function    Best Rate MB/s  Avg time     Min time     Max time
Copy:           26110.7     0.000031     0.000030     0.000031
Scale:          11708.0     0.000067     0.000067     0.000067
Add:            19277.0     0.000062     0.000061     0.000062
Triad:          17562.0     0.000067     0.000067     0.000067
-------------------------------------------------------------
Solution Validates: avg error less than 1.000000e-13 on all three arrays
-------------------------------------------------------------



--- run 3 ---
-------------------------------------------------------------
STREAM (dynamic) version — custom malloc-based implementation
-------------------------------------------------------------
This system uses 8 bytes per array element.
-------------------------------------------------------------
Array size = 49024 (elements), Offset = 0 (elements)
Memory per array = 0.4 MiB (= 0.0 GiB).
Total memory required = 1.1 MiB (= 0.0 GiB).
Each kernel will be executed 5 times.
-------------------------------------------------------------
Function    Best Rate MB/s  Avg time     Min time     Max time
Copy:           25307.3     0.000031     0.000031     0.000031
Scale:          11708.0     0.000067     0.000067     0.000067
Add:            19277.0     0.000062     0.000061     0.000062
Triad:          17562.0     0.000067     0.000067     0.000067
-------------------------------------------------------------
Solution Validates: avg error less than 1.000000e-13 on all three arrays
-------------------------------------------------------------



--- run 1 ---
-------------------------------------------------------------
STREAM (dynamic) version — custom malloc-based implementation
-------------------------------------------------------------
This system uses 8 bytes per array element.
-------------------------------------------------------------
Array size = 51968 (elements), Offset = 0 (elements)
Memory per array = 0.4 MiB (= 0.0 GiB).
Total memory required = 1.2 MiB (= 0.0 GiB).
Each kernel will be executed 5 times.
-------------------------------------------------------------
Function    Best Rate MB/s  Avg time     Min time     Max time
Copy:           26026.2     0.000033     0.000032     0.000033
Scale:          11742.5     0.000075     0.000071     0.000086
Add:            19232.6     0.000065     0.000065     0.000066
Triad:          17613.7     0.000071     0.000071     0.000071
-------------------------------------------------------------
Solution Validates: avg error less than 1.000000e-13 on all three arrays
-------------------------------------------------------------



--- run 2 ---
-------------------------------------------------------------
STREAM (dynamic) version — custom malloc-based implementation
-------------------------------------------------------------
This system uses 8 bytes per array element.
-------------------------------------------------------------
Array size = 51968 (elements), Offset = 0 (elements)
Memory per array = 0.4 MiB (= 0.0 GiB).
Total memory required = 1.2 MiB (= 0.0 GiB).
Each kernel will be executed 5 times.
-------------------------------------------------------------
Function    Best Rate MB/s  Avg time     Min time     Max time
Copy:           26026.2     0.000032     0.000032     0.000033
Scale:          11742.5     0.000071     0.000071     0.000071
Add:            19232.6     0.000065     0.000065     0.000065
Triad:          17554.6     0.000071     0.000071     0.000071
-------------------------------------------------------------
Solution Validates: avg error less than 1.000000e-13 on all three arrays
-------------------------------------------------------------



--- run 3 ---
-------------------------------------------------------------
STREAM (dynamic) version — custom malloc-based implementation
-------------------------------------------------------------
This system uses 8 bytes per array element.
-------------------------------------------------------------
Array size = 51968 (elements), Offset = 0 (elements)
Memory per array = 0.4 MiB (= 0.0 GiB).
Total memory required = 1.2 MiB (= 0.0 GiB).
Each kernel will be executed 5 times.
-------------------------------------------------------------
Function    Best Rate MB/s  Avg time     Min time     Max time
Copy:           26026.2     0.000033     0.000032     0.000033
Scale:          11742.5     0.000071     0.000071     0.000071
Add:            19232.6     0.000065     0.000065     0.000066
Triad:          17613.7     0.000071     0.000071     0.000071
-------------------------------------------------------------
Solution Validates: avg error less than 1.000000e-13 on all three arrays
-------------------------------------------------------------



--- run 1 ---
-------------------------------------------------------------
STREAM (dynamic) version — custom malloc-based implementation
-------------------------------------------------------------
This system uses 8 bytes per array element.
-------------------------------------------------------------
Array size = 55040 (elements), Offset = 0 (elements)
Memory per array = 0.4 MiB (= 0.0 GiB).
Total memory required = 1.3 MiB (= 0.0 GiB).
Each kernel will be executed 5 times.
-------------------------------------------------------------
Function    Best Rate MB/s  Avg time     Min time     Max time
Copy:           26011.8     0.000035     0.000034     0.000035
Scale:          11763.3     0.000075     0.000075     0.000076
Add:            19171.3     0.000069     0.000069     0.000069
Triad:          17644.9     0.000079     0.000075     0.000090
-------------------------------------------------------------
Solution Validates: avg error less than 1.000000e-13 on all three arrays
-------------------------------------------------------------



--- run 2 ---
-------------------------------------------------------------
STREAM (dynamic) version — custom malloc-based implementation
-------------------------------------------------------------
This system uses 8 bytes per array element.
-------------------------------------------------------------
Array size = 55040 (elements), Offset = 0 (elements)
Memory per array = 0.4 MiB (= 0.0 GiB).
Total memory required = 1.3 MiB (= 0.0 GiB).
Each kernel will be executed 5 times.
-------------------------------------------------------------
Function    Best Rate MB/s  Avg time     Min time     Max time
Copy:           25127.0     0.000035     0.000035     0.000035
Scale:          11763.3     0.000075     0.000075     0.000075
Add:            19171.3     0.000069     0.000069     0.000069
Triad:          17644.9     0.000075     0.000075     0.000075
-------------------------------------------------------------
Solution Validates: avg error less than 1.000000e-13 on all three arrays
-------------------------------------------------------------



--- run 3 ---
-------------------------------------------------------------
STREAM (dynamic) version — custom malloc-based implementation
-------------------------------------------------------------
This system uses 8 bytes per array element.
-------------------------------------------------------------
Array size = 55040 (elements), Offset = 0 (elements)
Memory per array = 0.4 MiB (= 0.0 GiB).
Total memory required = 1.3 MiB (= 0.0 GiB).
Each kernel will be executed 5 times.
-------------------------------------------------------------
Function    Best Rate MB/s  Avg time     Min time     Max time
Copy:           25829.9     0.000035     0.000034     0.000035
Scale:          11763.3     0.000075     0.000075     0.000076
Add:            19171.3     0.000069     0.000069     0.000070
Triad:          17644.9     0.000075     0.000075     0.000076
-------------------------------------------------------------
Solution Validates: avg error less than 1.000000e-13 on all three arrays
-------------------------------------------------------------



--- run 1 ---
-------------------------------------------------------------
STREAM (dynamic) version — custom malloc-based implementation
-------------------------------------------------------------
This system uses 8 bytes per array element.
-------------------------------------------------------------
Array size = 58325 (elements), Offset = 0 (elements)
Memory per array = 0.4 MiB (= 0.0 GiB).
Total memory required = 1.3 MiB (= 0.0 GiB).
Each kernel will be executed 5 times.
-------------------------------------------------------------
Function    Best Rate MB/s  Avg time     Min time     Max time
Copy:           25252.4     0.000041     0.000037     0.000054
Scale:          11825.1     0.000080     0.000079     0.000080
Add:            19186.9     0.000074     0.000073     0.000076
Triad:          17684.3     0.000080     0.000079     0.000080
-------------------------------------------------------------
Solution Validates: avg error less than 1.000000e-13 on all three arrays
-------------------------------------------------------------



--- run 2 ---
-------------------------------------------------------------
STREAM (dynamic) version — custom malloc-based implementation
-------------------------------------------------------------
This system uses 8 bytes per array element.
-------------------------------------------------------------
Array size = 58325 (elements), Offset = 0 (elements)
Memory per array = 0.4 MiB (= 0.0 GiB).
Total memory required = 1.3 MiB (= 0.0 GiB).
Each kernel will be executed 5 times.
-------------------------------------------------------------
Function    Best Rate MB/s  Avg time     Min time     Max time
Copy:           25921.4     0.000037     0.000036     0.000037
Scale:          11825.1     0.000080     0.000079     0.000080
Add:            19186.9     0.000073     0.000073     0.000074
Triad:          17684.3     0.000080     0.000079     0.000080
-------------------------------------------------------------
Solution Validates: avg error less than 1.000000e-13 on all three arrays
-------------------------------------------------------------



--- run 3 ---
-------------------------------------------------------------
STREAM (dynamic) version — custom malloc-based implementation
-------------------------------------------------------------
This system uses 8 bytes per array element.
-------------------------------------------------------------
Array size = 58325 (elements), Offset = 0 (elements)
Memory per array = 0.4 MiB (= 0.0 GiB).
Total memory required = 1.3 MiB (= 0.0 GiB).
Each kernel will be executed 5 times.
-------------------------------------------------------------
Function    Best Rate MB/s  Avg time     Min time     Max time
Copy:           25921.4     0.000037     0.000036     0.000037
Scale:          11825.1     0.000079     0.000079     0.000080
Add:            19186.9     0.000073     0.000073     0.000074
Triad:          17737.7     0.000080     0.000079     0.000080
-------------------------------------------------------------
Solution Validates: avg error less than 1.000000e-13 on all three arrays
-------------------------------------------------------------



--- run 1 ---
-------------------------------------------------------------
STREAM (dynamic) version — custom malloc-based implementation
-------------------------------------------------------------
This system uses 8 bytes per array element.
-------------------------------------------------------------
Array size = 61781 (elements), Offset = 0 (elements)
Memory per array = 0.5 MiB (= 0.0 GiB).
Total memory required = 1.4 MiB (= 0.0 GiB).
Each kernel will be executed 5 times.
-------------------------------------------------------------
Function    Best Rate MB/s  Avg time     Min time     Max time
Copy:           24826.7     0.000046     0.000040     0.000062
Scale:          11778.6     0.000085     0.000084     0.000085
Add:            19018.6     0.000078     0.000078     0.000079
Triad:          17617.8     0.000085     0.000084     0.000086
-------------------------------------------------------------
Solution Validates: avg error less than 1.000000e-13 on all three arrays
-------------------------------------------------------------



--- run 2 ---
-------------------------------------------------------------
STREAM (dynamic) version — custom malloc-based implementation
-------------------------------------------------------------
This system uses 8 bytes per array element.
-------------------------------------------------------------
Array size = 61781 (elements), Offset = 0 (elements)
Memory per array = 0.5 MiB (= 0.0 GiB).
Total memory required = 1.4 MiB (= 0.0 GiB).
Each kernel will be executed 5 times.
-------------------------------------------------------------
Function    Best Rate MB/s  Avg time     Min time     Max time
Copy:           24826.7     0.000040     0.000040     0.000042
Scale:          11778.6     0.000084     0.000084     0.000085
Add:            18960.6     0.000079     0.000078     0.000080
Triad:          17227.4     0.000087     0.000086     0.000087
-------------------------------------------------------------
Solution Validates: avg error less than 1.000000e-13 on all three arrays
-------------------------------------------------------------



--- run 3 ---
-------------------------------------------------------------
STREAM (dynamic) version — custom malloc-based implementation
-------------------------------------------------------------
This system uses 8 bytes per array element.
-------------------------------------------------------------
Array size = 61781 (elements), Offset = 0 (elements)
Memory per array = 0.5 MiB (= 0.0 GiB).
Total memory required = 1.4 MiB (= 0.0 GiB).
Each kernel will be executed 5 times.
-------------------------------------------------------------
Function    Best Rate MB/s  Avg time     Min time     Max time
Copy:           24678.9     0.000045     0.000040     0.000059
Scale:          11778.6     0.000084     0.000084     0.000085
Add:            18788.8     0.000079     0.000079     0.000080
Triad:          17420.4     0.000086     0.000085     0.000086
-------------------------------------------------------------
Solution Validates: avg error less than 1.000000e-13 on all three arrays
-------------------------------------------------------------



--- run 1 ---
-------------------------------------------------------------
STREAM (dynamic) version — custom malloc-based implementation
-------------------------------------------------------------
This system uses 8 bytes per array element.
-------------------------------------------------------------
Array size = 65450 (elements), Offset = 0 (elements)
Memory per array = 0.5 MiB (= 0.0 GiB).
Total memory required = 1.5 MiB (= 0.0 GiB).
Each kernel will be executed 5 times.
-------------------------------------------------------------
Function    Best Rate MB/s  Avg time     Min time     Max time
Copy:           25536.5     0.000041     0.000041     0.000042
Scale:          11775.5     0.000090     0.000089     0.000090
Add:            19208.2     0.000086     0.000082     0.000097
Triad:          17616.1     0.000090     0.000089     0.000091
-------------------------------------------------------------
Solution Validates: avg error less than 1.000000e-13 on all three arrays
-------------------------------------------------------------



--- run 2 ---
-------------------------------------------------------------
STREAM (dynamic) version — custom malloc-based implementation
-------------------------------------------------------------
This system uses 8 bytes per array element.
-------------------------------------------------------------
Array size = 65450 (elements), Offset = 0 (elements)
Memory per array = 0.5 MiB (= 0.0 GiB).
Total memory required = 1.5 MiB (= 0.0 GiB).
Each kernel will be executed 5 times.
-------------------------------------------------------------
Function    Best Rate MB/s  Avg time     Min time     Max time
Copy:           25536.5     0.000041     0.000041     0.000042
Scale:          11775.5     0.000089     0.000089     0.000090
Add:            19152.4     0.000082     0.000082     0.000083
Triad:          17663.3     0.000089     0.000089     0.000090
-------------------------------------------------------------
Solution Validates: avg error less than 1.000000e-13 on all three arrays
-------------------------------------------------------------



--- run 3 ---
-------------------------------------------------------------
STREAM (dynamic) version — custom malloc-based implementation
-------------------------------------------------------------
This system uses 8 bytes per array element.
-------------------------------------------------------------
Array size = 65450 (elements), Offset = 0 (elements)
Memory per array = 0.5 MiB (= 0.0 GiB).
Total memory required = 1.5 MiB (= 0.0 GiB).
Each kernel will be executed 5 times.
-------------------------------------------------------------
Function    Best Rate MB/s  Avg time     Min time     Max time
Copy:           25536.5     0.000042     0.000041     0.000043
Scale:          11775.5     0.000089     0.000089     0.000090
Add:            19152.4     0.000082     0.000082     0.000083
Triad:          17663.3     0.000092     0.000089     0.000102
-------------------------------------------------------------
Solution Validates: avg error less than 1.000000e-13 on all three arrays
-------------------------------------------------------------



--- run 1 ---
-------------------------------------------------------------
STREAM (dynamic) version — custom malloc-based implementation
-------------------------------------------------------------
This system uses 8 bytes per array element.
-------------------------------------------------------------
Array size = 69333 (elements), Offset = 0 (elements)
Memory per array = 0.5 MiB (= 0.0 GiB).
Total memory required = 1.6 MiB (= 0.0 GiB).
Each kernel will be executed 5 times.
-------------------------------------------------------------
Function    Best Rate MB/s  Avg time     Min time     Max time
Copy:           25849.2     0.000049     0.000043     0.000063
Scale:          11809.3     0.000095     0.000094     0.000095
Add:            19333.2     0.000087     0.000086     0.000088
Triad:          17713.9     0.000095     0.000094     0.000095
-------------------------------------------------------------
Solution Validates: avg error less than 1.000000e-13 on all three arrays
-------------------------------------------------------------



--- run 2 ---
-------------------------------------------------------------
STREAM (dynamic) version — custom malloc-based implementation
-------------------------------------------------------------
This system uses 8 bytes per array element.
-------------------------------------------------------------
Array size = 69333 (elements), Offset = 0 (elements)
Memory per array = 0.5 MiB (= 0.0 GiB).
Total memory required = 1.6 MiB (= 0.0 GiB).
Each kernel will be executed 5 times.
-------------------------------------------------------------
Function    Best Rate MB/s  Avg time     Min time     Max time
Copy:           25849.2     0.000044     0.000043     0.000044
Scale:          11690.6     0.000095     0.000095     0.000095
Add:            19173.9     0.000087     0.000087     0.000087
Triad:          17535.9     0.000095     0.000095     0.000095
-------------------------------------------------------------
Solution Validates: avg error less than 1.000000e-13 on all three arrays
-------------------------------------------------------------



--- run 3 ---
-------------------------------------------------------------
STREAM (dynamic) version — custom malloc-based implementation
-------------------------------------------------------------
This system uses 8 bytes per array element.
-------------------------------------------------------------
Array size = 69333 (elements), Offset = 0 (elements)
Memory per array = 0.5 MiB (= 0.0 GiB).
Total memory required = 1.6 MiB (= 0.0 GiB).
Each kernel will be executed 5 times.
-------------------------------------------------------------
Function    Best Rate MB/s  Avg time     Min time     Max time
Copy:           25849.2     0.000044     0.000043     0.000044
Scale:          11809.3     0.000095     0.000094     0.000095
Add:            19121.3     0.000087     0.000087     0.000087
Triad:          17713.9     0.000095     0.000094     0.000095
-------------------------------------------------------------
Solution Validates: avg error less than 1.000000e-13 on all three arrays
-------------------------------------------------------------



--- run 1 ---
-------------------------------------------------------------
STREAM (dynamic) version — custom malloc-based implementation
-------------------------------------------------------------
This system uses 8 bytes per array element.
-------------------------------------------------------------
Array size = 73472 (elements), Offset = 0 (elements)
Memory per array = 0.6 MiB (= 0.0 GiB).
Total memory required = 1.7 MiB (= 0.0 GiB).
Each kernel will be executed 5 times.
-------------------------------------------------------------
Function    Best Rate MB/s  Avg time     Min time     Max time
Copy:           25547.3     0.000052     0.000046     0.000069
Scale:          11767.6     0.000100     0.000100     0.000101
Add:            19160.4     0.000093     0.000092     0.000096
Triad:          17651.4     0.000100     0.000100     0.000101
-------------------------------------------------------------
Solution Validates: avg error less than 1.000000e-13 on all three arrays
-------------------------------------------------------------



--- run 2 ---
-------------------------------------------------------------
STREAM (dynamic) version — custom malloc-based implementation
-------------------------------------------------------------
This system uses 8 bytes per array element.
-------------------------------------------------------------
Array size = 73472 (elements), Offset = 0 (elements)
Memory per array = 0.6 MiB (= 0.0 GiB).
Total memory required = 1.7 MiB (= 0.0 GiB).
Each kernel will be executed 5 times.
-------------------------------------------------------------
Function    Best Rate MB/s  Avg time     Min time     Max time
Copy:           25547.3     0.000046     0.000046     0.000047
Scale:          11767.6     0.000100     0.000100     0.000101
Add:            19160.4     0.000092     0.000092     0.000092
Triad:          17609.4     0.000101     0.000100     0.000101
-------------------------------------------------------------
Solution Validates: avg error less than 1.000000e-13 on all three arrays
-------------------------------------------------------------



--- run 3 ---
-------------------------------------------------------------
STREAM (dynamic) version — custom malloc-based implementation
-------------------------------------------------------------
This system uses 8 bytes per array element.
-------------------------------------------------------------
Array size = 73472 (elements), Offset = 0 (elements)
Memory per array = 0.6 MiB (= 0.0 GiB).
Total memory required = 1.7 MiB (= 0.0 GiB).
Each kernel will be executed 5 times.
-------------------------------------------------------------
Function    Best Rate MB/s  Avg time     Min time     Max time
Copy:           25547.3     0.000046     0.000046     0.000048
Scale:          11739.6     0.000100     0.000100     0.000101
Add:            19160.4     0.000092     0.000092     0.000092
Triad:          17651.4     0.000100     0.000100     0.000101
-------------------------------------------------------------
Solution Validates: avg error less than 1.000000e-13 on all three arrays
-------------------------------------------------------------



--- run 1 ---
-------------------------------------------------------------
STREAM (dynamic) version — custom malloc-based implementation
-------------------------------------------------------------
This system uses 8 bytes per array element.
-------------------------------------------------------------
Array size = 77866 (elements), Offset = 0 (elements)
Memory per array = 0.6 MiB (= 0.0 GiB).
Total memory required = 1.8 MiB (= 0.0 GiB).
Each kernel will be executed 5 times.
-------------------------------------------------------------
Function    Best Rate MB/s  Avg time     Min time     Max time
Copy:           25490.2     0.000049     0.000049     0.000051
Scale:          11769.1     0.000107     0.000106     0.000107
Add:            19258.6     0.000098     0.000097     0.000098
Triad:          17614.0     0.000107     0.000106     0.000107
-------------------------------------------------------------
Solution Validates: avg error less than 1.000000e-13 on all three arrays
-------------------------------------------------------------



--- run 2 ---
-------------------------------------------------------------
STREAM (dynamic) version — custom malloc-based implementation
-------------------------------------------------------------
This system uses 8 bytes per array element.
-------------------------------------------------------------
Array size = 77866 (elements), Offset = 0 (elements)
Memory per array = 0.6 MiB (= 0.0 GiB).
Total memory required = 1.8 MiB (= 0.0 GiB).
Each kernel will be executed 5 times.
-------------------------------------------------------------
Function    Best Rate MB/s  Avg time     Min time     Max time
Copy:           25490.2     0.000049     0.000049     0.000049
Scale:          11742.7     0.000107     0.000106     0.000107
Add:            19258.6     0.000097     0.000097     0.000098
Triad:          17653.7     0.000106     0.000106     0.000107
-------------------------------------------------------------
Solution Validates: avg error less than 1.000000e-13 on all three arrays
-------------------------------------------------------------



--- run 3 ---
-------------------------------------------------------------
STREAM (dynamic) version — custom malloc-based implementation
-------------------------------------------------------------
This system uses 8 bytes per array element.
-------------------------------------------------------------
Array size = 77866 (elements), Offset = 0 (elements)
Memory per array = 0.6 MiB (= 0.0 GiB).
Total memory required = 1.8 MiB (= 0.0 GiB).
Each kernel will be executed 5 times.
-------------------------------------------------------------
Function    Best Rate MB/s  Avg time     Min time     Max time
Copy:           25490.2     0.000049     0.000049     0.000050
Scale:          11742.7     0.000106     0.000106     0.000107
Add:            19258.6     0.000098     0.000097     0.000098
Triad:          17653.7     0.000106     0.000106     0.000107
-------------------------------------------------------------
Solution Validates: avg error less than 1.000000e-13 on all three arrays
-------------------------------------------------------------



--- run 1 ---
-------------------------------------------------------------
STREAM (dynamic) version — custom malloc-based implementation
-------------------------------------------------------------
This system uses 8 bytes per array element.
-------------------------------------------------------------
Array size = 82474 (elements), Offset = 0 (elements)
Memory per array = 0.6 MiB (= 0.0 GiB).
Total memory required = 1.9 MiB (= 0.0 GiB).
Each kernel will be executed 5 times.
-------------------------------------------------------------
Function    Best Rate MB/s  Avg time     Min time     Max time
Copy:           25388.7     0.000052     0.000052     0.000053
Scale:          11676.7     0.000113     0.000113     0.000113
Add:            19217.8     0.000103     0.000103     0.000104
Triad:          17664.1     0.000120     0.000112     0.000144
-------------------------------------------------------------
Solution Validates: avg error less than 1.000000e-13 on all three arrays
-------------------------------------------------------------



--- run 2 ---
-------------------------------------------------------------
STREAM (dynamic) version — custom malloc-based implementation
-------------------------------------------------------------
This system uses 8 bytes per array element.
-------------------------------------------------------------
Array size = 82474 (elements), Offset = 0 (elements)
Memory per array = 0.6 MiB (= 0.0 GiB).
Total memory required = 1.9 MiB (= 0.0 GiB).
Each kernel will be executed 5 times.
-------------------------------------------------------------
Function    Best Rate MB/s  Avg time     Min time     Max time
Copy:           25863.3     0.000053     0.000051     0.000055
Scale:          11801.1     0.000112     0.000112     0.000113
Add:            19217.8     0.000104     0.000103     0.000104
Triad:          17701.7     0.000116     0.000112     0.000126
-------------------------------------------------------------
Solution Validates: avg error less than 1.000000e-13 on all three arrays
-------------------------------------------------------------



--- run 3 ---
-------------------------------------------------------------
STREAM (dynamic) version — custom malloc-based implementation
-------------------------------------------------------------
This system uses 8 bytes per array element.
-------------------------------------------------------------
Array size = 82474 (elements), Offset = 0 (elements)
Memory per array = 0.6 MiB (= 0.0 GiB).
Total memory required = 1.9 MiB (= 0.0 GiB).
Each kernel will be executed 5 times.
-------------------------------------------------------------
Function    Best Rate MB/s  Avg time     Min time     Max time
Copy:           25863.3     0.000052     0.000051     0.000053
Scale:          11776.0     0.000113     0.000112     0.000113
Add:            19217.8     0.000103     0.000103     0.000104
Triad:          17664.1     0.000113     0.000112     0.000113
-------------------------------------------------------------
Solution Validates: avg error less than 1.000000e-13 on all three arrays
-------------------------------------------------------------



--- run 1 ---
-------------------------------------------------------------
STREAM (dynamic) version — custom malloc-based implementation
-------------------------------------------------------------
This system uses 8 bytes per array element.
-------------------------------------------------------------
Array size = 87381 (elements), Offset = 0 (elements)
Memory per array = 0.7 MiB (= 0.0 GiB).
Total memory required = 2.0 MiB (= 0.0 GiB).
Each kernel will be executed 5 times.
-------------------------------------------------------------
Function    Best Rate MB/s  Avg time     Min time     Max time
Copy:           25495.8     0.000055     0.000055     0.000057
Scale:          11751.6     0.000119     0.000119     0.000120
Add:            19247.4     0.000109     0.000109     0.000110
Triad:          17627.4     0.000120     0.000119     0.000120
-------------------------------------------------------------
Solution Validates: avg error less than 1.000000e-13 on all three arrays
-------------------------------------------------------------



--- run 2 ---
-------------------------------------------------------------
STREAM (dynamic) version — custom malloc-based implementation
-------------------------------------------------------------
This system uses 8 bytes per array element.
-------------------------------------------------------------
Array size = 87381 (elements), Offset = 0 (elements)
Memory per array = 0.7 MiB (= 0.0 GiB).
Total memory required = 2.0 MiB (= 0.0 GiB).
Each kernel will be executed 5 times.
-------------------------------------------------------------
Function    Best Rate MB/s  Avg time     Min time     Max time
Copy:           25495.8     0.000056     0.000055     0.000060
Scale:          11751.6     0.000120     0.000119     0.000120
Add:            19205.4     0.000110     0.000109     0.000110
Triad:          17627.4     0.000124     0.000119     0.000138
-------------------------------------------------------------
Solution Validates: avg error less than 1.000000e-13 on all three arrays
-------------------------------------------------------------



--- run 3 ---
-------------------------------------------------------------
STREAM (dynamic) version — custom malloc-based implementation
-------------------------------------------------------------
This system uses 8 bytes per array element.
-------------------------------------------------------------
Array size = 87381 (elements), Offset = 0 (elements)
Memory per array = 0.7 MiB (= 0.0 GiB).
Total memory required = 2.0 MiB (= 0.0 GiB).
Each kernel will be executed 5 times.
-------------------------------------------------------------
Function    Best Rate MB/s  Avg time     Min time     Max time
Copy:           25495.8     0.000056     0.000055     0.000057
Scale:          11751.6     0.000120     0.000119     0.000120
Add:            19247.4     0.000109     0.000109     0.000110
Triad:          17627.4     0.000119     0.000119     0.000120
-------------------------------------------------------------
Solution Validates: avg error less than 1.000000e-13 on all three arrays
-------------------------------------------------------------



--- run 1 ---
-------------------------------------------------------------
STREAM (dynamic) version — custom malloc-based implementation
-------------------------------------------------------------
This system uses 8 bytes per array element.
-------------------------------------------------------------
Array size = 92586 (elements), Offset = 0 (elements)
Memory per array = 0.7 MiB (= 0.0 GiB).
Total memory required = 2.1 MiB (= 0.0 GiB).
Each kernel will be executed 5 times.
-------------------------------------------------------------
Function    Best Rate MB/s  Avg time     Min time     Max time
Copy:           25569.3     0.000059     0.000058     0.000062
Scale:          11767.7     0.000126     0.000126     0.000127
Add:            19177.0     0.000116     0.000116     0.000116
Triad:          17651.5     0.000126     0.000126     0.000127
-------------------------------------------------------------
Solution Validates: avg error less than 1.000000e-13 on all three arrays
-------------------------------------------------------------



--- run 2 ---
-------------------------------------------------------------
STREAM (dynamic) version — custom malloc-based implementation
-------------------------------------------------------------
This system uses 8 bytes per array element.
-------------------------------------------------------------
Array size = 92586 (elements), Offset = 0 (elements)
Memory per array = 0.7 MiB (= 0.0 GiB).
Total memory required = 2.1 MiB (= 0.0 GiB).
Each kernel will be executed 5 times.
-------------------------------------------------------------
Function    Best Rate MB/s  Avg time     Min time     Max time
Copy:           25569.3     0.000059     0.000058     0.000060
Scale:          11745.4     0.000131     0.000126     0.000145
Add:            19137.6     0.000118     0.000116     0.000124
Triad:          17651.5     0.000127     0.000126     0.000128
-------------------------------------------------------------
Solution Validates: avg error less than 1.000000e-13 on all three arrays
-------------------------------------------------------------



--- run 3 ---
-------------------------------------------------------------
STREAM (dynamic) version — custom malloc-based implementation
-------------------------------------------------------------
This system uses 8 bytes per array element.
-------------------------------------------------------------
Array size = 92586 (elements), Offset = 0 (elements)
Memory per array = 0.7 MiB (= 0.0 GiB).
Total memory required = 2.1 MiB (= 0.0 GiB).
Each kernel will be executed 5 times.
-------------------------------------------------------------
Function    Best Rate MB/s  Avg time     Min time     Max time
Copy:           25464.5     0.000059     0.000058     0.000060
Scale:          11767.7     0.000126     0.000126     0.000127
Add:            19137.6     0.000123     0.000116     0.000141
Triad:          17651.5     0.000128     0.000126     0.000130
-------------------------------------------------------------
Solution Validates: avg error less than 1.000000e-13 on all three arrays
-------------------------------------------------------------



--- run 1 ---
-------------------------------------------------------------
STREAM (dynamic) version — custom malloc-based implementation
-------------------------------------------------------------
This system uses 8 bytes per array element.
-------------------------------------------------------------
Array size = 98090 (elements), Offset = 0 (elements)
Memory per array = 0.7 MiB (= 0.0 GiB).
Total memory required = 2.2 MiB (= 0.0 GiB).
Each kernel will be executed 5 times.
-------------------------------------------------------------
Function    Best Rate MB/s  Avg time     Min time     Max time
Copy:           25713.7     0.000062     0.000061     0.000064
Scale:          11713.0     0.000134     0.000134     0.000134
Add:            19135.8     0.000123     0.000123     0.000124
Triad:          17569.5     0.000134     0.000134     0.000135
-------------------------------------------------------------
Solution Validates: avg error less than 1.000000e-13 on all three arrays
-------------------------------------------------------------



--- run 2 ---
-------------------------------------------------------------
STREAM (dynamic) version — custom malloc-based implementation
-------------------------------------------------------------
This system uses 8 bytes per array element.
-------------------------------------------------------------
Array size = 98090 (elements), Offset = 0 (elements)
Memory per array = 0.7 MiB (= 0.0 GiB).
Total memory required = 2.2 MiB (= 0.0 GiB).
Each kernel will be executed 5 times.
-------------------------------------------------------------
Function    Best Rate MB/s  Avg time     Min time     Max time
Copy:           25713.7     0.000063     0.000061     0.000064
Scale:          11818.1     0.000138     0.000133     0.000150
Add:            19323.0     0.000126     0.000122     0.000136
Triad:          17569.5     0.000135     0.000134     0.000138
-------------------------------------------------------------
Solution Validates: avg error less than 1.000000e-13 on all three arrays
-------------------------------------------------------------



--- run 3 ---
-------------------------------------------------------------
STREAM (dynamic) version — custom malloc-based implementation
-------------------------------------------------------------
This system uses 8 bytes per array element.
-------------------------------------------------------------
Array size = 98090 (elements), Offset = 0 (elements)
Memory per array = 0.7 MiB (= 0.0 GiB).
Total memory required = 2.2 MiB (= 0.0 GiB).
Each kernel will be executed 5 times.
-------------------------------------------------------------
Function    Best Rate MB/s  Avg time     Min time     Max time
Copy:           25713.7     0.000064     0.000061     0.000069
Scale:          11797.0     0.000134     0.000133     0.000135
Add:            19135.8     0.000124     0.000123     0.000126
Triad:          17569.5     0.000139     0.000134     0.000151
-------------------------------------------------------------
Solution Validates: avg error less than 1.000000e-13 on all three arrays
-------------------------------------------------------------



--- run 1 ---
-------------------------------------------------------------
STREAM (dynamic) version — custom malloc-based implementation
-------------------------------------------------------------
This system uses 8 bytes per array element.
-------------------------------------------------------------
Array size = 103893 (elements), Offset = 0 (elements)
Memory per array = 0.8 MiB (= 0.0 GiB).
Total memory required = 2.4 MiB (= 0.0 GiB).
Each kernel will be executed 5 times.
-------------------------------------------------------------
Function    Best Rate MB/s  Avg time     Min time     Max time
Copy:           25632.9     0.000066     0.000065     0.000069
Scale:          11777.3     0.000142     0.000141     0.000142
Add:            19189.4     0.000131     0.000130     0.000132
Triad:          17547.3     0.000143     0.000142     0.000143
-------------------------------------------------------------
Solution Validates: avg error less than 1.000000e-13 on all three arrays
-------------------------------------------------------------



--- run 2 ---
-------------------------------------------------------------
STREAM (dynamic) version — custom malloc-based implementation
-------------------------------------------------------------
This system uses 8 bytes per array element.
-------------------------------------------------------------
Array size = 103893 (elements), Offset = 0 (elements)
Memory per array = 0.8 MiB (= 0.0 GiB).
Total memory required = 2.4 MiB (= 0.0 GiB).
Each kernel will be executed 5 times.
-------------------------------------------------------------
Function    Best Rate MB/s  Avg time     Min time     Max time
Copy:           25261.4     0.000066     0.000066     0.000067
Scale:          11777.3     0.000142     0.000141     0.000142
Add:            19189.4     0.000131     0.000130     0.000133
Triad:          17576.8     0.000142     0.000142     0.000142
-------------------------------------------------------------
Solution Validates: avg error less than 1.000000e-13 on all three arrays
-------------------------------------------------------------



--- run 3 ---
-------------------------------------------------------------
STREAM (dynamic) version — custom malloc-based implementation
-------------------------------------------------------------
This system uses 8 bytes per array element.
-------------------------------------------------------------
Array size = 103893 (elements), Offset = 0 (elements)
Memory per array = 0.8 MiB (= 0.0 GiB).
Total memory required = 2.4 MiB (= 0.0 GiB).
Each kernel will be executed 5 times.
-------------------------------------------------------------
Function    Best Rate MB/s  Avg time     Min time     Max time
Copy:           25539.0     0.000068     0.000065     0.000073
Scale:          11717.9     0.000142     0.000142     0.000142
Add:            19049.6     0.000131     0.000131     0.000132
Triad:          17576.8     0.000142     0.000142     0.000143
-------------------------------------------------------------
Solution Validates: avg error less than 1.000000e-13 on all three arrays
-------------------------------------------------------------



--- run 1 ---
-------------------------------------------------------------
STREAM (dynamic) version — custom malloc-based implementation
-------------------------------------------------------------
This system uses 8 bytes per array element.
-------------------------------------------------------------
Array size = 110080 (elements), Offset = 0 (elements)
Memory per array = 0.8 MiB (= 0.0 GiB).
Total memory required = 2.5 MiB (= 0.0 GiB).
Each kernel will be executed 5 times.
-------------------------------------------------------------
Function    Best Rate MB/s  Avg time     Min time     Max time
Copy:           24461.4     0.000074     0.000072     0.000076
Scale:          11744.6     0.000151     0.000150     0.000151
Add:            19006.9     0.000139     0.000139     0.000140
Triad:          17616.9     0.000156     0.000150     0.000174
-------------------------------------------------------------
Solution Validates: avg error less than 1.000000e-13 on all three arrays
-------------------------------------------------------------



--- run 2 ---
-------------------------------------------------------------
STREAM (dynamic) version — custom malloc-based implementation
-------------------------------------------------------------
This system uses 8 bytes per array element.
-------------------------------------------------------------
Array size = 110080 (elements), Offset = 0 (elements)
Memory per array = 0.8 MiB (= 0.0 GiB).
Total memory required = 2.5 MiB (= 0.0 GiB).
Each kernel will be executed 5 times.
-------------------------------------------------------------
Function    Best Rate MB/s  Avg time     Min time     Max time
Copy:           24461.4     0.000084     0.000072     0.000098
Scale:          11744.6     0.000150     0.000150     0.000151
Add:            18346.1     0.000152     0.000144     0.000170
Triad:          17047.7     0.000158     0.000155     0.000163
-------------------------------------------------------------
Solution Validates: avg error less than 1.000000e-13 on all three arrays
-------------------------------------------------------------



--- run 3 ---
-------------------------------------------------------------
STREAM (dynamic) version — custom malloc-based implementation
-------------------------------------------------------------
This system uses 8 bytes per array element.
-------------------------------------------------------------
Array size = 110080 (elements), Offset = 0 (elements)
Memory per array = 0.8 MiB (= 0.0 GiB).
Total memory required = 2.5 MiB (= 0.0 GiB).
Each kernel will be executed 5 times.
-------------------------------------------------------------
Function    Best Rate MB/s  Avg time     Min time     Max time
Copy:           25127.0     0.000078     0.000070     0.000095
Scale:          11744.6     0.000150     0.000150     0.000151
Add:            18749.6     0.000144     0.000141     0.000153
Triad:          17505.6     0.000153     0.000151     0.000155
-------------------------------------------------------------
Solution Validates: avg error less than 1.000000e-13 on all three arrays
-------------------------------------------------------------



--- run 1 ---
-------------------------------------------------------------
STREAM (dynamic) version — custom malloc-based implementation
-------------------------------------------------------------
This system uses 8 bytes per array element.
-------------------------------------------------------------
Array size = 116650 (elements), Offset = 0 (elements)
Memory per array = 0.9 MiB (= 0.0 GiB).
Total memory required = 2.7 MiB (= 0.0 GiB).
Each kernel will be executed 5 times.
-------------------------------------------------------------
Function    Best Rate MB/s  Avg time     Min time     Max time
Copy:           24851.6     0.000077     0.000075     0.000081
Scale:          11736.5     0.000159     0.000159     0.000159
Add:            18908.8     0.000150     0.000148     0.000154
Triad:          17293.6     0.000162     0.000162     0.000163
-------------------------------------------------------------
Solution Validates: avg error less than 1.000000e-13 on all three arrays
-------------------------------------------------------------



--- run 2 ---
-------------------------------------------------------------
STREAM (dynamic) version — custom malloc-based implementation
-------------------------------------------------------------
This system uses 8 bytes per array element.
-------------------------------------------------------------
Array size = 116650 (elements), Offset = 0 (elements)
Memory per array = 0.9 MiB (= 0.0 GiB).
Total memory required = 2.7 MiB (= 0.0 GiB).
Each kernel will be executed 5 times.
-------------------------------------------------------------
Function    Best Rate MB/s  Avg time     Min time     Max time
Copy:           24540.0     0.000077     0.000076     0.000077
Scale:          11736.5     0.000159     0.000159     0.000160
Add:            18787.8     0.000151     0.000149     0.000152
Triad:          17499.8     0.000161     0.000160     0.000162
-------------------------------------------------------------
Solution Validates: avg error less than 1.000000e-13 on all three arrays
-------------------------------------------------------------



--- run 3 ---
-------------------------------------------------------------
STREAM (dynamic) version — custom malloc-based implementation
-------------------------------------------------------------
This system uses 8 bytes per array element.
-------------------------------------------------------------
Array size = 116650 (elements), Offset = 0 (elements)
Memory per array = 0.9 MiB (= 0.0 GiB).
Total memory required = 2.7 MiB (= 0.0 GiB).
Each kernel will be executed 5 times.
-------------------------------------------------------------
Function    Best Rate MB/s  Avg time     Min time     Max time
Copy:           24311.3     0.000079     0.000077     0.000083
Scale:          11666.5     0.000171     0.000160     0.000200
Add:            18433.9     0.000163     0.000152     0.000171
Triad:          17396.1     0.000163     0.000161     0.000166
-------------------------------------------------------------
Solution Validates: avg error less than 1.000000e-13 on all three arrays
-------------------------------------------------------------



--- run 1 ---
-------------------------------------------------------------
STREAM (dynamic) version — custom malloc-based implementation
-------------------------------------------------------------
This system uses 8 bytes per array element.
-------------------------------------------------------------
Array size = 123562 (elements), Offset = 0 (elements)
Memory per array = 0.9 MiB (= 0.0 GiB).
Total memory required = 2.8 MiB (= 0.0 GiB).
Each kernel will be executed 5 times.
-------------------------------------------------------------
Function    Best Rate MB/s  Avg time     Min time     Max time
Copy:           23827.9     0.000087     0.000083     0.000091
Scale:          11712.0     0.000169     0.000169     0.000169
Add:            18760.4     0.000175     0.000158     0.000211
Triad:          17132.4     0.000177     0.000173     0.000185
-------------------------------------------------------------
Solution Validates: avg error less than 1.000000e-13 on all three arrays
-------------------------------------------------------------



--- run 2 ---
-------------------------------------------------------------
STREAM (dynamic) version — custom malloc-based implementation
-------------------------------------------------------------
This system uses 8 bytes per array element.
-------------------------------------------------------------
Array size = 123562 (elements), Offset = 0 (elements)
Memory per array = 0.9 MiB (= 0.0 GiB).
Total memory required = 2.8 MiB (= 0.0 GiB).
Each kernel will be executed 5 times.
-------------------------------------------------------------
Function    Best Rate MB/s  Avg time     Min time     Max time
Copy:           24388.5     0.000085     0.000081     0.000090
Scale:          11695.5     0.000170     0.000169     0.000170
Add:            18536.7     0.000166     0.000160     0.000174
Triad:          16853.9     0.000182     0.000176     0.000193
-------------------------------------------------------------
Solution Validates: avg error less than 1.000000e-13 on all three arrays
-------------------------------------------------------------



--- run 3 ---
-------------------------------------------------------------
STREAM (dynamic) version — custom malloc-based implementation
-------------------------------------------------------------
This system uses 8 bytes per array element.
-------------------------------------------------------------
Array size = 123562 (elements), Offset = 0 (elements)
Memory per array = 0.9 MiB (= 0.0 GiB).
Total memory required = 2.8 MiB (= 0.0 GiB).
Each kernel will be executed 5 times.
-------------------------------------------------------------
Function    Best Rate MB/s  Avg time     Min time     Max time
Copy:           22718.1     0.000096     0.000087     0.000118
Scale:          11695.5     0.000169     0.000169     0.000169
Add:            17642.8     0.000169     0.000168     0.000170
Triad:          16740.5     0.000181     0.000177     0.000188
-------------------------------------------------------------
Solution Validates: avg error less than 1.000000e-13 on all three arrays
-------------------------------------------------------------



--- run 1 ---
-------------------------------------------------------------
STREAM (dynamic) version — custom malloc-based implementation
-------------------------------------------------------------
This system uses 8 bytes per array element.
-------------------------------------------------------------
Array size = 130944 (elements), Offset = 0 (elements)
Memory per array = 1.0 MiB (= 0.0 GiB).
Total memory required = 3.0 MiB (= 0.0 GiB).
Each kernel will be executed 5 times.
-------------------------------------------------------------
Function    Best Rate MB/s  Avg time     Min time     Max time
Copy:           22023.8     0.000097     0.000095     0.000102
Scale:          11716.7     0.000179     0.000179     0.000180
Add:            18281.9     0.000182     0.000172     0.000189
Triad:          16622.0     0.000191     0.000189     0.000194
-------------------------------------------------------------
Solution Validates: avg error less than 1.000000e-13 on all three arrays
-------------------------------------------------------------



--- run 2 ---
-------------------------------------------------------------
STREAM (dynamic) version — custom malloc-based implementation
-------------------------------------------------------------
This system uses 8 bytes per array element.
-------------------------------------------------------------
Array size = 130944 (elements), Offset = 0 (elements)
Memory per array = 1.0 MiB (= 0.0 GiB).
Total memory required = 3.0 MiB (= 0.0 GiB).
Each kernel will be executed 5 times.
-------------------------------------------------------------
Function    Best Rate MB/s  Avg time     Min time     Max time
Copy:           23003.9     0.000096     0.000091     0.000105
Scale:          11639.1     0.000180     0.000180     0.000180
Add:            17551.6     0.000186     0.000179     0.000196
Triad:          16114.0     0.000203     0.000195     0.000220
-------------------------------------------------------------
Solution Validates: avg error less than 1.000000e-13 on all three arrays
-------------------------------------------------------------



--- run 3 ---
-------------------------------------------------------------
STREAM (dynamic) version — custom malloc-based implementation
-------------------------------------------------------------
This system uses 8 bytes per array element.
-------------------------------------------------------------
Array size = 130944 (elements), Offset = 0 (elements)
Memory per array = 1.0 MiB (= 0.0 GiB).
Total memory required = 3.0 MiB (= 0.0 GiB).
Each kernel will be executed 5 times.
-------------------------------------------------------------
Function    Best Rate MB/s  Avg time     Min time     Max time
Copy:           22079.2     0.000099     0.000095     0.000109
Scale:          11716.7     0.000179     0.000179     0.000180
Add:            16986.2     0.000189     0.000185     0.000196
Triad:          16986.2     0.000188     0.000185     0.000195
-------------------------------------------------------------
Solution Validates: avg error less than 1.000000e-13 on all three arrays
-------------------------------------------------------------



--- run 1 ---
-------------------------------------------------------------
STREAM (dynamic) version — custom malloc-based implementation
-------------------------------------------------------------
This system uses 8 bytes per array element.
-------------------------------------------------------------
Array size = 138709 (elements), Offset = 0 (elements)
Memory per array = 1.1 MiB (= 0.0 GiB).
Total memory required = 3.2 MiB (= 0.0 GiB).
Each kernel will be executed 5 times.
-------------------------------------------------------------
Function    Best Rate MB/s  Avg time     Min time     Max time
Copy:           21155.9     0.000108     0.000105     0.000111
Scale:          11679.6     0.000190     0.000190     0.000190
Add:            17787.1     0.000202     0.000187     0.000211
Triad:          16802.5     0.000216     0.000198     0.000243
-------------------------------------------------------------
Solution Validates: avg error less than 1.000000e-13 on all three arrays
-------------------------------------------------------------



--- run 2 ---
-------------------------------------------------------------
STREAM (dynamic) version — custom malloc-based implementation
-------------------------------------------------------------
This system uses 8 bytes per array element.
-------------------------------------------------------------
Array size = 138709 (elements), Offset = 0 (elements)
Memory per array = 1.1 MiB (= 0.0 GiB).
Total memory required = 3.2 MiB (= 0.0 GiB).
Each kernel will be executed 5 times.
-------------------------------------------------------------
Function    Best Rate MB/s  Avg time     Min time     Max time
Copy:           22006.2     0.000105     0.000101     0.000107
Scale:          11621.2     0.000192     0.000191     0.000192
Add:            17607.7     0.000208     0.000189     0.000233
Triad:          15848.9     0.000216     0.000210     0.000226
-------------------------------------------------------------
Solution Validates: avg error less than 1.000000e-13 on all three arrays
-------------------------------------------------------------



--- run 3 ---
-------------------------------------------------------------
STREAM (dynamic) version — custom malloc-based implementation
-------------------------------------------------------------
This system uses 8 bytes per array element.
-------------------------------------------------------------
Array size = 138709 (elements), Offset = 0 (elements)
Memory per array = 1.1 MiB (= 0.0 GiB).
Total memory required = 3.2 MiB (= 0.0 GiB).
Each kernel will be executed 5 times.
-------------------------------------------------------------
Function    Best Rate MB/s  Avg time     Min time     Max time
Copy:           21749.1     0.000106     0.000102     0.000111
Scale:          11694.2     0.000193     0.000190     0.000203
Add:            17809.8     0.000197     0.000187     0.000205
Triad:          16802.5     0.000207     0.000198     0.000215
-------------------------------------------------------------
Solution Validates: avg error less than 1.000000e-13 on all three arrays
-------------------------------------------------------------



--- run 1 ---
-------------------------------------------------------------
STREAM (dynamic) version — custom malloc-based implementation
-------------------------------------------------------------
This system uses 8 bytes per array element.
-------------------------------------------------------------
Array size = 146944 (elements), Offset = 0 (elements)
Memory per array = 1.1 MiB (= 0.0 GiB).
Total memory required = 3.4 MiB (= 0.0 GiB).
Each kernel will be executed 5 times.
-------------------------------------------------------------
Function    Best Rate MB/s  Avg time     Min time     Max time
Copy:           19260.2     0.000123     0.000122     0.000124
Scale:          11587.8     0.000213     0.000203     0.000240
Add:            16943.7     0.000210     0.000208     0.000212
Triad:          16417.2     0.000216     0.000215     0.000217
-------------------------------------------------------------
Solution Validates: avg error less than 1.000000e-13 on all three arrays
-------------------------------------------------------------



--- run 2 ---
-------------------------------------------------------------
STREAM (dynamic) version — custom malloc-based implementation
-------------------------------------------------------------
This system uses 8 bytes per array element.
-------------------------------------------------------------
Array size = 146944 (elements), Offset = 0 (elements)
Memory per array = 1.1 MiB (= 0.0 GiB).
Total memory required = 3.4 MiB (= 0.0 GiB).
Each kernel will be executed 5 times.
-------------------------------------------------------------
Function    Best Rate MB/s  Avg time     Min time     Max time
Copy:           20804.3     0.000123     0.000113     0.000142
Scale:          11520.1     0.000205     0.000204     0.000206
Add:            17021.7     0.000210     0.000207     0.000214
Triad:          16183.7     0.000229     0.000218     0.000262
-------------------------------------------------------------
Solution Validates: avg error less than 1.000000e-13 on all three arrays
-------------------------------------------------------------



--- run 3 ---
-------------------------------------------------------------
STREAM (dynamic) version — custom malloc-based implementation
-------------------------------------------------------------
This system uses 8 bytes per array element.
-------------------------------------------------------------
Array size = 146944 (elements), Offset = 0 (elements)
Memory per array = 1.1 MiB (= 0.0 GiB).
Total memory required = 3.4 MiB (= 0.0 GiB).
Each kernel will be executed 5 times.
-------------------------------------------------------------
Function    Best Rate MB/s  Avg time     Min time     Max time
Copy:           19604.9     0.000123     0.000120     0.000129
Scale:          11642.6     0.000203     0.000202     0.000204
Add:            15202.3     0.000246     0.000232     0.000275
Triad:          15537.7     0.000235     0.000227     0.000246
-------------------------------------------------------------
Solution Validates: avg error less than 1.000000e-13 on all three arrays
-------------------------------------------------------------



--- run 1 ---
-------------------------------------------------------------
STREAM (dynamic) version — custom malloc-based implementation
-------------------------------------------------------------
This system uses 8 bytes per array element.
-------------------------------------------------------------
Array size = 155690 (elements), Offset = 0 (elements)
Memory per array = 1.2 MiB (= 0.0 GiB).
Total memory required = 3.6 MiB (= 0.0 GiB).
Each kernel will be executed 5 times.
-------------------------------------------------------------
Function    Best Rate MB/s  Avg time     Min time     Max time
Copy:           18427.1     0.000138     0.000135     0.000140
Scale:          11532.2     0.000217     0.000216     0.000219
Add:            16107.2     0.000238     0.000232     0.000251
Triad:          15766.9     0.000245     0.000237     0.000263
-------------------------------------------------------------
Solution Validates: avg error less than 1.000000e-13 on all three arrays
-------------------------------------------------------------



--- run 2 ---
-------------------------------------------------------------
STREAM (dynamic) version — custom malloc-based implementation
-------------------------------------------------------------
This system uses 8 bytes per array element.
-------------------------------------------------------------
Array size = 155690 (elements), Offset = 0 (elements)
Memory per array = 1.2 MiB (= 0.0 GiB).
Total memory required = 3.6 MiB (= 0.0 GiB).
Each kernel will be executed 5 times.
-------------------------------------------------------------
Function    Best Rate MB/s  Avg time     Min time     Max time
Copy:           19639.4     0.000129     0.000127     0.000133
Scale:          11381.5     0.000220     0.000219     0.000221
Add:            16531.9     0.000229     0.000226     0.000233
Triad:          16041.2     0.000236     0.000233     0.000238
-------------------------------------------------------------
Solution Validates: avg error less than 1.000000e-13 on all three arrays
-------------------------------------------------------------



--- run 3 ---
-------------------------------------------------------------
STREAM (dynamic) version — custom malloc-based implementation
-------------------------------------------------------------
This system uses 8 bytes per array element.
-------------------------------------------------------------
Array size = 155690 (elements), Offset = 0 (elements)
Memory per array = 1.2 MiB (= 0.0 GiB).
Total memory required = 3.6 MiB (= 0.0 GiB).
Each kernel will be executed 5 times.
-------------------------------------------------------------
Function    Best Rate MB/s  Avg time     Min time     Max time
Copy:           18459.7     0.000137     0.000135     0.000139
Scale:          11481.5     0.000223     0.000217     0.000240
Add:            16240.7     0.000234     0.000230     0.000244
Triad:          15830.6     0.000239     0.000236     0.000242
-------------------------------------------------------------
Solution Validates: avg error less than 1.000000e-13 on all three arrays
-------------------------------------------------------------



--- run 1 ---
-------------------------------------------------------------
STREAM (dynamic) version — custom malloc-based implementation
-------------------------------------------------------------
This system uses 8 bytes per array element.
-------------------------------------------------------------
Array size = 164949 (elements), Offset = 0 (elements)
Memory per array = 1.3 MiB (= 0.0 GiB).
Total memory required = 3.8 MiB (= 0.0 GiB).
Each kernel will be executed 5 times.
-------------------------------------------------------------
Function    Best Rate MB/s  Avg time     Min time     Max time
Copy:           17825.3     0.000152     0.000148     0.000157
Scale:          11330.1     0.000234     0.000233     0.000235
Add:            14999.4     0.000284     0.000264     0.000308
Triad:          15219.3     0.000279     0.000260     0.000288
-------------------------------------------------------------
Solution Validates: avg error less than 1.000000e-13 on all three arrays
-------------------------------------------------------------



--- run 2 ---
-------------------------------------------------------------
STREAM (dynamic) version — custom malloc-based implementation
-------------------------------------------------------------
This system uses 8 bytes per array element.
-------------------------------------------------------------
Array size = 164949 (elements), Offset = 0 (elements)
Memory per array = 1.3 MiB (= 0.0 GiB).
Total memory required = 3.8 MiB (= 0.0 GiB).
Each kernel will be executed 5 times.
-------------------------------------------------------------
Function    Best Rate MB/s  Avg time     Min time     Max time
Copy:           17940.9     0.000153     0.000147     0.000160
Scale:          11423.7     0.000232     0.000231     0.000233
Add:            14143.4     0.000290     0.000280     0.000307
Triad:          15163.8     0.000279     0.000261     0.000299
-------------------------------------------------------------
Solution Validates: avg error less than 1.000000e-13 on all three arrays
-------------------------------------------------------------



--- run 3 ---
-------------------------------------------------------------
STREAM (dynamic) version — custom malloc-based implementation
-------------------------------------------------------------
This system uses 8 bytes per array element.
-------------------------------------------------------------
Array size = 164949 (elements), Offset = 0 (elements)
Memory per array = 1.3 MiB (= 0.0 GiB).
Total memory required = 3.8 MiB (= 0.0 GiB).
Each kernel will be executed 5 times.
-------------------------------------------------------------
Function    Best Rate MB/s  Avg time     Min time     Max time
Copy:           17269.2     0.000158     0.000153     0.000168
Scale:          11423.7     0.000233     0.000231     0.000234
Add:            13941.5     0.000289     0.000284     0.000295
Triad:          15460.3     0.000280     0.000256     0.000307
-------------------------------------------------------------
Solution Validates: avg error less than 1.000000e-13 on all three arrays
-------------------------------------------------------------



--- run 1 ---
-------------------------------------------------------------
STREAM (dynamic) version — custom malloc-based implementation
-------------------------------------------------------------
This system uses 8 bytes per array element.
-------------------------------------------------------------
Array size = 174762 (elements), Offset = 0 (elements)
Memory per array = 1.3 MiB (= 0.0 GiB).
Total memory required = 4.0 MiB (= 0.0 GiB).
Each kernel will be executed 5 times.
-------------------------------------------------------------
Function    Best Rate MB/s  Avg time     Min time     Max time
Copy:           16266.4     0.000174     0.000172     0.000177
Scale:          11223.0     0.000254     0.000249     0.000267
Add:            13939.9     0.000316     0.000301     0.000332
Triad:          13743.8     0.000312     0.000305     0.000320
-------------------------------------------------------------
Solution Validates: avg error less than 1.000000e-13 on all three arrays
-------------------------------------------------------------



--- run 2 ---
-------------------------------------------------------------
STREAM (dynamic) version — custom malloc-based implementation
-------------------------------------------------------------
This system uses 8 bytes per array element.
-------------------------------------------------------------
Array size = 174762 (elements), Offset = 0 (elements)
Memory per array = 1.3 MiB (= 0.0 GiB).
Total memory required = 4.0 MiB (= 0.0 GiB).
Each kernel will be executed 5 times.
-------------------------------------------------------------
Function    Best Rate MB/s  Avg time     Min time     Max time
Copy:           17583.3     0.000163     0.000159     0.000169
Scale:          11180.2     0.000251     0.000250     0.000251
Add:            13574.2     0.000312     0.000309     0.000315
Triad:          14721.4     0.000309     0.000285     0.000330
-------------------------------------------------------------
Solution Validates: avg error less than 1.000000e-13 on all three arrays
-------------------------------------------------------------



--- run 3 ---
-------------------------------------------------------------
STREAM (dynamic) version — custom malloc-based implementation
-------------------------------------------------------------
This system uses 8 bytes per array element.
-------------------------------------------------------------
Array size = 174762 (elements), Offset = 0 (elements)
Memory per array = 1.3 MiB (= 0.0 GiB).
Total memory required = 4.0 MiB (= 0.0 GiB).
Each kernel will be executed 5 times.
-------------------------------------------------------------
Function    Best Rate MB/s  Avg time     Min time     Max time
Copy:           16065.9     0.000183     0.000174     0.000199
Scale:          11277.0     0.000248     0.000248     0.000249
Add:            13532.4     0.000319     0.000310     0.000326
Triad:          13669.1     0.000313     0.000307     0.000318
-------------------------------------------------------------
Solution Validates: avg error less than 1.000000e-13 on all three arrays
-------------------------------------------------------------



--- run 1 ---
-------------------------------------------------------------
STREAM (dynamic) version — custom malloc-based implementation
-------------------------------------------------------------
This system uses 8 bytes per array element.
-------------------------------------------------------------
Array size = 185173 (elements), Offset = 0 (elements)
Memory per array = 1.4 MiB (= 0.0 GiB).
Total memory required = 4.2 MiB (= 0.0 GiB).
Each kernel will be executed 5 times.
-------------------------------------------------------------
Function    Best Rate MB/s  Avg time     Min time     Max time
Copy:           14741.1     0.000210     0.000201     0.000227
Scale:          10853.1     0.000274     0.000273     0.000275
Add:            11723.3     0.000421     0.000379     0.000457
Triad:          12953.5     0.000380     0.000343     0.000417
-------------------------------------------------------------
Solution Validates: avg error less than 1.000000e-13 on all three arrays
-------------------------------------------------------------



--- run 2 ---
-------------------------------------------------------------
STREAM (dynamic) version — custom malloc-based implementation
-------------------------------------------------------------
This system uses 8 bytes per array element.
-------------------------------------------------------------
Array size = 185173 (elements), Offset = 0 (elements)
Memory per array = 1.4 MiB (= 0.0 GiB).
Total memory required = 4.2 MiB (= 0.0 GiB).
Each kernel will be executed 5 times.
-------------------------------------------------------------
Function    Best Rate MB/s  Avg time     Min time     Max time
Copy:           16096.8     0.000194     0.000184     0.000213
Scale:          11175.1     0.000267     0.000265     0.000269
Add:            12663.1     0.000359     0.000351     0.000369
Triad:          13419.8     0.000405     0.000331     0.000548
-------------------------------------------------------------
Solution Validates: avg error less than 1.000000e-13 on all three arrays
-------------------------------------------------------------



--- run 3 ---
-------------------------------------------------------------
STREAM (dynamic) version — custom malloc-based implementation
-------------------------------------------------------------
This system uses 8 bytes per array element.
-------------------------------------------------------------
Array size = 185173 (elements), Offset = 0 (elements)
Memory per array = 1.4 MiB (= 0.0 GiB).
Total memory required = 4.2 MiB (= 0.0 GiB).
Each kernel will be executed 5 times.
-------------------------------------------------------------
Function    Best Rate MB/s  Avg time     Min time     Max time
Copy:           15266.3     0.000199     0.000194     0.000206
Scale:          11225.6     0.000267     0.000264     0.000269
Add:            12104.0     0.000408     0.000367     0.000466
Triad:          13182.5     0.000378     0.000337     0.000423
-------------------------------------------------------------
Solution Validates: avg error less than 1.000000e-13 on all three arrays
-------------------------------------------------------------



--- run 1 ---
-------------------------------------------------------------
STREAM (dynamic) version — custom malloc-based implementation
-------------------------------------------------------------
This system uses 8 bytes per array element.
-------------------------------------------------------------
Array size = 196181 (elements), Offset = 0 (elements)
Memory per array = 1.5 MiB (= 0.0 GiB).
Total memory required = 4.5 MiB (= 0.0 GiB).
Each kernel will be executed 5 times.
-------------------------------------------------------------
Function    Best Rate MB/s  Avg time     Min time     Max time
Copy:           15842.9     0.000205     0.000198     0.000224
Scale:          11128.9     0.000284     0.000282     0.000287
Add:            12586.5     0.000389     0.000374     0.000419
Triad:          13809.9     0.000355     0.000341     0.000376
-------------------------------------------------------------
Solution Validates: avg error less than 1.000000e-13 on all three arrays
-------------------------------------------------------------



--- run 2 ---
-------------------------------------------------------------
STREAM (dynamic) version — custom malloc-based implementation
-------------------------------------------------------------
This system uses 8 bytes per array element.
-------------------------------------------------------------
Array size = 196181 (elements), Offset = 0 (elements)
Memory per array = 1.5 MiB (= 0.0 GiB).
Total memory required = 4.5 MiB (= 0.0 GiB).
Each kernel will be executed 5 times.
-------------------------------------------------------------
Function    Best Rate MB/s  Avg time     Min time     Max time
Copy:           16602.1     0.000199     0.000189     0.000209
Scale:          10971.2     0.000293     0.000286     0.000311
Add:            11860.8     0.000406     0.000397     0.000420
Triad:          12358.1     0.000394     0.000381     0.000410
-------------------------------------------------------------
Solution Validates: avg error less than 1.000000e-13 on all three arrays
-------------------------------------------------------------



--- run 3 ---
-------------------------------------------------------------
STREAM (dynamic) version — custom malloc-based implementation
-------------------------------------------------------------
This system uses 8 bytes per array element.
-------------------------------------------------------------
Array size = 196181 (elements), Offset = 0 (elements)
Memory per array = 1.5 MiB (= 0.0 GiB).
Total memory required = 4.5 MiB (= 0.0 GiB).
Each kernel will be executed 5 times.
-------------------------------------------------------------
Function    Best Rate MB/s  Avg time     Min time     Max time
Copy:           15691.9     0.000223     0.000200     0.000247
Scale:          11138.3     0.000286     0.000282     0.000287
Add:            12975.2     0.000398     0.000363     0.000418
Triad:          12319.5     0.000389     0.000382     0.000396
-------------------------------------------------------------
Solution Validates: avg error less than 1.000000e-13 on all three arrays
-------------------------------------------------------------



--- run 1 ---
-------------------------------------------------------------
STREAM (dynamic) version — custom malloc-based implementation
-------------------------------------------------------------
This system uses 8 bytes per array element.
-------------------------------------------------------------
Array size = 207829 (elements), Offset = 0 (elements)
Memory per array = 1.6 MiB (= 0.0 GiB).
Total memory required = 4.8 MiB (= 0.0 GiB).
Each kernel will be executed 5 times.
-------------------------------------------------------------
Function    Best Rate MB/s  Avg time     Min time     Max time
Copy:           15600.9     0.000229     0.000213     0.000238
Scale:          10828.5     0.000310     0.000307     0.000314
Add:            12725.5     0.000429     0.000392     0.000473
Triad:          12342.6     0.000449     0.000404     0.000494
-------------------------------------------------------------
Solution Validates: avg error less than 1.000000e-13 on all three arrays
-------------------------------------------------------------



--- run 2 ---
-------------------------------------------------------------
STREAM (dynamic) version — custom malloc-based implementation
-------------------------------------------------------------
This system uses 8 bytes per array element.
-------------------------------------------------------------
Array size = 207829 (elements), Offset = 0 (elements)
Memory per array = 1.6 MiB (= 0.0 GiB).
Total memory required = 4.8 MiB (= 0.0 GiB).
Each kernel will be executed 5 times.
-------------------------------------------------------------
Function    Best Rate MB/s  Avg time     Min time     Max time
Copy:           15479.7     0.000219     0.000215     0.000227
Scale:          10795.0     0.000310     0.000308     0.000313
Add:            12686.9     0.000417     0.000393     0.000485
Triad:          12051.1     0.000443     0.000414     0.000476
-------------------------------------------------------------
Solution Validates: avg error less than 1.000000e-13 on all three arrays
-------------------------------------------------------------



--- run 3 ---
-------------------------------------------------------------
STREAM (dynamic) version — custom malloc-based implementation
-------------------------------------------------------------
This system uses 8 bytes per array element.
-------------------------------------------------------------
Array size = 207829 (elements), Offset = 0 (elements)
Memory per array = 1.6 MiB (= 0.0 GiB).
Total memory required = 4.8 MiB (= 0.0 GiB).
Each kernel will be executed 5 times.
-------------------------------------------------------------
Function    Best Rate MB/s  Avg time     Min time     Max time
Copy:           15309.7     0.000219     0.000217     0.000220
Scale:          10870.7     0.000324     0.000306     0.000355
Add:            12371.8     0.000408     0.000403     0.000416
Triad:          12135.0     0.000430     0.000411     0.000455
-------------------------------------------------------------
Solution Validates: avg error less than 1.000000e-13 on all three arrays
-------------------------------------------------------------



--- run 1 ---
-------------------------------------------------------------
STREAM (dynamic) version — custom malloc-based implementation
-------------------------------------------------------------
This system uses 8 bytes per array element.
-------------------------------------------------------------
Array size = 220202 (elements), Offset = 0 (elements)
Memory per array = 1.7 MiB (= 0.0 GiB).
Total memory required = 5.0 MiB (= 0.0 GiB).
Each kernel will be executed 5 times.
-------------------------------------------------------------
Function    Best Rate MB/s  Avg time     Min time     Max time
Copy:           15506.3     0.000229     0.000227     0.000232
Scale:          10841.9     0.000326     0.000325     0.000328
Add:            12033.8     0.000468     0.000439     0.000498
Triad:          12798.1     0.000423     0.000413     0.000435
-------------------------------------------------------------
Solution Validates: avg error less than 1.000000e-13 on all three arrays
-------------------------------------------------------------



--- run 2 ---
-------------------------------------------------------------
STREAM (dynamic) version — custom malloc-based implementation
-------------------------------------------------------------
This system uses 8 bytes per array element.
-------------------------------------------------------------
Array size = 220202 (elements), Offset = 0 (elements)
Memory per array = 1.7 MiB (= 0.0 GiB).
Total memory required = 5.0 MiB (= 0.0 GiB).
Each kernel will be executed 5 times.
-------------------------------------------------------------
Function    Best Rate MB/s  Avg time     Min time     Max time
Copy:           15377.2     0.000237     0.000229     0.000256
Scale:          10905.9     0.000328     0.000323     0.000333
Add:            12092.9     0.000441     0.000437     0.000444
Triad:          12608.8     0.000426     0.000419     0.000444
-------------------------------------------------------------
Solution Validates: avg error less than 1.000000e-13 on all three arrays
-------------------------------------------------------------



--- run 3 ---
-------------------------------------------------------------
STREAM (dynamic) version — custom malloc-based implementation
-------------------------------------------------------------
This system uses 8 bytes per array element.
-------------------------------------------------------------
Array size = 220202 (elements), Offset = 0 (elements)
Memory per array = 1.7 MiB (= 0.0 GiB).
Total memory required = 5.0 MiB (= 0.0 GiB).
Each kernel will be executed 5 times.
-------------------------------------------------------------
Function    Best Rate MB/s  Avg time     Min time     Max time
Copy:           15313.5     0.000238     0.000230     0.000250
Scale:          10778.6     0.000340     0.000327     0.000373
Add:            11955.9     0.000455     0.000442     0.000472
Triad:          12702.7     0.000417     0.000416     0.000419
-------------------------------------------------------------
Solution Validates: avg error less than 1.000000e-13 on all three arrays
-------------------------------------------------------------



--- run 1 ---
-------------------------------------------------------------
STREAM (dynamic) version — custom malloc-based implementation
-------------------------------------------------------------
This system uses 8 bytes per array element.
-------------------------------------------------------------
Array size = 233301 (elements), Offset = 0 (elements)
Memory per array = 1.8 MiB (= 0.0 GiB).
Total memory required = 5.3 MiB (= 0.0 GiB).
Each kernel will be executed 5 times.
-------------------------------------------------------------
Function    Best Rate MB/s  Avg time     Min time     Max time
Copy:           14756.4     0.000270     0.000253     0.000277
Scale:          10723.7     0.000351     0.000348     0.000354
Add:            11312.5     0.000560     0.000495     0.000596
Triad:          12174.6     0.000500     0.000460     0.000535
-------------------------------------------------------------
Solution Validates: avg error less than 1.000000e-13 on all three arrays
-------------------------------------------------------------



--- run 2 ---
-------------------------------------------------------------
STREAM (dynamic) version — custom malloc-based implementation
-------------------------------------------------------------
This system uses 8 bytes per array element.
-------------------------------------------------------------
Array size = 233301 (elements), Offset = 0 (elements)
Memory per array = 1.8 MiB (= 0.0 GiB).
Total memory required = 5.3 MiB (= 0.0 GiB).
Each kernel will be executed 5 times.
-------------------------------------------------------------
Function    Best Rate MB/s  Avg time     Min time     Max time
Copy:           14939.5     0.000264     0.000250     0.000280
Scale:          10753.1     0.000353     0.000347     0.000370
Add:            11614.7     0.000525     0.000482     0.000560
Triad:          11109.2     0.000535     0.000504     0.000556
-------------------------------------------------------------
Solution Validates: avg error less than 1.000000e-13 on all three arrays
-------------------------------------------------------------



--- run 3 ---
-------------------------------------------------------------
STREAM (dynamic) version — custom malloc-based implementation
-------------------------------------------------------------
This system uses 8 bytes per array element.
-------------------------------------------------------------
Array size = 233301 (elements), Offset = 0 (elements)
Memory per array = 1.8 MiB (= 0.0 GiB).
Total memory required = 5.3 MiB (= 0.0 GiB).
Each kernel will be executed 5 times.
-------------------------------------------------------------
Function    Best Rate MB/s  Avg time     Min time     Max time
Copy:           14882.7     0.000253     0.000251     0.000256
Scale:          10723.7     0.000349     0.000348     0.000351
Add:            11428.1     0.000496     0.000490     0.000502
Triad:          12308.6     0.000469     0.000455     0.000493
-------------------------------------------------------------
Solution Validates: avg error less than 1.000000e-13 on all three arrays
-------------------------------------------------------------



--- run 1 ---
-------------------------------------------------------------
STREAM (dynamic) version — custom malloc-based implementation
-------------------------------------------------------------
This system uses 8 bytes per array element.
-------------------------------------------------------------
Array size = 247168 (elements), Offset = 0 (elements)
Memory per array = 1.9 MiB (= 0.0 GiB).
Total memory required = 5.7 MiB (= 0.0 GiB).
Each kernel will be executed 5 times.
-------------------------------------------------------------
Function    Best Rate MB/s  Avg time     Min time     Max time
Copy:           13496.5     0.000294     0.000293     0.000296
Scale:          10687.6     0.000376     0.000370     0.000394
Add:             9726.6     0.000623     0.000610     0.000633
Triad:          11632.0     0.000581     0.000510     0.000608
-------------------------------------------------------------
Solution Validates: avg error less than 1.000000e-13 on all three arrays
-------------------------------------------------------------



--- run 2 ---
-------------------------------------------------------------
STREAM (dynamic) version — custom malloc-based implementation
-------------------------------------------------------------
This system uses 8 bytes per array element.
-------------------------------------------------------------
Array size = 247168 (elements), Offset = 0 (elements)
Memory per array = 1.9 MiB (= 0.0 GiB).
Total memory required = 5.7 MiB (= 0.0 GiB).
Each kernel will be executed 5 times.
-------------------------------------------------------------
Function    Best Rate MB/s  Avg time     Min time     Max time
Copy:           14640.0     0.000292     0.000270     0.000326
Scale:          10722.1     0.000377     0.000369     0.000390
Add:            11107.5     0.000600     0.000534     0.000629
Triad:           9936.4     0.000604     0.000597     0.000609
-------------------------------------------------------------
Solution Validates: avg error less than 1.000000e-13 on all three arrays
-------------------------------------------------------------



--- run 3 ---
-------------------------------------------------------------
STREAM (dynamic) version — custom malloc-based implementation
-------------------------------------------------------------
This system uses 8 bytes per array element.
-------------------------------------------------------------
Array size = 247168 (elements), Offset = 0 (elements)
Memory per array = 1.9 MiB (= 0.0 GiB).
Total memory required = 5.7 MiB (= 0.0 GiB).
Each kernel will be executed 5 times.
-------------------------------------------------------------
Function    Best Rate MB/s  Avg time     Min time     Max time
Copy:           14550.1     0.000295     0.000272     0.000315
Scale:          10743.0     0.000377     0.000368     0.000393
Add:            11004.3     0.000601     0.000539     0.000625
Triad:           9853.8     0.000605     0.000602     0.000608
-------------------------------------------------------------
Solution Validates: avg error less than 1.000000e-13 on all three arrays
-------------------------------------------------------------



--- run 1 ---
-------------------------------------------------------------
STREAM (dynamic) version — custom malloc-based implementation
-------------------------------------------------------------
This system uses 8 bytes per array element.
-------------------------------------------------------------
Array size = 261845 (elements), Offset = 0 (elements)
Memory per array = 2.0 MiB (= 0.0 GiB).
Total memory required = 6.0 MiB (= 0.0 GiB).
Each kernel will be executed 5 times.
-------------------------------------------------------------
Function    Best Rate MB/s  Avg time     Min time     Max time
Copy:           13212.1     0.000375     0.000317     0.000524
Scale:          10773.8     0.000401     0.000389     0.000426
Add:             9393.5     0.000673     0.000669     0.000676
Triad:           9711.9     0.000659     0.000647     0.000673
-------------------------------------------------------------
Solution Validates: avg error less than 1.000000e-13 on all three arrays
-------------------------------------------------------------



--- run 2 ---
-------------------------------------------------------------
STREAM (dynamic) version — custom malloc-based implementation
-------------------------------------------------------------
This system uses 8 bytes per array element.
-------------------------------------------------------------
Array size = 261845 (elements), Offset = 0 (elements)
Memory per array = 2.0 MiB (= 0.0 GiB).
Total memory required = 6.0 MiB (= 0.0 GiB).
Each kernel will be executed 5 times.
-------------------------------------------------------------
Function    Best Rate MB/s  Avg time     Min time     Max time
Copy:           14391.6     0.000301     0.000291     0.000324
Scale:          10714.7     0.000453     0.000391     0.000518
Add:            10855.9     0.000627     0.000579     0.000681
Triad:           9773.1     0.000655     0.000643     0.000659
-------------------------------------------------------------
Solution Validates: avg error less than 1.000000e-13 on all three arrays
-------------------------------------------------------------



--- run 3 ---
-------------------------------------------------------------
STREAM (dynamic) version — custom malloc-based implementation
-------------------------------------------------------------
This system uses 8 bytes per array element.
-------------------------------------------------------------
Array size = 261845 (elements), Offset = 0 (elements)
Memory per array = 2.0 MiB (= 0.0 GiB).
Total memory required = 6.0 MiB (= 0.0 GiB).
Each kernel will be executed 5 times.
-------------------------------------------------------------
Function    Best Rate MB/s  Avg time     Min time     Max time
Copy:           14594.8     0.000302     0.000287     0.000322
Scale:          10880.6     0.000402     0.000385     0.000437
Add:            10352.8     0.000671     0.000607     0.000705
Triad:           9651.5     0.000659     0.000651     0.000664
-------------------------------------------------------------
Solution Validates: avg error less than 1.000000e-13 on all three arrays
-------------------------------------------------------------



--- run 1 ---
-------------------------------------------------------------
STREAM (dynamic) version — custom malloc-based implementation
-------------------------------------------------------------
This system uses 8 bytes per array element.
-------------------------------------------------------------
Array size = 277418 (elements), Offset = 0 (elements)
Memory per array = 2.1 MiB (= 0.0 GiB).
Total memory required = 6.3 MiB (= 0.0 GiB).
Each kernel will be executed 5 times.
-------------------------------------------------------------
Function    Best Rate MB/s  Avg time     Min time     Max time
Copy:           13451.7     0.000366     0.000330     0.000446
Scale:          10773.8     0.000425     0.000412     0.000460
Add:             9234.7     0.000730     0.000721     0.000740
Triad:           9498.6     0.000701     0.000701     0.000702
-------------------------------------------------------------
Solution Validates: avg error less than 1.000000e-13 on all three arrays
-------------------------------------------------------------



--- run 2 ---
-------------------------------------------------------------
STREAM (dynamic) version — custom malloc-based implementation
-------------------------------------------------------------
This system uses 8 bytes per array element.
-------------------------------------------------------------
Array size = 277418 (elements), Offset = 0 (elements)
Memory per array = 2.1 MiB (= 0.0 GiB).
Total memory required = 6.3 MiB (= 0.0 GiB).
Each kernel will be executed 5 times.
-------------------------------------------------------------
Function    Best Rate MB/s  Avg time     Min time     Max time
Copy:           12973.7     0.000344     0.000342     0.000345
Scale:          10880.9     0.000413     0.000408     0.000426
Add:            10451.3     0.000702     0.000637     0.000734
Triad:           9593.2     0.000697     0.000694     0.000700
-------------------------------------------------------------
Solution Validates: avg error less than 1.000000e-13 on all three arrays
-------------------------------------------------------------



--- run 3 ---
-------------------------------------------------------------
STREAM (dynamic) version — custom malloc-based implementation
-------------------------------------------------------------
This system uses 8 bytes per array element.
-------------------------------------------------------------
Array size = 277418 (elements), Offset = 0 (elements)
Memory per array = 2.1 MiB (= 0.0 GiB).
Total memory required = 6.3 MiB (= 0.0 GiB).
Each kernel will be executed 5 times.
-------------------------------------------------------------
Function    Best Rate MB/s  Avg time     Min time     Max time
Copy:           13997.9     0.000390     0.000317     0.000571
Scale:          10773.8     0.000414     0.000412     0.000419
Add:             9336.6     0.000735     0.000713     0.000787
Triad:           9469.6     0.000732     0.000703     0.000787
-------------------------------------------------------------
Solution Validates: avg error less than 1.000000e-13 on all three arrays
-------------------------------------------------------------



--- run 1 ---
-------------------------------------------------------------
STREAM (dynamic) version — custom malloc-based implementation
-------------------------------------------------------------
This system uses 8 bytes per array element.
-------------------------------------------------------------
Array size = 293930 (elements), Offset = 0 (elements)
Memory per array = 2.2 MiB (= 0.0 GiB).
Total memory required = 6.7 MiB (= 0.0 GiB).
Each kernel will be executed 5 times.
-------------------------------------------------------------
Function    Best Rate MB/s  Avg time     Min time     Max time
Copy:           11998.4     0.000488     0.000392     0.000650
Scale:           9843.0     0.000480     0.000478     0.000483
Add:             9163.2     0.000815     0.000770     0.000866
Triad:           9366.2     0.000803     0.000753     0.000827
-------------------------------------------------------------
Solution Validates: avg error less than 1.000000e-13 on all three arrays
-------------------------------------------------------------



--- run 2 ---
-------------------------------------------------------------
STREAM (dynamic) version — custom malloc-based implementation
-------------------------------------------------------------
This system uses 8 bytes per array element.
-------------------------------------------------------------
Array size = 293930 (elements), Offset = 0 (elements)
Memory per array = 2.2 MiB (= 0.0 GiB).
Total memory required = 6.7 MiB (= 0.0 GiB).
Each kernel will be executed 5 times.
-------------------------------------------------------------
Function    Best Rate MB/s  Avg time     Min time     Max time
Copy:           13400.3     0.000546     0.000351     0.000672
Scale:          10542.7     0.000464     0.000446     0.000487
Add:             9431.9     0.000822     0.000748     0.000850
Triad:          10720.3     0.000745     0.000658     0.000830
-------------------------------------------------------------
Solution Validates: avg error less than 1.000000e-13 on all three arrays
-------------------------------------------------------------



--- run 3 ---
-------------------------------------------------------------
STREAM (dynamic) version — custom malloc-based implementation
-------------------------------------------------------------
This system uses 8 bytes per array element.
-------------------------------------------------------------
Array size = 293930 (elements), Offset = 0 (elements)
Memory per array = 2.2 MiB (= 0.0 GiB).
Total memory required = 6.7 MiB (= 0.0 GiB).
Each kernel will be executed 5 times.
-------------------------------------------------------------
Function    Best Rate MB/s  Avg time     Min time     Max time
Copy:           14039.4     0.000338     0.000335     0.000344
Scale:          11094.1     0.000427     0.000424     0.000429
Add:            10359.9     0.000710     0.000681     0.000783
Triad:          10885.9     0.000683     0.000648     0.000743
-------------------------------------------------------------
Solution Validates: avg error less than 1.000000e-13 on all three arrays
-------------------------------------------------------------



--- run 1 ---
-------------------------------------------------------------
STREAM (dynamic) version — custom malloc-based implementation
-------------------------------------------------------------
This system uses 8 bytes per array element.
-------------------------------------------------------------
Array size = 311381 (elements), Offset = 0 (elements)
Memory per array = 2.4 MiB (= 0.0 GiB).
Total memory required = 7.1 MiB (= 0.0 GiB).
Each kernel will be executed 5 times.
-------------------------------------------------------------
Function    Best Rate MB/s  Avg time     Min time     Max time
Copy:           13577.9     0.000442     0.000367     0.000624
Scale:          11246.7     0.000444     0.000443     0.000444
Add:            10307.3     0.000792     0.000725     0.000815
Triad:          10571.5     0.000777     0.000707     0.000809
-------------------------------------------------------------
Solution Validates: avg error less than 1.000000e-13 on all three arrays
-------------------------------------------------------------



--- run 2 ---
-------------------------------------------------------------
STREAM (dynamic) version — custom malloc-based implementation
-------------------------------------------------------------
This system uses 8 bytes per array element.
-------------------------------------------------------------
Array size = 311381 (elements), Offset = 0 (elements)
Memory per array = 2.4 MiB (= 0.0 GiB).
Total memory required = 7.1 MiB (= 0.0 GiB).
Each kernel will be executed 5 times.
-------------------------------------------------------------
Function    Best Rate MB/s  Avg time     Min time     Max time
Copy:           14071.7     0.000371     0.000354     0.000391
Scale:          11144.8     0.000449     0.000447     0.000452
Add:             9248.9     0.000824     0.000808     0.000861
Triad:          10767.7     0.000749     0.000694     0.000793
-------------------------------------------------------------
Solution Validates: avg error less than 1.000000e-13 on all three arrays
-------------------------------------------------------------



--- run 3 ---
-------------------------------------------------------------
STREAM (dynamic) version — custom malloc-based implementation
-------------------------------------------------------------
This system uses 8 bytes per array element.
-------------------------------------------------------------
Array size = 311381 (elements), Offset = 0 (elements)
Memory per array = 2.4 MiB (= 0.0 GiB).
Total memory required = 7.1 MiB (= 0.0 GiB).
Each kernel will be executed 5 times.
-------------------------------------------------------------
Function    Best Rate MB/s  Avg time     Min time     Max time
Copy:           13875.4     0.000381     0.000359     0.000390
Scale:          11192.5     0.000517     0.000445     0.000728
Add:            10223.3     0.000796     0.000731     0.000831
Triad:           9484.0     0.000799     0.000788     0.000810
-------------------------------------------------------------
Solution Validates: avg error less than 1.000000e-13 on all three arrays
-------------------------------------------------------------



--- run 1 ---
-------------------------------------------------------------
STREAM (dynamic) version — custom malloc-based implementation
-------------------------------------------------------------
This system uses 8 bytes per array element.
-------------------------------------------------------------
Array size = 329898 (elements), Offset = 0 (elements)
Memory per array = 2.5 MiB (= 0.0 GiB).
Total memory required = 7.6 MiB (= 0.0 GiB).
Each kernel will be executed 5 times.
-------------------------------------------------------------
Function    Best Rate MB/s  Avg time     Min time     Max time
Copy:           13776.7     0.000400     0.000383     0.000411
Scale:          11353.4     0.000468     0.000465     0.000471
Add:            10205.5     0.000842     0.000776     0.000880
Triad:           9482.8     0.000851     0.000835     0.000863
-------------------------------------------------------------
Solution Validates: avg error less than 1.000000e-13 on all three arrays
-------------------------------------------------------------



--- run 2 ---
-------------------------------------------------------------
STREAM (dynamic) version — custom malloc-based implementation
-------------------------------------------------------------
This system uses 8 bytes per array element.
-------------------------------------------------------------
Array size = 329898 (elements), Offset = 0 (elements)
Memory per array = 2.5 MiB (= 0.0 GiB).
Total memory required = 7.6 MiB (= 0.0 GiB).
Each kernel will be executed 5 times.
-------------------------------------------------------------
Function    Best Rate MB/s  Avg time     Min time     Max time
Copy:           13967.9     0.000405     0.000378     0.000416
Scale:          11278.2     0.000476     0.000468     0.000495
Add:            10164.9     0.000838     0.000779     0.000862
Triad:           9359.8     0.000853     0.000846     0.000871
-------------------------------------------------------------
Solution Validates: avg error less than 1.000000e-13 on all three arrays
-------------------------------------------------------------



--- run 3 ---
-------------------------------------------------------------
STREAM (dynamic) version — custom malloc-based implementation
-------------------------------------------------------------
This system uses 8 bytes per array element.
-------------------------------------------------------------
Array size = 329898 (elements), Offset = 0 (elements)
Memory per array = 2.5 MiB (= 0.0 GiB).
Total memory required = 7.6 MiB (= 0.0 GiB).
Each kernel will be executed 5 times.
-------------------------------------------------------------
Function    Best Rate MB/s  Avg time     Min time     Max time
Copy:           13923.9     0.000411     0.000379     0.000465
Scale:          11347.6     0.000473     0.000465     0.000489
Add:            10348.6     0.000811     0.000765     0.000857
Triad:           9458.5     0.000846     0.000837     0.000863
-------------------------------------------------------------
Solution Validates: avg error less than 1.000000e-13 on all three arrays
-------------------------------------------------------------



--- run 1 ---
-------------------------------------------------------------
STREAM (dynamic) version — custom malloc-based implementation
-------------------------------------------------------------
This system uses 8 bytes per array element.
-------------------------------------------------------------
Array size = 349525 (elements), Offset = 0 (elements)
Memory per array = 2.7 MiB (= 0.0 GiB).
Total memory required = 8.0 MiB (= 0.0 GiB).
Each kernel will be executed 5 times.
-------------------------------------------------------------
Function    Best Rate MB/s  Avg time     Min time     Max time
Copy:           13773.5     0.000432     0.000406     0.000444
Scale:          11392.0     0.000493     0.000491     0.000494
Add:             9268.8     0.000910     0.000905     0.000922
Triad:           9522.1     0.000897     0.000881     0.000914
-------------------------------------------------------------
Solution Validates: avg error less than 1.000000e-13 on all three arrays
-------------------------------------------------------------



--- run 2 ---
-------------------------------------------------------------
STREAM (dynamic) version — custom malloc-based implementation
-------------------------------------------------------------
This system uses 8 bytes per array element.
-------------------------------------------------------------
Array size = 349525 (elements), Offset = 0 (elements)
Memory per array = 2.7 MiB (= 0.0 GiB).
Total memory required = 8.0 MiB (= 0.0 GiB).
Each kernel will be executed 5 times.
-------------------------------------------------------------
Function    Best Rate MB/s  Avg time     Min time     Max time
Copy:           13846.7     0.000479     0.000404     0.000629
Scale:          11298.8     0.000497     0.000495     0.000498
Add:             9237.2     0.000927     0.000908     0.000946
Triad:          10496.5     0.000866     0.000799     0.000891
-------------------------------------------------------------
Solution Validates: avg error less than 1.000000e-13 on all three arrays
-------------------------------------------------------------



--- run 3 ---
-------------------------------------------------------------
STREAM (dynamic) version — custom malloc-based implementation
-------------------------------------------------------------
This system uses 8 bytes per array element.
-------------------------------------------------------------
Array size = 349525 (elements), Offset = 0 (elements)
Memory per array = 2.7 MiB (= 0.0 GiB).
Total memory required = 8.0 MiB (= 0.0 GiB).
Each kernel will be executed 5 times.
-------------------------------------------------------------
Function    Best Rate MB/s  Avg time     Min time     Max time
Copy:           12651.7     0.000533     0.000442     0.000673
Scale:          11342.5     0.000494     0.000493     0.000496
Add:             9268.8     0.000915     0.000905     0.000938
Triad:           9468.3     0.000905     0.000886     0.000933
-------------------------------------------------------------
Solution Validates: avg error less than 1.000000e-13 on all three arrays
-------------------------------------------------------------



--- run 1 ---
-------------------------------------------------------------
STREAM (dynamic) version — custom malloc-based implementation
-------------------------------------------------------------
This system uses 8 bytes per array element.
-------------------------------------------------------------
Array size = 370304 (elements), Offset = 0 (elements)
Memory per array = 2.8 MiB (= 0.0 GiB).
Total memory required = 8.5 MiB (= 0.0 GiB).
Each kernel will be executed 5 times.
-------------------------------------------------------------
Function    Best Rate MB/s  Avg time     Min time     Max time
Copy:           13594.5     0.000465     0.000436     0.000477
Scale:          11415.1     0.000525     0.000519     0.000539
Add:            10110.1     0.000956     0.000879     0.001007
Triad:           9335.3     0.000956     0.000952     0.000967
-------------------------------------------------------------
Solution Validates: avg error less than 1.000000e-13 on all three arrays
-------------------------------------------------------------



--- run 2 ---
-------------------------------------------------------------
STREAM (dynamic) version — custom malloc-based implementation
-------------------------------------------------------------
This system uses 8 bytes per array element.
-------------------------------------------------------------
Array size = 370304 (elements), Offset = 0 (elements)
Memory per array = 2.8 MiB (= 0.0 GiB).
Total memory required = 8.5 MiB (= 0.0 GiB).
Each kernel will be executed 5 times.
-------------------------------------------------------------
Function    Best Rate MB/s  Avg time     Min time     Max time
Copy:           13162.4     0.000468     0.000450     0.000499
Scale:          11436.1     0.000525     0.000518     0.000539
Add:            10168.0     0.000905     0.000874     0.000991
Triad:           9434.6     0.000945     0.000942     0.000948
-------------------------------------------------------------
Solution Validates: avg error less than 1.000000e-13 on all three arrays
-------------------------------------------------------------



--- run 3 ---
-------------------------------------------------------------
STREAM (dynamic) version — custom malloc-based implementation
-------------------------------------------------------------
This system uses 8 bytes per array element.
-------------------------------------------------------------
Array size = 370304 (elements), Offset = 0 (elements)
Memory per array = 2.8 MiB (= 0.0 GiB).
Total memory required = 8.5 MiB (= 0.0 GiB).
Each kernel will be executed 5 times.
-------------------------------------------------------------
Function    Best Rate MB/s  Avg time     Min time     Max time
Copy:           13783.0     0.000434     0.000430     0.000439
Scale:          11462.5     0.000518     0.000517     0.000520
Add:            10055.6     0.000969     0.000884     0.001065
Triad:          10553.8     0.000855     0.000842     0.000876
-------------------------------------------------------------
Solution Validates: avg error less than 1.000000e-13 on all three arrays
-------------------------------------------------------------



--- run 1 ---
-------------------------------------------------------------
STREAM (dynamic) version — custom malloc-based implementation
-------------------------------------------------------------
This system uses 8 bytes per array element.
-------------------------------------------------------------
Array size = 392320 (elements), Offset = 0 (elements)
Memory per array = 3.0 MiB (= 0.0 GiB).
Total memory required = 9.0 MiB (= 0.0 GiB).
Each kernel will be executed 5 times.
-------------------------------------------------------------
Function    Best Rate MB/s  Avg time     Min time     Max time
Copy:           13079.1     0.000565     0.000480     0.000755
Scale:          11472.0     0.000548     0.000547     0.000548
Add:            10102.9     0.000999     0.000932     0.001036
Triad:          10461.5     0.000957     0.000900     0.001018
-------------------------------------------------------------
Solution Validates: avg error less than 1.000000e-13 on all three arrays
-------------------------------------------------------------



--- run 2 ---
-------------------------------------------------------------
STREAM (dynamic) version — custom malloc-based implementation
-------------------------------------------------------------
This system uses 8 bytes per array element.
-------------------------------------------------------------
Array size = 392320 (elements), Offset = 0 (elements)
Memory per array = 3.0 MiB (= 0.0 GiB).
Total memory required = 9.0 MiB (= 0.0 GiB).
Each kernel will be executed 5 times.
-------------------------------------------------------------
Function    Best Rate MB/s  Avg time     Min time     Max time
Copy:           13827.8     0.000476     0.000454     0.000503
Scale:          11457.0     0.000553     0.000548     0.000568
Add:            10257.7     0.000974     0.000918     0.001024
Triad:          10403.6     0.000980     0.000905     0.001019
-------------------------------------------------------------
Solution Validates: avg error less than 1.000000e-13 on all three arrays
-------------------------------------------------------------



--- run 3 ---
-------------------------------------------------------------
STREAM (dynamic) version — custom malloc-based implementation
-------------------------------------------------------------
This system uses 8 bytes per array element.
-------------------------------------------------------------
Array size = 392320 (elements), Offset = 0 (elements)
Memory per array = 3.0 MiB (= 0.0 GiB).
Total memory required = 9.0 MiB (= 0.0 GiB).
Each kernel will be executed 5 times.
-------------------------------------------------------------
Function    Best Rate MB/s  Avg time     Min time     Max time
Copy:           13641.5     0.000491     0.000460     0.000512
Scale:          11437.1     0.000550     0.000549     0.000553
Add:            10181.0     0.001015     0.000925     0.001110
Triad:           9378.3     0.001010     0.001004     0.001025
-------------------------------------------------------------
Solution Validates: avg error less than 1.000000e-13 on all three arrays
-------------------------------------------------------------



--- run 1 ---
-------------------------------------------------------------
STREAM (dynamic) version — custom malloc-based implementation
-------------------------------------------------------------
This system uses 8 bytes per array element.
-------------------------------------------------------------
Array size = 415658 (elements), Offset = 0 (elements)
Memory per array = 3.2 MiB (= 0.0 GiB).
Total memory required = 9.5 MiB (= 0.0 GiB).
Each kernel will be executed 5 times.
-------------------------------------------------------------
Function    Best Rate MB/s  Avg time     Min time     Max time
Copy:           11348.4     0.000721     0.000586     0.000860
Scale:          10106.6     0.000701     0.000658     0.000761
Add:             9304.3     0.001142     0.001072     0.001172
Triad:           9394.1     0.001126     0.001062     0.001153
-------------------------------------------------------------
Solution Validates: avg error less than 1.000000e-13 on all three arrays
-------------------------------------------------------------



--- run 2 ---
-------------------------------------------------------------
STREAM (dynamic) version — custom malloc-based implementation
-------------------------------------------------------------
This system uses 8 bytes per array element.
-------------------------------------------------------------
Array size = 415658 (elements), Offset = 0 (elements)
Memory per array = 3.2 MiB (= 0.0 GiB).
Total memory required = 9.5 MiB (= 0.0 GiB).
Each kernel will be executed 5 times.
-------------------------------------------------------------
Function    Best Rate MB/s  Avg time     Min time     Max time
Copy:           13270.4     0.000627     0.000501     0.000906
Scale:          11569.6     0.000682     0.000575     0.000983
Add:            10190.3     0.001051     0.000979     0.001125
Triad:          10087.2     0.001054     0.000989     0.001146
-------------------------------------------------------------
Solution Validates: avg error less than 1.000000e-13 on all three arrays
-------------------------------------------------------------



--- run 3 ---
-------------------------------------------------------------
STREAM (dynamic) version — custom malloc-based implementation
-------------------------------------------------------------
This system uses 8 bytes per array element.
-------------------------------------------------------------
Array size = 415658 (elements), Offset = 0 (elements)
Memory per array = 3.2 MiB (= 0.0 GiB).
Total memory required = 9.5 MiB (= 0.0 GiB).
Each kernel will be executed 5 times.
-------------------------------------------------------------
Function    Best Rate MB/s  Avg time     Min time     Max time
Copy:           13302.0     0.000510     0.000500     0.000520
Scale:          11427.4     0.000587     0.000582     0.000597
Add:             9926.8     0.001099     0.001005     0.001134
Triad:          10262.8     0.001044     0.000972     0.001119
-------------------------------------------------------------
Solution Validates: avg error less than 1.000000e-13 on all three arrays
-------------------------------------------------------------



--- run 1 ---
-------------------------------------------------------------
STREAM (dynamic) version — custom malloc-based implementation
-------------------------------------------------------------
This system uses 8 bytes per array element.
-------------------------------------------------------------
Array size = 440362 (elements), Offset = 0 (elements)
Memory per array = 3.4 MiB (= 0.0 GiB).
Total memory required = 10.1 MiB (= 0.0 GiB).
Each kernel will be executed 5 times.
-------------------------------------------------------------
Function    Best Rate MB/s  Avg time     Min time     Max time
Copy:           13574.7     0.000538     0.000519     0.000572
Scale:          11494.4     0.000620     0.000613     0.000636
Add:            10239.8     0.001064     0.001032     0.001141
Triad:          10432.6     0.001047     0.001013     0.001124
-------------------------------------------------------------
Solution Validates: avg error less than 1.000000e-13 on all three arrays
-------------------------------------------------------------



--- run 2 ---
-------------------------------------------------------------
STREAM (dynamic) version — custom malloc-based implementation
-------------------------------------------------------------
This system uses 8 bytes per array element.
-------------------------------------------------------------
Array size = 440362 (elements), Offset = 0 (elements)
Memory per array = 3.4 MiB (= 0.0 GiB).
Total memory required = 10.1 MiB (= 0.0 GiB).
Each kernel will be executed 5 times.
-------------------------------------------------------------
Function    Best Rate MB/s  Avg time     Min time     Max time
Copy:           13574.7     0.000537     0.000519     0.000560
Scale:          11494.4     0.000615     0.000613     0.000616
Add:            10301.7     0.001062     0.001026     0.001164
Triad:          10422.8     0.001074     0.001014     0.001138
-------------------------------------------------------------
Solution Validates: avg error less than 1.000000e-13 on all three arrays
-------------------------------------------------------------



--- run 3 ---
-------------------------------------------------------------
STREAM (dynamic) version — custom malloc-based implementation
-------------------------------------------------------------
This system uses 8 bytes per array element.
-------------------------------------------------------------
Array size = 440362 (elements), Offset = 0 (elements)
Memory per array = 3.4 MiB (= 0.0 GiB).
Total memory required = 10.1 MiB (= 0.0 GiB).
Each kernel will be executed 5 times.
-------------------------------------------------------------
Function    Best Rate MB/s  Avg time     Min time     Max time
Copy:           12580.8     0.000665     0.000560     0.000907
Scale:          11494.4     0.000621     0.000613     0.000640
Add:             9297.0     0.001143     0.001137     0.001161
Triad:           9385.6     0.001129     0.001126     0.001132
-------------------------------------------------------------
Solution Validates: avg error less than 1.000000e-13 on all three arrays
-------------------------------------------------------------



--- run 1 ---
-------------------------------------------------------------
STREAM (dynamic) version — custom malloc-based implementation
-------------------------------------------------------------
This system uses 8 bytes per array element.
-------------------------------------------------------------
Array size = 466560 (elements), Offset = 0 (elements)
Memory per array = 3.6 MiB (= 0.0 GiB).
Total memory required = 10.7 MiB (= 0.0 GiB).
Each kernel will be executed 5 times.
-------------------------------------------------------------
Function    Best Rate MB/s  Avg time     Min time     Max time
Copy:           13501.6     0.000578     0.000553     0.000629
Scale:          11575.0     0.000651     0.000645     0.000664
Add:            10263.4     0.001094     0.001091     0.001101
Triad:          10544.6     0.001074     0.001062     0.001080
-------------------------------------------------------------
Solution Validates: avg error less than 1.000000e-13 on all three arrays
-------------------------------------------------------------



--- run 2 ---
-------------------------------------------------------------
STREAM (dynamic) version — custom malloc-based implementation
-------------------------------------------------------------
This system uses 8 bytes per array element.
-------------------------------------------------------------
Array size = 466560 (elements), Offset = 0 (elements)
Memory per array = 3.6 MiB (= 0.0 GiB).
Total memory required = 10.7 MiB (= 0.0 GiB).
Each kernel will be executed 5 times.
-------------------------------------------------------------
Function    Best Rate MB/s  Avg time     Min time     Max time
Copy:           13625.0     0.000595     0.000548     0.000707
Scale:          11502.7     0.000656     0.000649     0.000675
Add:            10301.7     0.001119     0.001087     0.001149
Triad:          10495.1     0.001071     0.001067     0.001077
-------------------------------------------------------------
Solution Validates: avg error less than 1.000000e-13 on all three arrays
-------------------------------------------------------------



--- run 3 ---
-------------------------------------------------------------
STREAM (dynamic) version — custom malloc-based implementation
-------------------------------------------------------------
This system uses 8 bytes per array element.
-------------------------------------------------------------
Array size = 466560 (elements), Offset = 0 (elements)
Memory per array = 3.6 MiB (= 0.0 GiB).
Total memory required = 10.7 MiB (= 0.0 GiB).
Each kernel will be executed 5 times.
-------------------------------------------------------------
Function    Best Rate MB/s  Avg time     Min time     Max time
Copy:           13501.6     0.000560     0.000553     0.000572
Scale:          11519.6     0.000650     0.000648     0.000652
Add:            10338.0     0.001101     0.001083     0.001118
Triad:          10535.1     0.001072     0.001063     0.001082
-------------------------------------------------------------
Solution Validates: avg error less than 1.000000e-13 on all three arrays
-------------------------------------------------------------



--- run 1 ---
-------------------------------------------------------------
STREAM (dynamic) version — custom malloc-based implementation
-------------------------------------------------------------
This system uses 8 bytes per array element.
-------------------------------------------------------------
Array size = 494293 (elements), Offset = 0 (elements)
Memory per array = 3.8 MiB (= 0.0 GiB).
Total memory required = 11.3 MiB (= 0.0 GiB).
Each kernel will be executed 5 times.
-------------------------------------------------------------
Function    Best Rate MB/s  Avg time     Min time     Max time
Copy:           12837.2     0.000711     0.000616     0.000949
Scale:          11493.9     0.000700     0.000688     0.000732
Add:            10316.6     0.001246     0.001150     0.001279
Triad:          10288.9     0.001239     0.001153     0.001268
-------------------------------------------------------------
Solution Validates: avg error less than 1.000000e-13 on all three arrays
-------------------------------------------------------------



--- run 2 ---
-------------------------------------------------------------
STREAM (dynamic) version — custom malloc-based implementation
-------------------------------------------------------------
This system uses 8 bytes per array element.
-------------------------------------------------------------
Array size = 494293 (elements), Offset = 0 (elements)
Memory per array = 3.8 MiB (= 0.0 GiB).
Total memory required = 11.3 MiB (= 0.0 GiB).
Each kernel will be executed 5 times.
-------------------------------------------------------------
Function    Best Rate MB/s  Avg time     Min time     Max time
Copy:           12395.9     0.000692     0.000638     0.000850
Scale:          11566.1     0.000686     0.000684     0.000687
Add:             9195.6     0.001291     0.001290     0.001294
Triad:           9391.7     0.001278     0.001263     0.001314
-------------------------------------------------------------
Solution Validates: avg error less than 1.000000e-13 on all three arrays
-------------------------------------------------------------



--- run 3 ---
-------------------------------------------------------------
STREAM (dynamic) version — custom malloc-based implementation
-------------------------------------------------------------
This system uses 8 bytes per array element.
-------------------------------------------------------------
Array size = 494293 (elements), Offset = 0 (elements)
Memory per array = 3.8 MiB (= 0.0 GiB).
Total memory required = 11.3 MiB (= 0.0 GiB).
Each kernel will be executed 5 times.
-------------------------------------------------------------
Function    Best Rate MB/s  Avg time     Min time     Max time
Copy:           13446.1     0.000614     0.000588     0.000650
Scale:          11509.9     0.000689     0.000687     0.000691
Add:            10351.0     0.001155     0.001146     0.001167
Triad:          10379.0     0.001164     0.001143     0.001217
-------------------------------------------------------------
Solution Validates: avg error less than 1.000000e-13 on all three arrays
-------------------------------------------------------------



--- run 1 ---
-------------------------------------------------------------
STREAM (dynamic) version — custom malloc-based implementation
-------------------------------------------------------------
This system uses 8 bytes per array element.
-------------------------------------------------------------
Array size = 523690 (elements), Offset = 0 (elements)
Memory per array = 4.0 MiB (= 0.0 GiB).
Total memory required = 12.0 MiB (= 0.0 GiB).
Each kernel will be executed 5 times.
-------------------------------------------------------------
Function    Best Rate MB/s  Avg time     Min time     Max time
Copy:           12583.0     0.000769     0.000666     0.001061
Scale:          11556.8     0.000726     0.000725     0.000726
Add:             9276.2     0.001364     0.001355     0.001381
Triad:           9386.8     0.001349     0.001339     0.001378
-------------------------------------------------------------
Solution Validates: avg error less than 1.000000e-13 on all three arrays
-------------------------------------------------------------



--- run 2 ---
-------------------------------------------------------------
STREAM (dynamic) version — custom malloc-based implementation
-------------------------------------------------------------
This system uses 8 bytes per array element.
-------------------------------------------------------------
Array size = 523690 (elements), Offset = 0 (elements)
Memory per array = 4.0 MiB (= 0.0 GiB).
Total memory required = 12.0 MiB (= 0.0 GiB).
Each kernel will be executed 5 times.
-------------------------------------------------------------
Function    Best Rate MB/s  Avg time     Min time     Max time
Copy:           12892.2     0.000751     0.000650     0.001025
Scale:          11541.6     0.000727     0.000726     0.000727
Add:            10169.1     0.001314     0.001236     0.001366
Triad:          10405.9     0.001290     0.001208     0.001387
-------------------------------------------------------------
Solution Validates: avg error less than 1.000000e-13 on all three arrays
-------------------------------------------------------------



--- run 3 ---
-------------------------------------------------------------
STREAM (dynamic) version — custom malloc-based implementation
-------------------------------------------------------------
This system uses 8 bytes per array element.
-------------------------------------------------------------
Array size = 523690 (elements), Offset = 0 (elements)
Memory per array = 4.0 MiB (= 0.0 GiB).
Total memory required = 12.0 MiB (= 0.0 GiB).
Each kernel will be executed 5 times.
-------------------------------------------------------------
Function    Best Rate MB/s  Avg time     Min time     Max time
Copy:           12906.4     0.000664     0.000649     0.000674
Scale:          11560.6     0.000727     0.000725     0.000728
Add:            10095.1     0.001333     0.001245     0.001366
Triad:           9393.5     0.001352     0.001338     0.001387
-------------------------------------------------------------
Solution Validates: avg error less than 1.000000e-13 on all three arrays
-------------------------------------------------------------



--- run 1 ---
-------------------------------------------------------------
STREAM (dynamic) version — custom malloc-based implementation
-------------------------------------------------------------
This system uses 8 bytes per array element.
-------------------------------------------------------------
Array size = 554837 (elements), Offset = 0 (elements)
Memory per array = 4.2 MiB (= 0.0 GiB).
Total memory required = 12.7 MiB (= 0.0 GiB).
Each kernel will be executed 5 times.
-------------------------------------------------------------
Function    Best Rate MB/s  Avg time     Min time     Max time
Copy:           13152.4     0.000698     0.000675     0.000716
Scale:          11603.1     0.000768     0.000765     0.000771
Add:            10020.0     0.001337     0.001329     0.001348
Triad:          10266.9     0.001320     0.001297     0.001388
-------------------------------------------------------------
Solution Validates: avg error less than 1.000000e-13 on all three arrays
-------------------------------------------------------------



--- run 2 ---
-------------------------------------------------------------
STREAM (dynamic) version — custom malloc-based implementation
-------------------------------------------------------------
This system uses 8 bytes per array element.
-------------------------------------------------------------
Array size = 554837 (elements), Offset = 0 (elements)
Memory per array = 4.2 MiB (= 0.0 GiB).
Total memory required = 12.7 MiB (= 0.0 GiB).
Each kernel will be executed 5 times.
-------------------------------------------------------------
Function    Best Rate MB/s  Avg time     Min time     Max time
Copy:           12349.7     0.000813     0.000719     0.001018
Scale:          11352.0     0.000797     0.000782     0.000829
Add:             9899.3     0.001470     0.001345     0.001514
Triad:           8883.7     0.001518     0.001499     0.001542
-------------------------------------------------------------
Solution Validates: avg error less than 1.000000e-13 on all three arrays
-------------------------------------------------------------



--- run 3 ---
-------------------------------------------------------------
STREAM (dynamic) version — custom malloc-based implementation
-------------------------------------------------------------
This system uses 8 bytes per array element.
-------------------------------------------------------------
Array size = 554837 (elements), Offset = 0 (elements)
Memory per array = 4.2 MiB (= 0.0 GiB).
Total memory required = 12.7 MiB (= 0.0 GiB).
Each kernel will be executed 5 times.
-------------------------------------------------------------
Function    Best Rate MB/s  Avg time     Min time     Max time
Copy:           12362.0     0.000824     0.000718     0.001122
Scale:          11527.7     0.000778     0.000770     0.000786
Add:             9089.0     0.001518     0.001465     0.001564
Triad:           9814.0     0.001444     0.001357     0.001534
-------------------------------------------------------------
Solution Validates: avg error less than 1.000000e-13 on all three arrays
-------------------------------------------------------------



--- run 1 ---
-------------------------------------------------------------
STREAM (dynamic) version — custom malloc-based implementation
-------------------------------------------------------------
This system uses 8 bytes per array element.
-------------------------------------------------------------
Array size = 587818 (elements), Offset = 0 (elements)
Memory per array = 4.5 MiB (= 0.0 GiB).
Total memory required = 13.5 MiB (= 0.0 GiB).
Each kernel will be executed 5 times.
-------------------------------------------------------------
Function    Best Rate MB/s  Avg time     Min time     Max time
Copy:           13399.4     0.000736     0.000702     0.000764
Scale:          11524.3     0.000831     0.000816     0.000860
Add:            10381.0     0.001434     0.001359     0.001506
Triad:          10434.1     0.001401     0.001352     0.001503
-------------------------------------------------------------
Solution Validates: avg error less than 1.000000e-13 on all three arrays
-------------------------------------------------------------



--- run 2 ---
-------------------------------------------------------------
STREAM (dynamic) version — custom malloc-based implementation
-------------------------------------------------------------
This system uses 8 bytes per array element.
-------------------------------------------------------------
Array size = 587818 (elements), Offset = 0 (elements)
Memory per array = 4.5 MiB (= 0.0 GiB).
Total memory required = 13.5 MiB (= 0.0 GiB).
Each kernel will be executed 5 times.
-------------------------------------------------------------
Function    Best Rate MB/s  Avg time     Min time     Max time
Copy:           12440.2     0.000870     0.000756     0.001177
Scale:          10370.1     0.001208     0.000907     0.001329
Add:             9373.0     0.001527     0.001505     0.001551
Triad:           9386.4     0.001510     0.001503     0.001529
-------------------------------------------------------------
Solution Validates: avg error less than 1.000000e-13 on all three arrays
-------------------------------------------------------------



--- run 3 ---
-------------------------------------------------------------
STREAM (dynamic) version — custom malloc-based implementation
-------------------------------------------------------------
This system uses 8 bytes per array element.
-------------------------------------------------------------
Array size = 587818 (elements), Offset = 0 (elements)
Memory per array = 4.5 MiB (= 0.0 GiB).
Total memory required = 13.5 MiB (= 0.0 GiB).
Each kernel will be executed 5 times.
-------------------------------------------------------------
Function    Best Rate MB/s  Avg time     Min time     Max time
Copy:           13399.4     0.000703     0.000702     0.000704
Scale:          11554.7     0.000815     0.000814     0.000816
Add:            10366.5     0.001370     0.001361     0.001378
Triad:          10260.4     0.001397     0.001375     0.001443
-------------------------------------------------------------
Solution Validates: avg error less than 1.000000e-13 on all three arrays
-------------------------------------------------------------



--- run 1 ---
-------------------------------------------------------------
STREAM (dynamic) version — custom malloc-based implementation
-------------------------------------------------------------
This system uses 8 bytes per array element.
-------------------------------------------------------------
Array size = 622762 (elements), Offset = 0 (elements)
Memory per array = 4.8 MiB (= 0.0 GiB).
Total memory required = 14.3 MiB (= 0.0 GiB).
Each kernel will be executed 5 times.
-------------------------------------------------------------
Function    Best Rate MB/s  Avg time     Min time     Max time
Copy:           12471.8     0.000871     0.000799     0.001065
Scale:          11561.0     0.000868     0.000862     0.000879
Add:             9388.8     0.001604     0.001592     0.001614
Triad:           9412.8     0.001597     0.001588     0.001612
-------------------------------------------------------------
Solution Validates: avg error less than 1.000000e-13 on all three arrays
-------------------------------------------------------------



--- run 2 ---
-------------------------------------------------------------
STREAM (dynamic) version — custom malloc-based implementation
-------------------------------------------------------------
This system uses 8 bytes per array element.
-------------------------------------------------------------
Array size = 622762 (elements), Offset = 0 (elements)
Memory per array = 4.8 MiB (= 0.0 GiB).
Total memory required = 14.3 MiB (= 0.0 GiB).
Each kernel will be executed 5 times.
-------------------------------------------------------------
Function    Best Rate MB/s  Avg time     Min time     Max time
Copy:           12453.2     0.000808     0.000800     0.000818
Scale:          11545.0     0.000870     0.000863     0.000890
Add:            10329.4     0.001560     0.001447     0.001603
Triad:          10358.4     0.001535     0.001443     0.001665
-------------------------------------------------------------
Solution Validates: avg error less than 1.000000e-13 on all three arrays
-------------------------------------------------------------



--- run 3 ---
-------------------------------------------------------------
STREAM (dynamic) version — custom malloc-based implementation
-------------------------------------------------------------
This system uses 8 bytes per array element.
-------------------------------------------------------------
Array size = 622762 (elements), Offset = 0 (elements)
Memory per array = 4.8 MiB (= 0.0 GiB).
Total memory required = 14.3 MiB (= 0.0 GiB).
Each kernel will be executed 5 times.
-------------------------------------------------------------
Function    Best Rate MB/s  Avg time     Min time     Max time
Copy:           13390.9     0.000766     0.000744     0.000791
Scale:          11532.2     0.000865     0.000864     0.000866
Add:            10223.3     0.001568     0.001462     0.001628
Triad:          10415.2     0.001539     0.001435     0.001658
-------------------------------------------------------------
Solution Validates: avg error less than 1.000000e-13 on all three arrays
-------------------------------------------------------------



--- run 1 ---
-------------------------------------------------------------
STREAM (dynamic) version — custom malloc-based implementation
-------------------------------------------------------------
This system uses 8 bytes per array element.
-------------------------------------------------------------
Array size = 659797 (elements), Offset = 0 (elements)
Memory per array = 5.0 MiB (= 0.0 GiB).
Total memory required = 15.1 MiB (= 0.0 GiB).
Each kernel will be executed 5 times.
-------------------------------------------------------------
Function    Best Rate MB/s  Avg time     Min time     Max time
Copy:           13000.1     0.000966     0.000812     0.001302
Scale:          11536.8     0.000928     0.000915     0.000962
Add:            10446.3     0.001611     0.001516     0.001698
Triad:           9408.9     0.001705     0.001683     0.001745
-------------------------------------------------------------
Solution Validates: avg error less than 1.000000e-13 on all three arrays
-------------------------------------------------------------



--- run 2 ---
-------------------------------------------------------------
STREAM (dynamic) version — custom malloc-based implementation
-------------------------------------------------------------
This system uses 8 bytes per array element.
-------------------------------------------------------------
Array size = 659797 (elements), Offset = 0 (elements)
Memory per array = 5.0 MiB (= 0.0 GiB).
Total memory required = 15.1 MiB (= 0.0 GiB).
Each kernel will be executed 5 times.
-------------------------------------------------------------
Function    Best Rate MB/s  Avg time     Min time     Max time
Copy:           12969.6     0.000870     0.000814     0.000989
Scale:          11524.8     0.000920     0.000916     0.000931
Add:            10355.1     0.001650     0.001529     0.001703
Triad:          10466.0     0.001582     0.001513     0.001681
-------------------------------------------------------------
Solution Validates: avg error less than 1.000000e-13 on all three arrays
-------------------------------------------------------------



--- run 3 ---
-------------------------------------------------------------
STREAM (dynamic) version — custom malloc-based implementation
-------------------------------------------------------------
This system uses 8 bytes per array element.
-------------------------------------------------------------
Array size = 659797 (elements), Offset = 0 (elements)
Memory per array = 5.0 MiB (= 0.0 GiB).
Total memory required = 15.1 MiB (= 0.0 GiB).
Each kernel will be executed 5 times.
-------------------------------------------------------------
Function    Best Rate MB/s  Avg time     Min time     Max time
Copy:           13433.9     0.000807     0.000786     0.000854
Scale:          11536.8     0.000947     0.000915     0.001042
Add:            10363.1     0.001630     0.001528     0.001703
Triad:          10507.4     0.001609     0.001507     0.001707
-------------------------------------------------------------
Solution Validates: avg error less than 1.000000e-13 on all three arrays
-------------------------------------------------------------



--- run 1 ---
-------------------------------------------------------------
STREAM (dynamic) version — custom malloc-based implementation
-------------------------------------------------------------
This system uses 8 bytes per array element.
-------------------------------------------------------------
Array size = 699050 (elements), Offset = 0 (elements)
Memory per array = 5.3 MiB (= 0.0 GiB).
Total memory required = 16.0 MiB (= 0.0 GiB).
Each kernel will be executed 5 times.
-------------------------------------------------------------
Function    Best Rate MB/s  Avg time     Min time     Max time
Copy:           13442.0     0.000837     0.000832     0.000841
Scale:          11529.2     0.000975     0.000970     0.000987
Add:            10355.9     0.001636     0.001620     0.001660
Triad:          10505.9     0.001621     0.001597     0.001638
-------------------------------------------------------------
Solution Validates: avg error less than 1.000000e-13 on all three arrays
-------------------------------------------------------------



--- run 2 ---
-------------------------------------------------------------
STREAM (dynamic) version — custom malloc-based implementation
-------------------------------------------------------------
This system uses 8 bytes per array element.
-------------------------------------------------------------
Array size = 699050 (elements), Offset = 0 (elements)
Memory per array = 5.3 MiB (= 0.0 GiB).
Total memory required = 16.0 MiB (= 0.0 GiB).
Each kernel will be executed 5 times.
-------------------------------------------------------------
Function    Best Rate MB/s  Avg time     Min time     Max time
Copy:           11937.0     0.001148     0.000937     0.001378
Scale:          11566.2     0.000978     0.000967     0.001009
Add:             9445.5     0.001789     0.001776     0.001800
Triad:           9420.2     0.001795     0.001781     0.001812
-------------------------------------------------------------
Solution Validates: avg error less than 1.000000e-13 on all three arrays
-------------------------------------------------------------



--- run 3 ---
-------------------------------------------------------------
STREAM (dynamic) version — custom malloc-based implementation
-------------------------------------------------------------
This system uses 8 bytes per array element.
-------------------------------------------------------------
Array size = 699050 (elements), Offset = 0 (elements)
Memory per array = 5.3 MiB (= 0.0 GiB).
Total memory required = 16.0 MiB (= 0.0 GiB).
Each kernel will be executed 5 times.
-------------------------------------------------------------
Function    Best Rate MB/s  Avg time     Min time     Max time
Copy:           13222.2     0.000959     0.000846     0.001186
Scale:          11554.8     0.000977     0.000968     0.000998
Add:            10260.8     0.001785     0.001635     0.001869
Triad:           9403.8     0.001841     0.001784     0.001916
-------------------------------------------------------------
Solution Validates: avg error less than 1.000000e-13 on all three arrays
-------------------------------------------------------------



--- run 1 ---
-------------------------------------------------------------
STREAM (dynamic) version — custom malloc-based implementation
-------------------------------------------------------------
This system uses 8 bytes per array element.
-------------------------------------------------------------
Array size = 740608 (elements), Offset = 0 (elements)
Memory per array = 5.7 MiB (= 0.0 GiB).
Total memory required = 17.0 MiB (= 0.0 GiB).
Each kernel will be executed 5 times.
-------------------------------------------------------------
Function    Best Rate MB/s  Avg time     Min time     Max time
Copy:           12592.2     0.001116     0.000941     0.001427
Scale:          11561.1     0.001050     0.001025     0.001085
Add:            10381.8     0.001806     0.001712     0.001899
Triad:           9480.2     0.001911     0.001875     0.001969
-------------------------------------------------------------
Solution Validates: avg error less than 1.000000e-13 on all three arrays
-------------------------------------------------------------



--- run 2 ---
-------------------------------------------------------------
STREAM (dynamic) version — custom malloc-based implementation
-------------------------------------------------------------
This system uses 8 bytes per array element.
-------------------------------------------------------------
Array size = 740608 (elements), Offset = 0 (elements)
Memory per array = 5.7 MiB (= 0.0 GiB).
Total memory required = 17.0 MiB (= 0.0 GiB).
Each kernel will be executed 5 times.
-------------------------------------------------------------
Function    Best Rate MB/s  Avg time     Min time     Max time
Copy:           13483.8     0.000918     0.000879     0.000962
Scale:          11585.4     0.001044     0.001023     0.001106
Add:            10473.7     0.001763     0.001697     0.001909
Triad:           9414.3     0.001914     0.001888     0.001951
-------------------------------------------------------------
Solution Validates: avg error less than 1.000000e-13 on all three arrays
-------------------------------------------------------------



--- run 3 ---
-------------------------------------------------------------
STREAM (dynamic) version — custom malloc-based implementation
-------------------------------------------------------------
This system uses 8 bytes per array element.
-------------------------------------------------------------
Array size = 740608 (elements), Offset = 0 (elements)
Memory per array = 5.7 MiB (= 0.0 GiB).
Total memory required = 17.0 MiB (= 0.0 GiB).
Each kernel will be executed 5 times.
-------------------------------------------------------------
Function    Best Rate MB/s  Avg time     Min time     Max time
Copy:           12672.5     0.001168     0.000935     0.001538
Scale:          11539.7     0.001032     0.001027     0.001046
Add:             9355.3     0.001934     0.001900     0.001975
Triad:           9434.6     0.001900     0.001884     0.001916
-------------------------------------------------------------
Solution Validates: avg error less than 1.000000e-13 on all three arrays
-------------------------------------------------------------



--- run 1 ---
-------------------------------------------------------------
STREAM (dynamic) version — custom malloc-based implementation
-------------------------------------------------------------
This system uses 8 bytes per array element.
-------------------------------------------------------------
Array size = 784640 (elements), Offset = 0 (elements)
Memory per array = 6.0 MiB (= 0.0 GiB).
Total memory required = 18.0 MiB (= 0.0 GiB).
Each kernel will be executed 5 times.
-------------------------------------------------------------
Function    Best Rate MB/s  Avg time     Min time     Max time
Copy:           12811.8     0.001013     0.000980     0.001080
Scale:          11547.4     0.001097     0.001087     0.001107
Add:             9388.4     0.002023     0.002006     0.002040
Triad:           9425.4     0.002017     0.001998     0.002045
-------------------------------------------------------------
Solution Validates: avg error less than 1.000000e-13 on all three arrays
-------------------------------------------------------------



--- run 2 ---
-------------------------------------------------------------
STREAM (dynamic) version — custom malloc-based implementation
-------------------------------------------------------------
This system uses 8 bytes per array element.
-------------------------------------------------------------
Array size = 784640 (elements), Offset = 0 (elements)
Memory per array = 6.0 MiB (= 0.0 GiB).
Total memory required = 18.0 MiB (= 0.0 GiB).
Each kernel will be executed 5 times.
-------------------------------------------------------------
Function    Best Rate MB/s  Avg time     Min time     Max time
Copy:           12430.7     0.001011     0.001010     0.001012
Scale:          11539.8     0.001117     0.001088     0.001181
Add:             9420.9     0.002016     0.001999     0.002045
Triad:           9429.9     0.002016     0.001997     0.002040
-------------------------------------------------------------
Solution Validates: avg error less than 1.000000e-13 on all three arrays
-------------------------------------------------------------



--- run 3 ---
-------------------------------------------------------------
STREAM (dynamic) version — custom malloc-based implementation
-------------------------------------------------------------
This system uses 8 bytes per array element.
-------------------------------------------------------------
Array size = 784640 (elements), Offset = 0 (elements)
Memory per array = 6.0 MiB (= 0.0 GiB).
Total memory required = 18.0 MiB (= 0.0 GiB).
Each kernel will be executed 5 times.
-------------------------------------------------------------
Function    Best Rate MB/s  Avg time     Min time     Max time
Copy:           13470.5     0.000980     0.000932     0.001012
Scale:          11550.0     0.001096     0.001087     0.001116
Add:            10353.2     0.001946     0.001819     0.002123
Triad:           9443.4     0.002028     0.001994     0.002054
-------------------------------------------------------------
Solution Validates: avg error less than 1.000000e-13 on all three arrays
-------------------------------------------------------------



--- run 1 ---
-------------------------------------------------------------
STREAM (dynamic) version — custom malloc-based implementation
-------------------------------------------------------------
This system uses 8 bytes per array element.
-------------------------------------------------------------
Array size = 831317 (elements), Offset = 0 (elements)
Memory per array = 6.3 MiB (= 0.0 GiB).
Total memory required = 19.0 MiB (= 0.0 GiB).
Each kernel will be executed 5 times.
-------------------------------------------------------------
Function    Best Rate MB/s  Avg time     Min time     Max time
Copy:           12816.2     0.001202     0.001038     0.001429
Scale:          11557.6     0.001157     0.001151     0.001173
Add:            10164.4     0.002086     0.001963     0.002131
Triad:           9406.8     0.002139     0.002121     0.002148
-------------------------------------------------------------
Solution Validates: avg error less than 1.000000e-13 on all three arrays
-------------------------------------------------------------



--- run 2 ---
-------------------------------------------------------------
STREAM (dynamic) version — custom malloc-based implementation
-------------------------------------------------------------
This system uses 8 bytes per array element.
-------------------------------------------------------------
Array size = 831317 (elements), Offset = 0 (elements)
Memory per array = 6.3 MiB (= 0.0 GiB).
Total memory required = 19.0 MiB (= 0.0 GiB).
Each kernel will be executed 5 times.
-------------------------------------------------------------
Function    Best Rate MB/s  Avg time     Min time     Max time
Copy:           12397.5     0.001208     0.001073     0.001360
Scale:          11536.1     0.001169     0.001153     0.001198
Add:            10379.9     0.002075     0.001922     0.002141
Triad:          10305.8     0.002103     0.001936     0.002218
-------------------------------------------------------------
Solution Validates: avg error less than 1.000000e-13 on all three arrays
-------------------------------------------------------------



--- run 3 ---
-------------------------------------------------------------
STREAM (dynamic) version — custom malloc-based implementation
-------------------------------------------------------------
This system uses 8 bytes per array element.
-------------------------------------------------------------
Array size = 831317 (elements), Offset = 0 (elements)
Memory per array = 6.3 MiB (= 0.0 GiB).
Total memory required = 19.0 MiB (= 0.0 GiB).
Each kernel will be executed 5 times.
-------------------------------------------------------------
Function    Best Rate MB/s  Avg time     Min time     Max time
Copy:           13449.6     0.001086     0.000989     0.001320
Scale:          11576.8     0.001156     0.001149     0.001171
Add:            10364.5     0.001997     0.001925     0.002135
Triad:          10423.9     0.001990     0.001914     0.002200
-------------------------------------------------------------
Solution Validates: avg error less than 1.000000e-13 on all three arrays
-------------------------------------------------------------



--- run 1 ---
-------------------------------------------------------------
STREAM (dynamic) version — custom malloc-based implementation
-------------------------------------------------------------
This system uses 8 bytes per array element.
-------------------------------------------------------------
Array size = 880768 (elements), Offset = 0 (elements)
Memory per array = 6.7 MiB (= 0.0 GiB).
Total memory required = 20.2 MiB (= 0.0 GiB).
Each kernel will be executed 5 times.
-------------------------------------------------------------
Function    Best Rate MB/s  Avg time     Min time     Max time
Copy:           12517.4     0.001220     0.001126     0.001451
Scale:          11560.2     0.001225     0.001219     0.001239
Add:             9395.0     0.002272     0.002250     0.002301
Triad:           9403.0     0.002262     0.002248     0.002276
-------------------------------------------------------------
Solution Validates: avg error less than 1.000000e-13 on all three arrays
-------------------------------------------------------------



--- run 2 ---
-------------------------------------------------------------
STREAM (dynamic) version — custom malloc-based implementation
-------------------------------------------------------------
This system uses 8 bytes per array element.
-------------------------------------------------------------
Array size = 880768 (elements), Offset = 0 (elements)
Memory per array = 6.7 MiB (= 0.0 GiB).
Total memory required = 20.2 MiB (= 0.0 GiB).
Each kernel will be executed 5 times.
-------------------------------------------------------------
Function    Best Rate MB/s  Avg time     Min time     Max time
Copy:           13170.1     0.001153     0.001070     0.001207
Scale:          11448.3     0.001237     0.001231     0.001244
Add:             9990.0     0.002316     0.002116     0.002485
Triad:          10201.5     0.002279     0.002072     0.002372
-------------------------------------------------------------
Solution Validates: avg error less than 1.000000e-13 on all three arrays
-------------------------------------------------------------



--- run 3 ---
-------------------------------------------------------------
STREAM (dynamic) version — custom malloc-based implementation
-------------------------------------------------------------
This system uses 8 bytes per array element.
-------------------------------------------------------------
Array size = 880768 (elements), Offset = 0 (elements)
Memory per array = 6.7 MiB (= 0.0 GiB).
Total memory required = 20.2 MiB (= 0.0 GiB).
Each kernel will be executed 5 times.
-------------------------------------------------------------
Function    Best Rate MB/s  Avg time     Min time     Max time
Copy:           11833.3     0.001443     0.001191     0.002193
Scale:          11439.4     0.001253     0.001232     0.001302
Add:             9781.7     0.002389     0.002161     0.002530
Triad:           8826.4     0.002469     0.002395     0.002523
-------------------------------------------------------------
Solution Validates: avg error less than 1.000000e-13 on all three arrays
-------------------------------------------------------------



--- run 1 ---
-------------------------------------------------------------
STREAM (dynamic) version — custom malloc-based implementation
-------------------------------------------------------------
This system uses 8 bytes per array element.
-------------------------------------------------------------
Array size = 933120 (elements), Offset = 0 (elements)
Memory per array = 7.1 MiB (= 0.0 GiB).
Total memory required = 21.4 MiB (= 0.0 GiB).
Each kernel will be executed 5 times.
-------------------------------------------------------------
Function    Best Rate MB/s  Avg time     Min time     Max time
Copy:           12792.8     0.001321     0.001167     0.001555
Scale:          11547.2     0.001307     0.001293     0.001344
Add:            10272.4     0.002340     0.002180     0.002401
Triad:           9417.6     0.002392     0.002378     0.002414
-------------------------------------------------------------
Solution Validates: avg error less than 1.000000e-13 on all three arrays
-------------------------------------------------------------



--- run 2 ---
-------------------------------------------------------------
STREAM (dynamic) version — custom malloc-based implementation
-------------------------------------------------------------
This system uses 8 bytes per array element.
-------------------------------------------------------------
Array size = 933120 (elements), Offset = 0 (elements)
Memory per array = 7.1 MiB (= 0.0 GiB).
Total memory required = 21.4 MiB (= 0.0 GiB).
Each kernel will be executed 5 times.
-------------------------------------------------------------
Function    Best Rate MB/s  Avg time     Min time     Max time
Copy:           13389.1     0.001371     0.001115     0.001942
Scale:          11592.1     0.001312     0.001288     0.001329
Add:            10378.0     0.002337     0.002158     0.002423
Triad:           9370.6     0.002417     0.002390     0.002465
-------------------------------------------------------------
Solution Validates: avg error less than 1.000000e-13 on all three arrays
-------------------------------------------------------------



--- run 3 ---
-------------------------------------------------------------
STREAM (dynamic) version — custom malloc-based implementation
-------------------------------------------------------------
This system uses 8 bytes per array element.
-------------------------------------------------------------
Array size = 933120 (elements), Offset = 0 (elements)
Memory per array = 7.1 MiB (= 0.0 GiB).
Total memory required = 21.4 MiB (= 0.0 GiB).
Each kernel will be executed 5 times.
-------------------------------------------------------------
Function    Best Rate MB/s  Avg time     Min time     Max time
Copy:           12432.1     0.001551     0.001201     0.001850
Scale:          11555.8     0.001297     0.001292     0.001307
Add:             9421.4     0.002420     0.002377     0.002449
Triad:           9429.9     0.002401     0.002375     0.002440
-------------------------------------------------------------
Solution Validates: avg error less than 1.000000e-13 on all three arrays
-------------------------------------------------------------



--- run 1 ---
-------------------------------------------------------------
STREAM (dynamic) version — custom malloc-based implementation
-------------------------------------------------------------
This system uses 8 bytes per array element.
-------------------------------------------------------------
Array size = 988586 (elements), Offset = 0 (elements)
Memory per array = 7.5 MiB (= 0.0 GiB).
Total memory required = 22.6 MiB (= 0.0 GiB).
Each kernel will be executed 5 times.
-------------------------------------------------------------
Function    Best Rate MB/s  Avg time     Min time     Max time
Copy:           13192.1     0.001247     0.001199     0.001294
Scale:          11503.9     0.001379     0.001375     0.001385
Add:            10378.0     0.002424     0.002286     0.002535
Triad:          10338.1     0.002362     0.002295     0.002543
-------------------------------------------------------------
Solution Validates: avg error less than 1.000000e-13 on all three arrays
-------------------------------------------------------------



--- run 2 ---
-------------------------------------------------------------
STREAM (dynamic) version — custom malloc-based implementation
-------------------------------------------------------------
This system uses 8 bytes per array element.
-------------------------------------------------------------
Array size = 988586 (elements), Offset = 0 (elements)
Memory per array = 7.5 MiB (= 0.0 GiB).
Total memory required = 22.6 MiB (= 0.0 GiB).
Each kernel will be executed 5 times.
-------------------------------------------------------------
Function    Best Rate MB/s  Avg time     Min time     Max time
Copy:           13236.8     0.001527     0.001195     0.001937
Scale:          11420.7     0.001388     0.001385     0.001397
Add:            10438.9     0.002408     0.002273     0.002515
Triad:           9300.4     0.002573     0.002551     0.002620
-------------------------------------------------------------
Solution Validates: avg error less than 1.000000e-13 on all three arrays
-------------------------------------------------------------



--- run 3 ---
-------------------------------------------------------------
STREAM (dynamic) version — custom malloc-based implementation
-------------------------------------------------------------
This system uses 8 bytes per array element.
-------------------------------------------------------------
Array size = 988586 (elements), Offset = 0 (elements)
Memory per array = 7.5 MiB (= 0.0 GiB).
Total memory required = 22.6 MiB (= 0.0 GiB).
Each kernel will be executed 5 times.
-------------------------------------------------------------
Function    Best Rate MB/s  Avg time     Min time     Max time
Copy:           12795.2     0.001332     0.001236     0.001602
Scale:          11412.8     0.001603     0.001386     0.002228
Add:            10406.2     0.002463     0.002280     0.002537
Triad:          10397.5     0.002436     0.002282     0.002617
-------------------------------------------------------------
Solution Validates: avg error less than 1.000000e-13 on all three arrays
-------------------------------------------------------------



--- run 1 ---
-------------------------------------------------------------
STREAM (dynamic) version — custom malloc-based implementation
-------------------------------------------------------------
This system uses 8 bytes per array element.
-------------------------------------------------------------
Array size = 1047381 (elements), Offset = 0 (elements)
Memory per array = 8.0 MiB (= 0.0 GiB).
Total memory required = 24.0 MiB (= 0.0 GiB).
Each kernel will be executed 5 times.
-------------------------------------------------------------
Function    Best Rate MB/s  Avg time     Min time     Max time
Copy:           12961.2     0.001366     0.001293     0.001407
Scale:          11549.2     0.001453     0.001451     0.001456
Add:            10335.5     0.002630     0.002432     0.002725
Triad:          10456.5     0.002542     0.002404     0.002683
-------------------------------------------------------------
Solution Validates: avg error less than 1.000000e-13 on all three arrays
-------------------------------------------------------------



--- run 2 ---
-------------------------------------------------------------
STREAM (dynamic) version — custom malloc-based implementation
-------------------------------------------------------------
This system uses 8 bytes per array element.
-------------------------------------------------------------
Array size = 1047381 (elements), Offset = 0 (elements)
Memory per array = 8.0 MiB (= 0.0 GiB).
Total memory required = 24.0 MiB (= 0.0 GiB).
Each kernel will be executed 5 times.
-------------------------------------------------------------
Function    Best Rate MB/s  Avg time     Min time     Max time
Copy:           12849.8     0.001411     0.001304     0.001667
Scale:          11549.2     0.001465     0.001451     0.001496
Add:            10311.3     0.002636     0.002438     0.002719
Triad:          10443.0     0.002479     0.002407     0.002688
-------------------------------------------------------------
Solution Validates: avg error less than 1.000000e-13 on all three arrays
-------------------------------------------------------------



--- run 3 ---
-------------------------------------------------------------
STREAM (dynamic) version — custom malloc-based implementation
-------------------------------------------------------------
This system uses 8 bytes per array element.
-------------------------------------------------------------
Array size = 1047381 (elements), Offset = 0 (elements)
Memory per array = 8.0 MiB (= 0.0 GiB).
Total memory required = 24.0 MiB (= 0.0 GiB).
Each kernel will be executed 5 times.
-------------------------------------------------------------
Function    Best Rate MB/s  Avg time     Min time     Max time
Copy:           12666.9     0.001464     0.001323     0.001678
Scale:          11556.8     0.001473     0.001450     0.001514
Add:             9690.5     0.002714     0.002594     0.002874
Triad:          10091.2     0.002636     0.002491     0.002750
-------------------------------------------------------------
Solution Validates: avg error less than 1.000000e-13 on all three arrays
-------------------------------------------------------------



--- run 1 ---
-------------------------------------------------------------
STREAM (dynamic) version — custom malloc-based implementation
-------------------------------------------------------------
This system uses 8 bytes per array element.
-------------------------------------------------------------
Array size = 1109674 (elements), Offset = 0 (elements)
Memory per array = 8.5 MiB (= 0.0 GiB).
Total memory required = 25.4 MiB (= 0.0 GiB).
Each kernel will be executed 5 times.
-------------------------------------------------------------
Function    Best Rate MB/s  Avg time     Min time     Max time
Copy:           13220.1     0.001429     0.001343     0.001461
Scale:          11411.1     0.001751     0.001556     0.002312
Add:            10387.2     0.002770     0.002564     0.002843
Triad:           9364.0     0.002863     0.002844     0.002873
-------------------------------------------------------------
Solution Validates: avg error less than 1.000000e-13 on all three arrays
-------------------------------------------------------------



--- run 2 ---
-------------------------------------------------------------
STREAM (dynamic) version — custom malloc-based implementation
-------------------------------------------------------------
This system uses 8 bytes per array element.
-------------------------------------------------------------
Array size = 1109674 (elements), Offset = 0 (elements)
Memory per array = 8.5 MiB (= 0.0 GiB).
Total memory required = 25.4 MiB (= 0.0 GiB).
Each kernel will be executed 5 times.
-------------------------------------------------------------
Function    Best Rate MB/s  Avg time     Min time     Max time
Copy:           12656.2     0.001671     0.001403     0.002379
Scale:          11550.9     0.001577     0.001537     0.001629
Add:            10299.0     0.002770     0.002586     0.002835
Triad:           9344.4     0.002864     0.002850     0.002878
-------------------------------------------------------------
Solution Validates: avg error less than 1.000000e-13 on all three arrays
-------------------------------------------------------------



--- run 3 ---
-------------------------------------------------------------
STREAM (dynamic) version — custom malloc-based implementation
-------------------------------------------------------------
This system uses 8 bytes per array element.
-------------------------------------------------------------
Array size = 1109674 (elements), Offset = 0 (elements)
Memory per array = 8.5 MiB (= 0.0 GiB).
Total memory required = 25.4 MiB (= 0.0 GiB).
Each kernel will be executed 5 times.
-------------------------------------------------------------
Function    Best Rate MB/s  Avg time     Min time     Max time
Copy:           12948.9     0.001656     0.001371     0.002305
Scale:          11543.8     0.001577     0.001538     0.001663
Add:            10411.4     0.002650     0.002558     0.002883
Triad:          10435.7     0.002562     0.002552     0.002576
-------------------------------------------------------------
Solution Validates: avg error less than 1.000000e-13 on all three arrays
-------------------------------------------------------------



--- run 1 ---
-------------------------------------------------------------
STREAM (dynamic) version — custom malloc-based implementation
-------------------------------------------------------------
This system uses 8 bytes per array element.
-------------------------------------------------------------
Array size = 1175637 (elements), Offset = 0 (elements)
Memory per array = 9.0 MiB (= 0.0 GiB).
Total memory required = 26.9 MiB (= 0.0 GiB).
Each kernel will be executed 5 times.
-------------------------------------------------------------
Function    Best Rate MB/s  Avg time     Min time     Max time
Copy:           13136.1     0.001511     0.001432     0.001547
Scale:          11526.0     0.001675     0.001632     0.001778
Add:            10408.4     0.002865     0.002711     0.003006
Triad:           9374.5     0.003032     0.003010     0.003080
-------------------------------------------------------------
Solution Validates: avg error less than 1.000000e-13 on all three arrays
-------------------------------------------------------------



--- run 2 ---
-------------------------------------------------------------
STREAM (dynamic) version — custom malloc-based implementation
-------------------------------------------------------------
This system uses 8 bytes per array element.
-------------------------------------------------------------
Array size = 1175637 (elements), Offset = 0 (elements)
Memory per array = 9.0 MiB (= 0.0 GiB).
Total memory required = 26.9 MiB (= 0.0 GiB).
Each kernel will be executed 5 times.
-------------------------------------------------------------
Function    Best Rate MB/s  Avg time     Min time     Max time
Copy:           13313.5     0.001445     0.001413     0.001473
Scale:          11624.5     0.001629     0.001618     0.001642
Add:            10361.9     0.002757     0.002723     0.002796
Triad:          10300.6     0.002956     0.002739     0.003039
-------------------------------------------------------------
Solution Validates: avg error less than 1.000000e-13 on all three arrays
-------------------------------------------------------------



--- run 3 ---
-------------------------------------------------------------
STREAM (dynamic) version — custom malloc-based implementation
-------------------------------------------------------------
This system uses 8 bytes per array element.
-------------------------------------------------------------
Array size = 1175637 (elements), Offset = 0 (elements)
Memory per array = 9.0 MiB (= 0.0 GiB).
Total memory required = 26.9 MiB (= 0.0 GiB).
Each kernel will be executed 5 times.
-------------------------------------------------------------
Function    Best Rate MB/s  Avg time     Min time     Max time
Copy:           13284.3     0.001678     0.001416     0.002311
Scale:          11568.3     0.001638     0.001626     0.001651
Add:            10278.2     0.002895     0.002745     0.003053
Triad:          10505.4     0.002721     0.002686     0.002753
-------------------------------------------------------------
Solution Validates: avg error less than 1.000000e-13 on all three arrays
-------------------------------------------------------------



--- run 1 ---
-------------------------------------------------------------
STREAM (dynamic) version — custom malloc-based implementation
-------------------------------------------------------------
This system uses 8 bytes per array element.
-------------------------------------------------------------
Array size = 1245568 (elements), Offset = 0 (elements)
Memory per array = 9.5 MiB (= 0.0 GiB).
Total memory required = 28.5 MiB (= 0.0 GiB).
Each kernel will be executed 5 times.
-------------------------------------------------------------
Function    Best Rate MB/s  Avg time     Min time     Max time
Copy:           12661.1     0.001630     0.001574     0.001690
Scale:          11539.0     0.001735     0.001727     0.001747
Add:            10379.4     0.002974     0.002880     0.003213
Triad:          10419.9     0.003042     0.002869     0.003217
-------------------------------------------------------------
Solution Validates: avg error less than 1.000000e-13 on all three arrays
-------------------------------------------------------------



--- run 2 ---
-------------------------------------------------------------
STREAM (dynamic) version — custom malloc-based implementation
-------------------------------------------------------------
This system uses 8 bytes per array element.
-------------------------------------------------------------
Array size = 1245568 (elements), Offset = 0 (elements)
Memory per array = 9.5 MiB (= 0.0 GiB).
Total memory required = 28.5 MiB (= 0.0 GiB).
Each kernel will be executed 5 times.
-------------------------------------------------------------
Function    Best Rate MB/s  Avg time     Min time     Max time
Copy:           12310.6     0.001874     0.001619     0.002431
Scale:          11599.9     0.001729     0.001718     0.001739
Add:             9392.0     0.003234     0.003183     0.003282
Triad:           9286.3     0.003276     0.003219     0.003309
-------------------------------------------------------------
Solution Validates: avg error less than 1.000000e-13 on all three arrays
-------------------------------------------------------------



--- run 3 ---
-------------------------------------------------------------
STREAM (dynamic) version — custom malloc-based implementation
-------------------------------------------------------------
This system uses 8 bytes per array element.
-------------------------------------------------------------
Array size = 1245568 (elements), Offset = 0 (elements)
Memory per array = 9.5 MiB (= 0.0 GiB).
Total memory required = 28.5 MiB (= 0.0 GiB).
Each kernel will be executed 5 times.
-------------------------------------------------------------
Function    Best Rate MB/s  Avg time     Min time     Max time
Copy:           12077.5     0.001716     0.001650     0.001842
Scale:          11272.9     0.002097     0.001768     0.002935
Add:             8862.9     0.003401     0.003373     0.003430
Triad:           8836.6     0.003417     0.003383     0.003436
-------------------------------------------------------------
Solution Validates: avg error less than 1.000000e-13 on all three arrays
-------------------------------------------------------------



--- run 1 ---
-------------------------------------------------------------
STREAM (dynamic) version — custom malloc-based implementation
-------------------------------------------------------------
This system uses 8 bytes per array element.
-------------------------------------------------------------
Array size = 1319637 (elements), Offset = 0 (elements)
Memory per array = 10.1 MiB (= 0.0 GiB).
Total memory required = 30.2 MiB (= 0.0 GiB).
Each kernel will be executed 5 times.
-------------------------------------------------------------
Function    Best Rate MB/s  Avg time     Min time     Max time
Copy:           13381.6     0.001658     0.001578     0.001864
Scale:          11544.7     0.001835     0.001829     0.001848
Add:             9423.2     0.003370     0.003361     0.003380
Triad:          10383.7     0.003161     0.003050     0.003470
-------------------------------------------------------------
Solution Validates: avg error less than 1.000000e-13 on all three arrays
-------------------------------------------------------------



--- run 2 ---
-------------------------------------------------------------
STREAM (dynamic) version — custom malloc-based implementation
-------------------------------------------------------------
This system uses 8 bytes per array element.
-------------------------------------------------------------
Array size = 1319637 (elements), Offset = 0 (elements)
Memory per array = 10.1 MiB (= 0.0 GiB).
Total memory required = 30.2 MiB (= 0.0 GiB).
Each kernel will be executed 5 times.
-------------------------------------------------------------
Function    Best Rate MB/s  Avg time     Min time     Max time
Copy:           13379.6     0.001702     0.001578     0.001917
Scale:          11562.8     0.001838     0.001826     0.001849
Add:            10357.0     0.003164     0.003058     0.003380
Triad:           9386.6     0.003390     0.003374     0.003399
-------------------------------------------------------------
Solution Validates: avg error less than 1.000000e-13 on all three arrays
-------------------------------------------------------------



--- run 3 ---
-------------------------------------------------------------
STREAM (dynamic) version — custom malloc-based implementation
-------------------------------------------------------------
This system uses 8 bytes per array element.
-------------------------------------------------------------
Array size = 1319637 (elements), Offset = 0 (elements)
Memory per array = 10.1 MiB (= 0.0 GiB).
Total memory required = 30.2 MiB (= 0.0 GiB).
Each kernel will be executed 5 times.
-------------------------------------------------------------
Function    Best Rate MB/s  Avg time     Min time     Max time
Copy:           12198.3     0.001955     0.001731     0.002222
Scale:          11556.7     0.001833     0.001827     0.001845
Add:            10364.3     0.003308     0.003056     0.003403
Triad:           9381.3     0.003393     0.003376     0.003417
-------------------------------------------------------------
Solution Validates: avg error less than 1.000000e-13 on all three arrays
-------------------------------------------------------------



--- run 1 ---
-------------------------------------------------------------
STREAM (dynamic) version — custom malloc-based implementation
-------------------------------------------------------------
This system uses 8 bytes per array element.
-------------------------------------------------------------
Array size = 1398101 (elements), Offset = 0 (elements)
Memory per array = 10.7 MiB (= 0.0 GiB).
Total memory required = 32.0 MiB (= 0.0 GiB).
Each kernel will be executed 5 times.
-------------------------------------------------------------
Function    Best Rate MB/s  Avg time     Min time     Max time
Copy:           12775.7     0.001911     0.001751     0.002240
Scale:          11542.0     0.001951     0.001938     0.001967
Add:             9404.4     0.003577     0.003568     0.003587
Triad:           9370.0     0.003591     0.003581     0.003612
-------------------------------------------------------------
Solution Validates: avg error less than 1.000000e-13 on all three arrays
-------------------------------------------------------------



--- run 2 ---
-------------------------------------------------------------
STREAM (dynamic) version — custom malloc-based implementation
-------------------------------------------------------------
This system uses 8 bytes per array element.
-------------------------------------------------------------
Array size = 1398101 (elements), Offset = 0 (elements)
Memory per array = 10.7 MiB (= 0.0 GiB).
Total memory required = 32.0 MiB (= 0.0 GiB).
Each kernel will be executed 5 times.
-------------------------------------------------------------
Function    Best Rate MB/s  Avg time     Min time     Max time
Copy:           13321.7     0.001783     0.001679     0.001843
Scale:          11573.3     0.001952     0.001933     0.001989
Add:            10368.9     0.003528     0.003236     0.003706
Triad:           9370.0     0.003588     0.003581     0.003602
-------------------------------------------------------------
Solution Validates: avg error less than 1.000000e-13 on all three arrays
-------------------------------------------------------------



--- run 3 ---
-------------------------------------------------------------
STREAM (dynamic) version — custom malloc-based implementation
-------------------------------------------------------------
This system uses 8 bytes per array element.
-------------------------------------------------------------
Array size = 1398101 (elements), Offset = 0 (elements)
Memory per array = 10.7 MiB (= 0.0 GiB).
Total memory required = 32.0 MiB (= 0.0 GiB).
Each kernel will be executed 5 times.
-------------------------------------------------------------
Function    Best Rate MB/s  Avg time     Min time     Max time
Copy:           13338.8     0.001740     0.001677     0.001894
Scale:          11567.6     0.001944     0.001934     0.001960
Add:            10346.8     0.003350     0.003243     0.003657
Triad:          10446.7     0.003291     0.003212     0.003501
-------------------------------------------------------------
Solution Validates: avg error less than 1.000000e-13 on all three arrays
-------------------------------------------------------------



--- run 1 ---
-------------------------------------------------------------
STREAM (dynamic) version — custom malloc-based implementation
-------------------------------------------------------------
This system uses 8 bytes per array element.
-------------------------------------------------------------
Array size = 1481216 (elements), Offset = 0 (elements)
Memory per array = 11.3 MiB (= 0.0 GiB).
Total memory required = 33.9 MiB (= 0.0 GiB).
Each kernel will be executed 5 times.
-------------------------------------------------------------
Function    Best Rate MB/s  Avg time     Min time     Max time
Copy:           12573.1     0.002692     0.001885     0.003042
Scale:          11589.5     0.002077     0.002045     0.002110
Add:             9242.8     0.003973     0.003846     0.004044
Triad:           9377.6     0.003961     0.003791     0.004033
-------------------------------------------------------------
Solution Validates: avg error less than 1.000000e-13 on all three arrays
-------------------------------------------------------------



--- run 2 ---
-------------------------------------------------------------
STREAM (dynamic) version — custom malloc-based implementation
-------------------------------------------------------------
This system uses 8 bytes per array element.
-------------------------------------------------------------
Array size = 1481216 (elements), Offset = 0 (elements)
Memory per array = 11.3 MiB (= 0.0 GiB).
Total memory required = 33.9 MiB (= 0.0 GiB).
Each kernel will be executed 5 times.
-------------------------------------------------------------
Function    Best Rate MB/s  Avg time     Min time     Max time
Copy:           13321.2     0.001824     0.001779     0.001870
Scale:          11577.3     0.002055     0.002047     0.002070
Add:            10403.6     0.003424     0.003417     0.003436
Triad:          10437.1     0.003433     0.003406     0.003494
-------------------------------------------------------------
Solution Validates: avg error less than 1.000000e-13 on all three arrays
-------------------------------------------------------------



--- run 3 ---
-------------------------------------------------------------
STREAM (dynamic) version — custom malloc-based implementation
-------------------------------------------------------------
This system uses 8 bytes per array element.
-------------------------------------------------------------
Array size = 1481216 (elements), Offset = 0 (elements)
Memory per array = 11.3 MiB (= 0.0 GiB).
Total memory required = 33.9 MiB (= 0.0 GiB).
Each kernel will be executed 5 times.
-------------------------------------------------------------
Function    Best Rate MB/s  Avg time     Min time     Max time
Copy:           13441.9     0.001848     0.001763     0.001965
Scale:          11582.7     0.002060     0.002046     0.002077
Add:            10400.0     0.003454     0.003418     0.003496
Triad:          10456.1     0.003420     0.003400     0.003431
-------------------------------------------------------------
Solution Validates: avg error less than 1.000000e-13 on all three arrays
-------------------------------------------------------------



--- run 1 ---
-------------------------------------------------------------
STREAM (dynamic) version — custom malloc-based implementation
-------------------------------------------------------------
This system uses 8 bytes per array element.
-------------------------------------------------------------
Array size = 1569322 (elements), Offset = 0 (elements)
Memory per array = 12.0 MiB (= 0.0 GiB).
Total memory required = 35.9 MiB (= 0.0 GiB).
Each kernel will be executed 5 times.
-------------------------------------------------------------
Function    Best Rate MB/s  Avg time     Min time     Max time
Copy:           13536.7     0.002207     0.001855     0.003087
Scale:          11565.5     0.002185     0.002171     0.002196
Add:            10398.4     0.003798     0.003622     0.004032
Triad:          10441.7     0.003830     0.003607     0.004061
-------------------------------------------------------------
Solution Validates: avg error less than 1.000000e-13 on all three arrays
-------------------------------------------------------------



--- run 2 ---
-------------------------------------------------------------
STREAM (dynamic) version — custom malloc-based implementation
-------------------------------------------------------------
This system uses 8 bytes per array element.
-------------------------------------------------------------
Array size = 1569322 (elements), Offset = 0 (elements)
Memory per array = 12.0 MiB (= 0.0 GiB).
Total memory required = 35.9 MiB (= 0.0 GiB).
Each kernel will be executed 5 times.
-------------------------------------------------------------
Function    Best Rate MB/s  Avg time     Min time     Max time
Copy:           13587.3     0.002198     0.001848     0.002572
Scale:          11486.0     0.002213     0.002186     0.002283
Add:            10347.4     0.003816     0.003640     0.003992
Triad:          10401.2     0.003828     0.003621     0.004025
-------------------------------------------------------------
Solution Validates: avg error less than 1.000000e-13 on all three arrays
-------------------------------------------------------------



--- run 3 ---
-------------------------------------------------------------
STREAM (dynamic) version — custom malloc-based implementation
-------------------------------------------------------------
This system uses 8 bytes per array element.
-------------------------------------------------------------
Array size = 1569322 (elements), Offset = 0 (elements)
Memory per array = 12.0 MiB (= 0.0 GiB).
Total memory required = 35.9 MiB (= 0.0 GiB).
Each kernel will be executed 5 times.
-------------------------------------------------------------
Function    Best Rate MB/s  Avg time     Min time     Max time
Copy:           13638.4     0.001893     0.001841     0.001936
Scale:          11560.4     0.002190     0.002172     0.002214
Add:            10381.4     0.003642     0.003628     0.003657
Triad:          10479.8     0.003629     0.003594     0.003692
-------------------------------------------------------------
Solution Validates: avg error less than 1.000000e-13 on all three arrays
-------------------------------------------------------------



--- run 1 ---
-------------------------------------------------------------
STREAM (dynamic) version — custom malloc-based implementation
-------------------------------------------------------------
This system uses 8 bytes per array element.
-------------------------------------------------------------
Array size = 1662634 (elements), Offset = 0 (elements)
Memory per array = 12.7 MiB (= 0.0 GiB).
Total memory required = 38.1 MiB (= 0.0 GiB).
Each kernel will be executed 5 times.
-------------------------------------------------------------
Function    Best Rate MB/s  Avg time     Min time     Max time
Copy:           13698.9     0.002382     0.001942     0.003531
Scale:          11536.1     0.002314     0.002306     0.002318
Add:            10421.3     0.004019     0.003829     0.004292
Triad:          10559.4     0.004241     0.003779     0.005102
-------------------------------------------------------------
Solution Validates: avg error less than 1.000000e-13 on all three arrays
-------------------------------------------------------------



--- run 2 ---
-------------------------------------------------------------
STREAM (dynamic) version — custom malloc-based implementation
-------------------------------------------------------------
This system uses 8 bytes per array element.
-------------------------------------------------------------
Array size = 1662634 (elements), Offset = 0 (elements)
Memory per array = 12.7 MiB (= 0.0 GiB).
Total memory required = 38.1 MiB (= 0.0 GiB).
Each kernel will be executed 5 times.
-------------------------------------------------------------
Function    Best Rate MB/s  Avg time     Min time     Max time
Copy:           12900.6     0.002922     0.002062     0.003608
Scale:          11452.1     0.002477     0.002323     0.002636
Add:             8942.9     0.004527     0.004462     0.004620
Triad:           8863.3     0.004626     0.004502     0.004877
-------------------------------------------------------------
Solution Validates: avg error less than 1.000000e-13 on all three arrays
-------------------------------------------------------------



--- run 3 ---
-------------------------------------------------------------
STREAM (dynamic) version — custom malloc-based implementation
-------------------------------------------------------------
This system uses 8 bytes per array element.
-------------------------------------------------------------
Array size = 1662634 (elements), Offset = 0 (elements)
Memory per array = 12.7 MiB (= 0.0 GiB).
Total memory required = 38.1 MiB (= 0.0 GiB).
Each kernel will be executed 5 times.
-------------------------------------------------------------
Function    Best Rate MB/s  Avg time     Min time     Max time
Copy:           13117.5     0.002495     0.002028     0.003143
Scale:          11461.5     0.002331     0.002321     0.002337
Add:            10383.8     0.004012     0.003843     0.004325
Triad:          10506.4     0.003815     0.003798     0.003836
-------------------------------------------------------------
Solution Validates: avg error less than 1.000000e-13 on all three arrays
-------------------------------------------------------------



--- run 1 ---
-------------------------------------------------------------
STREAM (dynamic) version — custom malloc-based implementation
-------------------------------------------------------------
This system uses 8 bytes per array element.
-------------------------------------------------------------
Array size = 1761493 (elements), Offset = 0 (elements)
Memory per array = 13.4 MiB (= 0.0 GiB).
Total memory required = 40.3 MiB (= 0.0 GiB).
Each kernel will be executed 5 times.
-------------------------------------------------------------
Function    Best Rate MB/s  Avg time     Min time     Max time
Copy:           12683.7     0.002761     0.002222     0.003236
Scale:          11550.9     0.002449     0.002440     0.002462
Add:             9369.5     0.004546     0.004512     0.004577
Triad:          10453.8     0.004362     0.004044     0.004489
-------------------------------------------------------------
Solution Validates: avg error less than 1.000000e-13 on all three arrays
-------------------------------------------------------------



--- run 2 ---
-------------------------------------------------------------
STREAM (dynamic) version — custom malloc-based implementation
-------------------------------------------------------------
This system uses 8 bytes per array element.
-------------------------------------------------------------
Array size = 1761493 (elements), Offset = 0 (elements)
Memory per array = 13.4 MiB (= 0.0 GiB).
Total memory required = 40.3 MiB (= 0.0 GiB).
Each kernel will be executed 5 times.
-------------------------------------------------------------
Function    Best Rate MB/s  Avg time     Min time     Max time
Copy:           13127.4     0.002416     0.002147     0.002906
Scale:          11579.2     0.002447     0.002434     0.002460
Add:            10493.4     0.004047     0.004029     0.004060
Triad:          10459.4     0.004057     0.004042     0.004076
-------------------------------------------------------------
Solution Validates: avg error less than 1.000000e-13 on all three arrays
-------------------------------------------------------------



--- run 3 ---
-------------------------------------------------------------
STREAM (dynamic) version — custom malloc-based implementation
-------------------------------------------------------------
This system uses 8 bytes per array element.
-------------------------------------------------------------
Array size = 1761493 (elements), Offset = 0 (elements)
Memory per array = 13.4 MiB (= 0.0 GiB).
Total memory required = 40.3 MiB (= 0.0 GiB).
Each kernel will be executed 5 times.
-------------------------------------------------------------
Function    Best Rate MB/s  Avg time     Min time     Max time
Copy:           13707.3     0.002103     0.002056     0.002225
Scale:          11465.7     0.002465     0.002458     0.002469
Add:            10389.5     0.004075     0.004069     0.004081
Triad:          10497.8     0.004040     0.004027     0.004066
-------------------------------------------------------------
Solution Validates: avg error less than 1.000000e-13 on all three arrays
-------------------------------------------------------------



--- run 1 ---
-------------------------------------------------------------
STREAM (dynamic) version — custom malloc-based implementation
-------------------------------------------------------------
This system uses 8 bytes per array element.
-------------------------------------------------------------
Array size = 1866240 (elements), Offset = 0 (elements)
Memory per array = 14.2 MiB (= 0.0 GiB).
Total memory required = 42.7 MiB (= 0.0 GiB).
Each kernel will be executed 5 times.
-------------------------------------------------------------
Function    Best Rate MB/s  Avg time     Min time     Max time
Copy:           13797.6     0.002657     0.002164     0.003168
Scale:          11568.6     0.002599     0.002581     0.002609
Add:            10433.3     0.004300     0.004293     0.004304
Triad:          10523.9     0.004274     0.004256     0.004294
-------------------------------------------------------------
Solution Validates: avg error less than 1.000000e-13 on all three arrays
-------------------------------------------------------------



--- run 2 ---
-------------------------------------------------------------
STREAM (dynamic) version — custom malloc-based implementation
-------------------------------------------------------------
This system uses 8 bytes per array element.
-------------------------------------------------------------
Array size = 1866240 (elements), Offset = 0 (elements)
Memory per array = 14.2 MiB (= 0.0 GiB).
Total memory required = 42.7 MiB (= 0.0 GiB).
Each kernel will be executed 5 times.
-------------------------------------------------------------
Function    Best Rate MB/s  Avg time     Min time     Max time
Copy:           13560.1     0.002402     0.002202     0.002505
Scale:          11484.8     0.002627     0.002600     0.002674
Add:            10273.0     0.004655     0.004360     0.005082
Triad:          10339.1     0.004794     0.004332     0.005007
-------------------------------------------------------------
Solution Validates: avg error less than 1.000000e-13 on all three arrays
-------------------------------------------------------------



--- run 3 ---
-------------------------------------------------------------
STREAM (dynamic) version — custom malloc-based implementation
-------------------------------------------------------------
This system uses 8 bytes per array element.
-------------------------------------------------------------
Array size = 1866240 (elements), Offset = 0 (elements)
Memory per array = 14.2 MiB (= 0.0 GiB).
Total memory required = 42.7 MiB (= 0.0 GiB).
Each kernel will be executed 5 times.
-------------------------------------------------------------
Function    Best Rate MB/s  Avg time     Min time     Max time
Copy:           12794.1     0.002614     0.002334     0.003378
Scale:          11582.5     0.002585     0.002578     0.002600
Add:            10353.9     0.004685     0.004326     0.004818
Triad:          10494.5     0.004621     0.004268     0.004749
-------------------------------------------------------------
Solution Validates: avg error less than 1.000000e-13 on all three arrays
-------------------------------------------------------------



--- run 1 ---
-------------------------------------------------------------
STREAM (dynamic) version — custom malloc-based implementation
-------------------------------------------------------------
This system uses 8 bytes per array element.
-------------------------------------------------------------
Array size = 1977216 (elements), Offset = 0 (elements)
Memory per array = 15.1 MiB (= 0.0 GiB).
Total memory required = 45.3 MiB (= 0.0 GiB).
Each kernel will be executed 5 times.
-------------------------------------------------------------
Function    Best Rate MB/s  Avg time     Min time     Max time
Copy:           13624.5     0.002855     0.002322     0.003774
Scale:          11579.4     0.002770     0.002732     0.002797
Add:            10410.8     0.004821     0.004558     0.005087
Triad:          10549.8     0.004628     0.004498     0.004997
-------------------------------------------------------------
Solution Validates: avg error less than 1.000000e-13 on all three arrays
-------------------------------------------------------------



--- run 2 ---
-------------------------------------------------------------
STREAM (dynamic) version — custom malloc-based implementation
-------------------------------------------------------------
This system uses 8 bytes per array element.
-------------------------------------------------------------
Array size = 1977216 (elements), Offset = 0 (elements)
Memory per array = 15.1 MiB (= 0.0 GiB).
Total memory required = 45.3 MiB (= 0.0 GiB).
Each kernel will be executed 5 times.
-------------------------------------------------------------
Function    Best Rate MB/s  Avg time     Min time     Max time
Copy:           13857.8     0.002401     0.002283     0.002633
Scale:          11571.4     0.002749     0.002734     0.002766
Add:            10500.8     0.004897     0.004519     0.005042
Triad:          10510.3     0.004521     0.004515     0.004531
-------------------------------------------------------------
Solution Validates: avg error less than 1.000000e-13 on all three arrays
-------------------------------------------------------------



--- run 3 ---
-------------------------------------------------------------
STREAM (dynamic) version — custom malloc-based implementation
-------------------------------------------------------------
This system uses 8 bytes per array element.
-------------------------------------------------------------
Array size = 1977216 (elements), Offset = 0 (elements)
Memory per array = 15.1 MiB (= 0.0 GiB).
Total memory required = 45.3 MiB (= 0.0 GiB).
Each kernel will be executed 5 times.
-------------------------------------------------------------
Function    Best Rate MB/s  Avg time     Min time     Max time
Copy:           13689.1     0.003312     0.002311     0.003806
Scale:          11554.2     0.002746     0.002738     0.002760
Add:            10415.1     0.004952     0.004556     0.005089
Triad:           9490.4     0.005027     0.005000     0.005057
-------------------------------------------------------------
Solution Validates: avg error less than 1.000000e-13 on all three arrays
-------------------------------------------------------------



--- run 1 ---
-------------------------------------------------------------
STREAM (dynamic) version — custom malloc-based implementation
-------------------------------------------------------------
This system uses 8 bytes per array element.
-------------------------------------------------------------
Array size = 2094805 (elements), Offset = 0 (elements)
Memory per array = 16.0 MiB (= 0.0 GiB).
Total memory required = 47.9 MiB (= 0.0 GiB).
Each kernel will be executed 5 times.
-------------------------------------------------------------
Function    Best Rate MB/s  Avg time     Min time     Max time
Copy:           13947.8     0.002716     0.002403     0.003438
Scale:          11522.0     0.002935     0.002909     0.002964
Add:            10508.8     0.005093     0.004784     0.005394
Triad:           9528.7     0.005301     0.005276     0.005343
-------------------------------------------------------------
Solution Validates: avg error less than 1.000000e-13 on all three arrays
-------------------------------------------------------------



--- run 2 ---
-------------------------------------------------------------
STREAM (dynamic) version — custom malloc-based implementation
-------------------------------------------------------------
This system uses 8 bytes per array element.
-------------------------------------------------------------
Array size = 2094805 (elements), Offset = 0 (elements)
Memory per array = 16.0 MiB (= 0.0 GiB).
Total memory required = 47.9 MiB (= 0.0 GiB).
Each kernel will be executed 5 times.
-------------------------------------------------------------
Function    Best Rate MB/s  Avg time     Min time     Max time
Copy:           12469.4     0.003383     0.002688     0.004399
Scale:          11510.7     0.002925     0.002912     0.002958
Add:            10504.6     0.005088     0.004786     0.005674
Triad:          10389.2     0.005059     0.004839     0.005453
-------------------------------------------------------------
Solution Validates: avg error less than 1.000000e-13 on all three arrays
-------------------------------------------------------------



--- run 3 ---
-------------------------------------------------------------
STREAM (dynamic) version — custom malloc-based implementation
-------------------------------------------------------------
This system uses 8 bytes per array element.
-------------------------------------------------------------
Array size = 2094805 (elements), Offset = 0 (elements)
Memory per array = 16.0 MiB (= 0.0 GiB).
Total memory required = 47.9 MiB (= 0.0 GiB).
Each kernel will be executed 5 times.
-------------------------------------------------------------
Function    Best Rate MB/s  Avg time     Min time     Max time
Copy:           13936.7     0.002764     0.002405     0.003484
Scale:          11553.3     0.002907     0.002901     0.002913
Add:            10437.0     0.004829     0.004817     0.004841
Triad:          10564.1     0.004790     0.004759     0.004829
-------------------------------------------------------------
Solution Validates: avg error less than 1.000000e-13 on all three arrays
-------------------------------------------------------------



--- run 1 ---
-------------------------------------------------------------
STREAM (dynamic) version — custom malloc-based implementation
-------------------------------------------------------------
This system uses 8 bytes per array element.
-------------------------------------------------------------
Array size = 2219349 (elements), Offset = 0 (elements)
Memory per array = 16.9 MiB (= 0.0 GiB).
Total memory required = 50.8 MiB (= 0.0 GiB).
Each kernel will be executed 5 times.
-------------------------------------------------------------
Function    Best Rate MB/s  Avg time     Min time     Max time
Copy:           13584.3     0.003251     0.002614     0.004089
Scale:          11485.0     0.003110     0.003092     0.003127
Add:             9369.5     0.005705     0.005685     0.005720
Triad:          10554.0     0.005358     0.005047     0.005694
-------------------------------------------------------------
Solution Validates: avg error less than 1.000000e-13 on all three arrays
-------------------------------------------------------------



--- run 2 ---
-------------------------------------------------------------
STREAM (dynamic) version — custom malloc-based implementation
-------------------------------------------------------------
This system uses 8 bytes per array element.
-------------------------------------------------------------
Array size = 2219349 (elements), Offset = 0 (elements)
Memory per array = 16.9 MiB (= 0.0 GiB).
Total memory required = 50.8 MiB (= 0.0 GiB).
Each kernel will be executed 5 times.
-------------------------------------------------------------
Function    Best Rate MB/s  Avg time     Min time     Max time
Copy:           13314.7     0.002883     0.002667     0.003108
Scale:          11540.2     0.003085     0.003077     0.003094
Add:            10495.0     0.005091     0.005075     0.005102
Triad:          10481.2     0.005109     0.005082     0.005135
-------------------------------------------------------------
Solution Validates: avg error less than 1.000000e-13 on all three arrays
-------------------------------------------------------------



--- run 3 ---
-------------------------------------------------------------
STREAM (dynamic) version — custom malloc-based implementation
-------------------------------------------------------------
This system uses 8 bytes per array element.
-------------------------------------------------------------
Array size = 2219349 (elements), Offset = 0 (elements)
Memory per array = 16.9 MiB (= 0.0 GiB).
Total memory required = 50.8 MiB (= 0.0 GiB).
Each kernel will be executed 5 times.
-------------------------------------------------------------
Function    Best Rate MB/s  Avg time     Min time     Max time
Copy:           13710.6     0.002608     0.002590     0.002637
Scale:          11488.6     0.003093     0.003091     0.003096
Add:            10440.1     0.005125     0.005102     0.005142
Triad:          10458.1     0.005106     0.005093     0.005118
-------------------------------------------------------------
Solution Validates: avg error less than 1.000000e-13 on all three arrays
-------------------------------------------------------------



--- run 1 ---
-------------------------------------------------------------
STREAM (dynamic) version — custom malloc-based implementation
-------------------------------------------------------------
This system uses 8 bytes per array element.
-------------------------------------------------------------
Array size = 2351317 (elements), Offset = 0 (elements)
Memory per array = 17.9 MiB (= 0.0 GiB).
Total memory required = 53.8 MiB (= 0.1 GiB).
Each kernel will be executed 5 times.
-------------------------------------------------------------
Function    Best Rate MB/s  Avg time     Min time     Max time
Copy:           13611.2     0.002826     0.002764     0.002905
Scale:          11508.6     0.003277     0.003269     0.003281
Add:            10365.7     0.005892     0.005444     0.006053
Triad:          10465.7     0.005415     0.005392     0.005477
-------------------------------------------------------------
Solution Validates: avg error less than 1.000000e-13 on all three arrays
-------------------------------------------------------------



--- run 2 ---
-------------------------------------------------------------
STREAM (dynamic) version — custom malloc-based implementation
-------------------------------------------------------------
This system uses 8 bytes per array element.
-------------------------------------------------------------
Array size = 2351317 (elements), Offset = 0 (elements)
Memory per array = 17.9 MiB (= 0.0 GiB).
Total memory required = 53.8 MiB (= 0.1 GiB).
Each kernel will be executed 5 times.
-------------------------------------------------------------
Function    Best Rate MB/s  Avg time     Min time     Max time
Copy:           13513.2     0.002874     0.002784     0.002926
Scale:          11519.5     0.003281     0.003266     0.003306
Add:            10488.8     0.005407     0.005380     0.005451
Triad:           9406.7     0.006019     0.005999     0.006041
-------------------------------------------------------------
Solution Validates: avg error less than 1.000000e-13 on all three arrays
-------------------------------------------------------------



--- run 3 ---
-------------------------------------------------------------
STREAM (dynamic) version — custom malloc-based implementation
-------------------------------------------------------------
This system uses 8 bytes per array element.
-------------------------------------------------------------
Array size = 2351317 (elements), Offset = 0 (elements)
Memory per array = 17.9 MiB (= 0.0 GiB).
Total memory required = 53.8 MiB (= 0.1 GiB).
Each kernel will be executed 5 times.
-------------------------------------------------------------
Function    Best Rate MB/s  Avg time     Min time     Max time
Copy:           13655.9     0.002811     0.002755     0.002889
Scale:          11504.4     0.003277     0.003270     0.003281
Add:            10468.0     0.005726     0.005391     0.006052
Triad:          10537.9     0.005384     0.005355     0.005406
-------------------------------------------------------------
Solution Validates: avg error less than 1.000000e-13 on all three arrays
-------------------------------------------------------------



--- run 1 ---
-------------------------------------------------------------
STREAM (dynamic) version — custom malloc-based implementation
-------------------------------------------------------------
This system uses 8 bytes per array element.
-------------------------------------------------------------
Array size = 2491136 (elements), Offset = 0 (elements)
Memory per array = 19.0 MiB (= 0.0 GiB).
Total memory required = 57.0 MiB (= 0.1 GiB).
Each kernel will be executed 5 times.
-------------------------------------------------------------
Function    Best Rate MB/s  Avg time     Min time     Max time
Copy:           13764.0     0.003007     0.002896     0.003260
Scale:          11555.8     0.003475     0.003449     0.003518
Add:            10456.0     0.005903     0.005718     0.006400
Triad:          10456.0     0.005740     0.005718     0.005765
-------------------------------------------------------------
Solution Validates: avg error less than 1.000000e-13 on all three arrays
-------------------------------------------------------------



--- run 2 ---
-------------------------------------------------------------
STREAM (dynamic) version — custom malloc-based implementation
-------------------------------------------------------------
This system uses 8 bytes per array element.
-------------------------------------------------------------
Array size = 2491136 (elements), Offset = 0 (elements)
Memory per array = 19.0 MiB (= 0.0 GiB).
Total memory required = 57.0 MiB (= 0.1 GiB).
Each kernel will be executed 5 times.
-------------------------------------------------------------
Function    Best Rate MB/s  Avg time     Min time     Max time
Copy:           13608.2     0.003129     0.002929     0.003601
Scale:          11539.8     0.003461     0.003454     0.003465
Add:            10452.1     0.005746     0.005720     0.005786
Triad:          10472.6     0.005793     0.005709     0.005937
-------------------------------------------------------------
Solution Validates: avg error less than 1.000000e-13 on all three arrays
-------------------------------------------------------------



--- run 3 ---
-------------------------------------------------------------
STREAM (dynamic) version — custom malloc-based implementation
-------------------------------------------------------------
This system uses 8 bytes per array element.
-------------------------------------------------------------
Array size = 2491136 (elements), Offset = 0 (elements)
Memory per array = 19.0 MiB (= 0.0 GiB).
Total memory required = 57.0 MiB (= 0.1 GiB).
Each kernel will be executed 5 times.
-------------------------------------------------------------
Function    Best Rate MB/s  Avg time     Min time     Max time
Copy:           12869.7     0.004039     0.003097     0.005359
Scale:          11546.2     0.003618     0.003452     0.003993
Add:             9943.1     0.006430     0.006013     0.006738
Triad:          10038.3     0.006387     0.005956     0.006922
-------------------------------------------------------------
Solution Validates: avg error less than 1.000000e-13 on all three arrays
-------------------------------------------------------------



--- run 1 ---
-------------------------------------------------------------
STREAM (dynamic) version — custom malloc-based implementation
-------------------------------------------------------------
This system uses 8 bytes per array element.
-------------------------------------------------------------
Array size = 2639274 (elements), Offset = 0 (elements)
Memory per array = 20.1 MiB (= 0.0 GiB).
Total memory required = 60.4 MiB (= 0.1 GiB).
Each kernel will be executed 5 times.
-------------------------------------------------------------
Function    Best Rate MB/s  Avg time     Min time     Max time
Copy:           12632.4     0.004088     0.003343     0.005229
Scale:          11506.4     0.003679     0.003670     0.003698
Add:             9407.5     0.006743     0.006733     0.006758
Triad:          10450.7     0.006403     0.006061     0.006758
-------------------------------------------------------------
Solution Validates: avg error less than 1.000000e-13 on all three arrays
-------------------------------------------------------------



--- run 2 ---
-------------------------------------------------------------
STREAM (dynamic) version — custom malloc-based implementation
-------------------------------------------------------------
This system uses 8 bytes per array element.
-------------------------------------------------------------
Array size = 2639274 (elements), Offset = 0 (elements)
Memory per array = 20.1 MiB (= 0.0 GiB).
Total memory required = 60.4 MiB (= 0.1 GiB).
Each kernel will be executed 5 times.
-------------------------------------------------------------
Function    Best Rate MB/s  Avg time     Min time     Max time
Copy:           13521.5     0.003436     0.003123     0.004301
Scale:          11550.7     0.003662     0.003656     0.003667
Add:            10424.9     0.006584     0.006076     0.006799
Triad:          10496.1     0.006068     0.006035     0.006115
-------------------------------------------------------------
Solution Validates: avg error less than 1.000000e-13 on all three arrays
-------------------------------------------------------------



--- run 3 ---
-------------------------------------------------------------
STREAM (dynamic) version — custom malloc-based implementation
-------------------------------------------------------------
This system uses 8 bytes per array element.
-------------------------------------------------------------
Array size = 2639274 (elements), Offset = 0 (elements)
Memory per array = 20.1 MiB (= 0.0 GiB).
Total memory required = 60.4 MiB (= 0.1 GiB).
Each kernel will be executed 5 times.
-------------------------------------------------------------
Function    Best Rate MB/s  Avg time     Min time     Max time
Copy:           13675.0     0.003204     0.003088     0.003450
Scale:          11540.9     0.003676     0.003659     0.003691
Add:            10392.7     0.006415     0.006095     0.006729
Triad:          10469.7     0.006073     0.006050     0.006098
-------------------------------------------------------------
Solution Validates: avg error less than 1.000000e-13 on all three arrays
-------------------------------------------------------------



--- run 1 ---
-------------------------------------------------------------
STREAM (dynamic) version — custom malloc-based implementation
-------------------------------------------------------------
This system uses 8 bytes per array element.
-------------------------------------------------------------
Array size = 2796202 (elements), Offset = 0 (elements)
Memory per array = 21.3 MiB (= 0.0 GiB).
Total memory required = 64.0 MiB (= 0.1 GiB).
Each kernel will be executed 5 times.
-------------------------------------------------------------
Function    Best Rate MB/s  Avg time     Min time     Max time
Copy:           13311.3     0.003683     0.003361     0.004507
Scale:          11566.2     0.003886     0.003868     0.003896
Add:            10503.6     0.006756     0.006389     0.007102
Triad:           9345.4     0.007265     0.007181     0.007469
-------------------------------------------------------------
Solution Validates: avg error less than 1.000000e-13 on all three arrays
-------------------------------------------------------------



--- run 2 ---
-------------------------------------------------------------
STREAM (dynamic) version — custom malloc-based implementation
-------------------------------------------------------------
This system uses 8 bytes per array element.
-------------------------------------------------------------
Array size = 2796202 (elements), Offset = 0 (elements)
Memory per array = 21.3 MiB (= 0.0 GiB).
Total memory required = 64.0 MiB (= 0.1 GiB).
Each kernel will be executed 5 times.
-------------------------------------------------------------
Function    Best Rate MB/s  Avg time     Min time     Max time
Copy:           13479.6     0.003754     0.003319     0.004140
Scale:          11525.0     0.003898     0.003882     0.003925
Add:             9396.3     0.007148     0.007142     0.007166
Triad:          10505.5     0.006610     0.006388     0.007198
-------------------------------------------------------------
Solution Validates: avg error less than 1.000000e-13 on all three arrays
-------------------------------------------------------------



--- run 3 ---
-------------------------------------------------------------
STREAM (dynamic) version — custom malloc-based implementation
-------------------------------------------------------------
This system uses 8 bytes per array element.
-------------------------------------------------------------
Array size = 2796202 (elements), Offset = 0 (elements)
Memory per array = 21.3 MiB (= 0.0 GiB).
Total memory required = 64.0 MiB (= 0.1 GiB).
Each kernel will be executed 5 times.
-------------------------------------------------------------
Function    Best Rate MB/s  Avg time     Min time     Max time
Copy:           13690.1     0.003596     0.003268     0.004267
Scale:          11489.0     0.004200     0.003894     0.005072
Add:             9461.3     0.007103     0.007093     0.007119
Triad:          10445.1     0.006448     0.006425     0.006474
-------------------------------------------------------------
Solution Validates: avg error less than 1.000000e-13 on all three arrays
-------------------------------------------------------------



--- run 1 ---
-------------------------------------------------------------
STREAM (dynamic) version — custom malloc-based implementation
-------------------------------------------------------------
This system uses 8 bytes per array element.
-------------------------------------------------------------
Array size = 2962474 (elements), Offset = 0 (elements)
Memory per array = 22.6 MiB (= 0.0 GiB).
Total memory required = 67.8 MiB (= 0.1 GiB).
Each kernel will be executed 5 times.
-------------------------------------------------------------
Function    Best Rate MB/s  Avg time     Min time     Max time
Copy:           13636.6     0.003961     0.003476     0.005391
Scale:          11577.5     0.004112     0.004094     0.004134
Add:            10469.8     0.006984     0.006791     0.007510
Triad:          10457.4     0.007009     0.006799     0.007602
-------------------------------------------------------------
Solution Validates: avg error less than 1.000000e-13 on all three arrays
-------------------------------------------------------------



--- run 2 ---
-------------------------------------------------------------
STREAM (dynamic) version — custom malloc-based implementation
-------------------------------------------------------------
This system uses 8 bytes per array element.
-------------------------------------------------------------
Array size = 2962474 (elements), Offset = 0 (elements)
Memory per array = 22.6 MiB (= 0.0 GiB).
Total memory required = 67.8 MiB (= 0.1 GiB).
Each kernel will be executed 5 times.
-------------------------------------------------------------
Function    Best Rate MB/s  Avg time     Min time     Max time
Copy:           11092.4     0.005147     0.004273     0.006065
Scale:          11566.7     0.004332     0.004098     0.004603
Add:             9918.9     0.007657     0.007168     0.008339
Triad:          10460.3     0.007888     0.006797     0.008543
-------------------------------------------------------------
Solution Validates: avg error less than 1.000000e-13 on all three arrays
-------------------------------------------------------------



--- run 3 ---
-------------------------------------------------------------
STREAM (dynamic) version — custom malloc-based implementation
-------------------------------------------------------------
This system uses 8 bytes per array element.
-------------------------------------------------------------
Array size = 2962474 (elements), Offset = 0 (elements)
Memory per array = 22.6 MiB (= 0.0 GiB).
Total memory required = 67.8 MiB (= 0.1 GiB).
Each kernel will be executed 5 times.
-------------------------------------------------------------
Function    Best Rate MB/s  Avg time     Min time     Max time
Copy:           13535.4     0.003586     0.003502     0.003634
Scale:          11487.8     0.004145     0.004126     0.004197
Add:            10476.1     0.006806     0.006787     0.006824
Triad:          10435.8     0.006820     0.006813     0.006828
-------------------------------------------------------------
Solution Validates: avg error less than 1.000000e-13 on all three arrays
-------------------------------------------------------------



--- run 1 ---
-------------------------------------------------------------
STREAM (dynamic) version — custom malloc-based implementation
-------------------------------------------------------------
This system uses 8 bytes per array element.
-------------------------------------------------------------
Array size = 3138645 (elements), Offset = 0 (elements)
Memory per array = 23.9 MiB (= 0.0 GiB).
Total memory required = 71.8 MiB (= 0.1 GiB).
Each kernel will be executed 5 times.
-------------------------------------------------------------
Function    Best Rate MB/s  Avg time     Min time     Max time
Copy:           13819.1     0.004002     0.003634     0.004734
Scale:          11518.1     0.004575     0.004360     0.004872
Add:            10453.5     0.007845     0.007206     0.008093
Triad:          10532.2     0.007359     0.007152     0.007952
-------------------------------------------------------------
Solution Validates: avg error less than 1.000000e-13 on all three arrays
-------------------------------------------------------------



--- run 2 ---
-------------------------------------------------------------
STREAM (dynamic) version — custom malloc-based implementation
-------------------------------------------------------------
This system uses 8 bytes per array element.
-------------------------------------------------------------
Array size = 3138645 (elements), Offset = 0 (elements)
Memory per array = 23.9 MiB (= 0.0 GiB).
Total memory required = 71.8 MiB (= 0.1 GiB).
Each kernel will be executed 5 times.
-------------------------------------------------------------
Function    Best Rate MB/s  Avg time     Min time     Max time
Copy:           13709.4     0.004066     0.003663     0.004703
Scale:          11560.4     0.004350     0.004344     0.004355
Add:            10497.3     0.007218     0.007176     0.007265
Triad:          10472.5     0.007200     0.007193     0.007212
-------------------------------------------------------------
Solution Validates: avg error less than 1.000000e-13 on all three arrays
-------------------------------------------------------------



--- run 3 ---
-------------------------------------------------------------
STREAM (dynamic) version — custom malloc-based implementation
-------------------------------------------------------------
This system uses 8 bytes per array element.
-------------------------------------------------------------
Array size = 3138645 (elements), Offset = 0 (elements)
Memory per array = 23.9 MiB (= 0.0 GiB).
Total memory required = 71.8 MiB (= 0.1 GiB).
Each kernel will be executed 5 times.
-------------------------------------------------------------
Function    Best Rate MB/s  Avg time     Min time     Max time
Copy:           13750.5     0.004296     0.003652     0.005013
Scale:          11520.6     0.004376     0.004359     0.004402
Add:            10493.1     0.007199     0.007179     0.007238
Triad:          10524.9     0.007191     0.007157     0.007223
-------------------------------------------------------------
Solution Validates: avg error less than 1.000000e-13 on all three arrays
-------------------------------------------------------------



--- run 1 ---
-------------------------------------------------------------
STREAM (dynamic) version — custom malloc-based implementation
-------------------------------------------------------------
This system uses 8 bytes per array element.
-------------------------------------------------------------
Array size = 3325269 (elements), Offset = 0 (elements)
Memory per array = 25.4 MiB (= 0.0 GiB).
Total memory required = 76.1 MiB (= 0.1 GiB).
Each kernel will be executed 5 times.
-------------------------------------------------------------
Function    Best Rate MB/s  Avg time     Min time     Max time
Copy:           13971.6     0.004211     0.003808     0.004774
Scale:          11543.3     0.004635     0.004609     0.004669
Add:            10500.8     0.008291     0.007600     0.008543
Triad:          10561.7     0.007981     0.007556     0.008405
-------------------------------------------------------------
Solution Validates: avg error less than 1.000000e-13 on all three arrays
-------------------------------------------------------------



--- run 2 ---
-------------------------------------------------------------
STREAM (dynamic) version — custom malloc-based implementation
-------------------------------------------------------------
This system uses 8 bytes per array element.
-------------------------------------------------------------
Array size = 3325269 (elements), Offset = 0 (elements)
Memory per array = 25.4 MiB (= 0.0 GiB).
Total memory required = 76.1 MiB (= 0.1 GiB).
Each kernel will be executed 5 times.
-------------------------------------------------------------
Function    Best Rate MB/s  Avg time     Min time     Max time
Copy:           13656.1     0.004223     0.003896     0.004536
Scale:          11554.1     0.004615     0.004605     0.004624
Add:            10562.1     0.007586     0.007556     0.007655
Triad:          10527.2     0.007604     0.007581     0.007624
-------------------------------------------------------------
Solution Validates: avg error less than 1.000000e-13 on all three arrays
-------------------------------------------------------------



--- run 3 ---
-------------------------------------------------------------
STREAM (dynamic) version — custom malloc-based implementation
-------------------------------------------------------------
This system uses 8 bytes per array element.
-------------------------------------------------------------
Array size = 3325269 (elements), Offset = 0 (elements)
Memory per array = 25.4 MiB (= 0.0 GiB).
Total memory required = 76.1 MiB (= 0.1 GiB).
Each kernel will be executed 5 times.
-------------------------------------------------------------
Function    Best Rate MB/s  Avg time     Min time     Max time
Copy:           13942.8     0.003972     0.003816     0.004417
Scale:          11553.5     0.004622     0.004605     0.004655
Add:            10477.4     0.007630     0.007617     0.007645
Triad:          10574.7     0.007567     0.007547     0.007582
-------------------------------------------------------------
Solution Validates: avg error less than 1.000000e-13 on all three arrays
-------------------------------------------------------------



--- run 1 ---
-------------------------------------------------------------
STREAM (dynamic) version — custom malloc-based implementation
-------------------------------------------------------------
This system uses 8 bytes per array element.
-------------------------------------------------------------
Array size = 3522986 (elements), Offset = 0 (elements)
Memory per array = 26.9 MiB (= 0.0 GiB).
Total memory required = 80.6 MiB (= 0.1 GiB).
Each kernel will be executed 5 times.
-------------------------------------------------------------
Function    Best Rate MB/s  Avg time     Min time     Max time
Copy:           14011.1     0.004299     0.004023     0.004712
Scale:          11536.2     0.004909     0.004886     0.004938
Add:            10478.5     0.008779     0.008069     0.009037
Triad:          10628.6     0.008198     0.007955     0.008864
-------------------------------------------------------------
Solution Validates: avg error less than 1.000000e-13 on all three arrays
-------------------------------------------------------------



--- run 2 ---
-------------------------------------------------------------
STREAM (dynamic) version — custom malloc-based implementation
-------------------------------------------------------------
This system uses 8 bytes per array element.
-------------------------------------------------------------
Array size = 3522986 (elements), Offset = 0 (elements)
Memory per array = 26.9 MiB (= 0.0 GiB).
Total memory required = 80.6 MiB (= 0.1 GiB).
Each kernel will be executed 5 times.
-------------------------------------------------------------
Function    Best Rate MB/s  Avg time     Min time     Max time
Copy:           13948.3     0.004728     0.004041     0.006054
Scale:          11529.5     0.004901     0.004889     0.004926
Add:            10547.7     0.008030     0.008016     0.008055
Triad:          10565.0     0.008017     0.008003     0.008044
-------------------------------------------------------------
Solution Validates: avg error less than 1.000000e-13 on all three arrays
-------------------------------------------------------------



--- run 3 ---
-------------------------------------------------------------
STREAM (dynamic) version — custom malloc-based implementation
-------------------------------------------------------------
This system uses 8 bytes per array element.
-------------------------------------------------------------
Array size = 3522986 (elements), Offset = 0 (elements)
Memory per array = 26.9 MiB (= 0.0 GiB).
Total memory required = 80.6 MiB (= 0.1 GiB).
Each kernel will be executed 5 times.
-------------------------------------------------------------
Function    Best Rate MB/s  Avg time     Min time     Max time
Copy:           13405.0     0.004920     0.004205     0.005729
Scale:          11527.2     0.004910     0.004890     0.004941
Add:             9413.5     0.008995     0.008982     0.009020
Triad:          10546.5     0.008652     0.008017     0.008871
-------------------------------------------------------------
Solution Validates: avg error less than 1.000000e-13 on all three arrays
-------------------------------------------------------------



--- run 1 ---
-------------------------------------------------------------
STREAM (dynamic) version — custom malloc-based implementation
-------------------------------------------------------------
This system uses 8 bytes per array element.
-------------------------------------------------------------
Array size = 3732480 (elements), Offset = 0 (elements)
Memory per array = 28.5 MiB (= 0.0 GiB).
Total memory required = 85.4 MiB (= 0.1 GiB).
Each kernel will be executed 5 times.
-------------------------------------------------------------
Function    Best Rate MB/s  Avg time     Min time     Max time
Copy:           13690.6     0.004633     0.004362     0.004905
Scale:          11529.2     0.005251     0.005180     0.005443
Add:            10543.7     0.008539     0.008496     0.008616
Triad:          10567.4     0.008502     0.008477     0.008525
-------------------------------------------------------------
Solution Validates: avg error less than 1.000000e-13 on all three arrays
-------------------------------------------------------------



--- run 2 ---
-------------------------------------------------------------
STREAM (dynamic) version — custom malloc-based implementation
-------------------------------------------------------------
This system uses 8 bytes per array element.
-------------------------------------------------------------
Array size = 3732480 (elements), Offset = 0 (elements)
Memory per array = 28.5 MiB (= 0.0 GiB).
Total memory required = 85.4 MiB (= 0.1 GiB).
Each kernel will be executed 5 times.
-------------------------------------------------------------
Function    Best Rate MB/s  Avg time     Min time     Max time
Copy:           13754.5     0.005015     0.004342     0.006084
Scale:          11577.7     0.005177     0.005158     0.005192
Add:             9746.4     0.009356     0.009191     0.009424
Triad:           9490.4     0.009468     0.009439     0.009486
-------------------------------------------------------------
Solution Validates: avg error less than 1.000000e-13 on all three arrays
-------------------------------------------------------------



--- run 3 ---
-------------------------------------------------------------
STREAM (dynamic) version — custom malloc-based implementation
-------------------------------------------------------------
This system uses 8 bytes per array element.
-------------------------------------------------------------
Array size = 3732480 (elements), Offset = 0 (elements)
Memory per array = 28.5 MiB (= 0.0 GiB).
Total memory required = 85.4 MiB (= 0.1 GiB).
Each kernel will be executed 5 times.
-------------------------------------------------------------
Function    Best Rate MB/s  Avg time     Min time     Max time
Copy:           14114.9     0.004261     0.004231     0.004317
Scale:          11551.0     0.005184     0.005170     0.005199
Add:            10505.3     0.008539     0.008527     0.008566
Triad:          10602.6     0.008494     0.008449     0.008575
-------------------------------------------------------------
Solution Validates: avg error less than 1.000000e-13 on all three arrays
-------------------------------------------------------------



--- run 1 ---
-------------------------------------------------------------
STREAM (dynamic) version — custom malloc-based implementation
-------------------------------------------------------------
This system uses 8 bytes per array element.
-------------------------------------------------------------
Array size = 3954432 (elements), Offset = 0 (elements)
Memory per array = 30.2 MiB (= 0.0 GiB).
Total memory required = 90.5 MiB (= 0.1 GiB).
Each kernel will be executed 5 times.
-------------------------------------------------------------
Function    Best Rate MB/s  Avg time     Min time     Max time
Copy:           12350.0     0.006242     0.005123     0.007478
Scale:          11568.8     0.005936     0.005469     0.006538
Add:            10337.2     0.010002     0.009181     0.011016
Triad:           9482.1     0.010345     0.010009     0.010903
-------------------------------------------------------------
Solution Validates: avg error less than 1.000000e-13 on all three arrays
-------------------------------------------------------------



--- run 2 ---
-------------------------------------------------------------
STREAM (dynamic) version — custom malloc-based implementation
-------------------------------------------------------------
This system uses 8 bytes per array element.
-------------------------------------------------------------
Array size = 3954432 (elements), Offset = 0 (elements)
Memory per array = 30.2 MiB (= 0.0 GiB).
Total memory required = 90.5 MiB (= 0.1 GiB).
Each kernel will be executed 5 times.
-------------------------------------------------------------
Function    Best Rate MB/s  Avg time     Min time     Max time
Copy:           13970.2     0.004556     0.004529     0.004594
Scale:          11503.6     0.005519     0.005500     0.005542
Add:            10556.8     0.009012     0.008990     0.009039
Triad:          10621.9     0.009058     0.008935     0.009397
-------------------------------------------------------------
Solution Validates: avg error less than 1.000000e-13 on all three arrays
-------------------------------------------------------------



--- run 3 ---
-------------------------------------------------------------
STREAM (dynamic) version — custom malloc-based implementation
-------------------------------------------------------------
This system uses 8 bytes per array element.
-------------------------------------------------------------
Array size = 3954432 (elements), Offset = 0 (elements)
Memory per array = 30.2 MiB (= 0.0 GiB).
Total memory required = 90.5 MiB (= 0.1 GiB).
Each kernel will be executed 5 times.
-------------------------------------------------------------
Function    Best Rate MB/s  Avg time     Min time     Max time
Copy:           14063.5     0.004895     0.004499     0.005634
Scale:          11527.1     0.005713     0.005489     0.006336
Add:            10549.8     0.009522     0.008996     0.010045
Triad:          10608.9     0.008969     0.008946     0.008984
-------------------------------------------------------------
Solution Validates: avg error less than 1.000000e-13 on all three arrays
-------------------------------------------------------------



--- run 1 ---
-------------------------------------------------------------
STREAM (dynamic) version — custom malloc-based implementation
-------------------------------------------------------------
This system uses 8 bytes per array element.
-------------------------------------------------------------
Array size = 4189568 (elements), Offset = 0 (elements)
Memory per array = 32.0 MiB (= 0.0 GiB).
Total memory required = 95.9 MiB (= 0.1 GiB).
Each kernel will be executed 5 times.
-------------------------------------------------------------
Function    Best Rate MB/s  Avg time     Min time     Max time
Copy:           14067.7     0.006242     0.004765     0.008241
Scale:          11496.0     0.007005     0.005831     0.008144
Add:             9449.2     0.010700     0.010641     0.010737
Triad:           9835.7     0.010827     0.010223     0.011586
-------------------------------------------------------------
Solution Validates: avg error less than 1.000000e-13 on all three arrays
-------------------------------------------------------------



--- run 2 ---
-------------------------------------------------------------
STREAM (dynamic) version — custom malloc-based implementation
-------------------------------------------------------------
This system uses 8 bytes per array element.
-------------------------------------------------------------
Array size = 4189568 (elements), Offset = 0 (elements)
Memory per array = 32.0 MiB (= 0.0 GiB).
Total memory required = 95.9 MiB (= 0.1 GiB).
Each kernel will be executed 5 times.
-------------------------------------------------------------
Function    Best Rate MB/s  Avg time     Min time     Max time
Copy:           13953.9     0.004951     0.004804     0.005357
Scale:          11579.3     0.005808     0.005789     0.005829
Add:            10571.9     0.009553     0.009511     0.009574
Triad:          10598.8     0.009516     0.009487     0.009553
-------------------------------------------------------------
Solution Validates: avg error less than 1.000000e-13 on all three arrays
-------------------------------------------------------------



--- run 3 ---
-------------------------------------------------------------
STREAM (dynamic) version — custom malloc-based implementation
-------------------------------------------------------------
This system uses 8 bytes per array element.
-------------------------------------------------------------
Array size = 4189568 (elements), Offset = 0 (elements)
Memory per array = 32.0 MiB (= 0.0 GiB).
Total memory required = 95.9 MiB (= 0.1 GiB).
Each kernel will be executed 5 times.
-------------------------------------------------------------
Function    Best Rate MB/s  Avg time     Min time     Max time
Copy:           13965.7     0.005355     0.004800     0.006342
Scale:          11545.1     0.005824     0.005806     0.005850
Add:            10590.0     0.009518     0.009495     0.009540
Triad:          10632.2     0.009489     0.009457     0.009535
-------------------------------------------------------------
Solution Validates: avg error less than 1.000000e-13 on all three arrays
-------------------------------------------------------------



--- run 1 ---
-------------------------------------------------------------
STREAM (dynamic) version — custom malloc-based implementation
-------------------------------------------------------------
This system uses 8 bytes per array element.
-------------------------------------------------------------
Array size = 4438698 (elements), Offset = 0 (elements)
Memory per array = 33.9 MiB (= 0.0 GiB).
Total memory required = 101.6 MiB (= 0.1 GiB).
Each kernel will be executed 5 times.
-------------------------------------------------------------
Function    Best Rate MB/s  Avg time     Min time     Max time
Copy:           13991.4     0.006670     0.005076     0.009744
Scale:          11527.3     0.006956     0.006161     0.009295
Add:            10529.6     0.011166     0.010117     0.012207
Triad:           9566.1     0.011745     0.011136     0.012187
-------------------------------------------------------------
Solution Validates: avg error less than 1.000000e-13 on all three arrays
-------------------------------------------------------------



--- run 2 ---
-------------------------------------------------------------
STREAM (dynamic) version — custom malloc-based implementation
-------------------------------------------------------------
This system uses 8 bytes per array element.
-------------------------------------------------------------
Array size = 4438698 (elements), Offset = 0 (elements)
Memory per array = 33.9 MiB (= 0.0 GiB).
Total memory required = 101.6 MiB (= 0.1 GiB).
Each kernel will be executed 5 times.
-------------------------------------------------------------
Function    Best Rate MB/s  Avg time     Min time     Max time
Copy:           13933.1     0.005697     0.005097     0.007257
Scale:          11553.6     0.006278     0.006147     0.006658
Add:            10539.1     0.010242     0.010108     0.010525
Triad:          10593.5     0.010647     0.010056     0.011236
-------------------------------------------------------------
Solution Validates: avg error less than 1.000000e-13 on all three arrays
-------------------------------------------------------------



--- run 3 ---
-------------------------------------------------------------
STREAM (dynamic) version — custom malloc-based implementation
-------------------------------------------------------------
This system uses 8 bytes per array element.
-------------------------------------------------------------
Array size = 4438698 (elements), Offset = 0 (elements)
Memory per array = 33.9 MiB (= 0.0 GiB).
Total memory required = 101.6 MiB (= 0.1 GiB).
Each kernel will be executed 5 times.
-------------------------------------------------------------
Function    Best Rate MB/s  Avg time     Min time     Max time
Copy:           13876.6     0.005726     0.005118     0.006278
Scale:          11485.9     0.006208     0.006183     0.006246
Add:            10533.8     0.010744     0.010113     0.011408
Triad:           9980.2     0.011056     0.010674     0.011200
-------------------------------------------------------------
Solution Validates: avg error less than 1.000000e-13 on all three arrays
-------------------------------------------------------------



--- run 1 ---
-------------------------------------------------------------
STREAM (dynamic) version — custom malloc-based implementation
-------------------------------------------------------------
This system uses 8 bytes per array element.
-------------------------------------------------------------
Array size = 4702634 (elements), Offset = 0 (elements)
Memory per array = 35.9 MiB (= 0.0 GiB).
Total memory required = 107.6 MiB (= 0.1 GiB).
Each kernel will be executed 5 times.
-------------------------------------------------------------
Function    Best Rate MB/s  Avg time     Min time     Max time
Copy:           13790.2     0.006333     0.005456     0.007034
Scale:          11515.7     0.006564     0.006534     0.006604
Add:            10533.2     0.010845     0.010715     0.011164
Triad:          10585.5     0.010795     0.010662     0.011164
-------------------------------------------------------------
Solution Validates: avg error less than 1.000000e-13 on all three arrays
-------------------------------------------------------------



--- run 2 ---
-------------------------------------------------------------
STREAM (dynamic) version — custom malloc-based implementation
-------------------------------------------------------------
This system uses 8 bytes per array element.
-------------------------------------------------------------
Array size = 4702634 (elements), Offset = 0 (elements)
Memory per array = 35.9 MiB (= 0.0 GiB).
Total memory required = 107.6 MiB (= 0.1 GiB).
Each kernel will be executed 5 times.
-------------------------------------------------------------
Function    Best Rate MB/s  Avg time     Min time     Max time
Copy:           13875.1     0.005863     0.005423     0.006910
Scale:          11559.6     0.006524     0.006509     0.006530
Add:            10498.8     0.010760     0.010750     0.010768
Triad:          10631.6     0.010652     0.010616     0.010673
-------------------------------------------------------------
Solution Validates: avg error less than 1.000000e-13 on all three arrays
-------------------------------------------------------------



--- run 3 ---
-------------------------------------------------------------
STREAM (dynamic) version — custom malloc-based implementation
-------------------------------------------------------------
This system uses 8 bytes per array element.
-------------------------------------------------------------
Array size = 4702634 (elements), Offset = 0 (elements)
Memory per array = 35.9 MiB (= 0.0 GiB).
Total memory required = 107.6 MiB (= 0.1 GiB).
Each kernel will be executed 5 times.
-------------------------------------------------------------
Function    Best Rate MB/s  Avg time     Min time     Max time
Copy:           14236.9     0.005739     0.005285     0.006751
Scale:          11543.9     0.006531     0.006518     0.006548
Add:            10546.8     0.010720     0.010701     0.010739
Triad:          10551.0     0.010714     0.010697     0.010730
-------------------------------------------------------------
Solution Validates: avg error less than 1.000000e-13 on all three arrays
-------------------------------------------------------------



--- run 1 ---
-------------------------------------------------------------
STREAM (dynamic) version — custom malloc-based implementation
-------------------------------------------------------------
This system uses 8 bytes per array element.
-------------------------------------------------------------
Array size = 4982272 (elements), Offset = 0 (elements)
Memory per array = 38.0 MiB (= 0.0 GiB).
Total memory required = 114.0 MiB (= 0.1 GiB).
Each kernel will be executed 5 times.
-------------------------------------------------------------
Function    Best Rate MB/s  Avg time     Min time     Max time
Copy:           14012.6     0.005921     0.005689     0.006206
Scale:          11483.1     0.006956     0.006942     0.006975
Add:            10571.5     0.011677     0.011311     0.012689
Triad:          10620.3     0.011398     0.011259     0.011645
-------------------------------------------------------------
Solution Validates: avg error less than 1.000000e-13 on all three arrays
-------------------------------------------------------------



--- run 2 ---
-------------------------------------------------------------
STREAM (dynamic) version — custom malloc-based implementation
-------------------------------------------------------------
This system uses 8 bytes per array element.
-------------------------------------------------------------
Array size = 4982272 (elements), Offset = 0 (elements)
Memory per array = 38.0 MiB (= 0.0 GiB).
Total memory required = 114.0 MiB (= 0.1 GiB).
Each kernel will be executed 5 times.
-------------------------------------------------------------
Function    Best Rate MB/s  Avg time     Min time     Max time
Copy:           14061.5     0.005787     0.005669     0.006094
Scale:          11528.3     0.006942     0.006915     0.006960
Add:            10562.3     0.011343     0.011321     0.011356
Triad:          10612.9     0.011289     0.011267     0.011310
-------------------------------------------------------------
Solution Validates: avg error less than 1.000000e-13 on all three arrays
-------------------------------------------------------------



--- run 3 ---
-------------------------------------------------------------
STREAM (dynamic) version — custom malloc-based implementation
-------------------------------------------------------------
This system uses 8 bytes per array element.
-------------------------------------------------------------
Array size = 4982272 (elements), Offset = 0 (elements)
Memory per array = 38.0 MiB (= 0.0 GiB).
Total memory required = 114.0 MiB (= 0.1 GiB).
Each kernel will be executed 5 times.
-------------------------------------------------------------
Function    Best Rate MB/s  Avg time     Min time     Max time
Copy:           13113.5     0.006684     0.006079     0.007149
Scale:          11516.4     0.006936     0.006922     0.006960
Add:             9484.0     0.012650     0.012608     0.012693
Triad:           9553.9     0.012533     0.012516     0.012565
-------------------------------------------------------------
Solution Validates: avg error less than 1.000000e-13 on all three arrays
-------------------------------------------------------------



--- run 1 ---
-------------------------------------------------------------
STREAM (dynamic) version — custom malloc-based implementation
-------------------------------------------------------------
This system uses 8 bytes per array element.
-------------------------------------------------------------
Array size = 5278506 (elements), Offset = 0 (elements)
Memory per array = 40.3 MiB (= 0.0 GiB).
Total memory required = 120.8 MiB (= 0.1 GiB).
Each kernel will be executed 5 times.
-------------------------------------------------------------
Function    Best Rate MB/s  Avg time     Min time     Max time
Copy:           14208.6     0.006529     0.005944     0.007034
Scale:          11531.4     0.007348     0.007324     0.007386
Add:            10542.9     0.012738     0.012016     0.013477
Triad:          10576.5     0.012107     0.011978     0.012364
-------------------------------------------------------------
Solution Validates: avg error less than 1.000000e-13 on all three arrays
-------------------------------------------------------------



--- run 2 ---
-------------------------------------------------------------
STREAM (dynamic) version — custom malloc-based implementation
-------------------------------------------------------------
This system uses 8 bytes per array element.
-------------------------------------------------------------
Array size = 5278506 (elements), Offset = 0 (elements)
Memory per array = 40.3 MiB (= 0.0 GiB).
Total memory required = 120.8 MiB (= 0.1 GiB).
Each kernel will be executed 5 times.
-------------------------------------------------------------
Function    Best Rate MB/s  Avg time     Min time     Max time
Copy:           13901.9     0.006382     0.006075     0.007064
Scale:          11525.4     0.007332     0.007328     0.007338
Add:            10503.5     0.012684     0.012061     0.013504
Triad:          10588.7     0.012424     0.011964     0.013360
-------------------------------------------------------------
Solution Validates: avg error less than 1.000000e-13 on all three arrays
-------------------------------------------------------------



--- run 3 ---
-------------------------------------------------------------
STREAM (dynamic) version — custom malloc-based implementation
-------------------------------------------------------------
This system uses 8 bytes per array element.
-------------------------------------------------------------
Array size = 5278506 (elements), Offset = 0 (elements)
Memory per array = 40.3 MiB (= 0.0 GiB).
Total memory required = 120.8 MiB (= 0.1 GiB).
Each kernel will be executed 5 times.
-------------------------------------------------------------
Function    Best Rate MB/s  Avg time     Min time     Max time
Copy:           12349.1     0.007339     0.006839     0.008176
Scale:          11544.2     0.007427     0.007316     0.007549
Add:            10481.8     0.013325     0.012086     0.014257
Triad:          10564.9     0.013150     0.011991     0.013926
-------------------------------------------------------------
Solution Validates: avg error less than 1.000000e-13 on all three arrays
-------------------------------------------------------------



--- run 1 ---
-------------------------------------------------------------
STREAM (dynamic) version — custom malloc-based implementation
-------------------------------------------------------------
This system uses 8 bytes per array element.
-------------------------------------------------------------
Array size = 5592405 (elements), Offset = 0 (elements)
Memory per array = 42.7 MiB (= 0.0 GiB).
Total memory required = 128.0 MiB (= 0.1 GiB).
Each kernel will be executed 5 times.
-------------------------------------------------------------
Function    Best Rate MB/s  Avg time     Min time     Max time
Copy:           14124.4     0.007638     0.006335     0.009203
Scale:          11532.4     0.007769     0.007759     0.007786
Add:            10478.4     0.013182     0.012809     0.014279
Triad:          10583.4     0.013072     0.012682     0.014100
-------------------------------------------------------------
Solution Validates: avg error less than 1.000000e-13 on all three arrays
-------------------------------------------------------------



--- run 2 ---
-------------------------------------------------------------
STREAM (dynamic) version — custom malloc-based implementation
-------------------------------------------------------------
This system uses 8 bytes per array element.
-------------------------------------------------------------
Array size = 5592405 (elements), Offset = 0 (elements)
Memory per array = 42.7 MiB (= 0.0 GiB).
Total memory required = 128.0 MiB (= 0.1 GiB).
Each kernel will be executed 5 times.
-------------------------------------------------------------
Function    Best Rate MB/s  Avg time     Min time     Max time
Copy:           13860.0     0.008926     0.006456     0.010411
Scale:          11515.8     0.007825     0.007770     0.007907
Add:            10417.3     0.013724     0.012884     0.014289
Triad:          10536.0     0.013863     0.012739     0.014316
-------------------------------------------------------------
Solution Validates: avg error less than 1.000000e-13 on all three arrays
-------------------------------------------------------------



--- run 3 ---
-------------------------------------------------------------
STREAM (dynamic) version — custom malloc-based implementation
-------------------------------------------------------------
This system uses 8 bytes per array element.
-------------------------------------------------------------
Array size = 5592405 (elements), Offset = 0 (elements)
Memory per array = 42.7 MiB (= 0.0 GiB).
Total memory required = 128.0 MiB (= 0.1 GiB).
Each kernel will be executed 5 times.
-------------------------------------------------------------
Function    Best Rate MB/s  Avg time     Min time     Max time
Copy:           14013.7     0.006454     0.006385     0.006609
Scale:          11560.5     0.007769     0.007740     0.007799
Add:            10531.1     0.012767     0.012745     0.012793
Triad:          10572.4     0.012733     0.012695     0.012774
-------------------------------------------------------------
Solution Validates: avg error less than 1.000000e-13 on all three arrays
-------------------------------------------------------------



--- run 1 ---
-------------------------------------------------------------
STREAM (dynamic) version — custom malloc-based implementation
-------------------------------------------------------------
This system uses 8 bytes per array element.
-------------------------------------------------------------
Array size = 5924949 (elements), Offset = 0 (elements)
Memory per array = 45.2 MiB (= 0.0 GiB).
Total memory required = 135.6 MiB (= 0.1 GiB).
Each kernel will be executed 5 times.
-------------------------------------------------------------
Function    Best Rate MB/s  Avg time     Min time     Max time
Copy:           14123.9     0.007667     0.006712     0.009185
Scale:          11539.8     0.008251     0.008215     0.008288
Add:            10557.5     0.013526     0.013469     0.013571
Triad:          10574.0     0.013781     0.013448     0.014616
-------------------------------------------------------------
Solution Validates: avg error less than 1.000000e-13 on all three arrays
-------------------------------------------------------------



--- run 2 ---
-------------------------------------------------------------
STREAM (dynamic) version — custom malloc-based implementation
-------------------------------------------------------------
This system uses 8 bytes per array element.
-------------------------------------------------------------
Array size = 5924949 (elements), Offset = 0 (elements)
Memory per array = 45.2 MiB (= 0.0 GiB).
Total memory required = 135.6 MiB (= 0.1 GiB).
Each kernel will be executed 5 times.
-------------------------------------------------------------
Function    Best Rate MB/s  Avg time     Min time     Max time
Copy:           13918.7     0.007665     0.006811     0.009411
Scale:          11511.8     0.008243     0.008235     0.008250
Add:            10472.8     0.013698     0.013578     0.013991
Triad:          10589.0     0.013458     0.013429     0.013483
-------------------------------------------------------------
Solution Validates: avg error less than 1.000000e-13 on all three arrays
-------------------------------------------------------------



--- run 3 ---
-------------------------------------------------------------
STREAM (dynamic) version — custom malloc-based implementation
-------------------------------------------------------------
This system uses 8 bytes per array element.
-------------------------------------------------------------
Array size = 5924949 (elements), Offset = 0 (elements)
Memory per array = 45.2 MiB (= 0.0 GiB).
Total memory required = 135.6 MiB (= 0.1 GiB).
Each kernel will be executed 5 times.
-------------------------------------------------------------
Function    Best Rate MB/s  Avg time     Min time     Max time
Copy:           14109.4     0.007108     0.006719     0.008248
Scale:          11543.9     0.008246     0.008212     0.008283
Add:            10564.6     0.013488     0.013460     0.013514
Triad:          10555.3     0.013578     0.013472     0.013884
-------------------------------------------------------------
Solution Validates: avg error less than 1.000000e-13 on all three arrays
-------------------------------------------------------------



--- run 1 ---
-------------------------------------------------------------
STREAM (dynamic) version — custom malloc-based implementation
-------------------------------------------------------------
This system uses 8 bytes per array element.
-------------------------------------------------------------
Array size = 6277248 (elements), Offset = 0 (elements)
Memory per array = 47.9 MiB (= 0.0 GiB).
Total memory required = 143.7 MiB (= 0.1 GiB).
Each kernel will be executed 5 times.
-------------------------------------------------------------
Function    Best Rate MB/s  Avg time     Min time     Max time
Copy:           14296.9     0.007062     0.007025     0.007120
Scale:          11521.8     0.009035     0.008717     0.009967
Add:             9469.0     0.015927     0.015910     0.015942
Triad:          10530.1     0.014319     0.014307     0.014333
-------------------------------------------------------------
Solution Validates: avg error less than 1.000000e-13 on all three arrays
-------------------------------------------------------------



--- run 2 ---
-------------------------------------------------------------
STREAM (dynamic) version — custom malloc-based implementation
-------------------------------------------------------------
This system uses 8 bytes per array element.
-------------------------------------------------------------
Array size = 6277248 (elements), Offset = 0 (elements)
Memory per array = 47.9 MiB (= 0.0 GiB).
Total memory required = 143.7 MiB (= 0.1 GiB).
Each kernel will be executed 5 times.
-------------------------------------------------------------
Function    Best Rate MB/s  Avg time     Min time     Max time
Copy:           14041.5     0.009150     0.007153     0.013393
Scale:          11548.3     0.009235     0.008697     0.010767
Add:             9350.5     0.016456     0.016112     0.017269
Triad:          10612.5     0.015496     0.014196     0.016888
-------------------------------------------------------------
Solution Validates: avg error less than 1.000000e-13 on all three arrays
-------------------------------------------------------------



--- run 3 ---
-------------------------------------------------------------
STREAM (dynamic) version — custom malloc-based implementation
-------------------------------------------------------------
This system uses 8 bytes per array element.
-------------------------------------------------------------
Array size = 6277248 (elements), Offset = 0 (elements)
Memory per array = 47.9 MiB (= 0.0 GiB).
Total memory required = 143.7 MiB (= 0.1 GiB).
Each kernel will be executed 5 times.
-------------------------------------------------------------
Function    Best Rate MB/s  Avg time     Min time     Max time
Copy:           14222.1     0.007174     0.007062     0.007250
Scale:          11564.2     0.008726     0.008685     0.008763
Add:            10567.1     0.014298     0.014257     0.014327
Triad:           9530.9     0.015833     0.015807     0.015855
-------------------------------------------------------------
Solution Validates: avg error less than 1.000000e-13 on all three arrays
-------------------------------------------------------------



--- run 1 ---
-------------------------------------------------------------
STREAM (dynamic) version — custom malloc-based implementation
-------------------------------------------------------------
This system uses 8 bytes per array element.
-------------------------------------------------------------
Array size = 6650538 (elements), Offset = 0 (elements)
Memory per array = 50.7 MiB (= 0.0 GiB).
Total memory required = 152.2 MiB (= 0.1 GiB).
Each kernel will be executed 5 times.
-------------------------------------------------------------
Function    Best Rate MB/s  Avg time     Min time     Max time
Copy:           12664.9     0.009799     0.008402     0.011824
Scale:          11533.5     0.009272     0.009226     0.009319
Add:            10598.5     0.015986     0.015060     0.017900
Triad:          10536.9     0.015772     0.015148     0.017499
-------------------------------------------------------------
Solution Validates: avg error less than 1.000000e-13 on all three arrays
-------------------------------------------------------------



--- run 2 ---
-------------------------------------------------------------
STREAM (dynamic) version — custom malloc-based implementation
-------------------------------------------------------------
This system uses 8 bytes per array element.
-------------------------------------------------------------
Array size = 6650538 (elements), Offset = 0 (elements)
Memory per array = 50.7 MiB (= 0.0 GiB).
Total memory required = 152.2 MiB (= 0.1 GiB).
Each kernel will be executed 5 times.
-------------------------------------------------------------
Function    Best Rate MB/s  Avg time     Min time     Max time
Copy:           14023.0     0.008772     0.007588     0.009419
Scale:          11539.7     0.009269     0.009221     0.009300
Add:            10433.0     0.016230     0.015299     0.017172
Triad:          10637.4     0.015064     0.015005     0.015132
-------------------------------------------------------------
Solution Validates: avg error less than 1.000000e-13 on all three arrays
-------------------------------------------------------------



--- run 3 ---
-------------------------------------------------------------
STREAM (dynamic) version — custom malloc-based implementation
-------------------------------------------------------------
This system uses 8 bytes per array element.
-------------------------------------------------------------
Array size = 6650538 (elements), Offset = 0 (elements)
Memory per array = 50.7 MiB (= 0.0 GiB).
Total memory required = 152.2 MiB (= 0.1 GiB).
Each kernel will be executed 5 times.
-------------------------------------------------------------
Function    Best Rate MB/s  Avg time     Min time     Max time
Copy:           14334.7     0.008054     0.007423     0.009110
Scale:          11523.6     0.009245     0.009234     0.009260
Add:            10588.6     0.015117     0.015074     0.015149
Triad:          10539.8     0.015448     0.015144     0.015913
-------------------------------------------------------------
Solution Validates: avg error less than 1.000000e-13 on all three arrays
-------------------------------------------------------------



--- run 1 ---
-------------------------------------------------------------
STREAM (dynamic) version — custom malloc-based implementation
-------------------------------------------------------------
This system uses 8 bytes per array element.
-------------------------------------------------------------
Array size = 7045973 (elements), Offset = 0 (elements)
Memory per array = 53.8 MiB (= 0.1 GiB).
Total memory required = 161.3 MiB (= 0.2 GiB).
Each kernel will be executed 5 times.
-------------------------------------------------------------
Function    Best Rate MB/s  Avg time     Min time     Max time
Copy:           13584.1     0.009637     0.008299     0.010355
Scale:          11550.6     0.009802     0.009760     0.009858
Add:            10592.8     0.016439     0.015964     0.017788
Triad:          10524.9     0.016592     0.016067     0.017784
-------------------------------------------------------------
Solution Validates: avg error less than 1.000000e-13 on all three arrays
-------------------------------------------------------------



--- run 2 ---
-------------------------------------------------------------
STREAM (dynamic) version — custom malloc-based implementation
-------------------------------------------------------------
This system uses 8 bytes per array element.
-------------------------------------------------------------
Array size = 7045973 (elements), Offset = 0 (elements)
Memory per array = 53.8 MiB (= 0.1 GiB).
Total memory required = 161.3 MiB (= 0.2 GiB).
Each kernel will be executed 5 times.
-------------------------------------------------------------
Function    Best Rate MB/s  Avg time     Min time     Max time
Copy:           11581.4     0.011464     0.009734     0.013964
Scale:          11509.6     0.009849     0.009795     0.009937
Add:             9917.5     0.018163     0.017051     0.019085
Triad:           9916.3     0.017733     0.017053     0.018568
-------------------------------------------------------------
Solution Validates: avg error less than 1.000000e-13 on all three arrays
-------------------------------------------------------------



--- run 3 ---
-------------------------------------------------------------
STREAM (dynamic) version — custom malloc-based implementation
-------------------------------------------------------------
This system uses 8 bytes per array element.
-------------------------------------------------------------
Array size = 7045973 (elements), Offset = 0 (elements)
Memory per array = 53.8 MiB (= 0.1 GiB).
Total memory required = 161.3 MiB (= 0.2 GiB).
Each kernel will be executed 5 times.
-------------------------------------------------------------
Function    Best Rate MB/s  Avg time     Min time     Max time
Copy:           14359.6     0.008874     0.007851     0.009760
Scale:          11537.9     0.009840     0.009771     0.010017
Add:            10576.8     0.016743     0.015988     0.017865
Triad:          10539.4     0.016053     0.016045     0.016068
-------------------------------------------------------------
Solution Validates: avg error less than 1.000000e-13 on all three arrays
-------------------------------------------------------------



--- run 1 ---
-------------------------------------------------------------
STREAM (dynamic) version — custom malloc-based implementation
-------------------------------------------------------------
This system uses 8 bytes per array element.
-------------------------------------------------------------
Array size = 7464960 (elements), Offset = 0 (elements)
Memory per array = 57.0 MiB (= 0.1 GiB).
Total memory required = 170.9 MiB (= 0.2 GiB).
Each kernel will be executed 5 times.
-------------------------------------------------------------
Function    Best Rate MB/s  Avg time     Min time     Max time
Copy:           14381.9     0.008412     0.008305     0.008720
Scale:          11556.6     0.010374     0.010335     0.010406
Add:            10614.9     0.016889     0.016878     0.016912
Triad:          10530.2     0.017341     0.017014     0.018201
-------------------------------------------------------------
Solution Validates: avg error less than 1.000000e-13 on all three arrays
-------------------------------------------------------------



--- run 2 ---
-------------------------------------------------------------
STREAM (dynamic) version — custom malloc-based implementation
-------------------------------------------------------------
This system uses 8 bytes per array element.
-------------------------------------------------------------
Array size = 7464960 (elements), Offset = 0 (elements)
Memory per array = 57.0 MiB (= 0.1 GiB).
Total memory required = 170.9 MiB (= 0.2 GiB).
Each kernel will be executed 5 times.
-------------------------------------------------------------
Function    Best Rate MB/s  Avg time     Min time     Max time
Copy:           14148.4     0.008991     0.008442     0.009606
Scale:          11554.4     0.010365     0.010337     0.010393
Add:            10436.9     0.017206     0.017166     0.017251
Triad:          10645.2     0.016858     0.016830     0.016894
-------------------------------------------------------------
Solution Validates: avg error less than 1.000000e-13 on all three arrays
-------------------------------------------------------------



--- run 3 ---
-------------------------------------------------------------
STREAM (dynamic) version — custom malloc-based implementation
-------------------------------------------------------------
This system uses 8 bytes per array element.
-------------------------------------------------------------
Array size = 7464960 (elements), Offset = 0 (elements)
Memory per array = 57.0 MiB (= 0.1 GiB).
Total memory required = 170.9 MiB (= 0.2 GiB).
Each kernel will be executed 5 times.
-------------------------------------------------------------
Function    Best Rate MB/s  Avg time     Min time     Max time
Copy:           14386.9     0.009167     0.008302     0.011299
Scale:          11545.6     0.010361     0.010345     0.010378
Add:            10591.7     0.016955     0.016915     0.016982
Triad:          10525.8     0.017053     0.017021     0.017110
-------------------------------------------------------------
Solution Validates: avg error less than 1.000000e-13 on all three arrays
-------------------------------------------------------------



--- run 1 ---
-------------------------------------------------------------
STREAM (dynamic) version — custom malloc-based implementation
-------------------------------------------------------------
This system uses 8 bytes per array element.
-------------------------------------------------------------
Array size = 7908864 (elements), Offset = 0 (elements)
Memory per array = 60.3 MiB (= 0.1 GiB).
Total memory required = 181.0 MiB (= 0.2 GiB).
Each kernel will be executed 5 times.
-------------------------------------------------------------
Function    Best Rate MB/s  Avg time     Min time     Max time
Copy:           12524.0     0.011413     0.010104     0.013801
Scale:          11521.6     0.011047     0.010983     0.011199
Add:            10611.3     0.018989     0.017888     0.020106
Triad:          10532.8     0.019238     0.018021     0.020871
-------------------------------------------------------------
Solution Validates: avg error less than 1.000000e-13 on all three arrays
-------------------------------------------------------------



--- run 2 ---
-------------------------------------------------------------
STREAM (dynamic) version — custom malloc-based implementation
-------------------------------------------------------------
This system uses 8 bytes per array element.
-------------------------------------------------------------
Array size = 7908864 (elements), Offset = 0 (elements)
Memory per array = 60.3 MiB (= 0.1 GiB).
Total memory required = 181.0 MiB (= 0.2 GiB).
Each kernel will be executed 5 times.
-------------------------------------------------------------
Function    Best Rate MB/s  Avg time     Min time     Max time
Copy:           10344.3     0.012915     0.012233     0.013827
Scale:          11515.4     0.011416     0.010989     0.012594
Add:            10401.9     0.019847     0.018248     0.020562
Triad:          10644.5     0.019440     0.017832     0.020032
-------------------------------------------------------------
Solution Validates: avg error less than 1.000000e-13 on all three arrays
-------------------------------------------------------------



--- run 3 ---
-------------------------------------------------------------
STREAM (dynamic) version — custom malloc-based implementation
-------------------------------------------------------------
This system uses 8 bytes per array element.
-------------------------------------------------------------
Array size = 7908864 (elements), Offset = 0 (elements)
Memory per array = 60.3 MiB (= 0.1 GiB).
Total memory required = 181.0 MiB (= 0.2 GiB).
Each kernel will be executed 5 times.
-------------------------------------------------------------
Function    Best Rate MB/s  Avg time     Min time     Max time
Copy:           13041.6     0.010194     0.009703     0.010819
Scale:          11547.9     0.011007     0.010958     0.011068
Add:            10263.5     0.019505     0.018494     0.020150
Triad:          10329.3     0.019987     0.018376     0.020895
-------------------------------------------------------------
Solution Validates: avg error less than 1.000000e-13 on all three arrays
-------------------------------------------------------------



--- run 1 ---
-------------------------------------------------------------
STREAM (dynamic) version — custom malloc-based implementation
-------------------------------------------------------------
This system uses 8 bytes per array element.
-------------------------------------------------------------
Array size = 8379136 (elements), Offset = 0 (elements)
Memory per array = 63.9 MiB (= 0.1 GiB).
Total memory required = 191.8 MiB (= 0.2 GiB).
Each kernel will be executed 5 times.
-------------------------------------------------------------
Function    Best Rate MB/s  Avg time     Min time     Max time
Copy:           12947.0     0.010872     0.010355     0.012119
Scale:          11502.8     0.011695     0.011655     0.011781
Add:             9494.4     0.021556     0.021181     0.021876
Triad:           9479.6     0.021647     0.021214     0.021958
-------------------------------------------------------------
Solution Validates: avg error less than 1.000000e-13 on all three arrays
-------------------------------------------------------------



--- run 2 ---
-------------------------------------------------------------
STREAM (dynamic) version — custom malloc-based implementation
-------------------------------------------------------------
This system uses 8 bytes per array element.
-------------------------------------------------------------
Array size = 8379136 (elements), Offset = 0 (elements)
Memory per array = 63.9 MiB (= 0.1 GiB).
Total memory required = 191.8 MiB (= 0.2 GiB).
Each kernel will be executed 5 times.
-------------------------------------------------------------
Function    Best Rate MB/s  Avg time     Min time     Max time
Copy:           13756.3     0.011363     0.009746     0.012775
Scale:          11506.8     0.011664     0.011651     0.011678
Add:            10398.2     0.020595     0.019340     0.021880
Triad:          10622.3     0.018968     0.018932     0.018992
-------------------------------------------------------------
Solution Validates: avg error less than 1.000000e-13 on all three arrays
-------------------------------------------------------------



--- run 3 ---
-------------------------------------------------------------
STREAM (dynamic) version — custom malloc-based implementation
-------------------------------------------------------------
This system uses 8 bytes per array element.
-------------------------------------------------------------
Array size = 8379136 (elements), Offset = 0 (elements)
Memory per array = 63.9 MiB (= 0.1 GiB).
Total memory required = 191.8 MiB (= 0.2 GiB).
Each kernel will be executed 5 times.
-------------------------------------------------------------
Function    Best Rate MB/s  Avg time     Min time     Max time
Copy:           14400.2     0.010375     0.009310     0.012714
Scale:          11513.6     0.011662     0.011644     0.011674
Add:            10048.9     0.021002     0.020012     0.021506
Triad:          10466.3     0.020718     0.019214     0.022216
-------------------------------------------------------------
Solution Validates: avg error less than 1.000000e-13 on all three arrays
-------------------------------------------------------------



--- run 1 ---
-------------------------------------------------------------
STREAM (dynamic) version — custom malloc-based implementation
-------------------------------------------------------------
This system uses 8 bytes per array element.
-------------------------------------------------------------
Array size = 8877397 (elements), Offset = 0 (elements)
Memory per array = 67.7 MiB (= 0.1 GiB).
Total memory required = 203.2 MiB (= 0.2 GiB).
Each kernel will be executed 5 times.
-------------------------------------------------------------
Function    Best Rate MB/s  Avg time     Min time     Max time
Copy:           14246.6     0.010864     0.009970     0.012047
Scale:          11539.5     0.012338     0.012309     0.012375
Add:            10608.7     0.021292     0.020083     0.023022
Triad:          10349.1     0.022191     0.020587     0.023270
-------------------------------------------------------------
Solution Validates: avg error less than 1.000000e-13 on all three arrays
-------------------------------------------------------------



--- run 2 ---
-------------------------------------------------------------
STREAM (dynamic) version — custom malloc-based implementation
-------------------------------------------------------------
This system uses 8 bytes per array element.
-------------------------------------------------------------
Array size = 8877397 (elements), Offset = 0 (elements)
Memory per array = 67.7 MiB (= 0.1 GiB).
Total memory required = 203.2 MiB (= 0.2 GiB).
Each kernel will be executed 5 times.
-------------------------------------------------------------
Function    Best Rate MB/s  Avg time     Min time     Max time
Copy:           13305.8     0.012178     0.010675     0.014447
Scale:          11563.7     0.012324     0.012283     0.012359
Add:            10394.0     0.020525     0.020498     0.020576
Triad:          10611.0     0.020105     0.020079     0.020129
-------------------------------------------------------------
Solution Validates: avg error less than 1.000000e-13 on all three arrays
-------------------------------------------------------------



--- run 3 ---
-------------------------------------------------------------
STREAM (dynamic) version — custom malloc-based implementation
-------------------------------------------------------------
This system uses 8 bytes per array element.
-------------------------------------------------------------
Array size = 8877397 (elements), Offset = 0 (elements)
Memory per array = 67.7 MiB (= 0.1 GiB).
Total memory required = 203.2 MiB (= 0.2 GiB).
Each kernel will be executed 5 times.
-------------------------------------------------------------
Function    Best Rate MB/s  Avg time     Min time     Max time
Copy:           13548.1     0.011373     0.010484     0.012644
Scale:          11548.9     0.012337     0.012299     0.012395
Add:            10572.0     0.020727     0.020153     0.021160
Triad:          10353.7     0.021083     0.020578     0.021947
-------------------------------------------------------------
Solution Validates: avg error less than 1.000000e-13 on all three arrays
-------------------------------------------------------------



--- run 1 ---
-------------------------------------------------------------
STREAM (dynamic) version — custom malloc-based implementation
-------------------------------------------------------------
This system uses 8 bytes per array element.
-------------------------------------------------------------
Array size = 9405269 (elements), Offset = 0 (elements)
Memory per array = 71.8 MiB (= 0.1 GiB).
Total memory required = 215.3 MiB (= 0.2 GiB).
Each kernel will be executed 5 times.
-------------------------------------------------------------
Function    Best Rate MB/s  Avg time     Min time     Max time
Copy:           14088.8     0.012943     0.010681     0.014847
Scale:          11538.5     0.013432     0.013042     0.014214
Add:            10564.8     0.022915     0.021366     0.024420
Triad:          10445.5     0.023107     0.021610     0.023841
-------------------------------------------------------------
Solution Validates: avg error less than 1.000000e-13 on all three arrays
-------------------------------------------------------------



--- run 2 ---
-------------------------------------------------------------
STREAM (dynamic) version — custom malloc-based implementation
-------------------------------------------------------------
This system uses 8 bytes per array element.
-------------------------------------------------------------
Array size = 9405269 (elements), Offset = 0 (elements)
Memory per array = 71.8 MiB (= 0.1 GiB).
Total memory required = 215.3 MiB (= 0.2 GiB).
Each kernel will be executed 5 times.
-------------------------------------------------------------
Function    Best Rate MB/s  Avg time     Min time     Max time
Copy:           12141.8     0.013411     0.012394     0.014183
Scale:          11559.6     0.013261     0.013018     0.013620
Add:             9176.3     0.024617     0.024599     0.024642
Triad:           9567.9     0.023630     0.023592     0.023656
-------------------------------------------------------------
Solution Validates: avg error less than 1.000000e-13 on all three arrays
-------------------------------------------------------------



--- run 3 ---
-------------------------------------------------------------
STREAM (dynamic) version — custom malloc-based implementation
-------------------------------------------------------------
This system uses 8 bytes per array element.
-------------------------------------------------------------
Array size = 9405269 (elements), Offset = 0 (elements)
Memory per array = 71.8 MiB (= 0.1 GiB).
Total memory required = 215.3 MiB (= 0.2 GiB).
Each kernel will be executed 5 times.
-------------------------------------------------------------
Function    Best Rate MB/s  Avg time     Min time     Max time
Copy:           13851.6     0.011627     0.010864     0.012993
Scale:          11543.7     0.013071     0.013036     0.013104
Add:            10599.0     0.022780     0.021297     0.023731
Triad:          10464.4     0.022904     0.021571     0.024399
-------------------------------------------------------------
Solution Validates: avg error less than 1.000000e-13 on all three arrays
-------------------------------------------------------------



--- run 1 ---
-------------------------------------------------------------
STREAM (dynamic) version — custom malloc-based implementation
-------------------------------------------------------------
This system uses 8 bytes per array element.
-------------------------------------------------------------
Array size = 9964544 (elements), Offset = 0 (elements)
Memory per array = 76.0 MiB (= 0.1 GiB).
Total memory required = 228.1 MiB (= 0.2 GiB).
Each kernel will be executed 5 times.
-------------------------------------------------------------
Function    Best Rate MB/s  Avg time     Min time     Max time
Copy:           13008.6     0.013292     0.012256     0.014643
Scale:          11545.6     0.013880     0.013809     0.013984
Add:            10541.7     0.024514     0.022686     0.025138
Triad:          10422.6     0.024714     0.022945     0.025314
-------------------------------------------------------------
Solution Validates: avg error less than 1.000000e-13 on all three arrays
-------------------------------------------------------------



--- run 2 ---
-------------------------------------------------------------
STREAM (dynamic) version — custom malloc-based implementation
-------------------------------------------------------------
This system uses 8 bytes per array element.
-------------------------------------------------------------
Array size = 9964544 (elements), Offset = 0 (elements)
Memory per array = 76.0 MiB (= 0.1 GiB).
Total memory required = 228.1 MiB (= 0.2 GiB).
Each kernel will be executed 5 times.
-------------------------------------------------------------
Function    Best Rate MB/s  Avg time     Min time     Max time
Copy:           13512.3     0.012536     0.011799     0.013286
Scale:          11570.6     0.013811     0.013779     0.013842
Add:            10352.4     0.023413     0.023101     0.024272
Triad:          10598.2     0.022978     0.022565     0.024156
-------------------------------------------------------------
Solution Validates: avg error less than 1.000000e-13 on all three arrays
-------------------------------------------------------------



--- run 3 ---
-------------------------------------------------------------
STREAM (dynamic) version — custom malloc-based implementation
-------------------------------------------------------------
This system uses 8 bytes per array element.
-------------------------------------------------------------
Array size = 9964544 (elements), Offset = 0 (elements)
Memory per array = 76.0 MiB (= 0.1 GiB).
Total memory required = 228.1 MiB (= 0.2 GiB).
Each kernel will be executed 5 times.
-------------------------------------------------------------
Function    Best Rate MB/s  Avg time     Min time     Max time
Copy:           14261.8     0.011713     0.011179     0.012761
Scale:          11544.0     0.013842     0.013811     0.013861
Add:            10546.2     0.022789     0.022676     0.023084
Triad:          10465.6     0.022962     0.022851     0.023258
-------------------------------------------------------------
Solution Validates: avg error less than 1.000000e-13 on all three arrays
-------------------------------------------------------------



--- run 1 ---
-------------------------------------------------------------
STREAM (dynamic) version — custom malloc-based implementation
-------------------------------------------------------------
This system uses 8 bytes per array element.
-------------------------------------------------------------
Array size = 10557056 (elements), Offset = 0 (elements)
Memory per array = 80.5 MiB (= 0.1 GiB).
Total memory required = 241.6 MiB (= 0.2 GiB).
Each kernel will be executed 5 times.
-------------------------------------------------------------
Function    Best Rate MB/s  Avg time     Min time     Max time
Copy:           14176.5     0.012593     0.011915     0.014328
Scale:          11544.1     0.014655     0.014632     0.014696
Add:            10610.5     0.024592     0.023879     0.026589
Triad:          10485.8     0.025288     0.024163     0.026650
-------------------------------------------------------------
Solution Validates: avg error less than 1.000000e-13 on all three arrays
-------------------------------------------------------------



--- run 2 ---
-------------------------------------------------------------
STREAM (dynamic) version — custom malloc-based implementation
-------------------------------------------------------------
This system uses 8 bytes per array element.
-------------------------------------------------------------
Array size = 10557056 (elements), Offset = 0 (elements)
Memory per array = 80.5 MiB (= 0.1 GiB).
Total memory required = 241.6 MiB (= 0.2 GiB).
Each kernel will be executed 5 times.
-------------------------------------------------------------
Function    Best Rate MB/s  Avg time     Min time     Max time
Copy:           13920.8     0.012760     0.012134     0.014021
Scale:          11551.2     0.014631     0.014623     0.014647
Add:            10381.0     0.024454     0.024407     0.024477
Triad:          10640.0     0.023854     0.023813     0.023895
-------------------------------------------------------------
Solution Validates: avg error less than 1.000000e-13 on all three arrays
-------------------------------------------------------------



--- run 3 ---
-------------------------------------------------------------
STREAM (dynamic) version — custom malloc-based implementation
-------------------------------------------------------------
This system uses 8 bytes per array element.
-------------------------------------------------------------
Array size = 10557056 (elements), Offset = 0 (elements)
Memory per array = 80.5 MiB (= 0.1 GiB).
Total memory required = 241.6 MiB (= 0.2 GiB).
Each kernel will be executed 5 times.
-------------------------------------------------------------
Function    Best Rate MB/s  Avg time     Min time     Max time
Copy:           14035.0     0.012655     0.012035     0.014490
Scale:          11569.3     0.014656     0.014600     0.014723
Add:            10557.5     0.025444     0.023999     0.026823
Triad:          10492.4     0.025717     0.024148     0.027769
-------------------------------------------------------------
Solution Validates: avg error less than 1.000000e-13 on all three arrays
-------------------------------------------------------------



--- run 1 ---
-------------------------------------------------------------
STREAM (dynamic) version — custom malloc-based implementation
-------------------------------------------------------------
This system uses 8 bytes per array element.
-------------------------------------------------------------
Array size = 11184810 (elements), Offset = 0 (elements)
Memory per array = 85.3 MiB (= 0.1 GiB).
Total memory required = 256.0 MiB (= 0.2 GiB).
Each kernel will be executed 5 times.
-------------------------------------------------------------
Function    Best Rate MB/s  Avg time     Min time     Max time
Copy:           14017.1     0.013884     0.012767     0.015571
Scale:          11540.4     0.016200     0.015507     0.017000
Add:            10581.3     0.026244     0.025369     0.028371
Triad:          10460.4     0.026715     0.025662     0.029423
-------------------------------------------------------------
Solution Validates: avg error less than 1.000000e-13 on all three arrays
-------------------------------------------------------------



--- run 2 ---
-------------------------------------------------------------
STREAM (dynamic) version — custom malloc-based implementation
-------------------------------------------------------------
This system uses 8 bytes per array element.
-------------------------------------------------------------
Array size = 11184810 (elements), Offset = 0 (elements)
Memory per array = 85.3 MiB (= 0.1 GiB).
Total memory required = 256.0 MiB (= 0.2 GiB).
Each kernel will be executed 5 times.
-------------------------------------------------------------
Function    Best Rate MB/s  Avg time     Min time     Max time
Copy:           13679.6     0.014420     0.013082     0.015150
Scale:          11542.5     0.015526     0.015504     0.015548
Add:            10349.9     0.025953     0.025936     0.025970
Triad:          10587.5     0.025493     0.025354     0.025770
-------------------------------------------------------------
Solution Validates: avg error less than 1.000000e-13 on all three arrays
-------------------------------------------------------------



--- run 3 ---
-------------------------------------------------------------
STREAM (dynamic) version — custom malloc-based implementation
-------------------------------------------------------------
This system uses 8 bytes per array element.
-------------------------------------------------------------
Array size = 11184810 (elements), Offset = 0 (elements)
Memory per array = 85.3 MiB (= 0.1 GiB).
Total memory required = 256.0 MiB (= 0.2 GiB).
Each kernel will be executed 5 times.
-------------------------------------------------------------
Function    Best Rate MB/s  Avg time     Min time     Max time
Copy:           14142.2     0.014707     0.012654     0.017783
Scale:          11527.8     0.015548     0.015524     0.015588
Add:            10550.5     0.026710     0.025443     0.028377
Triad:          10449.9     0.027742     0.025688     0.028442
-------------------------------------------------------------
Solution Validates: avg error less than 1.000000e-13 on all three arrays
-------------------------------------------------------------



--- run 1 ---
-------------------------------------------------------------
STREAM (dynamic) version — custom malloc-based implementation
-------------------------------------------------------------
This system uses 8 bytes per array element.
-------------------------------------------------------------
Array size = 11849898 (elements), Offset = 0 (elements)
Memory per array = 90.4 MiB (= 0.1 GiB).
Total memory required = 271.2 MiB (= 0.3 GiB).
Each kernel will be executed 5 times.
-------------------------------------------------------------
Function    Best Rate MB/s  Avg time     Min time     Max time
Copy:           13816.2     0.014574     0.013723     0.016300
Scale:          11516.6     0.016476     0.016463     0.016502
Add:            10556.3     0.027708     0.026941     0.029942
Triad:          10455.1     0.028688     0.027202     0.030184
-------------------------------------------------------------
Solution Validates: avg error less than 1.000000e-13 on all three arrays
-------------------------------------------------------------



--- run 2 ---
-------------------------------------------------------------
STREAM (dynamic) version — custom malloc-based implementation
-------------------------------------------------------------
This system uses 8 bytes per array element.
-------------------------------------------------------------
Array size = 11849898 (elements), Offset = 0 (elements)
Memory per array = 90.4 MiB (= 0.1 GiB).
Total memory required = 271.2 MiB (= 0.3 GiB).
Each kernel will be executed 5 times.
-------------------------------------------------------------
Function    Best Rate MB/s  Avg time     Min time     Max time
Copy:           13786.0     0.015335     0.013753     0.018400
Scale:          11558.6     0.016856     0.016403     0.018084
Add:            10340.6     0.029530     0.027503     0.031017
Triad:          10581.5     0.028439     0.026877     0.029977
-------------------------------------------------------------
Solution Validates: avg error less than 1.000000e-13 on all three arrays
-------------------------------------------------------------



--- run 3 ---
-------------------------------------------------------------
STREAM (dynamic) version — custom malloc-based implementation
-------------------------------------------------------------
This system uses 8 bytes per array element.
-------------------------------------------------------------
Array size = 11849898 (elements), Offset = 0 (elements)
Memory per array = 90.4 MiB (= 0.1 GiB).
Total memory required = 271.2 MiB (= 0.3 GiB).
Each kernel will be executed 5 times.
-------------------------------------------------------------
Function    Best Rate MB/s  Avg time     Min time     Max time
Copy:           12428.6     0.016681     0.015255     0.017760
Scale:          11508.3     0.016490     0.016475     0.016507
Add:            10557.9     0.028984     0.026937     0.030118
Triad:          10433.9     0.030379     0.027257     0.031962
-------------------------------------------------------------
Solution Validates: avg error less than 1.000000e-13 on all three arrays
-------------------------------------------------------------



--- run 1 ---
-------------------------------------------------------------
STREAM (dynamic) version — custom malloc-based implementation
-------------------------------------------------------------
This system uses 8 bytes per array element.
-------------------------------------------------------------
Array size = 12554538 (elements), Offset = 0 (elements)
Memory per array = 95.8 MiB (= 0.1 GiB).
Total memory required = 287.4 MiB (= 0.3 GiB).
Each kernel will be executed 5 times.
-------------------------------------------------------------
Function    Best Rate MB/s  Avg time     Min time     Max time
Copy:           14018.6     0.015873     0.014329     0.017528
Scale:          11533.0     0.017478     0.017417     0.017534
Add:            10546.0     0.030522     0.028571     0.031633
Triad:          10438.6     0.030895     0.028865     0.032416
-------------------------------------------------------------
Solution Validates: avg error less than 1.000000e-13 on all three arrays
-------------------------------------------------------------



--- run 2 ---
-------------------------------------------------------------
STREAM (dynamic) version — custom malloc-based implementation
-------------------------------------------------------------
This system uses 8 bytes per array element.
-------------------------------------------------------------
Array size = 12554538 (elements), Offset = 0 (elements)
Memory per array = 95.8 MiB (= 0.1 GiB).
Total memory required = 287.4 MiB (= 0.3 GiB).
Each kernel will be executed 5 times.
-------------------------------------------------------------
Function    Best Rate MB/s  Avg time     Min time     Max time
Copy:           13711.3     0.015662     0.014650     0.017846
Scale:          11546.4     0.017415     0.017397     0.017434
Add:            10365.3     0.029141     0.029069     0.029262
Triad:          10602.4     0.029333     0.028419     0.031844
-------------------------------------------------------------
Solution Validates: avg error less than 1.000000e-13 on all three arrays
-------------------------------------------------------------



--- run 3 ---
-------------------------------------------------------------
STREAM (dynamic) version — custom malloc-based implementation
-------------------------------------------------------------
This system uses 8 bytes per array element.
-------------------------------------------------------------
Array size = 12554538 (elements), Offset = 0 (elements)
Memory per array = 95.8 MiB (= 0.1 GiB).
Total memory required = 287.4 MiB (= 0.3 GiB).
Each kernel will be executed 5 times.
-------------------------------------------------------------
Function    Best Rate MB/s  Avg time     Min time     Max time
Copy:           13117.0     0.016096     0.015314     0.016749
Scale:          11505.4     0.017503     0.017459     0.017581
Add:            10177.0     0.030921     0.029607     0.031629
Triad:          10444.4     0.030431     0.028849     0.032147
-------------------------------------------------------------
Solution Validates: avg error less than 1.000000e-13 on all three arrays
-------------------------------------------------------------



--- run 1 ---
-------------------------------------------------------------
STREAM (dynamic) version — custom malloc-based implementation
-------------------------------------------------------------
This system uses 8 bytes per array element.
-------------------------------------------------------------
Array size = 13301077 (elements), Offset = 0 (elements)
Memory per array = 101.5 MiB (= 0.1 GiB).
Total memory required = 304.4 MiB (= 0.3 GiB).
Each kernel will be executed 5 times.
-------------------------------------------------------------
Function    Best Rate MB/s  Avg time     Min time     Max time
Copy:           14015.7     0.017158     0.015184     0.020147
Scale:          11503.0     0.018519     0.018501     0.018544
Add:            10542.8     0.032830     0.030279     0.033726
Triad:          10418.6     0.033079     0.030640     0.033894
-------------------------------------------------------------
Solution Validates: avg error less than 1.000000e-13 on all three arrays
-------------------------------------------------------------



--- run 2 ---
-------------------------------------------------------------
STREAM (dynamic) version — custom malloc-based implementation
-------------------------------------------------------------
This system uses 8 bytes per array element.
-------------------------------------------------------------
Array size = 13301077 (elements), Offset = 0 (elements)
Memory per array = 101.5 MiB (= 0.1 GiB).
Total memory required = 304.4 MiB (= 0.3 GiB).
Each kernel will be executed 5 times.
-------------------------------------------------------------
Function    Best Rate MB/s  Avg time     Min time     Max time
Copy:           13467.0     0.016916     0.015803     0.018417
Scale:          11536.6     0.018546     0.018447     0.018755
Add:            10355.1     0.031925     0.030828     0.035127
Triad:          10579.5     0.030604     0.030174     0.031814
-------------------------------------------------------------
Solution Validates: avg error less than 1.000000e-13 on all three arrays
-------------------------------------------------------------



--- run 3 ---
-------------------------------------------------------------
STREAM (dynamic) version — custom malloc-based implementation
-------------------------------------------------------------
This system uses 8 bytes per array element.
-------------------------------------------------------------
Array size = 13301077 (elements), Offset = 0 (elements)
Memory per array = 101.5 MiB (= 0.1 GiB).
Total memory required = 304.4 MiB (= 0.3 GiB).
Each kernel will be executed 5 times.
-------------------------------------------------------------
Function    Best Rate MB/s  Avg time     Min time     Max time
Copy:           13773.7     0.019247     0.015451     0.023235
Scale:          11526.0     0.018551     0.018464     0.018670
Add:            10570.0     0.030926     0.030201     0.032423
Triad:          10420.7     0.032823     0.030634     0.035411
-------------------------------------------------------------
Solution Validates: avg error less than 1.000000e-13 on all three arrays
-------------------------------------------------------------



--- run 1 ---
-------------------------------------------------------------
STREAM (dynamic) version — custom malloc-based implementation
-------------------------------------------------------------
This system uses 8 bytes per array element.
-------------------------------------------------------------
Array size = 14091989 (elements), Offset = 0 (elements)
Memory per array = 107.5 MiB (= 0.1 GiB).
Total memory required = 322.5 MiB (= 0.3 GiB).
Each kernel will be executed 5 times.
-------------------------------------------------------------
Function    Best Rate MB/s  Avg time     Min time     Max time
Copy:           13808.0     0.017528     0.016329     0.019010
Scale:          11515.9     0.019946     0.019579     0.020994
Add:             9787.0     0.035477     0.034557     0.035787
Triad:          10441.8     0.033342     0.032390     0.035911
-------------------------------------------------------------
Solution Validates: avg error less than 1.000000e-13 on all three arrays
-------------------------------------------------------------



--- run 2 ---
-------------------------------------------------------------
STREAM (dynamic) version — custom malloc-based implementation
-------------------------------------------------------------
This system uses 8 bytes per array element.
-------------------------------------------------------------
Array size = 14091989 (elements), Offset = 0 (elements)
Memory per array = 107.5 MiB (= 0.1 GiB).
Total memory required = 322.5 MiB (= 0.3 GiB).
Each kernel will be executed 5 times.
-------------------------------------------------------------
Function    Best Rate MB/s  Avg time     Min time     Max time
Copy:           13279.5     0.018281     0.016979     0.020051
Scale:          11546.7     0.019552     0.019527     0.019582
Add:            10312.1     0.033171     0.032797     0.034195
Triad:          10522.9     0.032289     0.032140     0.032622
-------------------------------------------------------------
Solution Validates: avg error less than 1.000000e-13 on all three arrays
-------------------------------------------------------------



--- run 3 ---
-------------------------------------------------------------
STREAM (dynamic) version — custom malloc-based implementation
-------------------------------------------------------------
This system uses 8 bytes per array element.
-------------------------------------------------------------
Array size = 14091989 (elements), Offset = 0 (elements)
Memory per array = 107.5 MiB (= 0.1 GiB).
Total memory required = 322.5 MiB (= 0.3 GiB).
Each kernel will be executed 5 times.
-------------------------------------------------------------
Function    Best Rate MB/s  Avg time     Min time     Max time
Copy:           13796.1     0.019862     0.016343     0.022932
Scale:          11544.3     0.019566     0.019531     0.019619
Add:            10501.1     0.034401     0.032207     0.037173
Triad:           9404.1     0.036260     0.035964     0.037112
-------------------------------------------------------------
Solution Validates: avg error less than 1.000000e-13 on all three arrays
-------------------------------------------------------------



--- run 1 ---
-------------------------------------------------------------
STREAM (dynamic) version — custom malloc-based implementation
-------------------------------------------------------------
This system uses 8 bytes per array element.
-------------------------------------------------------------
Array size = 14929920 (elements), Offset = 0 (elements)
Memory per array = 113.9 MiB (= 0.1 GiB).
Total memory required = 341.7 MiB (= 0.3 GiB).
Each kernel will be executed 5 times.
-------------------------------------------------------------
Function    Best Rate MB/s  Avg time     Min time     Max time
Copy:           13691.7     0.018405     0.017447     0.020662
Scale:          11575.4     0.020729     0.020637     0.020777
Add:            10469.5     0.036072     0.034225     0.039286
Triad:          10394.5     0.035821     0.034472     0.039684
-------------------------------------------------------------
Solution Validates: avg error less than 1.000000e-13 on all three arrays
-------------------------------------------------------------



--- run 2 ---
-------------------------------------------------------------
STREAM (dynamic) version — custom malloc-based implementation
-------------------------------------------------------------
This system uses 8 bytes per array element.
-------------------------------------------------------------
Array size = 14929920 (elements), Offset = 0 (elements)
Memory per array = 113.9 MiB (= 0.1 GiB).
Total memory required = 341.7 MiB (= 0.3 GiB).
Each kernel will be executed 5 times.
-------------------------------------------------------------
Function    Best Rate MB/s  Avg time     Min time     Max time
Copy:           12944.5     0.021069     0.018454     0.022699
Scale:          11582.5     0.020759     0.020624     0.020860
Add:            10337.2     0.036853     0.034663     0.038758
Triad:          10451.5     0.037364     0.034284     0.038665
-------------------------------------------------------------
Solution Validates: avg error less than 1.000000e-13 on all three arrays
-------------------------------------------------------------



--- run 3 ---
-------------------------------------------------------------
STREAM (dynamic) version — custom malloc-based implementation
-------------------------------------------------------------
This system uses 8 bytes per array element.
-------------------------------------------------------------
Array size = 14929920 (elements), Offset = 0 (elements)
Memory per array = 113.9 MiB (= 0.1 GiB).
Total memory required = 341.7 MiB (= 0.3 GiB).
Each kernel will be executed 5 times.
-------------------------------------------------------------
Function    Best Rate MB/s  Avg time     Min time     Max time
Copy:           13701.0     0.017541     0.017435     0.017704
Scale:          11550.2     0.020724     0.020682     0.020754
Add:            10468.6     0.034927     0.034228     0.037013
Triad:          10395.7     0.034535     0.034468     0.034596
-------------------------------------------------------------
Solution Validates: avg error less than 1.000000e-13 on all three arrays
-------------------------------------------------------------



--- run 1 ---
-------------------------------------------------------------
STREAM (dynamic) version — custom malloc-based implementation
-------------------------------------------------------------
This system uses 8 bytes per array element.
-------------------------------------------------------------
Array size = 15817728 (elements), Offset = 0 (elements)
Memory per array = 120.7 MiB (= 0.1 GiB).
Total memory required = 362.0 MiB (= 0.4 GiB).
Each kernel will be executed 5 times.
-------------------------------------------------------------
Function    Best Rate MB/s  Avg time     Min time     Max time
Copy:           13459.2     0.020292     0.018804     0.023183
Scale:          11602.3     0.021928     0.021813     0.021983
Add:            10533.4     0.036289     0.036040     0.036536
Triad:          10435.3     0.037424     0.036379     0.040118
-------------------------------------------------------------
Solution Validates: avg error less than 1.000000e-13 on all three arrays
-------------------------------------------------------------



--- run 2 ---
-------------------------------------------------------------
STREAM (dynamic) version — custom malloc-based implementation
-------------------------------------------------------------
This system uses 8 bytes per array element.
-------------------------------------------------------------
Array size = 15817728 (elements), Offset = 0 (elements)
Memory per array = 120.7 MiB (= 0.1 GiB).
Total memory required = 362.0 MiB (= 0.4 GiB).
Each kernel will be executed 5 times.
-------------------------------------------------------------
Function    Best Rate MB/s  Avg time     Min time     Max time
Copy:           11544.2     0.023092     0.021923     0.024372
Scale:          11514.7     0.022048     0.021979     0.022145
Add:             9388.5     0.040572     0.040435     0.040797
Triad:           9468.6     0.040104     0.040093     0.040119
-------------------------------------------------------------
Solution Validates: avg error less than 1.000000e-13 on all three arrays
-------------------------------------------------------------



--- run 3 ---
-------------------------------------------------------------
STREAM (dynamic) version — custom malloc-based implementation
-------------------------------------------------------------
This system uses 8 bytes per array element.
-------------------------------------------------------------
Array size = 15817728 (elements), Offset = 0 (elements)
Memory per array = 120.7 MiB (= 0.1 GiB).
Total memory required = 362.0 MiB (= 0.4 GiB).
Each kernel will be executed 5 times.
-------------------------------------------------------------
Function    Best Rate MB/s  Avg time     Min time     Max time
Copy:           13421.9     0.021038     0.018856     0.022867
Scale:          11530.5     0.022095     0.021949     0.022219
Add:            10505.5     0.038114     0.036136     0.040045
Triad:          10435.3     0.040157     0.036379     0.042635
-------------------------------------------------------------
Solution Validates: avg error less than 1.000000e-13 on all three arrays
-------------------------------------------------------------



--- run 1 ---
-------------------------------------------------------------
STREAM (dynamic) version — custom malloc-based implementation
-------------------------------------------------------------
This system uses 8 bytes per array element.
-------------------------------------------------------------
Array size = 16758272 (elements), Offset = 0 (elements)
Memory per array = 127.9 MiB (= 0.1 GiB).
Total memory required = 383.6 MiB (= 0.4 GiB).
Each kernel will be executed 5 times.
-------------------------------------------------------------
Function    Best Rate MB/s  Avg time     Min time     Max time
Copy:           13004.2     0.022311     0.020619     0.025328
Scale:          11534.1     0.023273     0.023247     0.023287
Add:            10396.2     0.040876     0.038687     0.042655
Triad:          10339.3     0.041274     0.038900     0.045644
-------------------------------------------------------------
Solution Validates: avg error less than 1.000000e-13 on all three arrays
-------------------------------------------------------------



--- run 2 ---
-------------------------------------------------------------
STREAM (dynamic) version — custom malloc-based implementation
-------------------------------------------------------------
This system uses 8 bytes per array element.
-------------------------------------------------------------
Array size = 16758272 (elements), Offset = 0 (elements)
Memory per array = 127.9 MiB (= 0.1 GiB).
Total memory required = 383.6 MiB (= 0.4 GiB).
Each kernel will be executed 5 times.
-------------------------------------------------------------
Function    Best Rate MB/s  Avg time     Min time     Max time
Copy:           13115.5     0.021866     0.020444     0.023467
Scale:          11533.1     0.024207     0.023249     0.025521
Add:            10307.7     0.039901     0.039019     0.042539
Triad:          10391.1     0.039457     0.038706     0.041299
-------------------------------------------------------------
Solution Validates: avg error less than 1.000000e-13 on all three arrays
-------------------------------------------------------------



--- run 3 ---
-------------------------------------------------------------
STREAM (dynamic) version — custom malloc-based implementation
-------------------------------------------------------------
This system uses 8 bytes per array element.
-------------------------------------------------------------
Array size = 16758272 (elements), Offset = 0 (elements)
Memory per array = 127.9 MiB (= 0.1 GiB).
Total memory required = 383.6 MiB (= 0.4 GiB).
Each kernel will be executed 5 times.
-------------------------------------------------------------
Function    Best Rate MB/s  Avg time     Min time     Max time
Copy:           13251.0     0.021594     0.020235     0.025234
Scale:          11531.1     0.023293     0.023253     0.023371
Add:            10403.0     0.040025     0.038662     0.044000
Triad:          10347.6     0.041013     0.038869     0.043190
-------------------------------------------------------------
Solution Validates: avg error less than 1.000000e-13 on all three arrays
-------------------------------------------------------------



--- run 1 ---
-------------------------------------------------------------
STREAM (dynamic) version — custom malloc-based implementation
-------------------------------------------------------------
This system uses 8 bytes per array element.
-------------------------------------------------------------
Array size = 17754794 (elements), Offset = 0 (elements)
Memory per array = 135.5 MiB (= 0.1 GiB).
Total memory required = 406.4 MiB (= 0.4 GiB).
Each kernel will be executed 5 times.
-------------------------------------------------------------
Function    Best Rate MB/s  Avg time     Min time     Max time
Copy:           13277.7     0.023488     0.021395     0.026052
Scale:          11541.8     0.024674     0.024613     0.024736
Add:            10454.5     0.042244     0.040759     0.046654
Triad:           9891.2     0.045860     0.043080     0.047638
-------------------------------------------------------------
Solution Validates: avg error less than 1.000000e-13 on all three arrays
-------------------------------------------------------------



--- run 2 ---
-------------------------------------------------------------
STREAM (dynamic) version — custom malloc-based implementation
-------------------------------------------------------------
This system uses 8 bytes per array element.
-------------------------------------------------------------
Array size = 17754794 (elements), Offset = 0 (elements)
Memory per array = 135.5 MiB (= 0.1 GiB).
Total memory required = 406.4 MiB (= 0.4 GiB).
Each kernel will be executed 5 times.
-------------------------------------------------------------
Function    Best Rate MB/s  Avg time     Min time     Max time
Copy:           11032.1     0.027084     0.025750     0.028260
Scale:          11556.2     0.024708     0.024582     0.024929
Add:            10375.3     0.044235     0.041070     0.045600
Triad:          10438.6     0.045095     0.040821     0.048158
-------------------------------------------------------------
Solution Validates: avg error less than 1.000000e-13 on all three arrays
-------------------------------------------------------------



--- run 3 ---
-------------------------------------------------------------
STREAM (dynamic) version — custom malloc-based implementation
-------------------------------------------------------------
This system uses 8 bytes per array element.
-------------------------------------------------------------
Array size = 17754794 (elements), Offset = 0 (elements)
Memory per array = 135.5 MiB (= 0.1 GiB).
Total memory required = 406.4 MiB (= 0.4 GiB).
Each kernel will be executed 5 times.
-------------------------------------------------------------
Function    Best Rate MB/s  Avg time     Min time     Max time
Copy:           13097.2     0.022864     0.021690     0.024370
Scale:          11523.5     0.025378     0.024652     0.026215
Add:            10453.0     0.042322     0.040765     0.043695
Triad:          10283.6     0.043506     0.041436     0.049010
-------------------------------------------------------------
Solution Validates: avg error less than 1.000000e-13 on all three arrays
-------------------------------------------------------------



--- run 1 ---
-------------------------------------------------------------
STREAM (dynamic) version — custom malloc-based implementation
-------------------------------------------------------------
This system uses 8 bytes per array element.
-------------------------------------------------------------
Array size = 18810538 (elements), Offset = 0 (elements)
Memory per array = 143.5 MiB (= 0.1 GiB).
Total memory required = 430.5 MiB (= 0.4 GiB).
Each kernel will be executed 5 times.
-------------------------------------------------------------
Function    Best Rate MB/s  Avg time     Min time     Max time
Copy:           12591.8     0.025480     0.023902     0.027311
Scale:          11503.6     0.026577     0.026163     0.027639
Add:            10288.6     0.046026     0.043879     0.048705
Triad:          10292.8     0.048527     0.043861     0.051932
-------------------------------------------------------------
Solution Validates: avg error less than 1.000000e-13 on all three arrays
-------------------------------------------------------------



--- run 2 ---
-------------------------------------------------------------
STREAM (dynamic) version — custom malloc-based implementation
-------------------------------------------------------------
This system uses 8 bytes per array element.
-------------------------------------------------------------
Array size = 18810538 (elements), Offset = 0 (elements)
Memory per array = 143.5 MiB (= 0.1 GiB).
Total memory required = 430.5 MiB (= 0.4 GiB).
Each kernel will be executed 5 times.
-------------------------------------------------------------
Function    Best Rate MB/s  Avg time     Min time     Max time
Copy:           13084.5     0.023833     0.023002     0.025375
Scale:          11546.9     0.026246     0.026065     0.026497
Add:            10284.3     0.046066     0.043897     0.049349
Triad:          10296.8     0.044414     0.043844     0.045989
-------------------------------------------------------------
Solution Validates: avg error less than 1.000000e-13 on all three arrays
-------------------------------------------------------------



--- run 3 ---
-------------------------------------------------------------
STREAM (dynamic) version — custom malloc-based implementation
-------------------------------------------------------------
This system uses 8 bytes per array element.
-------------------------------------------------------------
Array size = 18810538 (elements), Offset = 0 (elements)
Memory per array = 143.5 MiB (= 0.1 GiB).
Total memory required = 430.5 MiB (= 0.4 GiB).
Each kernel will be executed 5 times.
-------------------------------------------------------------
Function    Best Rate MB/s  Avg time     Min time     Max time
Copy:           11681.3     0.026672     0.025765     0.028746
Scale:          11515.9     0.026462     0.026135     0.027294
Add:            10328.1     0.045473     0.043711     0.049370
Triad:          10313.0     0.047149     0.043775     0.051795
-------------------------------------------------------------
Solution Validates: avg error less than 1.000000e-13 on all three arrays
-------------------------------------------------------------



--- run 1 ---
-------------------------------------------------------------
STREAM (dynamic) version — custom malloc-based implementation
-------------------------------------------------------------
This system uses 8 bytes per array element.
-------------------------------------------------------------
Array size = 19929088 (elements), Offset = 0 (elements)
Memory per array = 152.0 MiB (= 0.1 GiB).
Total memory required = 456.1 MiB (= 0.4 GiB).
Each kernel will be executed 5 times.
-------------------------------------------------------------
Function    Best Rate MB/s  Avg time     Min time     Max time
Copy:           12051.3     0.027227     0.026459     0.028610
Scale:          11506.4     0.027958     0.027712     0.028626
Add:            10438.9     0.048998     0.045819     0.050655
Triad:           9580.4     0.051307     0.049925     0.051795
-------------------------------------------------------------
Solution Validates: avg error less than 1.000000e-13 on all three arrays
-------------------------------------------------------------



--- run 2 ---
-------------------------------------------------------------
STREAM (dynamic) version — custom malloc-based implementation
-------------------------------------------------------------
This system uses 8 bytes per array element.
-------------------------------------------------------------
Array size = 19929088 (elements), Offset = 0 (elements)
Memory per array = 152.0 MiB (= 0.1 GiB).
Total memory required = 456.1 MiB (= 0.4 GiB).
Each kernel will be executed 5 times.
-------------------------------------------------------------
Function    Best Rate MB/s  Avg time     Min time     Max time
Copy:           12862.6     0.028471     0.024790     0.032488
Scale:          11531.8     0.027675     0.027651     0.027712
Add:            10366.5     0.048916     0.046139     0.050777
Triad:          10356.6     0.049007     0.046183     0.051809
-------------------------------------------------------------
Solution Validates: avg error less than 1.000000e-13 on all three arrays
-------------------------------------------------------------



--- run 3 ---
-------------------------------------------------------------
STREAM (dynamic) version — custom malloc-based implementation
-------------------------------------------------------------
This system uses 8 bytes per array element.
-------------------------------------------------------------
Array size = 19929088 (elements), Offset = 0 (elements)
Memory per array = 152.0 MiB (= 0.1 GiB).
Total memory required = 456.1 MiB (= 0.4 GiB).
Each kernel will be executed 5 times.
-------------------------------------------------------------
Function    Best Rate MB/s  Avg time     Min time     Max time
Copy:           12862.6     0.025384     0.024790     0.026339
Scale:          11535.5     0.027702     0.027642     0.027779
Add:            10361.3     0.047814     0.046162     0.050467
Triad:          10283.8     0.048048     0.046510     0.052527
-------------------------------------------------------------
Solution Validates: avg error less than 1.000000e-13 on all three arrays
-------------------------------------------------------------



--- run 1 ---
-------------------------------------------------------------
STREAM (dynamic) version — custom malloc-based implementation
-------------------------------------------------------------
This system uses 8 bytes per array element.
-------------------------------------------------------------
Array size = 21114112 (elements), Offset = 0 (elements)
Memory per array = 161.1 MiB (= 0.2 GiB).
Total memory required = 483.3 MiB (= 0.5 GiB).
Each kernel will be executed 5 times.
-------------------------------------------------------------
Function    Best Rate MB/s  Avg time     Min time     Max time
Copy:           13436.7     0.026512     0.025142     0.028929
Scale:          11559.9     0.029339     0.029224     0.029444
Add:            10429.5     0.050084     0.048587     0.054506
Triad:          10412.4     0.050215     0.048667     0.054790
-------------------------------------------------------------
Solution Validates: avg error less than 1.000000e-13 on all three arrays
-------------------------------------------------------------



--- run 2 ---
-------------------------------------------------------------
STREAM (dynamic) version — custom malloc-based implementation
-------------------------------------------------------------
This system uses 8 bytes per array element.
-------------------------------------------------------------
Array size = 21114112 (elements), Offset = 0 (elements)
Memory per array = 161.1 MiB (= 0.2 GiB).
Total memory required = 483.3 MiB (= 0.5 GiB).
Each kernel will be executed 5 times.
-------------------------------------------------------------
Function    Best Rate MB/s  Avg time     Min time     Max time
Copy:           12575.9     0.029673     0.026863     0.033886
Scale:          11536.2     0.029658     0.029284     0.030537
Add:            10376.9     0.051455     0.048833     0.054078
Triad:          10389.9     0.050938     0.048772     0.054399
-------------------------------------------------------------
Solution Validates: avg error less than 1.000000e-13 on all three arrays
-------------------------------------------------------------



--- run 3 ---
-------------------------------------------------------------
STREAM (dynamic) version — custom malloc-based implementation
-------------------------------------------------------------
This system uses 8 bytes per array element.
-------------------------------------------------------------
Array size = 21114112 (elements), Offset = 0 (elements)
Memory per array = 161.1 MiB (= 0.2 GiB).
Total memory required = 483.3 MiB (= 0.5 GiB).
Each kernel will be executed 5 times.
-------------------------------------------------------------
Function    Best Rate MB/s  Avg time     Min time     Max time
Copy:           13215.4     0.026082     0.025563     0.027450
Scale:          11513.3     0.029354     0.029342     0.029366
Add:            10371.6     0.050319     0.048858     0.054086
Triad:          10336.1     0.050556     0.049026     0.055116
-------------------------------------------------------------
Solution Validates: avg error less than 1.000000e-13 on all three arrays
-------------------------------------------------------------



--- run 1 ---
-------------------------------------------------------------
STREAM (dynamic) version — custom malloc-based implementation
-------------------------------------------------------------
This system uses 8 bytes per array element.
-------------------------------------------------------------
Array size = 22369621 (elements), Offset = 0 (elements)
Memory per array = 170.7 MiB (= 0.2 GiB).
Total memory required = 512.0 MiB (= 0.5 GiB).
Each kernel will be executed 5 times.
-------------------------------------------------------------
Function    Best Rate MB/s  Avg time     Min time     Max time
Copy:           13951.0     0.026624     0.025655     0.029311
Scale:          11542.3     0.031094     0.031009     0.031198
Add:            10479.6     0.051790     0.051230     0.053357
Triad:          10476.8     0.052089     0.051244     0.054518
-------------------------------------------------------------
Solution Validates: avg error less than 1.000000e-13 on all three arrays
-------------------------------------------------------------



--- run 2 ---
-------------------------------------------------------------
STREAM (dynamic) version — custom malloc-based implementation
-------------------------------------------------------------
This system uses 8 bytes per array element.
-------------------------------------------------------------
Array size = 22369621 (elements), Offset = 0 (elements)
Memory per array = 170.7 MiB (= 0.2 GiB).
Total memory required = 512.0 MiB (= 0.5 GiB).
Each kernel will be executed 5 times.
-------------------------------------------------------------
Function    Best Rate MB/s  Avg time     Min time     Max time
Copy:           13777.0     0.027574     0.025979     0.029432
Scale:          11533.0     0.031091     0.031034     0.031180
Add:            10479.4     0.052983     0.051231     0.057929
Triad:          10486.2     0.052795     0.051198     0.057189
-------------------------------------------------------------
Solution Validates: avg error less than 1.000000e-13 on all three arrays
-------------------------------------------------------------



--- run 3 ---
-------------------------------------------------------------
STREAM (dynamic) version — custom malloc-based implementation
-------------------------------------------------------------
This system uses 8 bytes per array element.
-------------------------------------------------------------
Array size = 22369621 (elements), Offset = 0 (elements)
Memory per array = 170.7 MiB (= 0.2 GiB).
Total memory required = 512.0 MiB (= 0.5 GiB).
Each kernel will be executed 5 times.
-------------------------------------------------------------
Function    Best Rate MB/s  Avg time     Min time     Max time
Copy:           12679.8     0.028687     0.028227     0.029738
Scale:          11538.2     0.031052     0.031020     0.031107
Add:            10287.9     0.052211     0.052185     0.052254
Triad:          10241.3     0.052588     0.052422     0.052967
-------------------------------------------------------------
Solution Validates: avg error less than 1.000000e-13 on all three arrays
-------------------------------------------------------------



--- run 1 ---
-------------------------------------------------------------
STREAM (dynamic) version — custom malloc-based implementation
-------------------------------------------------------------
This system uses 8 bytes per array element.
-------------------------------------------------------------
Array size = 23699797 (elements), Offset = 0 (elements)
Memory per array = 180.8 MiB (= 0.2 GiB).
Total memory required = 542.4 MiB (= 0.5 GiB).
Each kernel will be executed 5 times.
-------------------------------------------------------------
Function    Best Rate MB/s  Avg time     Min time     Max time
Copy:           13208.8     0.031507     0.028708     0.035847
Scale:          11545.4     0.033084     0.032844     0.033384
Add:            10391.8     0.058847     0.054735     0.060674
Triad:           9309.9     0.061964     0.061096     0.064400
-------------------------------------------------------------
Solution Validates: avg error less than 1.000000e-13 on all three arrays
-------------------------------------------------------------



--- run 2 ---
-------------------------------------------------------------
STREAM (dynamic) version — custom malloc-based implementation
-------------------------------------------------------------
This system uses 8 bytes per array element.
-------------------------------------------------------------
Array size = 23699797 (elements), Offset = 0 (elements)
Memory per array = 180.8 MiB (= 0.2 GiB).
Total memory required = 542.4 MiB (= 0.5 GiB).
Each kernel will be executed 5 times.
-------------------------------------------------------------
Function    Best Rate MB/s  Avg time     Min time     Max time
Copy:           14050.1     0.028445     0.026989     0.029689
Scale:          11548.2     0.032906     0.032836     0.032970
Add:            10483.0     0.054450     0.054259     0.054962
Triad:          10495.9     0.054249     0.054192     0.054298
-------------------------------------------------------------
Solution Validates: avg error less than 1.000000e-13 on all three arrays
-------------------------------------------------------------



--- run 3 ---
-------------------------------------------------------------
STREAM (dynamic) version — custom malloc-based implementation
-------------------------------------------------------------
This system uses 8 bytes per array element.
-------------------------------------------------------------
Array size = 23699797 (elements), Offset = 0 (elements)
Memory per array = 180.8 MiB (= 0.2 GiB).
Total memory required = 542.4 MiB (= 0.5 GiB).
Each kernel will be executed 5 times.
-------------------------------------------------------------
Function    Best Rate MB/s  Avg time     Min time     Max time
Copy:           13976.1     0.029815     0.027132     0.034270
Scale:          11536.2     0.033003     0.032870     0.033151
Add:            10482.2     0.056777     0.054263     0.060450
Triad:          10464.7     0.058587     0.054354     0.062517
-------------------------------------------------------------
Solution Validates: avg error less than 1.000000e-13 on all three arrays
-------------------------------------------------------------



--- run 1 ---
-------------------------------------------------------------
STREAM (dynamic) version — custom malloc-based implementation
-------------------------------------------------------------
This system uses 8 bytes per array element.
-------------------------------------------------------------
Array size = 25109034 (elements), Offset = 0 (elements)
Memory per array = 191.6 MiB (= 0.2 GiB).
Total memory required = 574.7 MiB (= 0.6 GiB).
Each kernel will be executed 5 times.
-------------------------------------------------------------
Function    Best Rate MB/s  Avg time     Min time     Max time
Copy:           12608.5     0.033017     0.031863     0.034202
Scale:          11552.0     0.034819     0.034777     0.034838
Add:            10293.2     0.061936     0.058545     0.065008
Triad:           9615.9     0.065262     0.062669     0.066689
-------------------------------------------------------------
Solution Validates: avg error less than 1.000000e-13 on all three arrays
-------------------------------------------------------------



--- run 2 ---
-------------------------------------------------------------
STREAM (dynamic) version — custom malloc-based implementation
-------------------------------------------------------------
This system uses 8 bytes per array element.
-------------------------------------------------------------
Array size = 25109034 (elements), Offset = 0 (elements)
Memory per array = 191.6 MiB (= 0.2 GiB).
Total memory required = 574.7 MiB (= 0.6 GiB).
Each kernel will be executed 5 times.
-------------------------------------------------------------
Function    Best Rate MB/s  Avg time     Min time     Max time
Copy:           12281.3     0.034617     0.032712     0.037211
Scale:          11542.0     0.035151     0.034807     0.035930
Add:            10175.0     0.062345     0.059225     0.065475
Triad:          10118.0     0.064861     0.059559     0.069119
-------------------------------------------------------------
Solution Validates: avg error less than 1.000000e-13 on all three arrays
-------------------------------------------------------------



--- run 3 ---
-------------------------------------------------------------
STREAM (dynamic) version — custom malloc-based implementation
-------------------------------------------------------------
This system uses 8 bytes per array element.
-------------------------------------------------------------
Array size = 25109034 (elements), Offset = 0 (elements)
Memory per array = 191.6 MiB (= 0.2 GiB).
Total memory required = 574.7 MiB (= 0.6 GiB).
Each kernel will be executed 5 times.
-------------------------------------------------------------
Function    Best Rate MB/s  Avg time     Min time     Max time
Copy:           13348.3     0.031088     0.030097     0.033311
Scale:          11573.6     0.035073     0.034712     0.035988
Add:            10366.4     0.058149     0.058132     0.058179
Triad:          10387.6     0.059339     0.058013     0.063237
-------------------------------------------------------------
Solution Validates: avg error less than 1.000000e-13 on all three arrays
-------------------------------------------------------------



--- run 1 ---
-------------------------------------------------------------
STREAM (dynamic) version — custom malloc-based implementation
-------------------------------------------------------------
This system uses 8 bytes per array element.
-------------------------------------------------------------
Array size = 26602112 (elements), Offset = 0 (elements)
Memory per array = 203.0 MiB (= 0.2 GiB).
Total memory required = 608.9 MiB (= 0.6 GiB).
Each kernel will be executed 5 times.
-------------------------------------------------------------
Function    Best Rate MB/s  Avg time     Min time     Max time
Copy:           14573.5     0.031340     0.029206     0.037437
Scale:          11517.3     0.037379     0.036956     0.038475
Add:            10524.7     0.061154     0.060662     0.062560
Triad:          10634.1     0.062337     0.060038     0.069037
-------------------------------------------------------------
Solution Validates: avg error less than 1.000000e-13 on all three arrays
-------------------------------------------------------------



--- run 2 ---
-------------------------------------------------------------
STREAM (dynamic) version — custom malloc-based implementation
-------------------------------------------------------------
This system uses 8 bytes per array element.
-------------------------------------------------------------
Array size = 26602112 (elements), Offset = 0 (elements)
Memory per array = 203.0 MiB (= 0.2 GiB).
Total memory required = 608.9 MiB (= 0.6 GiB).
Each kernel will be executed 5 times.
-------------------------------------------------------------
Function    Best Rate MB/s  Avg time     Min time     Max time
Copy:           14035.2     0.032300     0.030326     0.036559
Scale:          11546.0     0.037282     0.036864     0.038432
Add:            10436.6     0.061936     0.061174     0.063819
Triad:          10459.1     0.063480     0.061043     0.070660
-------------------------------------------------------------
Solution Validates: avg error less than 1.000000e-13 on all three arrays
-------------------------------------------------------------



--- run 3 ---
-------------------------------------------------------------
STREAM (dynamic) version — custom malloc-based implementation
-------------------------------------------------------------
This system uses 8 bytes per array element.
-------------------------------------------------------------
Array size = 26602112 (elements), Offset = 0 (elements)
Memory per array = 203.0 MiB (= 0.2 GiB).
Total memory required = 608.9 MiB (= 0.6 GiB).
Each kernel will be executed 5 times.
-------------------------------------------------------------
Function    Best Rate MB/s  Avg time     Min time     Max time
Copy:           12671.1     0.034878     0.033591     0.036742
Scale:          11532.2     0.036940     0.036908     0.036959
Add:            10254.4     0.062388     0.062261     0.062613
Triad:          10256.1     0.062929     0.062251     0.064912
-------------------------------------------------------------
Solution Validates: avg error less than 1.000000e-13 on all three arrays
-------------------------------------------------------------



--- run 1 ---
-------------------------------------------------------------
STREAM (dynamic) version — custom malloc-based implementation
-------------------------------------------------------------
This system uses 8 bytes per array element.
-------------------------------------------------------------
Array size = 28183936 (elements), Offset = 0 (elements)
Memory per array = 215.0 MiB (= 0.2 GiB).
Total memory required = 645.1 MiB (= 0.6 GiB).
Each kernel will be executed 5 times.
-------------------------------------------------------------
Function    Best Rate MB/s  Avg time     Min time     Max time
Copy:           12534.2     0.038979     0.035977     0.047689
Scale:          11543.7     0.039382     0.039064     0.039941
Add:            10204.9     0.069214     0.066283     0.073007
Triad:          10144.8     0.071034     0.066676     0.075215
-------------------------------------------------------------
Solution Validates: avg error less than 1.000000e-13 on all three arrays
-------------------------------------------------------------



--- run 2 ---
-------------------------------------------------------------
STREAM (dynamic) version — custom malloc-based implementation
-------------------------------------------------------------
This system uses 8 bytes per array element.
-------------------------------------------------------------
Array size = 28183936 (elements), Offset = 0 (elements)
Memory per array = 215.0 MiB (= 0.2 GiB).
Total memory required = 645.1 MiB (= 0.6 GiB).
Each kernel will be executed 5 times.
-------------------------------------------------------------
Function    Best Rate MB/s  Avg time     Min time     Max time
Copy:           11836.1     0.040146     0.038099     0.042763
Scale:          11528.6     0.039383     0.039115     0.039669
Add:            10270.5     0.071447     0.065860     0.074512
Triad:           9121.6     0.074215     0.074155     0.074283
-------------------------------------------------------------
Solution Validates: avg error less than 1.000000e-13 on all three arrays
-------------------------------------------------------------



--- run 3 ---
-------------------------------------------------------------
STREAM (dynamic) version — custom malloc-based implementation
-------------------------------------------------------------
This system uses 8 bytes per array element.
-------------------------------------------------------------
Array size = 28183936 (elements), Offset = 0 (elements)
Memory per array = 215.0 MiB (= 0.2 GiB).
Total memory required = 645.1 MiB (= 0.6 GiB).
Each kernel will be executed 5 times.
-------------------------------------------------------------
Function    Best Rate MB/s  Avg time     Min time     Max time
Copy:           13079.9     0.037399     0.034476     0.041407
Scale:          11546.7     0.039407     0.039054     0.040249
Add:            10257.1     0.068362     0.065946     0.075437
Triad:          10273.8     0.067873     0.065839     0.072034
-------------------------------------------------------------
Solution Validates: avg error less than 1.000000e-13 on all three arrays
-------------------------------------------------------------



--- run 1 ---
-------------------------------------------------------------
STREAM (dynamic) version — custom malloc-based implementation
-------------------------------------------------------------
This system uses 8 bytes per array element.
-------------------------------------------------------------
Array size = 29859882 (elements), Offset = 0 (elements)
Memory per array = 227.8 MiB (= 0.2 GiB).
Total memory required = 683.4 MiB (= 0.7 GiB).
Each kernel will be executed 5 times.
-------------------------------------------------------------
Function    Best Rate MB/s  Avg time     Min time     Max time
Copy:           11774.4     0.041584     0.040576     0.042454
Scale:          11540.1     0.041514     0.041400     0.041685
Add:            10366.5     0.072411     0.069130     0.079147
Triad:          10365.6     0.071050     0.069136     0.076475
-------------------------------------------------------------
Solution Validates: avg error less than 1.000000e-13 on all three arrays
-------------------------------------------------------------



--- run 2 ---
-------------------------------------------------------------
STREAM (dynamic) version — custom malloc-based implementation
-------------------------------------------------------------
This system uses 8 bytes per array element.
-------------------------------------------------------------
Array size = 29859882 (elements), Offset = 0 (elements)
Memory per array = 227.8 MiB (= 0.2 GiB).
Total memory required = 683.4 MiB (= 0.7 GiB).
Each kernel will be executed 5 times.
-------------------------------------------------------------
Function    Best Rate MB/s  Avg time     Min time     Max time
Copy:           12886.2     0.039882     0.037075     0.046292
Scale:          11534.0     0.041884     0.041422     0.043205
Add:            10334.1     0.072760     0.069347     0.076596
Triad:          10243.7     0.073819     0.069959     0.079489
-------------------------------------------------------------
Solution Validates: avg error less than 1.000000e-13 on all three arrays
-------------------------------------------------------------



--- run 3 ---
-------------------------------------------------------------
STREAM (dynamic) version — custom malloc-based implementation
-------------------------------------------------------------
This system uses 8 bytes per array element.
-------------------------------------------------------------
Array size = 29859882 (elements), Offset = 0 (elements)
Memory per array = 227.8 MiB (= 0.2 GiB).
Total memory required = 683.4 MiB (= 0.7 GiB).
Each kernel will be executed 5 times.
-------------------------------------------------------------
Function    Best Rate MB/s  Avg time     Min time     Max time
Copy:           12646.8     0.038849     0.037777     0.040052
Scale:          11523.6     0.041829     0.041459     0.042578
Add:            10282.6     0.072377     0.069694     0.080303
Triad:          10352.3     0.075495     0.069225     0.077855
-------------------------------------------------------------
Solution Validates: avg error less than 1.000000e-13 on all three arrays
-------------------------------------------------------------



--- run 1 ---
-------------------------------------------------------------
STREAM (dynamic) version — custom malloc-based implementation
-------------------------------------------------------------
This system uses 8 bytes per array element.
-------------------------------------------------------------
Array size = 31635413 (elements), Offset = 0 (elements)
Memory per array = 241.4 MiB (= 0.2 GiB).
Total memory required = 724.1 MiB (= 0.7 GiB).
Each kernel will be executed 5 times.
-------------------------------------------------------------
Function    Best Rate MB/s  Avg time     Min time     Max time
Copy:           13350.8     0.039963     0.037913     0.044015
Scale:          11539.7     0.044389     0.043863     0.045137
Add:            10295.9     0.077993     0.073743     0.082480
Triad:          10345.5     0.079455     0.073389     0.084188
-------------------------------------------------------------
Solution Validates: avg error less than 1.000000e-13 on all three arrays
-------------------------------------------------------------



--- run 2 ---
-------------------------------------------------------------
STREAM (dynamic) version — custom malloc-based implementation
-------------------------------------------------------------
This system uses 8 bytes per array element.
-------------------------------------------------------------
Array size = 31635413 (elements), Offset = 0 (elements)
Memory per array = 241.4 MiB (= 0.2 GiB).
Total memory required = 724.1 MiB (= 0.7 GiB).
Each kernel will be executed 5 times.
-------------------------------------------------------------
Function    Best Rate MB/s  Avg time     Min time     Max time
Copy:           13570.5     0.038921     0.037299     0.042075
Scale:          11540.5     0.043997     0.043860     0.044318
Add:            10354.3     0.075671     0.073327     0.078981
Triad:          10421.8     0.077533     0.072852     0.083316
-------------------------------------------------------------
Solution Validates: avg error less than 1.000000e-13 on all three arrays
-------------------------------------------------------------



--- run 3 ---
-------------------------------------------------------------
STREAM (dynamic) version — custom malloc-based implementation
-------------------------------------------------------------
This system uses 8 bytes per array element.
-------------------------------------------------------------
Array size = 31635413 (elements), Offset = 0 (elements)
Memory per array = 241.4 MiB (= 0.2 GiB).
Total memory required = 724.1 MiB (= 0.7 GiB).
Each kernel will be executed 5 times.
-------------------------------------------------------------
Function    Best Rate MB/s  Avg time     Min time     Max time
Copy:           13768.7     0.040144     0.036762     0.043404
Scale:          11512.4     0.044431     0.043967     0.045224
Add:            10457.1     0.076308     0.072606     0.081482
Triad:          10564.2     0.075300     0.071870     0.080614
-------------------------------------------------------------
Solution Validates: avg error less than 1.000000e-13 on all three arrays
-------------------------------------------------------------



--- run 1 ---
-------------------------------------------------------------
STREAM (dynamic) version — custom malloc-based implementation
-------------------------------------------------------------
This system uses 8 bytes per array element.
-------------------------------------------------------------
Array size = 33516544 (elements), Offset = 0 (elements)
Memory per array = 255.7 MiB (= 0.2 GiB).
Total memory required = 767.1 MiB (= 0.7 GiB).
Each kernel will be executed 5 times.
-------------------------------------------------------------
Function    Best Rate MB/s  Avg time     Min time     Max time
Copy:           14309.2     0.040469     0.037477     0.041714
Scale:          11537.8     0.046700     0.046479     0.046844
Add:            10442.3     0.082850     0.077033     0.086086
Triad:          10396.2     0.081024     0.077374     0.084422
-------------------------------------------------------------
Solution Validates: avg error less than 1.000000e-13 on all three arrays
-------------------------------------------------------------



--- run 2 ---
-------------------------------------------------------------
STREAM (dynamic) version — custom malloc-based implementation
-------------------------------------------------------------
This system uses 8 bytes per array element.
-------------------------------------------------------------
Array size = 33516544 (elements), Offset = 0 (elements)
Memory per array = 255.7 MiB (= 0.2 GiB).
Total memory required = 767.1 MiB (= 0.7 GiB).
Each kernel will be executed 5 times.
-------------------------------------------------------------
Function    Best Rate MB/s  Avg time     Min time     Max time
Copy:           13288.7     0.043658     0.040355     0.045242
Scale:          11533.1     0.046769     0.046498     0.047311
Add:             9773.1     0.085592     0.082307     0.088674
Triad:           9598.6     0.083996     0.083804     0.084297
-------------------------------------------------------------
Solution Validates: avg error less than 1.000000e-13 on all three arrays
-------------------------------------------------------------



--- run 3 ---
-------------------------------------------------------------
STREAM (dynamic) version — custom malloc-based implementation
-------------------------------------------------------------
This system uses 8 bytes per array element.
-------------------------------------------------------------
Array size = 33516544 (elements), Offset = 0 (elements)
Memory per array = 255.7 MiB (= 0.2 GiB).
Total memory required = 767.1 MiB (= 0.7 GiB).
Each kernel will be executed 5 times.
-------------------------------------------------------------
Function    Best Rate MB/s  Avg time     Min time     Max time
Copy:           14300.0     0.042028     0.037501     0.049770
Scale:          11556.9     0.046802     0.046402     0.047719
Add:            10473.4     0.078716     0.076804     0.084141
Triad:          10634.0     0.078143     0.075644     0.085182
-------------------------------------------------------------
Solution Validates: avg error less than 1.000000e-13 on all three arrays
-------------------------------------------------------------



--- run 1 ---
-------------------------------------------------------------
STREAM (dynamic) version — custom malloc-based implementation
-------------------------------------------------------------
This system uses 8 bytes per array element.
-------------------------------------------------------------
Array size = 35509546 (elements), Offset = 0 (elements)
Memory per array = 270.9 MiB (= 0.3 GiB).
Total memory required = 812.7 MiB (= 0.8 GiB).
Each kernel will be executed 5 times.
-------------------------------------------------------------
Function    Best Rate MB/s  Avg time     Min time     Max time
Copy:           12244.7     0.050384     0.046400     0.053951
Scale:          11515.6     0.049857     0.049338     0.050592
Add:            10104.9     0.091253     0.084338     0.095357
Triad:           9358.3     0.091903     0.091067     0.094193
-------------------------------------------------------------
Solution Validates: avg error less than 1.000000e-13 on all three arrays
-------------------------------------------------------------



--- run 2 ---
-------------------------------------------------------------
STREAM (dynamic) version — custom malloc-based implementation
-------------------------------------------------------------
This system uses 8 bytes per array element.
-------------------------------------------------------------
Array size = 35509546 (elements), Offset = 0 (elements)
Memory per array = 270.9 MiB (= 0.3 GiB).
Total memory required = 812.7 MiB (= 0.8 GiB).
Each kernel will be executed 5 times.
-------------------------------------------------------------
Function    Best Rate MB/s  Avg time     Min time     Max time
Copy:           13144.1     0.045801     0.043225     0.051396
Scale:          11547.8     0.049662     0.049200     0.050440
Add:            10428.9     0.084307     0.081718     0.090731
Triad:          10591.8     0.084068     0.080461     0.091071
-------------------------------------------------------------
Solution Validates: avg error less than 1.000000e-13 on all three arrays
-------------------------------------------------------------



--- run 3 ---
-------------------------------------------------------------
STREAM (dynamic) version — custom malloc-based implementation
-------------------------------------------------------------
This system uses 8 bytes per array element.
-------------------------------------------------------------
Array size = 35509546 (elements), Offset = 0 (elements)
Memory per array = 270.9 MiB (= 0.3 GiB).
Total memory required = 812.7 MiB (= 0.8 GiB).
Each kernel will be executed 5 times.
-------------------------------------------------------------
Function    Best Rate MB/s  Avg time     Min time     Max time
Copy:           12916.7     0.047780     0.043986     0.056859
Scale:          11532.6     0.049777     0.049265     0.051207
Add:            10221.8     0.083547     0.083374     0.084015
Triad:          10354.0     0.083305     0.082309     0.086077
-------------------------------------------------------------
Solution Validates: avg error less than 1.000000e-13 on all three arrays
-------------------------------------------------------------



--- run 1 ---
-------------------------------------------------------------
STREAM (dynamic) version — custom malloc-based implementation
-------------------------------------------------------------
This system uses 8 bytes per array element.
-------------------------------------------------------------
Array size = 37621077 (elements), Offset = 0 (elements)
Memory per array = 287.0 MiB (= 0.3 GiB).
Total memory required = 861.1 MiB (= 0.8 GiB).
Each kernel will be executed 5 times.
-------------------------------------------------------------
Function    Best Rate MB/s  Avg time     Min time     Max time
Copy:           13326.9     0.048163     0.045167     0.053682
Scale:          11547.3     0.052291     0.052128     0.052720
Add:            10286.8     0.088101     0.087773     0.088647
Triad:          10388.0     0.090802     0.086918     0.095016
-------------------------------------------------------------
Solution Validates: avg error less than 1.000000e-13 on all three arrays
-------------------------------------------------------------



--- run 2 ---
-------------------------------------------------------------
STREAM (dynamic) version — custom malloc-based implementation
-------------------------------------------------------------
This system uses 8 bytes per array element.
-------------------------------------------------------------
Array size = 37621077 (elements), Offset = 0 (elements)
Memory per array = 287.0 MiB (= 0.3 GiB).
Total memory required = 861.1 MiB (= 0.8 GiB).
Each kernel will be executed 5 times.
-------------------------------------------------------------
Function    Best Rate MB/s  Avg time     Min time     Max time
Copy:           12628.0     0.049345     0.047667     0.051700
Scale:          11550.2     0.052179     0.052115     0.052227
Add:            10201.6     0.092572     0.088506     0.102802
Triad:          10411.3     0.090129     0.086724     0.099996
-------------------------------------------------------------
Solution Validates: avg error less than 1.000000e-13 on all three arrays
-------------------------------------------------------------



--- run 3 ---
-------------------------------------------------------------
STREAM (dynamic) version — custom malloc-based implementation
-------------------------------------------------------------
This system uses 8 bytes per array element.
-------------------------------------------------------------
Array size = 37621077 (elements), Offset = 0 (elements)
Memory per array = 287.0 MiB (= 0.3 GiB).
Total memory required = 861.1 MiB (= 0.8 GiB).
Each kernel will be executed 5 times.
-------------------------------------------------------------
Function    Best Rate MB/s  Avg time     Min time     Max time
Copy:           13419.9     0.046130     0.044854     0.048414
Scale:          11552.4     0.052262     0.052105     0.052634
Add:            10284.9     0.090505     0.087790     0.098379
Triad:          10482.8     0.086840     0.086132     0.088458
-------------------------------------------------------------
Solution Validates: avg error less than 1.000000e-13 on all three arrays
-------------------------------------------------------------



--- run 1 ---
-------------------------------------------------------------
STREAM (dynamic) version — custom malloc-based implementation
-------------------------------------------------------------
This system uses 8 bytes per array element.
-------------------------------------------------------------
Array size = 39858133 (elements), Offset = 0 (elements)
Memory per array = 304.1 MiB (= 0.3 GiB).
Total memory required = 912.3 MiB (= 0.9 GiB).
Each kernel will be executed 5 times.
-------------------------------------------------------------
Function    Best Rate MB/s  Avg time     Min time     Max time
Copy:           13351.1     0.052203     0.047766     0.058029
Scale:          11458.2     0.056666     0.055657     0.057863
Add:            10306.7     0.096691     0.092813     0.103409
Triad:           9475.6     0.102347     0.100953     0.103734
-------------------------------------------------------------
Solution Validates: avg error less than 1.000000e-13 on all three arrays
-------------------------------------------------------------



--- run 2 ---
-------------------------------------------------------------
STREAM (dynamic) version — custom malloc-based implementation
-------------------------------------------------------------
This system uses 8 bytes per array element.
-------------------------------------------------------------
Array size = 39858133 (elements), Offset = 0 (elements)
Memory per array = 304.1 MiB (= 0.3 GiB).
Total memory required = 912.3 MiB (= 0.9 GiB).
Each kernel will be executed 5 times.
-------------------------------------------------------------
Function    Best Rate MB/s  Avg time     Min time     Max time
Copy:           13580.8     0.049033     0.046958     0.050881
Scale:          11544.7     0.055514     0.055240     0.056084
Add:            10418.5     0.094452     0.091817     0.102161
Triad:          10562.2     0.092944     0.090568     0.099895
-------------------------------------------------------------
Solution Validates: avg error less than 1.000000e-13 on all three arrays
-------------------------------------------------------------



--- run 3 ---
-------------------------------------------------------------
STREAM (dynamic) version — custom malloc-based implementation
-------------------------------------------------------------
This system uses 8 bytes per array element.
-------------------------------------------------------------
Array size = 39858133 (elements), Offset = 0 (elements)
Memory per array = 304.1 MiB (= 0.3 GiB).
Total memory required = 912.3 MiB (= 0.9 GiB).
Each kernel will be executed 5 times.
-------------------------------------------------------------
Function    Best Rate MB/s  Avg time     Min time     Max time
Copy:           12492.7     0.054178     0.051048     0.060103
Scale:          11518.0     0.056011     0.055368     0.056636
Add:            10163.8     0.096044     0.094118     0.099382
Triad:          10218.1     0.097306     0.093618     0.107820
-------------------------------------------------------------
Solution Validates: avg error less than 1.000000e-13 on all three arrays
-------------------------------------------------------------



--- run 1 ---
-------------------------------------------------------------
STREAM (dynamic) version — custom malloc-based implementation
-------------------------------------------------------------
This system uses 8 bytes per array element.
-------------------------------------------------------------
Array size = 42228224 (elements), Offset = 0 (elements)
Memory per array = 322.2 MiB (= 0.3 GiB).
Total memory required = 966.5 MiB (= 0.9 GiB).
Each kernel will be executed 5 times.
-------------------------------------------------------------
Function    Best Rate MB/s  Avg time     Min time     Max time
Copy:           12901.0     0.054427     0.052372     0.055944
Scale:          11556.5     0.058871     0.058465     0.059850
Add:            10446.6     0.100579     0.097015     0.110311
Triad:          10551.6     0.098651     0.096050     0.106318
-------------------------------------------------------------
Solution Validates: avg error less than 1.000000e-13 on all three arrays
-------------------------------------------------------------



--- run 2 ---
-------------------------------------------------------------
STREAM (dynamic) version — custom malloc-based implementation
-------------------------------------------------------------
This system uses 8 bytes per array element.
-------------------------------------------------------------
Array size = 42228224 (elements), Offset = 0 (elements)
Memory per array = 322.2 MiB (= 0.3 GiB).
Total memory required = 966.5 MiB (= 0.9 GiB).
Each kernel will be executed 5 times.
-------------------------------------------------------------
Function    Best Rate MB/s  Avg time     Min time     Max time
Copy:           13468.3     0.060734     0.050166     0.071026
Scale:          11508.1     0.059047     0.058711     0.059719
Add:            10349.9     0.102157     0.097922     0.107015
Triad:          10582.9     0.102077     0.095765     0.105086
-------------------------------------------------------------
Solution Validates: avg error less than 1.000000e-13 on all three arrays
-------------------------------------------------------------



--- run 3 ---
-------------------------------------------------------------
STREAM (dynamic) version — custom malloc-based implementation
-------------------------------------------------------------
This system uses 8 bytes per array element.
-------------------------------------------------------------
Array size = 42228224 (elements), Offset = 0 (elements)
Memory per array = 322.2 MiB (= 0.3 GiB).
Total memory required = 966.5 MiB (= 0.9 GiB).
Each kernel will be executed 5 times.
-------------------------------------------------------------
Function    Best Rate MB/s  Avg time     Min time     Max time
Copy:           13385.3     0.056852     0.050477     0.063047
Scale:          11531.3     0.058763     0.058593     0.059082
Add:            10369.0     0.102073     0.097741     0.111695
Triad:          10532.0     0.103121     0.096228     0.109029
-------------------------------------------------------------
Solution Validates: avg error less than 1.000000e-13 on all three arrays
-------------------------------------------------------------



--- run 1 ---
-------------------------------------------------------------
STREAM (dynamic) version — custom malloc-based implementation
-------------------------------------------------------------
This system uses 8 bytes per array element.
-------------------------------------------------------------
Array size = 44739242 (elements), Offset = 0 (elements)
Memory per array = 341.3 MiB (= 0.3 GiB).
Total memory required = 1024.0 MiB (= 1.0 GiB).
Each kernel will be executed 5 times.
-------------------------------------------------------------
Function    Best Rate MB/s  Avg time     Min time     Max time
Copy:           12738.7     0.062312     0.056193     0.070664
Scale:          11552.5     0.062504     0.061963     0.063343
Add:            10291.3     0.110111     0.104335     0.114456
Triad:          10362.5     0.112427     0.103618     0.117770
-------------------------------------------------------------
Solution Validates: avg error less than 1.000000e-13 on all three arrays
-------------------------------------------------------------



--- run 2 ---
-------------------------------------------------------------
STREAM (dynamic) version — custom malloc-based implementation
-------------------------------------------------------------
This system uses 8 bytes per array element.
-------------------------------------------------------------
Array size = 44739242 (elements), Offset = 0 (elements)
Memory per array = 341.3 MiB (= 0.3 GiB).
Total memory required = 1024.0 MiB (= 1.0 GiB).
Each kernel will be executed 5 times.
-------------------------------------------------------------
Function    Best Rate MB/s  Avg time     Min time     Max time
Copy:           13306.8     0.057211     0.053794     0.060264
Scale:          11541.7     0.062845     0.062021     0.064114
Add:            10385.7     0.103666     0.103387     0.104071
Triad:          10504.6     0.106336     0.102216     0.116302
-------------------------------------------------------------
Solution Validates: avg error less than 1.000000e-13 on all three arrays
-------------------------------------------------------------



--- run 3 ---
-------------------------------------------------------------
STREAM (dynamic) version — custom malloc-based implementation
-------------------------------------------------------------
This system uses 8 bytes per array element.
-------------------------------------------------------------
Array size = 44739242 (elements), Offset = 0 (elements)
Memory per array = 341.3 MiB (= 0.3 GiB).
Total memory required = 1024.0 MiB (= 1.0 GiB).
Each kernel will be executed 5 times.
-------------------------------------------------------------
Function    Best Rate MB/s  Avg time     Min time     Max time
Copy:           13314.7     0.056175     0.053762     0.062913
Scale:          11566.7     0.062046     0.061887     0.062375
Add:            10432.5     0.111900     0.102923     0.117201
Triad:          10545.6     0.110200     0.101819     0.114849
-------------------------------------------------------------
Solution Validates: avg error less than 1.000000e-13 on all three arrays
-------------------------------------------------------------



--- run 1 ---
-------------------------------------------------------------
STREAM (dynamic) version — custom malloc-based implementation
-------------------------------------------------------------
This system uses 8 bytes per array element.
-------------------------------------------------------------
Array size = 47399594 (elements), Offset = 0 (elements)
Memory per array = 361.6 MiB (= 0.4 GiB).
Total memory required = 1084.9 MiB (= 1.1 GiB).
Each kernel will be executed 5 times.
-------------------------------------------------------------
Function    Best Rate MB/s  Avg time     Min time     Max time
Copy:           11471.7     0.068248     0.066110     0.071455
Scale:          11489.6     0.066123     0.066007     0.066394
Add:             9897.7     0.122325     0.114935     0.129796
Triad:          10012.6     0.123583     0.113616     0.129197
-------------------------------------------------------------
Solution Validates: avg error less than 1.000000e-13 on all three arrays
-------------------------------------------------------------



--- run 2 ---
-------------------------------------------------------------
STREAM (dynamic) version — custom malloc-based implementation
-------------------------------------------------------------
This system uses 8 bytes per array element.
-------------------------------------------------------------
Array size = 47399594 (elements), Offset = 0 (elements)
Memory per array = 361.6 MiB (= 0.4 GiB).
Total memory required = 1084.9 MiB (= 1.1 GiB).
Each kernel will be executed 5 times.
-------------------------------------------------------------
Function    Best Rate MB/s  Avg time     Min time     Max time
Copy:           12353.3     0.064715     0.061392     0.072895
Scale:          11524.7     0.067006     0.065806     0.068686
Add:             9314.1     0.125499     0.122136     0.129428
Triad:           9378.6     0.127796     0.121296     0.131363
-------------------------------------------------------------
Solution Validates: avg error less than 1.000000e-13 on all three arrays
-------------------------------------------------------------



--- run 3 ---
-------------------------------------------------------------
STREAM (dynamic) version — custom malloc-based implementation
-------------------------------------------------------------
This system uses 8 bytes per array element.
-------------------------------------------------------------
Array size = 47399594 (elements), Offset = 0 (elements)
Memory per array = 361.6 MiB (= 0.4 GiB).
Total memory required = 1084.9 MiB (= 1.1 GiB).
Each kernel will be executed 5 times.
-------------------------------------------------------------
Function    Best Rate MB/s  Avg time     Min time     Max time
Copy:           13306.8     0.060952     0.056993     0.068946
Scale:          11520.1     0.066047     0.065832     0.066609
Add:             9994.6     0.118869     0.113821     0.127363
Triad:           9637.8     0.123598     0.118034     0.131323
-------------------------------------------------------------
Solution Validates: avg error less than 1.000000e-13 on all three arrays
-------------------------------------------------------------



--- run 1 ---
-------------------------------------------------------------
STREAM (dynamic) version — custom malloc-based implementation
-------------------------------------------------------------
This system uses 8 bytes per array element.
-------------------------------------------------------------
Array size = 50218112 (elements), Offset = 0 (elements)
Memory per array = 383.1 MiB (= 0.4 GiB).
Total memory required = 1149.4 MiB (= 1.1 GiB).
Each kernel will be executed 5 times.
-------------------------------------------------------------
Function    Best Rate MB/s  Avg time     Min time     Max time
Copy:           13331.5     0.060514     0.060270     0.060627
Scale:          11539.3     0.070600     0.069631     0.073317
Add:            10146.8     0.122780     0.118780     0.126356
Triad:          10219.1     0.125716     0.117939     0.134839
-------------------------------------------------------------
Solution Validates: avg error less than 1.000000e-13 on all three arrays
-------------------------------------------------------------



--- run 2 ---
-------------------------------------------------------------
STREAM (dynamic) version — custom malloc-based implementation
-------------------------------------------------------------
This system uses 8 bytes per array element.
-------------------------------------------------------------
Array size = 50218112 (elements), Offset = 0 (elements)
Memory per array = 383.1 MiB (= 0.4 GiB).
Total memory required = 1149.4 MiB (= 1.1 GiB).
Each kernel will be executed 5 times.
-------------------------------------------------------------
Function    Best Rate MB/s  Avg time     Min time     Max time
Copy:           12350.4     0.067223     0.065058     0.072581
Scale:          11549.2     0.070228     0.069571     0.071024
Add:             9863.0     0.129559     0.122198     0.139928
Triad:           9856.7     0.130705     0.122275     0.136496
-------------------------------------------------------------
Solution Validates: avg error less than 1.000000e-13 on all three arrays
-------------------------------------------------------------



--- run 3 ---
-------------------------------------------------------------
STREAM (dynamic) version — custom malloc-based implementation
-------------------------------------------------------------
This system uses 8 bytes per array element.
-------------------------------------------------------------
Array size = 50218112 (elements), Offset = 0 (elements)
Memory per array = 383.1 MiB (= 0.4 GiB).
Total memory required = 1149.4 MiB (= 1.1 GiB).
Each kernel will be executed 5 times.
-------------------------------------------------------------
Function    Best Rate MB/s  Avg time     Min time     Max time
Copy:           12629.5     0.065695     0.063620     0.071183
Scale:          11537.8     0.070087     0.069640     0.071259
Add:             9944.3     0.123437     0.121199     0.125997
Triad:          10027.8     0.128736     0.120189     0.139518
-------------------------------------------------------------
Solution Validates: avg error less than 1.000000e-13 on all three arrays
-------------------------------------------------------------



--- run 1 ---
-------------------------------------------------------------
STREAM (dynamic) version — custom malloc-based implementation
-------------------------------------------------------------
This system uses 8 bytes per array element.
-------------------------------------------------------------
Array size = 53204224 (elements), Offset = 0 (elements)
Memory per array = 405.9 MiB (= 0.4 GiB).
Total memory required = 1217.7 MiB (= 1.2 GiB).
Each kernel will be executed 5 times.
-------------------------------------------------------------
Function    Best Rate MB/s  Avg time     Min time     Max time
Copy:           13060.2     0.067374     0.065180     0.069857
Scale:          11537.1     0.073922     0.073785     0.074190
Add:            10419.3     0.123385     0.122551     0.125071
Triad:          10454.3     0.127120     0.122141     0.139075
-------------------------------------------------------------
Solution Validates: avg error less than 1.000000e-13 on all three arrays
-------------------------------------------------------------



--- run 2 ---
-------------------------------------------------------------
STREAM (dynamic) version — custom malloc-based implementation
-------------------------------------------------------------
This system uses 8 bytes per array element.
-------------------------------------------------------------
Array size = 53204224 (elements), Offset = 0 (elements)
Memory per array = 405.9 MiB (= 0.4 GiB).
Total memory required = 1217.7 MiB (= 1.2 GiB).
Each kernel will be executed 5 times.
-------------------------------------------------------------
Function    Best Rate MB/s  Avg time     Min time     Max time
Copy:           13195.1     0.066373     0.064514     0.070524
Scale:          11574.9     0.073829     0.073544     0.074093
Add:            10355.9     0.126979     0.123302     0.137211
Triad:          10524.2     0.128744     0.121330     0.133573
-------------------------------------------------------------
Solution Validates: avg error less than 1.000000e-13 on all three arrays
-------------------------------------------------------------



--- run 3 ---
-------------------------------------------------------------
STREAM (dynamic) version — custom malloc-based implementation
-------------------------------------------------------------
This system uses 8 bytes per array element.
-------------------------------------------------------------
Array size = 53204224 (elements), Offset = 0 (elements)
Memory per array = 405.9 MiB (= 0.4 GiB).
Total memory required = 1217.7 MiB (= 1.2 GiB).
Each kernel will be executed 5 times.
-------------------------------------------------------------
Function    Best Rate MB/s  Avg time     Min time     Max time
Copy:           12642.8     0.072423     0.067332     0.078135
Scale:          11536.4     0.074503     0.073790     0.075323
Add:            10215.4     0.129279     0.124998     0.134417
Triad:          10346.1     0.125784     0.123418     0.128352
-------------------------------------------------------------
Solution Validates: avg error less than 1.000000e-13 on all three arrays
-------------------------------------------------------------



--- run 1 ---
-------------------------------------------------------------
STREAM (dynamic) version — custom malloc-based implementation
-------------------------------------------------------------
This system uses 8 bytes per array element.
-------------------------------------------------------------
Array size = 56367914 (elements), Offset = 0 (elements)
Memory per array = 430.1 MiB (= 0.4 GiB).
Total memory required = 1290.2 MiB (= 1.3 GiB).
Each kernel will be executed 5 times.
-------------------------------------------------------------
Function    Best Rate MB/s  Avg time     Min time     Max time
Copy:           12764.7     0.072495     0.070655     0.077056
Scale:          11519.7     0.078800     0.078291     0.079434
Add:            10417.6     0.137773     0.129860     0.145968
Triad:          10508.7     0.135615     0.128734     0.141742
-------------------------------------------------------------
Solution Validates: avg error less than 1.000000e-13 on all three arrays
-------------------------------------------------------------



--- run 2 ---
-------------------------------------------------------------
STREAM (dynamic) version — custom malloc-based implementation
-------------------------------------------------------------
This system uses 8 bytes per array element.
-------------------------------------------------------------
Array size = 56367914 (elements), Offset = 0 (elements)
Memory per array = 430.1 MiB (= 0.4 GiB).
Total memory required = 1290.2 MiB (= 1.3 GiB).
Each kernel will be executed 5 times.
-------------------------------------------------------------
Function    Best Rate MB/s  Avg time     Min time     Max time
Copy:           12152.0     0.079083     0.074217     0.088059
Scale:          11522.9     0.078828     0.078269     0.079481
Add:            10510.1     0.134736     0.128717     0.140624
Triad:          10304.4     0.140923     0.131287     0.145717
-------------------------------------------------------------
Solution Validates: avg error less than 1.000000e-13 on all three arrays
-------------------------------------------------------------



--- run 3 ---
-------------------------------------------------------------
STREAM (dynamic) version — custom malloc-based implementation
-------------------------------------------------------------
This system uses 8 bytes per array element.
-------------------------------------------------------------
Array size = 56367914 (elements), Offset = 0 (elements)
Memory per array = 430.1 MiB (= 0.4 GiB).
Total memory required = 1290.2 MiB (= 1.3 GiB).
Each kernel will be executed 5 times.
-------------------------------------------------------------
Function    Best Rate MB/s  Avg time     Min time     Max time
Copy:           13369.6     0.071719     0.067458     0.077839
Scale:          11531.3     0.079087     0.078212     0.079843
Add:            10479.2     0.132013     0.129097     0.140536
Triad:          10588.7     0.135056     0.127761     0.139887
-------------------------------------------------------------
Solution Validates: avg error less than 1.000000e-13 on all three arrays
-------------------------------------------------------------



--- run 1 ---
-------------------------------------------------------------
STREAM (dynamic) version — custom malloc-based implementation
-------------------------------------------------------------
This system uses 8 bytes per array element.
-------------------------------------------------------------
Array size = 59719722 (elements), Offset = 0 (elements)
Memory per array = 455.6 MiB (= 0.4 GiB).
Total memory required = 1366.9 MiB (= 1.3 GiB).
Each kernel will be executed 5 times.
-------------------------------------------------------------
Function    Best Rate MB/s  Avg time     Min time     Max time
Copy:           12910.9     0.081110     0.074008     0.089002
Scale:          11529.8     0.083854     0.082874     0.084852
Add:            10009.8     0.151889     0.143187     0.160732
Triad:           9166.9     0.158225     0.156353     0.159010
-------------------------------------------------------------
Solution Validates: avg error less than 1.000000e-13 on all three arrays
-------------------------------------------------------------



--- run 2 ---
-------------------------------------------------------------
STREAM (dynamic) version — custom malloc-based implementation
-------------------------------------------------------------
This system uses 8 bytes per array element.
-------------------------------------------------------------
Array size = 59719722 (elements), Offset = 0 (elements)
Memory per array = 455.6 MiB (= 0.4 GiB).
Total memory required = 1366.9 MiB (= 1.3 GiB).
Each kernel will be executed 5 times.
-------------------------------------------------------------
Function    Best Rate MB/s  Avg time     Min time     Max time
Copy:           12809.3     0.079108     0.074595     0.087521
Scale:          11320.7     0.084843     0.084404     0.086046
Add:             9917.8     0.151124     0.144515     0.166193
Triad:          10058.5     0.155331     0.142494     0.165778
-------------------------------------------------------------
Solution Validates: avg error less than 1.000000e-13 on all three arrays
-------------------------------------------------------------



--- run 3 ---
-------------------------------------------------------------
STREAM (dynamic) version — custom malloc-based implementation
-------------------------------------------------------------
This system uses 8 bytes per array element.
-------------------------------------------------------------
Array size = 59719722 (elements), Offset = 0 (elements)
Memory per array = 455.6 MiB (= 0.4 GiB).
Total memory required = 1366.9 MiB (= 1.3 GiB).
Each kernel will be executed 5 times.
-------------------------------------------------------------
Function    Best Rate MB/s  Avg time     Min time     Max time
Copy:           12739.7     0.083973     0.075003     0.087712
Scale:          11522.8     0.083620     0.082924     0.084411
Add:            10196.9     0.152765     0.140560     0.159650
Triad:          10277.7     0.152341     0.139454     0.158027
-------------------------------------------------------------
Solution Validates: avg error less than 1.000000e-13 on all three arrays
-------------------------------------------------------------



--- run 1 ---
-------------------------------------------------------------
STREAM (dynamic) version — custom malloc-based implementation
-------------------------------------------------------------
This system uses 8 bytes per array element.
-------------------------------------------------------------
Array size = 63270826 (elements), Offset = 0 (elements)
Memory per array = 482.7 MiB (= 0.5 GiB).
Total memory required = 1448.2 MiB (= 1.4 GiB).
Each kernel will be executed 5 times.
-------------------------------------------------------------
Function    Best Rate MB/s  Avg time     Min time     Max time
Copy:           12178.0     0.084470     0.083128     0.086908
Scale:          11516.1     0.088842     0.087906     0.090255
Add:            10517.9     0.150469     0.144373     0.158777
Triad:          10546.2     0.150456     0.143986     0.161094
-------------------------------------------------------------
Solution Validates: avg error less than 1.000000e-13 on all three arrays
-------------------------------------------------------------



--- run 2 ---
-------------------------------------------------------------
STREAM (dynamic) version — custom malloc-based implementation
-------------------------------------------------------------
This system uses 8 bytes per array element.
-------------------------------------------------------------
Array size = 63270826 (elements), Offset = 0 (elements)
Memory per array = 482.7 MiB (= 0.5 GiB).
Total memory required = 1448.2 MiB (= 1.4 GiB).
Each kernel will be executed 5 times.
-------------------------------------------------------------
Function    Best Rate MB/s  Avg time     Min time     Max time
Copy:           13819.1     0.076501     0.073256     0.082683
Scale:          11550.0     0.089027     0.087648     0.091852
Add:            10402.7     0.153701     0.145971     0.167436
Triad:          10498.9     0.153211     0.144634     0.164403
-------------------------------------------------------------
Solution Validates: avg error less than 1.000000e-13 on all three arrays
-------------------------------------------------------------



--- run 3 ---
-------------------------------------------------------------
STREAM (dynamic) version — custom malloc-based implementation
-------------------------------------------------------------
This system uses 8 bytes per array element.
-------------------------------------------------------------
Array size = 63270826 (elements), Offset = 0 (elements)
Memory per array = 482.7 MiB (= 0.5 GiB).
Total memory required = 1448.2 MiB (= 1.4 GiB).
Each kernel will be executed 5 times.
-------------------------------------------------------------
Function    Best Rate MB/s  Avg time     Min time     Max time
Copy:           12932.4     0.087376     0.078279     0.097053
Scale:          11539.6     0.091673     0.087727     0.102898
Add:            10273.7     0.154291     0.147804     0.163435
Triad:          10186.5     0.157872     0.149070     0.162631
-------------------------------------------------------------
Solution Validates: avg error less than 1.000000e-13 on all three arrays
-------------------------------------------------------------



--- run 1 ---
-------------------------------------------------------------
STREAM (dynamic) version — custom malloc-based implementation
-------------------------------------------------------------
This system uses 8 bytes per array element.
-------------------------------------------------------------
Array size = 67033130 (elements), Offset = 0 (elements)
Memory per array = 511.4 MiB (= 0.5 GiB).
Total memory required = 1534.3 MiB (= 1.5 GiB).
Each kernel will be executed 5 times.
-------------------------------------------------------------
Function    Best Rate MB/s  Avg time     Min time     Max time
Copy:           12938.0     0.086030     0.082898     0.090520
Scale:          11549.7     0.093415     0.092862     0.094410
Add:            10475.5     0.162087     0.153577     0.173117
Triad:          10536.2     0.163378     0.152692     0.169199
-------------------------------------------------------------
Solution Validates: avg error less than 1.000000e-13 on all three arrays
-------------------------------------------------------------



--- run 2 ---
-------------------------------------------------------------
STREAM (dynamic) version — custom malloc-based implementation
-------------------------------------------------------------
This system uses 8 bytes per array element.
-------------------------------------------------------------
Array size = 67033130 (elements), Offset = 0 (elements)
Memory per array = 511.4 MiB (= 0.5 GiB).
Total memory required = 1534.3 MiB (= 1.5 GiB).
Each kernel will be executed 5 times.
-------------------------------------------------------------
Function    Best Rate MB/s  Avg time     Min time     Max time
Copy:           12905.6     0.085372     0.083106     0.088831
Scale:          11530.6     0.093100     0.093016     0.093199
Add:            10501.8     0.153359     0.153193     0.153581
Triad:          10553.8     0.160520     0.152438     0.170688
-------------------------------------------------------------
Solution Validates: avg error less than 1.000000e-13 on all three arrays
-------------------------------------------------------------



--- run 3 ---
-------------------------------------------------------------
STREAM (dynamic) version — custom malloc-based implementation
-------------------------------------------------------------
This system uses 8 bytes per array element.
-------------------------------------------------------------
Array size = 67033130 (elements), Offset = 0 (elements)
Memory per array = 511.4 MiB (= 0.5 GiB).
Total memory required = 1534.3 MiB (= 1.5 GiB).
Each kernel will be executed 5 times.
-------------------------------------------------------------
Function    Best Rate MB/s  Avg time     Min time     Max time
Copy:           12819.5     0.096793     0.083664     0.103268
Scale:          11544.3     0.094521     0.092906     0.096680
Add:             9557.8     0.172902     0.168323     0.178805
Triad:          10153.8     0.172402     0.158442     0.177136
-------------------------------------------------------------
Solution Validates: avg error less than 1.000000e-13 on all three arrays
-------------------------------------------------------------



--- run 1 ---
-------------------------------------------------------------
STREAM (dynamic) version — custom malloc-based implementation
-------------------------------------------------------------
This system uses 8 bytes per array element.
-------------------------------------------------------------
Array size = 71019136 (elements), Offset = 0 (elements)
Memory per array = 541.8 MiB (= 0.5 GiB).
Total memory required = 1625.5 MiB (= 1.6 GiB).
Each kernel will be executed 5 times.
-------------------------------------------------------------
Function    Best Rate MB/s  Avg time     Min time     Max time
Copy:           12868.0     0.094600     0.088305     0.101542
Scale:          11531.3     0.098965     0.098541     0.099802
Add:            10411.6     0.175620     0.163707     0.187443
Triad:          10465.1     0.171388     0.162871     0.181073
-------------------------------------------------------------
Solution Validates: avg error less than 1.000000e-13 on all three arrays
-------------------------------------------------------------



--- run 2 ---
-------------------------------------------------------------
STREAM (dynamic) version — custom malloc-based implementation
-------------------------------------------------------------
This system uses 8 bytes per array element.
-------------------------------------------------------------
Array size = 71019136 (elements), Offset = 0 (elements)
Memory per array = 541.8 MiB (= 0.5 GiB).
Total memory required = 1625.5 MiB (= 1.6 GiB).
Each kernel will be executed 5 times.
-------------------------------------------------------------
Function    Best Rate MB/s  Avg time     Min time     Max time
Copy:           12818.3     0.096557     0.088647     0.106783
Scale:          11555.5     0.099810     0.098335     0.101906
Add:             9773.6     0.178511     0.174394     0.181100
Triad:          10356.9     0.176503     0.164572     0.182089
-------------------------------------------------------------
Solution Validates: avg error less than 1.000000e-13 on all three arrays
-------------------------------------------------------------



--- run 3 ---
-------------------------------------------------------------
STREAM (dynamic) version — custom malloc-based implementation
-------------------------------------------------------------
This system uses 8 bytes per array element.
-------------------------------------------------------------
Array size = 71019136 (elements), Offset = 0 (elements)
Memory per array = 541.8 MiB (= 0.5 GiB).
Total memory required = 1625.5 MiB (= 1.6 GiB).
Each kernel will be executed 5 times.
-------------------------------------------------------------
Function    Best Rate MB/s  Avg time     Min time     Max time
Copy:           12403.2     0.097498     0.091614     0.106201
Scale:          11541.5     0.101053     0.098454     0.102403
Add:            10093.1     0.176288     0.168873     0.180282
Triad:          10209.5     0.172141     0.166948     0.184521
-------------------------------------------------------------
Solution Validates: avg error less than 1.000000e-13 on all three arrays
-------------------------------------------------------------



--- run 1 ---
-------------------------------------------------------------
STREAM (dynamic) version — custom malloc-based implementation
-------------------------------------------------------------
This system uses 8 bytes per array element.
-------------------------------------------------------------
Array size = 75242154 (elements), Offset = 0 (elements)
Memory per array = 574.1 MiB (= 0.6 GiB).
Total memory required = 1722.2 MiB (= 1.7 GiB).
Each kernel will be executed 5 times.
-------------------------------------------------------------
Function    Best Rate MB/s  Avg time     Min time     Max time
Copy:           12732.9     0.096479     0.094548     0.101038
Scale:          11516.5     0.105160     0.104535     0.106939
Add:            10288.7     0.180859     0.175514     0.190012
Triad:          10412.4     0.182344     0.173429     0.194545
-------------------------------------------------------------
Solution Validates: avg error less than 1.000000e-13 on all three arrays
-------------------------------------------------------------



--- run 2 ---
-------------------------------------------------------------
STREAM (dynamic) version — custom malloc-based implementation
-------------------------------------------------------------
This system uses 8 bytes per array element.
-------------------------------------------------------------
Array size = 75242154 (elements), Offset = 0 (elements)
Memory per array = 574.1 MiB (= 0.6 GiB).
Total memory required = 1722.2 MiB (= 1.7 GiB).
Each kernel will be executed 5 times.
-------------------------------------------------------------
Function    Best Rate MB/s  Avg time     Min time     Max time
Copy:           12689.7     0.101356     0.094870     0.116244
Scale:          11525.0     0.105561     0.104458     0.107162
Add:            10415.3     0.178636     0.173380     0.190581
Triad:          10488.7     0.174924     0.172167     0.181880
-------------------------------------------------------------
Solution Validates: avg error less than 1.000000e-13 on all three arrays
-------------------------------------------------------------



--- run 3 ---
-------------------------------------------------------------
STREAM (dynamic) version — custom malloc-based implementation
-------------------------------------------------------------
This system uses 8 bytes per array element.
-------------------------------------------------------------
Array size = 75242154 (elements), Offset = 0 (elements)
Memory per array = 574.1 MiB (= 0.6 GiB).
Total memory required = 1722.2 MiB (= 1.7 GiB).
Each kernel will be executed 5 times.
-------------------------------------------------------------
Function    Best Rate MB/s  Avg time     Min time     Max time
Copy:           12801.7     0.102236     0.094040     0.110886
Scale:          11532.3     0.105187     0.104392     0.107202
Add:            10430.1     0.174042     0.173135     0.176356
Triad:          10507.9     0.184139     0.171853     0.193051
-------------------------------------------------------------
Solution Validates: avg error less than 1.000000e-13 on all three arrays
-------------------------------------------------------------



--- run 1 ---
-------------------------------------------------------------
STREAM (dynamic) version — custom malloc-based implementation
-------------------------------------------------------------
This system uses 8 bytes per array element.
-------------------------------------------------------------
Array size = 79716266 (elements), Offset = 0 (elements)
Memory per array = 608.2 MiB (= 0.6 GiB).
Total memory required = 1824.6 MiB (= 1.8 GiB).
Each kernel will be executed 5 times.
-------------------------------------------------------------
Function    Best Rate MB/s  Avg time     Min time     Max time
Copy:           12715.2     0.101708     0.100310     0.104684
Scale:          11539.4     0.110964     0.110531     0.111720
Add:            10501.9     0.191761     0.182176     0.196382
Triad:          10475.6     0.193217     0.182633     0.200731
-------------------------------------------------------------
Solution Validates: avg error less than 1.000000e-13 on all three arrays
-------------------------------------------------------------



--- run 2 ---
-------------------------------------------------------------
STREAM (dynamic) version — custom malloc-based implementation
-------------------------------------------------------------
This system uses 8 bytes per array element.
-------------------------------------------------------------
Array size = 79716266 (elements), Offset = 0 (elements)
Memory per array = 608.2 MiB (= 0.6 GiB).
Total memory required = 1824.6 MiB (= 1.8 GiB).
Each kernel will be executed 5 times.
-------------------------------------------------------------
Function    Best Rate MB/s  Avg time     Min time     Max time
Copy:           12233.6     0.107760     0.104259     0.112263
Scale:          11432.6     0.112343     0.111564     0.113039
Add:            10449.3     0.192163     0.183093     0.200654
Triad:           9492.0     0.204860     0.201557     0.206374
-------------------------------------------------------------
Solution Validates: avg error less than 1.000000e-13 on all three arrays
-------------------------------------------------------------



--- run 3 ---
-------------------------------------------------------------
STREAM (dynamic) version — custom malloc-based implementation
-------------------------------------------------------------
This system uses 8 bytes per array element.
-------------------------------------------------------------
Array size = 79716266 (elements), Offset = 0 (elements)
Memory per array = 608.2 MiB (= 0.6 GiB).
Total memory required = 1824.6 MiB (= 1.8 GiB).
Each kernel will be executed 5 times.
-------------------------------------------------------------
Function    Best Rate MB/s  Avg time     Min time     Max time
Copy:           12799.0     0.104126     0.099653     0.107911
Scale:          11513.5     0.111534     0.110780     0.111861
Add:            10527.1     0.194601     0.181739     0.202259
Triad:          10575.4     0.186764     0.180909     0.193789
-------------------------------------------------------------
Solution Validates: avg error less than 1.000000e-13 on all three arrays
-------------------------------------------------------------



--- run 1 ---
-------------------------------------------------------------
STREAM (dynamic) version — custom malloc-based implementation
-------------------------------------------------------------
This system uses 8 bytes per array element.
-------------------------------------------------------------
Array size = 84456448 (elements), Offset = 0 (elements)
Memory per array = 644.4 MiB (= 0.6 GiB).
Total memory required = 1933.1 MiB (= 1.9 GiB).
Each kernel will be executed 5 times.
-------------------------------------------------------------
Function    Best Rate MB/s  Avg time     Min time     Max time
Copy:           13035.9     0.108677     0.103660     0.113945
Scale:          11549.0     0.117823     0.117006     0.118814
Add:            10207.3     0.209436     0.198579     0.219884
Triad:          10335.4     0.209507     0.196117     0.221978
-------------------------------------------------------------
Solution Validates: avg error less than 1.000000e-13 on all three arrays
-------------------------------------------------------------



--- run 2 ---
-------------------------------------------------------------
STREAM (dynamic) version — custom malloc-based implementation
-------------------------------------------------------------
This system uses 8 bytes per array element.
-------------------------------------------------------------
Array size = 84456448 (elements), Offset = 0 (elements)
Memory per array = 644.4 MiB (= 0.6 GiB).
Total memory required = 1933.1 MiB (= 1.9 GiB).
Each kernel will be executed 5 times.
-------------------------------------------------------------
Function    Best Rate MB/s  Avg time     Min time     Max time
Copy:           12969.5     0.111419     0.104191     0.121007
Scale:          11553.4     0.117577     0.116962     0.118276
Add:            10377.8     0.201842     0.195316     0.208390
Triad:          10394.6     0.199812     0.195001     0.205006
-------------------------------------------------------------
Solution Validates: avg error less than 1.000000e-13 on all three arrays
-------------------------------------------------------------



--- run 3 ---
-------------------------------------------------------------
STREAM (dynamic) version — custom malloc-based implementation
-------------------------------------------------------------
This system uses 8 bytes per array element.
-------------------------------------------------------------
Array size = 84456448 (elements), Offset = 0 (elements)
Memory per array = 644.4 MiB (= 0.6 GiB).
Total memory required = 1933.1 MiB (= 1.9 GiB).
Each kernel will be executed 5 times.
-------------------------------------------------------------
Function    Best Rate MB/s  Avg time     Min time     Max time
Copy:           13659.3     0.105361     0.098929     0.110454
Scale:          11567.3     0.118111     0.116821     0.121505
Add:            10305.8     0.202108     0.196681     0.213084
Triad:          10377.0     0.208148     0.195332     0.224303
-------------------------------------------------------------
Solution Validates: avg error less than 1.000000e-13 on all three arrays
-------------------------------------------------------------



--- run 1 ---
-------------------------------------------------------------
STREAM (dynamic) version — custom malloc-based implementation
-------------------------------------------------------------
This system uses 8 bytes per array element.
-------------------------------------------------------------
Array size = 89478485 (elements), Offset = 0 (elements)
Memory per array = 682.7 MiB (= 0.7 GiB).
Total memory required = 2048.0 MiB (= 2.0 GiB).
Each kernel will be executed 5 times.
-------------------------------------------------------------
Function    Best Rate MB/s  Avg time     Min time     Max time
Copy:           13742.7     0.114837     0.104176     0.127169
Scale:          11538.0     0.124875     0.124082     0.125385
Add:            10358.9     0.219155     0.207307     0.225556
Triad:          10453.4     0.218654     0.205434     0.226616
-------------------------------------------------------------
Solution Validates: avg error less than 1.000000e-13 on all three arrays
-------------------------------------------------------------



--- run 2 ---
-------------------------------------------------------------
STREAM (dynamic) version — custom malloc-based implementation
-------------------------------------------------------------
This system uses 8 bytes per array element.
-------------------------------------------------------------
Array size = 89478485 (elements), Offset = 0 (elements)
Memory per array = 682.7 MiB (= 0.7 GiB).
Total memory required = 2048.0 MiB (= 2.0 GiB).
Each kernel will be executed 5 times.
-------------------------------------------------------------
Function    Best Rate MB/s  Avg time     Min time     Max time
Copy:           13054.0     0.117815     0.109672     0.131039
Scale:          11536.9     0.124986     0.124094     0.126141
Add:            10331.6     0.212973     0.207856     0.225357
Triad:           9740.9     0.225811     0.220461     0.229814
-------------------------------------------------------------
Solution Validates: avg error less than 1.000000e-13 on all three arrays
-------------------------------------------------------------



--- run 3 ---
-------------------------------------------------------------
STREAM (dynamic) version — custom malloc-based implementation
-------------------------------------------------------------
This system uses 8 bytes per array element.
-------------------------------------------------------------
Array size = 89478485 (elements), Offset = 0 (elements)
Memory per array = 682.7 MiB (= 0.7 GiB).
Total memory required = 2048.0 MiB (= 2.0 GiB).
Each kernel will be executed 5 times.
-------------------------------------------------------------
Function    Best Rate MB/s  Avg time     Min time     Max time
Copy:           13377.9     0.116854     0.107016     0.132404
Scale:          11548.1     0.124588     0.123973     0.125520
Add:            10317.9     0.213260     0.208132     0.226163
Triad:          10311.7     0.222462     0.208256     0.234483
-------------------------------------------------------------
Solution Validates: avg error less than 1.000000e-13 on all three arrays
-------------------------------------------------------------


