--- run 1 ---
-------------------------------------------------------------
STREAM (dynamic) version — custom malloc-based implementation
-------------------------------------------------------------
This system uses 8 bytes per array element.
-------------------------------------------------------------
Array size = 10922 (elements), Offset = 0 (elements)
Memory per array = 0.1 MiB (= 0.0 GiB).
Total memory required = 0.2 MiB (= 0.0 GiB).
Each kernel will be executed 20 times.
-------------------------------------------------------------
Function    Best Rate MB/s  Avg time     Min time     Max time
Copy:           43115.5     0.000005     0.000004     0.000005
Scale:          22211.0     0.000009     0.000008     0.000010
Add:            32336.6     0.000009     0.000008     0.000010
Triad:          29714.7     0.000010     0.000009     0.000010
-------------------------------------------------------------
Solution Validates: avg error less than 1.000000e-13 on all three arrays
-------------------------------------------------------------



--- run 2 ---
-------------------------------------------------------------
STREAM (dynamic) version — custom malloc-based implementation
-------------------------------------------------------------
This system uses 8 bytes per array element.
-------------------------------------------------------------
Array size = 10922 (elements), Offset = 0 (elements)
Memory per array = 0.1 MiB (= 0.0 GiB).
Total memory required = 0.2 MiB (= 0.0 GiB).
Each kernel will be executed 20 times.
-------------------------------------------------------------
Function    Best Rate MB/s  Avg time     Min time     Max time
Copy:           43115.5     0.000005     0.000004     0.000006
Scale:          19809.8     0.000009     0.000009     0.000010
Add:            33316.5     0.000009     0.000008     0.000010
Triad:          29714.7     0.000010     0.000009     0.000011
-------------------------------------------------------------
Solution Validates: avg error less than 1.000000e-13 on all three arrays
-------------------------------------------------------------



--- run 3 ---
-------------------------------------------------------------
STREAM (dynamic) version — custom malloc-based implementation
-------------------------------------------------------------
This system uses 8 bytes per array element.
-------------------------------------------------------------
Array size = 10922 (elements), Offset = 0 (elements)
Memory per array = 0.1 MiB (= 0.0 GiB).
Total memory required = 0.2 MiB (= 0.0 GiB).
Each kernel will be executed 20 times.
-------------------------------------------------------------
Function    Best Rate MB/s  Avg time     Min time     Max time
Copy:           45810.2     0.000005     0.000004     0.000006
Scale:          21557.7     0.000009     0.000008     0.000010
Add:            29714.7     0.000010     0.000009     0.000011
Triad:          29714.7     0.000010     0.000009     0.000010
-------------------------------------------------------------
Solution Validates: avg error less than 1.000000e-13 on all three arrays
-------------------------------------------------------------



--- run 1 ---
-------------------------------------------------------------
STREAM (dynamic) version — custom malloc-based implementation
-------------------------------------------------------------
This system uses 8 bytes per array element.
-------------------------------------------------------------
Array size = 12245 (elements), Offset = 0 (elements)
Memory per array = 0.1 MiB (= 0.0 GiB).
Total memory required = 0.3 MiB (= 0.0 GiB).
Each kernel will be executed 20 times.
-------------------------------------------------------------
Function    Best Rate MB/s  Avg time     Min time     Max time
Copy:           39130.9     0.000006     0.000005     0.000006
Scale:          20042.6     0.000010     0.000010     0.000011
Add:            33314.1     0.000010     0.000009     0.000011
Triad:          30064.0     0.000011     0.000010     0.000011
-------------------------------------------------------------
Solution Validates: avg error less than 1.000000e-13 on all three arrays
-------------------------------------------------------------



--- run 2 ---
-------------------------------------------------------------
STREAM (dynamic) version — custom malloc-based implementation
-------------------------------------------------------------
This system uses 8 bytes per array element.
-------------------------------------------------------------
Array size = 12245 (elements), Offset = 0 (elements)
Memory per array = 0.1 MiB (= 0.0 GiB).
Total memory required = 0.3 MiB (= 0.0 GiB).
Each kernel will be executed 20 times.
-------------------------------------------------------------
Function    Best Rate MB/s  Avg time     Min time     Max time
Copy:           39130.9     0.000006     0.000005     0.000006
Scale:          21624.9     0.000010     0.000009     0.000010
Add:            32437.4     0.000009     0.000009     0.000010
Triad:          29348.1     0.000011     0.000010     0.000011
-------------------------------------------------------------
Solution Validates: avg error less than 1.000000e-13 on all three arrays
-------------------------------------------------------------



--- run 3 ---
-------------------------------------------------------------
STREAM (dynamic) version — custom malloc-based implementation
-------------------------------------------------------------
This system uses 8 bytes per array element.
-------------------------------------------------------------
Array size = 12245 (elements), Offset = 0 (elements)
Memory per array = 0.1 MiB (= 0.0 GiB).
Total memory required = 0.3 MiB (= 0.0 GiB).
Each kernel will be executed 20 times.
-------------------------------------------------------------
Function    Best Rate MB/s  Avg time     Min time     Max time
Copy:           39130.9     0.000006     0.000005     0.000006
Scale:          19565.4     0.000010     0.000010     0.000011
Add:            33314.1     0.000010     0.000009     0.000012
Triad:          29348.1     0.000011     0.000010     0.000012
-------------------------------------------------------------
Solution Validates: avg error less than 1.000000e-13 on all three arrays
-------------------------------------------------------------



--- run 1 ---
-------------------------------------------------------------
STREAM (dynamic) version — custom malloc-based implementation
-------------------------------------------------------------
This system uses 8 bytes per array element.
-------------------------------------------------------------
Array size = 13781 (elements), Offset = 0 (elements)
Memory per array = 0.1 MiB (= 0.0 GiB).
Total memory required = 0.3 MiB (= 0.0 GiB).
Each kernel will be executed 20 times.
-------------------------------------------------------------
Function    Best Rate MB/s  Avg time     Min time     Max time
Copy:           46241.4     0.000006     0.000005     0.000007
Scale:          22556.8     0.000011     0.000010     0.000012
Add:            33835.1     0.000011     0.000010     0.000012
Triad:          30157.4     0.000012     0.000011     0.000012
-------------------------------------------------------------
Solution Validates: avg error less than 1.000000e-13 on all three arrays
-------------------------------------------------------------



--- run 2 ---
-------------------------------------------------------------
STREAM (dynamic) version — custom malloc-based implementation
-------------------------------------------------------------
This system uses 8 bytes per array element.
-------------------------------------------------------------
Array size = 13781 (elements), Offset = 0 (elements)
Memory per array = 0.1 MiB (= 0.0 GiB).
Total memory required = 0.3 MiB (= 0.0 GiB).
Each kernel will be executed 20 times.
-------------------------------------------------------------
Function    Best Rate MB/s  Avg time     Min time     Max time
Copy:           46241.4     0.000006     0.000005     0.000007
Scale:          20104.9     0.000012     0.000011     0.000012
Add:            30157.4     0.000011     0.000011     0.000012
Triad:          30157.4     0.000011     0.000011     0.000012
-------------------------------------------------------------
Solution Validates: avg error less than 1.000000e-13 on all three arrays
-------------------------------------------------------------



--- run 3 ---
-------------------------------------------------------------
STREAM (dynamic) version — custom malloc-based implementation
-------------------------------------------------------------
This system uses 8 bytes per array element.
-------------------------------------------------------------
Array size = 13781 (elements), Offset = 0 (elements)
Memory per array = 0.1 MiB (= 0.0 GiB).
Total memory required = 0.3 MiB (= 0.0 GiB).
Each kernel will be executed 20 times.
-------------------------------------------------------------
Function    Best Rate MB/s  Avg time     Min time     Max time
Copy:           36993.1     0.000006     0.000006     0.000007
Scale:          22019.7     0.000011     0.000010     0.000012
Add:            33029.5     0.000012     0.000010     0.000023
Triad:          30157.4     0.000012     0.000011     0.000013
-------------------------------------------------------------
Solution Validates: avg error less than 1.000000e-13 on all three arrays
-------------------------------------------------------------



--- run 1 ---
-------------------------------------------------------------
STREAM (dynamic) version — custom malloc-based implementation
-------------------------------------------------------------
This system uses 8 bytes per array element.
-------------------------------------------------------------
Array size = 15445 (elements), Offset = 0 (elements)
Memory per array = 0.1 MiB (= 0.0 GiB).
Total memory required = 0.4 MiB (= 0.0 GiB).
Each kernel will be executed 20 times.
-------------------------------------------------------------
Function    Best Rate MB/s  Avg time     Min time     Max time
Copy:           41459.9     0.000007     0.000006     0.000008
Scale:          20323.5     0.000013     0.000012     0.000014
Add:            33798.8     0.000012     0.000011     0.000013
Triad:          31094.9     0.000013     0.000012     0.000014
-------------------------------------------------------------
Solution Validates: avg error less than 1.000000e-13 on all three arrays
-------------------------------------------------------------



--- run 2 ---
-------------------------------------------------------------
STREAM (dynamic) version — custom malloc-based implementation
-------------------------------------------------------------
This system uses 8 bytes per array element.
-------------------------------------------------------------
Array size = 15445 (elements), Offset = 0 (elements)
Memory per array = 0.1 MiB (= 0.0 GiB).
Total memory required = 0.4 MiB (= 0.0 GiB).
Each kernel will be executed 20 times.
-------------------------------------------------------------
Function    Best Rate MB/s  Avg time     Min time     Max time
Copy:           41459.9     0.000007     0.000006     0.000008
Scale:          20323.5     0.000013     0.000012     0.000014
Add:            33798.8     0.000012     0.000011     0.000013
Triad:          31094.9     0.000012     0.000012     0.000013
-------------------------------------------------------------
Solution Validates: avg error less than 1.000000e-13 on all three arrays
-------------------------------------------------------------



--- run 3 ---
-------------------------------------------------------------
STREAM (dynamic) version — custom malloc-based implementation
-------------------------------------------------------------
This system uses 8 bytes per array element.
-------------------------------------------------------------
Array size = 15445 (elements), Offset = 0 (elements)
Memory per array = 0.1 MiB (= 0.0 GiB).
Total memory required = 0.4 MiB (= 0.0 GiB).
Each kernel will be executed 20 times.
-------------------------------------------------------------
Function    Best Rate MB/s  Avg time     Min time     Max time
Copy:           41459.9     0.000007     0.000006     0.000007
Scale:          20729.9     0.000013     0.000012     0.000014
Add:            33798.8     0.000012     0.000011     0.000013
Triad:          31094.9     0.000013     0.000012     0.000014
-------------------------------------------------------------
Solution Validates: avg error less than 1.000000e-13 on all three arrays
-------------------------------------------------------------



--- run 1 ---
-------------------------------------------------------------
STREAM (dynamic) version — custom malloc-based implementation
-------------------------------------------------------------
This system uses 8 bytes per array element.
-------------------------------------------------------------
Array size = 17322 (elements), Offset = 0 (elements)
Memory per array = 0.1 MiB (= 0.0 GiB).
Total memory required = 0.4 MiB (= 0.0 GiB).
Each kernel will be executed 20 times.
-------------------------------------------------------------
Function    Best Rate MB/s  Avg time     Min time     Max time
Copy:           40084.8     0.000007     0.000007     0.000008
Scale:          20042.4     0.000015     0.000014     0.000015
Add:            34873.8     0.000013     0.000012     0.000014
Triad:          30063.6     0.000015     0.000014     0.000016
-------------------------------------------------------------
Solution Validates: avg error less than 1.000000e-13 on all three arrays
-------------------------------------------------------------



--- run 2 ---
-------------------------------------------------------------
STREAM (dynamic) version — custom malloc-based implementation
-------------------------------------------------------------
This system uses 8 bytes per array element.
-------------------------------------------------------------
Array size = 17322 (elements), Offset = 0 (elements)
Memory per array = 0.1 MiB (= 0.0 GiB).
Total memory required = 0.4 MiB (= 0.0 GiB).
Each kernel will be executed 20 times.
-------------------------------------------------------------
Function    Best Rate MB/s  Avg time     Min time     Max time
Copy:           40084.8     0.000008     0.000007     0.000009
Scale:          21527.0     0.000015     0.000013     0.000016
Add:            34873.8     0.000013     0.000012     0.000015
Triad:          30063.6     0.000015     0.000014     0.000017
-------------------------------------------------------------
Solution Validates: avg error less than 1.000000e-13 on all three arrays
-------------------------------------------------------------



--- run 3 ---
-------------------------------------------------------------
STREAM (dynamic) version — custom malloc-based implementation
-------------------------------------------------------------
This system uses 8 bytes per array element.
-------------------------------------------------------------
Array size = 17322 (elements), Offset = 0 (elements)
Memory per array = 0.1 MiB (= 0.0 GiB).
Total memory required = 0.4 MiB (= 0.0 GiB).
Each kernel will be executed 20 times.
-------------------------------------------------------------
Function    Best Rate MB/s  Avg time     Min time     Max time
Copy:           40084.8     0.000008     0.000007     0.000009
Scale:          21527.0     0.000015     0.000013     0.000015
Add:            34190.0     0.000013     0.000012     0.000014
Triad:          30063.6     0.000015     0.000014     0.000015
-------------------------------------------------------------
Solution Validates: avg error less than 1.000000e-13 on all three arrays
-------------------------------------------------------------



--- run 1 ---
-------------------------------------------------------------
STREAM (dynamic) version — custom malloc-based implementation
-------------------------------------------------------------
This system uses 8 bytes per array element.
-------------------------------------------------------------
Array size = 19456 (elements), Offset = 0 (elements)
Memory per array = 0.1 MiB (= 0.0 GiB).
Total memory required = 0.4 MiB (= 0.0 GiB).
Each kernel will be executed 20 times.
-------------------------------------------------------------
Function    Best Rate MB/s  Avg time     Min time     Max time
Copy:           39565.8     0.000009     0.000008     0.000010
Scale:          20724.9     0.000016     0.000015     0.000016
Add:            33767.3     0.000015     0.000014     0.000016
Triad:          31087.4     0.000016     0.000015     0.000017
-------------------------------------------------------------
Solution Validates: avg error less than 1.000000e-13 on all three arrays
-------------------------------------------------------------



--- run 2 ---
-------------------------------------------------------------
STREAM (dynamic) version — custom malloc-based implementation
-------------------------------------------------------------
This system uses 8 bytes per array element.
-------------------------------------------------------------
Array size = 19456 (elements), Offset = 0 (elements)
Memory per array = 0.1 MiB (= 0.0 GiB).
Total memory required = 0.4 MiB (= 0.0 GiB).
Each kernel will be executed 20 times.
-------------------------------------------------------------
Function    Best Rate MB/s  Avg time     Min time     Max time
Copy:           45023.1     0.000009     0.000007     0.000010
Scale:          20724.9     0.000017     0.000015     0.000038
Add:            33767.3     0.000014     0.000014     0.000015
Triad:          31087.4     0.000016     0.000015     0.000016
-------------------------------------------------------------
Solution Validates: avg error less than 1.000000e-13 on all three arrays
-------------------------------------------------------------



--- run 3 ---
-------------------------------------------------------------
STREAM (dynamic) version — custom malloc-based implementation
-------------------------------------------------------------
This system uses 8 bytes per array element.
-------------------------------------------------------------
Array size = 19456 (elements), Offset = 0 (elements)
Memory per array = 0.1 MiB (= 0.0 GiB).
Total memory required = 0.4 MiB (= 0.0 GiB).
Each kernel will be executed 20 times.
-------------------------------------------------------------
Function    Best Rate MB/s  Avg time     Min time     Max time
Copy:           39565.8     0.000009     0.000008     0.000023
Scale:          21059.2     0.000016     0.000015     0.000017
Add:            33767.3     0.000014     0.000014     0.000015
Triad:          31588.8     0.000016     0.000015     0.000016
-------------------------------------------------------------
Solution Validates: avg error less than 1.000000e-13 on all three arrays
-------------------------------------------------------------



--- run 1 ---
-------------------------------------------------------------
STREAM (dynamic) version — custom malloc-based implementation
-------------------------------------------------------------
This system uses 8 bytes per array element.
-------------------------------------------------------------
Array size = 21845 (elements), Offset = 0 (elements)
Memory per array = 0.2 MiB (= 0.0 GiB).
Total memory required = 0.5 MiB (= 0.0 GiB).
Each kernel will be executed 20 times.
-------------------------------------------------------------
Function    Best Rate MB/s  Avg time     Min time     Max time
Copy:           39621.4     0.000010     0.000009     0.000012
Scale:          21880.5     0.000018     0.000016     0.000034
Add:            35467.6     0.000016     0.000015     0.000018
Triad:          30971.7     0.000018     0.000017     0.000020
-------------------------------------------------------------
Solution Validates: avg error less than 1.000000e-13 on all three arrays
-------------------------------------------------------------



--- run 2 ---
-------------------------------------------------------------
STREAM (dynamic) version — custom malloc-based implementation
-------------------------------------------------------------
This system uses 8 bytes per array element.
-------------------------------------------------------------
Array size = 21845 (elements), Offset = 0 (elements)
Memory per array = 0.2 MiB (= 0.0 GiB).
Total memory required = 0.5 MiB (= 0.0 GiB).
Each kernel will be executed 20 times.
-------------------------------------------------------------
Function    Best Rate MB/s  Avg time     Min time     Max time
Copy:           39621.4     0.000009     0.000009     0.000011
Scale:          21880.5     0.000017     0.000016     0.000019
Add:            34904.6     0.000016     0.000015     0.000018
Triad:          30971.7     0.000017     0.000017     0.000018
-------------------------------------------------------------
Solution Validates: avg error less than 1.000000e-13 on all three arrays
-------------------------------------------------------------



--- run 3 ---
-------------------------------------------------------------
STREAM (dynamic) version — custom malloc-based implementation
-------------------------------------------------------------
This system uses 8 bytes per array element.
-------------------------------------------------------------
Array size = 21845 (elements), Offset = 0 (elements)
Memory per array = 0.2 MiB (= 0.0 GiB).
Total memory required = 0.5 MiB (= 0.0 GiB).
Each kernel will be executed 20 times.
-------------------------------------------------------------
Function    Best Rate MB/s  Avg time     Min time     Max time
Copy:           39621.4     0.000009     0.000009     0.000011
Scale:          21880.5     0.000018     0.000016     0.000020
Add:            32820.7     0.000016     0.000016     0.000017
Triad:          30971.7     0.000018     0.000017     0.000019
-------------------------------------------------------------
Solution Validates: avg error less than 1.000000e-13 on all three arrays
-------------------------------------------------------------



--- run 1 ---
-------------------------------------------------------------
STREAM (dynamic) version — custom malloc-based implementation
-------------------------------------------------------------
This system uses 8 bytes per array element.
-------------------------------------------------------------
Array size = 24533 (elements), Offset = 0 (elements)
Memory per array = 0.2 MiB (= 0.0 GiB).
Total memory required = 0.6 MiB (= 0.0 GiB).
Each kernel will be executed 20 times.
-------------------------------------------------------------
Function    Best Rate MB/s  Avg time     Min time     Max time
Copy:           39199.6     0.000010     0.000010     0.000012
Scale:          21951.8     0.000019     0.000018     0.000020
Add:            34299.6     0.000018     0.000017     0.000019
Triad:          31260.4     0.000021     0.000019     0.000039
-------------------------------------------------------------
Solution Validates: avg error less than 1.000000e-13 on all three arrays
-------------------------------------------------------------



--- run 2 ---
-------------------------------------------------------------
STREAM (dynamic) version — custom malloc-based implementation
-------------------------------------------------------------
This system uses 8 bytes per array element.
-------------------------------------------------------------
Array size = 24533 (elements), Offset = 0 (elements)
Memory per array = 0.2 MiB (= 0.0 GiB).
Total memory required = 0.6 MiB (= 0.0 GiB).
Each kernel will be executed 20 times.
-------------------------------------------------------------
Function    Best Rate MB/s  Avg time     Min time     Max time
Copy:           44496.8     0.000010     0.000009     0.000011
Scale:          21951.8     0.000019     0.000018     0.000020
Add:            34299.6     0.000018     0.000017     0.000020
Triad:          32927.6     0.000020     0.000018     0.000033
-------------------------------------------------------------
Solution Validates: avg error less than 1.000000e-13 on all three arrays
-------------------------------------------------------------



--- run 3 ---
-------------------------------------------------------------
STREAM (dynamic) version — custom malloc-based implementation
-------------------------------------------------------------
This system uses 8 bytes per array element.
-------------------------------------------------------------
Array size = 24533 (elements), Offset = 0 (elements)
Memory per array = 0.2 MiB (= 0.0 GiB).
Total memory required = 0.6 MiB (= 0.0 GiB).
Each kernel will be executed 20 times.
-------------------------------------------------------------
Function    Best Rate MB/s  Avg time     Min time     Max time
Copy:           44496.8     0.000010     0.000009     0.000011
Scale:          21951.8     0.000019     0.000018     0.000020
Add:            34782.7     0.000018     0.000017     0.000019
Triad:          31260.4     0.000019     0.000019     0.000020
-------------------------------------------------------------
Solution Validates: avg error less than 1.000000e-13 on all three arrays
-------------------------------------------------------------



--- run 1 ---
-------------------------------------------------------------
STREAM (dynamic) version — custom malloc-based implementation
-------------------------------------------------------------
This system uses 8 bytes per array element.
-------------------------------------------------------------
Array size = 27520 (elements), Offset = 0 (elements)
Memory per array = 0.2 MiB (= 0.0 GiB).
Total memory required = 0.6 MiB (= 0.0 GiB).
Each kernel will be executed 20 times.
-------------------------------------------------------------
Function    Best Rate MB/s  Avg time     Min time     Max time
Copy:           45044.8     0.000011     0.000010     0.000013
Scale:          22251.0     0.000021     0.000020     0.000022
Add:            35066.5     0.000020     0.000019     0.000032
Triad:          31480.2     0.000021     0.000021     0.000022
-------------------------------------------------------------
Solution Validates: avg error less than 1.000000e-13 on all three arrays
-------------------------------------------------------------



--- run 2 ---
-------------------------------------------------------------
STREAM (dynamic) version — custom malloc-based implementation
-------------------------------------------------------------
This system uses 8 bytes per array element.
-------------------------------------------------------------
Array size = 27520 (elements), Offset = 0 (elements)
Memory per array = 0.2 MiB (= 0.0 GiB).
Total memory required = 0.6 MiB (= 0.0 GiB).
Each kernel will be executed 20 times.
-------------------------------------------------------------
Function    Best Rate MB/s  Avg time     Min time     Max time
Copy:           43972.3     0.000011     0.000010     0.000012
Scale:          20986.8     0.000021     0.000021     0.000022
Add:            35066.5     0.000019     0.000019     0.000020
Triad:          32979.2     0.000021     0.000020     0.000022
-------------------------------------------------------------
Solution Validates: avg error less than 1.000000e-13 on all three arrays
-------------------------------------------------------------



--- run 3 ---
-------------------------------------------------------------
STREAM (dynamic) version — custom malloc-based implementation
-------------------------------------------------------------
This system uses 8 bytes per array element.
-------------------------------------------------------------
Array size = 27520 (elements), Offset = 0 (elements)
Memory per array = 0.2 MiB (= 0.0 GiB).
Total memory required = 0.6 MiB (= 0.0 GiB).
Each kernel will be executed 20 times.
-------------------------------------------------------------
Function    Best Rate MB/s  Avg time     Min time     Max time
Copy:           45044.8     0.000011     0.000010     0.000012
Scale:          21986.1     0.000021     0.000020     0.000022
Add:            35066.5     0.000020     0.000019     0.000021
Triad:          31480.2     0.000021     0.000021     0.000022
-------------------------------------------------------------
Solution Validates: avg error less than 1.000000e-13 on all three arrays
-------------------------------------------------------------



--- run 1 ---
-------------------------------------------------------------
STREAM (dynamic) version — custom malloc-based implementation
-------------------------------------------------------------
This system uses 8 bytes per array element.
-------------------------------------------------------------
Array size = 30890 (elements), Offset = 0 (elements)
Memory per array = 0.2 MiB (= 0.0 GiB).
Total memory required = 0.7 MiB (= 0.0 GiB).
Each kernel will be executed 20 times.
-------------------------------------------------------------
Function    Best Rate MB/s  Avg time     Min time     Max time
Copy:           45065.1     0.000012     0.000011     0.000013
Scale:          22532.5     0.000024     0.000022     0.000040
Add:            35335.1     0.000022     0.000021     0.000022
Triad:          32390.5     0.000024     0.000023     0.000024
-------------------------------------------------------------
Solution Validates: avg error less than 1.000000e-13 on all three arrays
-------------------------------------------------------------



--- run 2 ---
-------------------------------------------------------------
STREAM (dynamic) version — custom malloc-based implementation
-------------------------------------------------------------
This system uses 8 bytes per array element.
-------------------------------------------------------------
Array size = 30890 (elements), Offset = 0 (elements)
Memory per array = 0.2 MiB (= 0.0 GiB).
Total memory required = 0.7 MiB (= 0.0 GiB).
Each kernel will be executed 20 times.
-------------------------------------------------------------
Function    Best Rate MB/s  Avg time     Min time     Max time
Copy:           45065.1     0.000012     0.000011     0.000013
Scale:          22532.5     0.000023     0.000022     0.000024
Add:            35335.1     0.000022     0.000021     0.000023
Triad:          32390.5     0.000024     0.000023     0.000024
-------------------------------------------------------------
Solution Validates: avg error less than 1.000000e-13 on all three arrays
-------------------------------------------------------------



--- run 3 ---
-------------------------------------------------------------
STREAM (dynamic) version — custom malloc-based implementation
-------------------------------------------------------------
This system uses 8 bytes per array element.
-------------------------------------------------------------
Array size = 30890 (elements), Offset = 0 (elements)
Memory per array = 0.2 MiB (= 0.0 GiB).
Total memory required = 0.7 MiB (= 0.0 GiB).
Each kernel will be executed 20 times.
-------------------------------------------------------------
Function    Best Rate MB/s  Avg time     Min time     Max time
Copy:           41459.9     0.000012     0.000012     0.000012
Scale:          22532.5     0.000024     0.000022     0.000024
Add:            34938.1     0.000022     0.000021     0.000023
Triad:          32390.5     0.000024     0.000023     0.000026
-------------------------------------------------------------
Solution Validates: avg error less than 1.000000e-13 on all three arrays
-------------------------------------------------------------



--- run 1 ---
-------------------------------------------------------------
STREAM (dynamic) version — custom malloc-based implementation
-------------------------------------------------------------
This system uses 8 bytes per array element.
-------------------------------------------------------------
Array size = 34688 (elements), Offset = 0 (elements)
Memory per array = 0.3 MiB (= 0.0 GiB).
Total memory required = 0.8 MiB (= 0.0 GiB).
Each kernel will be executed 20 times.
-------------------------------------------------------------
Function    Best Rate MB/s  Avg time     Min time     Max time
Copy:           43108.7     0.000014     0.000013     0.000016
Scale:          21356.6     0.000026     0.000026     0.000027
Add:            34918.1     0.000024     0.000024     0.000025
Triad:          32034.9     0.000027     0.000026     0.000038
-------------------------------------------------------------
Solution Validates: avg error less than 1.000000e-13 on all three arrays
-------------------------------------------------------------



--- run 2 ---
-------------------------------------------------------------
STREAM (dynamic) version — custom malloc-based implementation
-------------------------------------------------------------
This system uses 8 bytes per array element.
-------------------------------------------------------------
Array size = 34688 (elements), Offset = 0 (elements)
Memory per array = 0.3 MiB (= 0.0 GiB).
Total memory required = 0.8 MiB (= 0.0 GiB).
Each kernel will be executed 20 times.
-------------------------------------------------------------
Function    Best Rate MB/s  Avg time     Min time     Max time
Copy:           43108.7     0.000014     0.000013     0.000014
Scale:          22170.2     0.000026     0.000025     0.000026
Add:            34918.1     0.000024     0.000024     0.000025
Triad:          33575.1     0.000026     0.000025     0.000026
-------------------------------------------------------------
Solution Validates: avg error less than 1.000000e-13 on all three arrays
-------------------------------------------------------------



--- run 3 ---
-------------------------------------------------------------
STREAM (dynamic) version — custom malloc-based implementation
-------------------------------------------------------------
This system uses 8 bytes per array element.
-------------------------------------------------------------
Array size = 34688 (elements), Offset = 0 (elements)
Memory per array = 0.3 MiB (= 0.0 GiB).
Total memory required = 0.8 MiB (= 0.0 GiB).
Each kernel will be executed 20 times.
-------------------------------------------------------------
Function    Best Rate MB/s  Avg time     Min time     Max time
Copy:           45644.6     0.000013     0.000012     0.000014
Scale:          22170.2     0.000026     0.000025     0.000026
Add:            34918.1     0.000024     0.000024     0.000025
Triad:          33575.1     0.000026     0.000025     0.000027
-------------------------------------------------------------
Solution Validates: avg error less than 1.000000e-13 on all three arrays
-------------------------------------------------------------



--- run 1 ---
-------------------------------------------------------------
STREAM (dynamic) version — custom malloc-based implementation
-------------------------------------------------------------
This system uses 8 bytes per array element.
-------------------------------------------------------------
Array size = 38912 (elements), Offset = 0 (elements)
Memory per array = 0.3 MiB (= 0.0 GiB).
Total memory required = 0.9 MiB (= 0.0 GiB).
Each kernel will be executed 20 times.
-------------------------------------------------------------
Function    Best Rate MB/s  Avg time     Min time     Max time
Copy:           44260.0     0.000015     0.000014     0.000017
Scale:          22319.1     0.000029     0.000028     0.000030
Add:            35935.9     0.000027     0.000026     0.000027
Triad:          33478.7     0.000030     0.000028     0.000041
-------------------------------------------------------------
Solution Validates: avg error less than 1.000000e-13 on all three arrays
-------------------------------------------------------------



--- run 2 ---
-------------------------------------------------------------
STREAM (dynamic) version — custom malloc-based implementation
-------------------------------------------------------------
This system uses 8 bytes per array element.
-------------------------------------------------------------
Array size = 38912 (elements), Offset = 0 (elements)
Memory per array = 0.3 MiB (= 0.0 GiB).
Total memory required = 0.9 MiB (= 0.0 GiB).
Each kernel will be executed 20 times.
-------------------------------------------------------------
Function    Best Rate MB/s  Avg time     Min time     Max time
Copy:           44260.0     0.000015     0.000014     0.000016
Scale:          22319.1     0.000029     0.000028     0.000030
Add:            34663.8     0.000027     0.000027     0.000028
Triad:          32372.0     0.000030     0.000029     0.000030
-------------------------------------------------------------
Solution Validates: avg error less than 1.000000e-13 on all three arrays
-------------------------------------------------------------



--- run 3 ---
-------------------------------------------------------------
STREAM (dynamic) version — custom malloc-based implementation
-------------------------------------------------------------
This system uses 8 bytes per array element.
-------------------------------------------------------------
Array size = 38912 (elements), Offset = 0 (elements)
Memory per array = 0.3 MiB (= 0.0 GiB).
Total memory required = 0.9 MiB (= 0.0 GiB).
Each kernel will be executed 20 times.
-------------------------------------------------------------
Function    Best Rate MB/s  Avg time     Min time     Max time
Copy:           45023.1     0.000016     0.000014     0.000029
Scale:          22319.1     0.000029     0.000028     0.000029
Add:            35935.9     0.000027     0.000026     0.000027
Triad:          33478.7     0.000029     0.000028     0.000030
-------------------------------------------------------------
Solution Validates: avg error less than 1.000000e-13 on all three arrays
-------------------------------------------------------------



--- run 1 ---
-------------------------------------------------------------
STREAM (dynamic) version — custom malloc-based implementation
-------------------------------------------------------------
This system uses 8 bytes per array element.
-------------------------------------------------------------
Array size = 43690 (elements), Offset = 0 (elements)
Memory per array = 0.3 MiB (= 0.0 GiB).
Total memory required = 1.0 MiB (= 0.0 GiB).
Each kernel will be executed 20 times.
-------------------------------------------------------------
Function    Best Rate MB/s  Avg time     Min time     Max time
Copy:           43761.0     0.000016     0.000016     0.000017
Scale:          21880.5     0.000033     0.000032     0.000033
Add:            36346.9     0.000031     0.000029     0.000045
Triad:          32820.7     0.000033     0.000032     0.000033
-------------------------------------------------------------
Solution Validates: avg error less than 1.000000e-13 on all three arrays
-------------------------------------------------------------



--- run 2 ---
-------------------------------------------------------------
STREAM (dynamic) version — custom malloc-based implementation
-------------------------------------------------------------
This system uses 8 bytes per array element.
-------------------------------------------------------------
Array size = 43690 (elements), Offset = 0 (elements)
Memory per array = 0.3 MiB (= 0.0 GiB).
Total memory required = 1.0 MiB (= 0.0 GiB).
Each kernel will be executed 20 times.
-------------------------------------------------------------
Function    Best Rate MB/s  Avg time     Min time     Max time
Copy:           43761.0     0.000017     0.000016     0.000018
Scale:          22553.7     0.000032     0.000031     0.000033
Add:            36049.0     0.000030     0.000029     0.000031
Triad:          32820.7     0.000033     0.000032     0.000034
-------------------------------------------------------------
Solution Validates: avg error less than 1.000000e-13 on all three arrays
-------------------------------------------------------------



--- run 3 ---
-------------------------------------------------------------
STREAM (dynamic) version — custom malloc-based implementation
-------------------------------------------------------------
This system uses 8 bytes per array element.
-------------------------------------------------------------
Array size = 43690 (elements), Offset = 0 (elements)
Memory per array = 0.3 MiB (= 0.0 GiB).
Total memory required = 1.0 MiB (= 0.0 GiB).
Each kernel will be executed 20 times.
-------------------------------------------------------------
Function    Best Rate MB/s  Avg time     Min time     Max time
Copy:           43761.0     0.000016     0.000016     0.000017
Scale:          22553.7     0.000034     0.000031     0.000050
Add:            36346.9     0.000030     0.000029     0.000032
Triad:          32820.7     0.000033     0.000032     0.000034
-------------------------------------------------------------
Solution Validates: avg error less than 1.000000e-13 on all three arrays
-------------------------------------------------------------



--- run 1 ---
-------------------------------------------------------------
STREAM (dynamic) version — custom malloc-based implementation
-------------------------------------------------------------
This system uses 8 bytes per array element.
-------------------------------------------------------------
Array size = 49024 (elements), Offset = 0 (elements)
Memory per array = 0.4 MiB (= 0.0 GiB).
Total memory required = 1.1 MiB (= 0.0 GiB).
Each kernel will be executed 20 times.
-------------------------------------------------------------
Function    Best Rate MB/s  Avg time     Min time     Max time
Copy:           46337.3     0.000019     0.000017     0.000030
Scale:          22380.6     0.000035     0.000035     0.000036
Add:            36827.7     0.000034     0.000032     0.000035
Triad:          33800.8     0.000036     0.000035     0.000037
-------------------------------------------------------------
Solution Validates: avg error less than 1.000000e-13 on all three arrays
-------------------------------------------------------------



--- run 2 ---
-------------------------------------------------------------
STREAM (dynamic) version — custom malloc-based implementation
-------------------------------------------------------------
This system uses 8 bytes per array element.
-------------------------------------------------------------
Array size = 49024 (elements), Offset = 0 (elements)
Memory per array = 0.4 MiB (= 0.0 GiB).
Total memory required = 1.1 MiB (= 0.0 GiB).
Each kernel will be executed 20 times.
-------------------------------------------------------------
Function    Best Rate MB/s  Avg time     Min time     Max time
Copy:           46337.3     0.000017     0.000017     0.000019
Scale:          21787.7     0.000036     0.000036     0.000037
Add:            35760.3     0.000034     0.000033     0.000034
Triad:          32681.6     0.000037     0.000036     0.000037
-------------------------------------------------------------
Solution Validates: avg error less than 1.000000e-13 on all three arrays
-------------------------------------------------------------



--- run 3 ---
-------------------------------------------------------------
STREAM (dynamic) version — custom malloc-based implementation
-------------------------------------------------------------
This system uses 8 bytes per array element.
-------------------------------------------------------------
Array size = 49024 (elements), Offset = 0 (elements)
Memory per array = 0.4 MiB (= 0.0 GiB).
Total memory required = 1.1 MiB (= 0.0 GiB).
Each kernel will be executed 20 times.
-------------------------------------------------------------
Function    Best Rate MB/s  Avg time     Min time     Max time
Copy:           46337.3     0.000018     0.000017     0.000019
Scale:          22533.9     0.000036     0.000035     0.000036
Add:            35760.3     0.000034     0.000033     0.000034
Triad:          33800.8     0.000037     0.000035     0.000050
-------------------------------------------------------------
Solution Validates: avg error less than 1.000000e-13 on all three arrays
-------------------------------------------------------------



--- run 1 ---
-------------------------------------------------------------
STREAM (dynamic) version — custom malloc-based implementation
-------------------------------------------------------------
This system uses 8 bytes per array element.
-------------------------------------------------------------
Array size = 55040 (elements), Offset = 0 (elements)
Memory per array = 0.4 MiB (= 0.0 GiB).
Total memory required = 1.3 MiB (= 0.0 GiB).
Each kernel will be executed 20 times.
-------------------------------------------------------------
Function    Best Rate MB/s  Avg time     Min time     Max time
Copy:           46755.3     0.000020     0.000019     0.000022
Scale:          22660.6     0.000040     0.000039     0.000041
Add:            36692.1     0.000038     0.000036     0.000039
Triad:          33990.8     0.000041     0.000039     0.000056
-------------------------------------------------------------
Solution Validates: avg error less than 1.000000e-13 on all three arrays
-------------------------------------------------------------



--- run 2 ---
-------------------------------------------------------------
STREAM (dynamic) version — custom malloc-based implementation
-------------------------------------------------------------
This system uses 8 bytes per array element.
-------------------------------------------------------------
Array size = 55040 (elements), Offset = 0 (elements)
Memory per array = 0.4 MiB (= 0.0 GiB).
Total memory required = 1.3 MiB (= 0.0 GiB).
Each kernel will be executed 20 times.
-------------------------------------------------------------
Function    Best Rate MB/s  Avg time     Min time     Max time
Copy:           46755.3     0.000020     0.000019     0.000021
Scale:          22660.6     0.000040     0.000039     0.000041
Add:            36692.1     0.000037     0.000036     0.000038
Triad:          33990.8     0.000042     0.000039     0.000075
-------------------------------------------------------------
Solution Validates: avg error less than 1.000000e-13 on all three arrays
-------------------------------------------------------------



--- run 3 ---
-------------------------------------------------------------
STREAM (dynamic) version — custom malloc-based implementation
-------------------------------------------------------------
This system uses 8 bytes per array element.
-------------------------------------------------------------
Array size = 55040 (elements), Offset = 0 (elements)
Memory per array = 0.4 MiB (= 0.0 GiB).
Total memory required = 1.3 MiB (= 0.0 GiB).
Each kernel will be executed 20 times.
-------------------------------------------------------------
Function    Best Rate MB/s  Avg time     Min time     Max time
Copy:           46755.3     0.000020     0.000019     0.000021
Scale:          22660.6     0.000040     0.000039     0.000041
Add:            36692.1     0.000038     0.000036     0.000053
Triad:          33990.8     0.000041     0.000039     0.000042
-------------------------------------------------------------
Solution Validates: avg error less than 1.000000e-13 on all three arrays
-------------------------------------------------------------



--- run 1 ---
-------------------------------------------------------------
STREAM (dynamic) version — custom malloc-based implementation
-------------------------------------------------------------
This system uses 8 bytes per array element.
-------------------------------------------------------------
Array size = 61781 (elements), Offset = 0 (elements)
Memory per array = 0.5 MiB (= 0.0 GiB).
Total memory required = 1.4 MiB (= 0.0 GiB).
Each kernel will be executed 20 times.
-------------------------------------------------------------
Function    Best Rate MB/s  Avg time     Min time     Max time
Copy:           45065.8     0.000023     0.000022     0.000023
Scale:          22411.1     0.000046     0.000044     0.000059
Add:            36157.4     0.000042     0.000041     0.000043
Triad:          32905.2     0.000046     0.000045     0.000047
-------------------------------------------------------------
Solution Validates: avg error less than 1.000000e-13 on all three arrays
-------------------------------------------------------------



--- run 2 ---
-------------------------------------------------------------
STREAM (dynamic) version — custom malloc-based implementation
-------------------------------------------------------------
This system uses 8 bytes per array element.
-------------------------------------------------------------
Array size = 61781 (elements), Offset = 0 (elements)
Memory per array = 0.5 MiB (= 0.0 GiB).
Total memory required = 1.4 MiB (= 0.0 GiB).
Each kernel will be executed 20 times.
-------------------------------------------------------------
Function    Best Rate MB/s  Avg time     Min time     Max time
Copy:           45065.8     0.000023     0.000022     0.000023
Scale:          22053.5     0.000046     0.000045     0.000060
Add:            36157.4     0.000043     0.000041     0.000046
Triad:          33080.2     0.000046     0.000045     0.000047
-------------------------------------------------------------
Solution Validates: avg error less than 1.000000e-13 on all three arrays
-------------------------------------------------------------



--- run 3 ---
-------------------------------------------------------------
STREAM (dynamic) version — custom malloc-based implementation
-------------------------------------------------------------
This system uses 8 bytes per array element.
-------------------------------------------------------------
Array size = 61781 (elements), Offset = 0 (elements)
Memory per array = 0.5 MiB (= 0.0 GiB).
Total memory required = 1.4 MiB (= 0.0 GiB).
Each kernel will be executed 20 times.
-------------------------------------------------------------
Function    Best Rate MB/s  Avg time     Min time     Max time
Copy:           45065.8     0.000023     0.000022     0.000023
Scale:          22532.9     0.000045     0.000044     0.000045
Add:            35335.7     0.000044     0.000042     0.000058
Triad:          32391.0     0.000046     0.000046     0.000047
-------------------------------------------------------------
Solution Validates: avg error less than 1.000000e-13 on all three arrays
-------------------------------------------------------------



--- run 1 ---
-------------------------------------------------------------
STREAM (dynamic) version — custom malloc-based implementation
-------------------------------------------------------------
This system uses 8 bytes per array element.
-------------------------------------------------------------
Array size = 69333 (elements), Offset = 0 (elements)
Memory per array = 0.5 MiB (= 0.0 GiB).
Total memory required = 1.6 MiB (= 0.0 GiB).
Each kernel will be executed 20 times.
-------------------------------------------------------------
Function    Best Rate MB/s  Avg time     Min time     Max time
Copy:           44739.0     0.000025     0.000025     0.000026
Scale:          22696.9     0.000050     0.000049     0.000062
Add:            36162.1     0.000048     0.000046     0.000070
Triad:          33234.7     0.000051     0.000050     0.000052
-------------------------------------------------------------
Solution Validates: avg error less than 1.000000e-13 on all three arrays
-------------------------------------------------------------



--- run 2 ---
-------------------------------------------------------------
STREAM (dynamic) version — custom malloc-based implementation
-------------------------------------------------------------
This system uses 8 bytes per array element.
-------------------------------------------------------------
Array size = 69333 (elements), Offset = 0 (elements)
Memory per array = 0.5 MiB (= 0.0 GiB).
Total memory required = 1.6 MiB (= 0.0 GiB).
Each kernel will be executed 20 times.
-------------------------------------------------------------
Function    Best Rate MB/s  Avg time     Min time     Max time
Copy:           44739.0     0.000025     0.000025     0.000026
Scale:          22696.9     0.000050     0.000049     0.000063
Add:            36162.1     0.000047     0.000046     0.000049
Triad:          33234.7     0.000051     0.000050     0.000051
-------------------------------------------------------------
Solution Validates: avg error less than 1.000000e-13 on all three arrays
-------------------------------------------------------------



--- run 3 ---
-------------------------------------------------------------
STREAM (dynamic) version — custom malloc-based implementation
-------------------------------------------------------------
This system uses 8 bytes per array element.
-------------------------------------------------------------
Array size = 69333 (elements), Offset = 0 (elements)
Memory per array = 0.5 MiB (= 0.0 GiB).
Total memory required = 1.6 MiB (= 0.0 GiB).
Each kernel will be executed 20 times.
-------------------------------------------------------------
Function    Best Rate MB/s  Avg time     Min time     Max time
Copy:           46067.9     0.000025     0.000024     0.000028
Scale:          22696.9     0.000049     0.000049     0.000050
Add:            36162.1     0.000047     0.000046     0.000049
Triad:          33393.7     0.000051     0.000050     0.000064
-------------------------------------------------------------
Solution Validates: avg error less than 1.000000e-13 on all three arrays
-------------------------------------------------------------



--- run 1 ---
-------------------------------------------------------------
STREAM (dynamic) version — custom malloc-based implementation
-------------------------------------------------------------
This system uses 8 bytes per array element.
-------------------------------------------------------------
Array size = 77866 (elements), Offset = 0 (elements)
Memory per array = 0.6 MiB (= 0.0 GiB).
Total memory required = 1.8 MiB (= 0.0 GiB).
Each kernel will be executed 20 times.
-------------------------------------------------------------
Function    Best Rate MB/s  Avg time     Min time     Max time
Copy:           43185.9     0.000030     0.000029     0.000031
Scale:          22621.2     0.000057     0.000055     0.000070
Add:            35955.3     0.000054     0.000052     0.000061
Triad:          32796.0     0.000058     0.000057     0.000066
-------------------------------------------------------------
Solution Validates: avg error less than 1.000000e-13 on all three arrays
-------------------------------------------------------------



--- run 2 ---
-------------------------------------------------------------
STREAM (dynamic) version — custom malloc-based implementation
-------------------------------------------------------------
This system uses 8 bytes per array element.
-------------------------------------------------------------
Array size = 77866 (elements), Offset = 0 (elements)
Memory per array = 0.6 MiB (= 0.0 GiB).
Total memory required = 1.8 MiB (= 0.0 GiB).
Each kernel will be executed 20 times.
-------------------------------------------------------------
Function    Best Rate MB/s  Avg time     Min time     Max time
Copy:           43185.9     0.000030     0.000029     0.000035
Scale:          22719.6     0.000057     0.000055     0.000068
Add:            35307.4     0.000057     0.000053     0.000062
Triad:          32796.0     0.000059     0.000057     0.000064
-------------------------------------------------------------
Solution Validates: avg error less than 1.000000e-13 on all three arrays
-------------------------------------------------------------



--- run 3 ---
-------------------------------------------------------------
STREAM (dynamic) version — custom malloc-based implementation
-------------------------------------------------------------
This system uses 8 bytes per array element.
-------------------------------------------------------------
Array size = 77866 (elements), Offset = 0 (elements)
Memory per array = 0.6 MiB (= 0.0 GiB).
Total memory required = 1.8 MiB (= 0.0 GiB).
Each kernel will be executed 20 times.
-------------------------------------------------------------
Function    Best Rate MB/s  Avg time     Min time     Max time
Copy:           43185.9     0.000031     0.000029     0.000034
Scale:          22621.2     0.000057     0.000055     0.000058
Add:            35955.3     0.000056     0.000052     0.000072
Triad:          32796.0     0.000059     0.000057     0.000063
-------------------------------------------------------------
Solution Validates: avg error less than 1.000000e-13 on all three arrays
-------------------------------------------------------------



--- run 1 ---
-------------------------------------------------------------
STREAM (dynamic) version — custom malloc-based implementation
-------------------------------------------------------------
This system uses 8 bytes per array element.
-------------------------------------------------------------
Array size = 87381 (elements), Offset = 0 (elements)
Memory per array = 0.7 MiB (= 0.0 GiB).
Total memory required = 2.0 MiB (= 0.0 GiB).
Each kernel will be executed 20 times.
-------------------------------------------------------------
Function    Best Rate MB/s  Avg time     Min time     Max time
Copy:           45108.0     0.000032     0.000031     0.000035
Scale:          22554.0     0.000063     0.000062     0.000063
Add:            35611.6     0.000060     0.000059     0.000063
Triad:          32821.1     0.000065     0.000064     0.000075
-------------------------------------------------------------
Solution Validates: avg error less than 1.000000e-13 on all three arrays
-------------------------------------------------------------



--- run 2 ---
-------------------------------------------------------------
STREAM (dynamic) version — custom malloc-based implementation
-------------------------------------------------------------
This system uses 8 bytes per array element.
-------------------------------------------------------------
Array size = 87381 (elements), Offset = 0 (elements)
Memory per array = 0.7 MiB (= 0.0 GiB).
Total memory required = 2.0 MiB (= 0.0 GiB).
Each kernel will be executed 20 times.
-------------------------------------------------------------
Function    Best Rate MB/s  Avg time     Min time     Max time
Copy:           45108.0     0.000032     0.000031     0.000037
Scale:          22996.2     0.000062     0.000061     0.000063
Add:            36197.8     0.000058     0.000058     0.000060
Triad:          33318.4     0.000064     0.000063     0.000077
-------------------------------------------------------------
Solution Validates: avg error less than 1.000000e-13 on all three arrays
-------------------------------------------------------------



--- run 3 ---
-------------------------------------------------------------
STREAM (dynamic) version — custom malloc-based implementation
-------------------------------------------------------------
This system uses 8 bytes per array element.
-------------------------------------------------------------
Array size = 87381 (elements), Offset = 0 (elements)
Memory per array = 0.7 MiB (= 0.0 GiB).
Total memory required = 2.0 MiB (= 0.0 GiB).
Each kernel will be executed 20 times.
-------------------------------------------------------------
Function    Best Rate MB/s  Avg time     Min time     Max time
Copy:           45108.0     0.000032     0.000031     0.000034
Scale:          22906.4     0.000062     0.000061     0.000063
Add:            36197.8     0.000060     0.000058     0.000063
Triad:          32821.1     0.000066     0.000064     0.000088
-------------------------------------------------------------
Solution Validates: avg error less than 1.000000e-13 on all three arrays
-------------------------------------------------------------



--- run 1 ---
-------------------------------------------------------------
STREAM (dynamic) version — custom malloc-based implementation
-------------------------------------------------------------
This system uses 8 bytes per array element.
-------------------------------------------------------------
Array size = 98090 (elements), Offset = 0 (elements)
Memory per array = 0.7 MiB (= 0.0 GiB).
Total memory required = 2.2 MiB (= 0.0 GiB).
Each kernel will be executed 20 times.
-------------------------------------------------------------
Function    Best Rate MB/s  Avg time     Min time     Max time
Copy:           45087.0     0.000036     0.000035     0.000037
Scale:          22777.5     0.000070     0.000069     0.000071
Add:            36301.7     0.000070     0.000065     0.000115
Triad:          32695.6     0.000073     0.000072     0.000080
-------------------------------------------------------------
Solution Validates: avg error less than 1.000000e-13 on all three arrays
-------------------------------------------------------------



--- run 2 ---
-------------------------------------------------------------
STREAM (dynamic) version — custom malloc-based implementation
-------------------------------------------------------------
This system uses 8 bytes per array element.
-------------------------------------------------------------
Array size = 98090 (elements), Offset = 0 (elements)
Memory per array = 0.7 MiB (= 0.0 GiB).
Total memory required = 2.2 MiB (= 0.0 GiB).
Each kernel will be executed 20 times.
-------------------------------------------------------------
Function    Best Rate MB/s  Avg time     Min time     Max time
Copy:           46357.1     0.000036     0.000034     0.000053
Scale:          23097.2     0.000069     0.000068     0.000070
Add:            36301.7     0.000065     0.000065     0.000067
Triad:          33246.0     0.000071     0.000071     0.000072
-------------------------------------------------------------
Solution Validates: avg error less than 1.000000e-13 on all three arrays
-------------------------------------------------------------



--- run 3 ---
-------------------------------------------------------------
STREAM (dynamic) version — custom malloc-based implementation
-------------------------------------------------------------
This system uses 8 bytes per array element.
-------------------------------------------------------------
Array size = 98090 (elements), Offset = 0 (elements)
Memory per array = 0.7 MiB (= 0.0 GiB).
Total memory required = 2.2 MiB (= 0.0 GiB).
Each kernel will be executed 20 times.
-------------------------------------------------------------
Function    Best Rate MB/s  Avg time     Min time     Max time
Copy:           46032.9     0.000035     0.000034     0.000038
Scale:          22699.0     0.000070     0.000069     0.000071
Add:            36168.7     0.000067     0.000065     0.000070
Triad:          32695.6     0.000073     0.000072     0.000085
-------------------------------------------------------------
Solution Validates: avg error less than 1.000000e-13 on all three arrays
-------------------------------------------------------------



--- run 1 ---
-------------------------------------------------------------
STREAM (dynamic) version — custom malloc-based implementation
-------------------------------------------------------------
This system uses 8 bytes per array element.
-------------------------------------------------------------
Array size = 110080 (elements), Offset = 0 (elements)
Memory per array = 0.8 MiB (= 0.0 GiB).
Total memory required = 2.5 MiB (= 0.0 GiB).
Each kernel will be executed 20 times.
-------------------------------------------------------------
Function    Best Rate MB/s  Avg time     Min time     Max time
Copy:           47660.3     0.000038     0.000037     0.000045
Scale:          22871.0     0.000078     0.000077     0.000079
Add:            36692.1     0.000073     0.000072     0.000078
Triad:          34306.5     0.000080     0.000077     0.000088
-------------------------------------------------------------
Solution Validates: avg error less than 1.000000e-13 on all three arrays
-------------------------------------------------------------



--- run 2 ---
-------------------------------------------------------------
STREAM (dynamic) version — custom malloc-based implementation
-------------------------------------------------------------
This system uses 8 bytes per array element.
-------------------------------------------------------------
Array size = 110080 (elements), Offset = 0 (elements)
Memory per array = 0.8 MiB (= 0.0 GiB).
Total memory required = 2.5 MiB (= 0.0 GiB).
Each kernel will be executed 20 times.
-------------------------------------------------------------
Function    Best Rate MB/s  Avg time     Min time     Max time
Copy:           45321.1     0.000040     0.000039     0.000044
Scale:          22871.0     0.000079     0.000077     0.000089
Add:            36212.5     0.000074     0.000073     0.000076
Triad:          33886.9     0.000081     0.000078     0.000097
-------------------------------------------------------------
Solution Validates: avg error less than 1.000000e-13 on all three arrays
-------------------------------------------------------------



--- run 3 ---
-------------------------------------------------------------
STREAM (dynamic) version — custom malloc-based implementation
-------------------------------------------------------------
This system uses 8 bytes per array element.
-------------------------------------------------------------
Array size = 110080 (elements), Offset = 0 (elements)
Memory per array = 0.8 MiB (= 0.0 GiB).
Total memory required = 2.5 MiB (= 0.0 GiB).
Each kernel will be executed 20 times.
-------------------------------------------------------------
Function    Best Rate MB/s  Avg time     Min time     Max time
Copy:           43972.3     0.000042     0.000040     0.000056
Scale:          22871.0     0.000080     0.000077     0.000122
Add:            36212.5     0.000075     0.000073     0.000081
Triad:          33886.9     0.000080     0.000078     0.000084
-------------------------------------------------------------
Solution Validates: avg error less than 1.000000e-13 on all three arrays
-------------------------------------------------------------



--- run 1 ---
-------------------------------------------------------------
STREAM (dynamic) version — custom malloc-based implementation
-------------------------------------------------------------
This system uses 8 bytes per array element.
-------------------------------------------------------------
Array size = 123562 (elements), Offset = 0 (elements)
Memory per array = 0.9 MiB (= 0.0 GiB).
Total memory required = 2.8 MiB (= 0.0 GiB).
Each kernel will be executed 20 times.
-------------------------------------------------------------
Function    Best Rate MB/s  Avg time     Min time     Max time
Copy:           40449.3     0.000051     0.000049     0.000054
Scale:          23033.6     0.000087     0.000086     0.000100
Add:            34550.4     0.000090     0.000086     0.000101
Triad:          32560.6     0.000093     0.000091     0.000096
-------------------------------------------------------------
Solution Validates: avg error less than 1.000000e-13 on all three arrays
-------------------------------------------------------------



--- run 2 ---
-------------------------------------------------------------
STREAM (dynamic) version — custom malloc-based implementation
-------------------------------------------------------------
This system uses 8 bytes per array element.
-------------------------------------------------------------
Array size = 123562 (elements), Offset = 0 (elements)
Memory per array = 0.9 MiB (= 0.0 GiB).
Total memory required = 2.8 MiB (= 0.0 GiB).
Each kernel will be executed 20 times.
-------------------------------------------------------------
Function    Best Rate MB/s  Avg time     Min time     Max time
Copy:           37351.8     0.000056     0.000053     0.000075
Scale:          22471.8     0.000089     0.000088     0.000090
Add:            31251.7     0.000106     0.000095     0.000138
Triad:          29614.7     0.000107     0.000100     0.000115
-------------------------------------------------------------
Solution Validates: avg error less than 1.000000e-13 on all three arrays
-------------------------------------------------------------



--- run 3 ---
-------------------------------------------------------------
STREAM (dynamic) version — custom malloc-based implementation
-------------------------------------------------------------
This system uses 8 bytes per array element.
-------------------------------------------------------------
Array size = 123562 (elements), Offset = 0 (elements)
Memory per array = 0.9 MiB (= 0.0 GiB).
Total memory required = 2.8 MiB (= 0.0 GiB).
Each kernel will be executed 20 times.
-------------------------------------------------------------
Function    Best Rate MB/s  Avg time     Min time     Max time
Copy:           42091.9     0.000048     0.000047     0.000055
Scale:          23033.6     0.000087     0.000086     0.000088
Add:            33707.7     0.000093     0.000088     0.000102
Triad:          31892.7     0.000100     0.000093     0.000143
-------------------------------------------------------------
Solution Validates: avg error less than 1.000000e-13 on all three arrays
-------------------------------------------------------------



--- run 1 ---
-------------------------------------------------------------
STREAM (dynamic) version — custom malloc-based implementation
-------------------------------------------------------------
This system uses 8 bytes per array element.
-------------------------------------------------------------
Array size = 138709 (elements), Offset = 0 (elements)
Memory per array = 1.1 MiB (= 0.0 GiB).
Total memory required = 3.2 MiB (= 0.0 GiB).
Each kernel will be executed 20 times.
-------------------------------------------------------------
Function    Best Rate MB/s  Avg time     Min time     Max time
Copy:           36504.3     0.000062     0.000061     0.000068
Scale:          22871.3     0.000099     0.000097     0.000101
Add:            31097.8     0.000112     0.000107     0.000123
Triad:          30553.4     0.000113     0.000109     0.000124
-------------------------------------------------------------
Solution Validates: avg error less than 1.000000e-13 on all three arrays
-------------------------------------------------------------



--- run 2 ---
-------------------------------------------------------------
STREAM (dynamic) version — custom malloc-based implementation
-------------------------------------------------------------
This system uses 8 bytes per array element.
-------------------------------------------------------------
Array size = 138709 (elements), Offset = 0 (elements)
Memory per array = 1.1 MiB (= 0.0 GiB).
Total memory required = 3.2 MiB (= 0.0 GiB).
Each kernel will be executed 20 times.
-------------------------------------------------------------
Function    Best Rate MB/s  Avg time     Min time     Max time
Copy:           37686.7     0.000061     0.000059     0.000067
Scale:          22430.4     0.000102     0.000099     0.000117
Add:            31097.8     0.000113     0.000107     0.000138
Triad:          30222.7     0.000113     0.000110     0.000122
-------------------------------------------------------------
Solution Validates: avg error less than 1.000000e-13 on all three arrays
-------------------------------------------------------------



--- run 3 ---
-------------------------------------------------------------
STREAM (dynamic) version — custom malloc-based implementation
-------------------------------------------------------------
This system uses 8 bytes per array element.
-------------------------------------------------------------
Array size = 138709 (elements), Offset = 0 (elements)
Memory per array = 1.1 MiB (= 0.0 GiB).
Total memory required = 3.2 MiB (= 0.0 GiB).
Each kernel will be executed 20 times.
-------------------------------------------------------------
Function    Best Rate MB/s  Avg time     Min time     Max time
Copy:           34733.6     0.000066     0.000064     0.000071
Scale:          21954.3     0.000103     0.000101     0.000105
Add:            29150.1     0.000122     0.000114     0.000144
Triad:          28908.7     0.000123     0.000115     0.000164
-------------------------------------------------------------
Solution Validates: avg error less than 1.000000e-13 on all three arrays
-------------------------------------------------------------



--- run 1 ---
-------------------------------------------------------------
STREAM (dynamic) version — custom malloc-based implementation
-------------------------------------------------------------
This system uses 8 bytes per array element.
-------------------------------------------------------------
Array size = 155690 (elements), Offset = 0 (elements)
Memory per array = 1.2 MiB (= 0.0 GiB).
Total memory required = 3.6 MiB (= 0.0 GiB).
Each kernel will be executed 20 times.
-------------------------------------------------------------
Function    Best Rate MB/s  Avg time     Min time     Max time
Copy:           34596.6     0.000075     0.000072     0.000080
Scale:          22042.6     0.000115     0.000113     0.000124
Add:            27689.5     0.000141     0.000135     0.000150
Triad:          28086.5     0.000139     0.000133     0.000161
-------------------------------------------------------------
Solution Validates: avg error less than 1.000000e-13 on all three arrays
-------------------------------------------------------------



--- run 2 ---
-------------------------------------------------------------
STREAM (dynamic) version — custom malloc-based implementation
-------------------------------------------------------------
This system uses 8 bytes per array element.
-------------------------------------------------------------
Array size = 155690 (elements), Offset = 0 (elements)
Memory per array = 1.2 MiB (= 0.0 GiB).
Total memory required = 3.6 MiB (= 0.0 GiB).
Each kernel will be executed 20 times.
-------------------------------------------------------------
Function    Best Rate MB/s  Avg time     Min time     Max time
Copy:           31470.4     0.000082     0.000079     0.000085
Scale:          21858.1     0.000116     0.000114     0.000128
Add:            25776.8     0.000148     0.000145     0.000166
Triad:          27256.1     0.000141     0.000137     0.000149
-------------------------------------------------------------
Solution Validates: avg error less than 1.000000e-13 on all three arrays
-------------------------------------------------------------



--- run 3 ---
-------------------------------------------------------------
STREAM (dynamic) version — custom malloc-based implementation
-------------------------------------------------------------
This system uses 8 bytes per array element.
-------------------------------------------------------------
Array size = 155690 (elements), Offset = 0 (elements)
Memory per array = 1.2 MiB (= 0.0 GiB).
Total memory required = 3.6 MiB (= 0.0 GiB).
Each kernel will be executed 20 times.
-------------------------------------------------------------
Function    Best Rate MB/s  Avg time     Min time     Max time
Copy:           34144.4     0.000076     0.000073     0.000087
Scale:          21676.7     0.000116     0.000115     0.000117
Add:            27447.1     0.000142     0.000136     0.000153
Triad:          28703.8     0.000139     0.000130     0.000148
-------------------------------------------------------------
Solution Validates: avg error less than 1.000000e-13 on all three arrays
-------------------------------------------------------------



--- run 1 ---
-------------------------------------------------------------
STREAM (dynamic) version — custom malloc-based implementation
-------------------------------------------------------------
This system uses 8 bytes per array element.
-------------------------------------------------------------
Array size = 174762 (elements), Offset = 0 (elements)
Memory per array = 1.3 MiB (= 0.0 GiB).
Total memory required = 4.0 MiB (= 0.0 GiB).
Each kernel will be executed 20 times.
-------------------------------------------------------------
Function    Best Rate MB/s  Avg time     Min time     Max time
Copy:           29467.5     0.000102     0.000095     0.000137
Scale:          21362.6     0.000133     0.000131     0.000135
Add:            23967.5     0.000185     0.000175     0.000207
Triad:          24953.4     0.000176     0.000168     0.000203
-------------------------------------------------------------
Solution Validates: avg error less than 1.000000e-13 on all three arrays
-------------------------------------------------------------



--- run 2 ---
-------------------------------------------------------------
STREAM (dynamic) version — custom malloc-based implementation
-------------------------------------------------------------
This system uses 8 bytes per array element.
-------------------------------------------------------------
Array size = 174762 (elements), Offset = 0 (elements)
Memory per array = 1.3 MiB (= 0.0 GiB).
Total memory required = 4.0 MiB (= 0.0 GiB).
Each kernel will be executed 20 times.
-------------------------------------------------------------
Function    Best Rate MB/s  Avg time     Min time     Max time
Copy:           27402.1     0.000107     0.000102     0.000118
Scale:          21323.8     0.000139     0.000131     0.000185
Add:            23178.0     0.000187     0.000181     0.000225
Triad:          24847.6     0.000179     0.000169     0.000218
-------------------------------------------------------------
Solution Validates: avg error less than 1.000000e-13 on all three arrays
-------------------------------------------------------------



--- run 3 ---
-------------------------------------------------------------
STREAM (dynamic) version — custom malloc-based implementation
-------------------------------------------------------------
This system uses 8 bytes per array element.
-------------------------------------------------------------
Array size = 174762 (elements), Offset = 0 (elements)
Memory per array = 1.3 MiB (= 0.0 GiB).
Total memory required = 4.0 MiB (= 0.0 GiB).
Each kernel will be executed 20 times.
-------------------------------------------------------------
Function    Best Rate MB/s  Avg time     Min time     Max time
Copy:           28815.9     0.000100     0.000097     0.000113
Scale:          21362.6     0.000134     0.000131     0.000137
Add:            22410.3     0.000195     0.000187     0.000257
Triad:          24535.7     0.000177     0.000171     0.000194
-------------------------------------------------------------
Solution Validates: avg error less than 1.000000e-13 on all three arrays
-------------------------------------------------------------



--- run 1 ---
-------------------------------------------------------------
STREAM (dynamic) version — custom malloc-based implementation
-------------------------------------------------------------
This system uses 8 bytes per array element.
-------------------------------------------------------------
Array size = 196181 (elements), Offset = 0 (elements)
Memory per array = 1.5 MiB (= 0.0 GiB).
Total memory required = 4.5 MiB (= 0.0 GiB).
Each kernel will be executed 20 times.
-------------------------------------------------------------
Function    Best Rate MB/s  Avg time     Min time     Max time
Copy:           23260.6     0.000139     0.000135     0.000168
Scale:          19768.0     0.000164     0.000159     0.000198
Add:            19135.9     0.000255     0.000246     0.000280
Triad:          21121.1     0.000230     0.000223     0.000245
-------------------------------------------------------------
Solution Validates: avg error less than 1.000000e-13 on all three arrays
-------------------------------------------------------------



--- run 2 ---
-------------------------------------------------------------
STREAM (dynamic) version — custom malloc-based implementation
-------------------------------------------------------------
This system uses 8 bytes per array element.
-------------------------------------------------------------
Array size = 196181 (elements), Offset = 0 (elements)
Memory per array = 1.5 MiB (= 0.0 GiB).
Total memory required = 4.5 MiB (= 0.0 GiB).
Each kernel will be executed 20 times.
-------------------------------------------------------------
Function    Best Rate MB/s  Avg time     Min time     Max time
Copy:           21200.5     0.000157     0.000148     0.000219
Scale:          19276.0     0.000168     0.000163     0.000181
Add:            17969.3     0.000273     0.000262     0.000297
Triad:          20049.0     0.000244     0.000235     0.000284
-------------------------------------------------------------
Solution Validates: avg error less than 1.000000e-13 on all three arrays
-------------------------------------------------------------



--- run 3 ---
-------------------------------------------------------------
STREAM (dynamic) version — custom malloc-based implementation
-------------------------------------------------------------
This system uses 8 bytes per array element.
-------------------------------------------------------------
Array size = 196181 (elements), Offset = 0 (elements)
Memory per array = 1.5 MiB (= 0.0 GiB).
Total memory required = 4.5 MiB (= 0.0 GiB).
Each kernel will be executed 20 times.
-------------------------------------------------------------
Function    Best Rate MB/s  Avg time     Min time     Max time
Copy:           22276.6     0.000155     0.000141     0.000181
Scale:          19620.7     0.000165     0.000160     0.000176
Add:            19062.0     0.000261     0.000247     0.000295
Triad:          20657.1     0.000240     0.000228     0.000301
-------------------------------------------------------------
Solution Validates: avg error less than 1.000000e-13 on all three arrays
-------------------------------------------------------------



--- run 1 ---
-------------------------------------------------------------
STREAM (dynamic) version — custom malloc-based implementation
-------------------------------------------------------------
This system uses 8 bytes per array element.
-------------------------------------------------------------
Array size = 220202 (elements), Offset = 0 (elements)
Memory per array = 1.7 MiB (= 0.0 GiB).
Total memory required = 5.0 MiB (= 0.0 GiB).
Each kernel will be executed 20 times.
-------------------------------------------------------------
Function    Best Rate MB/s  Avg time     Min time     Max time
Copy:           19043.2     0.000216     0.000185     0.000243
Scale:          17446.9     0.000228     0.000202     0.000266
Add:            15821.7     0.000394     0.000334     0.000470
Triad:          17385.3     0.000352     0.000304     0.000399
-------------------------------------------------------------
Solution Validates: avg error less than 1.000000e-13 on all three arrays
-------------------------------------------------------------



--- run 2 ---
-------------------------------------------------------------
STREAM (dynamic) version — custom malloc-based implementation
-------------------------------------------------------------
This system uses 8 bytes per array element.
-------------------------------------------------------------
Array size = 220202 (elements), Offset = 0 (elements)
Memory per array = 1.7 MiB (= 0.0 GiB).
Total memory required = 5.0 MiB (= 0.0 GiB).
Each kernel will be executed 20 times.
-------------------------------------------------------------
Function    Best Rate MB/s  Avg time     Min time     Max time
Copy:           19043.2     0.000192     0.000185     0.000239
Scale:          17529.7     0.000206     0.000201     0.000222
Add:            15544.4     0.000356     0.000340     0.000398
Triad:          17263.4     0.000320     0.000306     0.000379
-------------------------------------------------------------
Solution Validates: avg error less than 1.000000e-13 on all three arrays
-------------------------------------------------------------



--- run 3 ---
-------------------------------------------------------------
STREAM (dynamic) version — custom malloc-based implementation
-------------------------------------------------------------
This system uses 8 bytes per array element.
-------------------------------------------------------------
Array size = 220202 (elements), Offset = 0 (elements)
Memory per array = 1.7 MiB (= 0.0 GiB).
Total memory required = 5.0 MiB (= 0.0 GiB).
Each kernel will be executed 20 times.
-------------------------------------------------------------
Function    Best Rate MB/s  Avg time     Min time     Max time
Copy:           19266.6     0.000196     0.000183     0.000237
Scale:          17977.5     0.000206     0.000196     0.000257
Add:            15821.7     0.000347     0.000334     0.000423
Triad:          17330.9     0.000314     0.000305     0.000333
-------------------------------------------------------------
Solution Validates: avg error less than 1.000000e-13 on all three arrays
-------------------------------------------------------------



--- run 1 ---
-------------------------------------------------------------
STREAM (dynamic) version — custom malloc-based implementation
-------------------------------------------------------------
This system uses 8 bytes per array element.
-------------------------------------------------------------
Array size = 247168 (elements), Offset = 0 (elements)
Memory per array = 1.9 MiB (= 0.0 GiB).
Total memory required = 5.7 MiB (= 0.0 GiB).
Each kernel will be executed 20 times.
-------------------------------------------------------------
Function    Best Rate MB/s  Avg time     Min time     Max time
Copy:           16754.7     0.000247     0.000236     0.000300
Scale:          15752.3     0.000261     0.000251     0.000285
Add:            13923.2     0.000452     0.000426     0.000518
Triad:          15330.1     0.000409     0.000387     0.000427
-------------------------------------------------------------
Solution Validates: avg error less than 1.000000e-13 on all three arrays
-------------------------------------------------------------



--- run 2 ---
-------------------------------------------------------------
STREAM (dynamic) version — custom malloc-based implementation
-------------------------------------------------------------
This system uses 8 bytes per array element.
-------------------------------------------------------------
Array size = 247168 (elements), Offset = 0 (elements)
Memory per array = 1.9 MiB (= 0.0 GiB).
Total memory required = 5.7 MiB (= 0.0 GiB).
Each kernel will be executed 20 times.
-------------------------------------------------------------
Function    Best Rate MB/s  Avg time     Min time     Max time
Copy:           17047.4     0.000247     0.000232     0.000315
Scale:          16214.2     0.000255     0.000244     0.000288
Add:            13892.1     0.000446     0.000427     0.000474
Triad:          14863.0     0.000413     0.000399     0.000467
-------------------------------------------------------------
Solution Validates: avg error less than 1.000000e-13 on all three arrays
-------------------------------------------------------------



--- run 3 ---
-------------------------------------------------------------
STREAM (dynamic) version — custom malloc-based implementation
-------------------------------------------------------------
This system uses 8 bytes per array element.
-------------------------------------------------------------
Array size = 247168 (elements), Offset = 0 (elements)
Memory per array = 1.9 MiB (= 0.0 GiB).
Total memory required = 5.7 MiB (= 0.0 GiB).
Each kernel will be executed 20 times.
-------------------------------------------------------------
Function    Best Rate MB/s  Avg time     Min time     Max time
Copy:           16960.3     0.000248     0.000233     0.000307
Scale:          15633.5     0.000265     0.000253     0.000317
Add:            14025.2     0.000450     0.000423     0.000490
Triad:          14678.9     0.000416     0.000404     0.000439
-------------------------------------------------------------
Solution Validates: avg error less than 1.000000e-13 on all three arrays
-------------------------------------------------------------



--- run 1 ---
-------------------------------------------------------------
STREAM (dynamic) version — custom malloc-based implementation
-------------------------------------------------------------
This system uses 8 bytes per array element.
-------------------------------------------------------------
Array size = 277418 (elements), Offset = 0 (elements)
Memory per array = 2.1 MiB (= 0.0 GiB).
Total memory required = 6.3 MiB (= 0.0 GiB).
Each kernel will be executed 20 times.
-------------------------------------------------------------
Function    Best Rate MB/s  Avg time     Min time     Max time
Copy:           16203.0     0.000278     0.000274     0.000283
Scale:          13872.7     0.000326     0.000320     0.000361
Add:            12613.3     0.000537     0.000528     0.000558
Triad:          13756.6     0.000494     0.000484     0.000521
-------------------------------------------------------------
Solution Validates: avg error less than 1.000000e-13 on all three arrays
-------------------------------------------------------------



--- run 2 ---
-------------------------------------------------------------
STREAM (dynamic) version — custom malloc-based implementation
-------------------------------------------------------------
This system uses 8 bytes per array element.
-------------------------------------------------------------
Array size = 277418 (elements), Offset = 0 (elements)
Memory per array = 2.1 MiB (= 0.0 GiB).
Total memory required = 6.3 MiB (= 0.0 GiB).
Each kernel will be executed 20 times.
-------------------------------------------------------------
Function    Best Rate MB/s  Avg time     Min time     Max time
Copy:           15966.7     0.000282     0.000278     0.000294
Scale:          14601.7     0.000315     0.000304     0.000384
Add:            12851.3     0.000531     0.000518     0.000556
Triad:          14019.0     0.000489     0.000475     0.000510
-------------------------------------------------------------
Solution Validates: avg error less than 1.000000e-13 on all three arrays
-------------------------------------------------------------



--- run 3 ---
-------------------------------------------------------------
STREAM (dynamic) version — custom malloc-based implementation
-------------------------------------------------------------
This system uses 8 bytes per array element.
-------------------------------------------------------------
Array size = 277418 (elements), Offset = 0 (elements)
Memory per array = 2.1 MiB (= 0.0 GiB).
Total memory required = 6.3 MiB (= 0.0 GiB).
Each kernel will be executed 20 times.
-------------------------------------------------------------
Function    Best Rate MB/s  Avg time     Min time     Max time
Copy:           15411.6     0.000297     0.000288     0.000339
Scale:          14179.1     0.000321     0.000313     0.000351
Add:            12285.9     0.000551     0.000542     0.000575
Triad:          13556.2     0.000501     0.000491     0.000533
-------------------------------------------------------------
Solution Validates: avg error less than 1.000000e-13 on all three arrays
-------------------------------------------------------------



--- run 1 ---
-------------------------------------------------------------
STREAM (dynamic) version — custom malloc-based implementation
-------------------------------------------------------------
This system uses 8 bytes per array element.
-------------------------------------------------------------
Array size = 311381 (elements), Offset = 0 (elements)
Memory per array = 2.4 MiB (= 0.0 GiB).
Total memory required = 7.1 MiB (= 0.0 GiB).
Each kernel will be executed 20 times.
-------------------------------------------------------------
Function    Best Rate MB/s  Avg time     Min time     Max time
Copy:           15331.2     0.000335     0.000325     0.000383
Scale:          13360.9     0.000385     0.000373     0.000433
Add:            12130.3     0.000630     0.000616     0.000658
Triad:          12867.3     0.000589     0.000581     0.000615
-------------------------------------------------------------
Solution Validates: avg error less than 1.000000e-13 on all three arrays
-------------------------------------------------------------



--- run 2 ---
-------------------------------------------------------------
STREAM (dynamic) version — custom malloc-based implementation
-------------------------------------------------------------
This system uses 8 bytes per array element.
-------------------------------------------------------------
Array size = 311381 (elements), Offset = 0 (elements)
Memory per array = 2.4 MiB (= 0.0 GiB).
Total memory required = 7.1 MiB (= 0.0 GiB).
Each kernel will be executed 20 times.
-------------------------------------------------------------
Function    Best Rate MB/s  Avg time     Min time     Max time
Copy:           15331.2     0.000335     0.000325     0.000371
Scale:          13648.9     0.000372     0.000365     0.000402
Add:            12191.6     0.000642     0.000613     0.000663
Triad:          12819.9     0.000604     0.000583     0.000633
-------------------------------------------------------------
Solution Validates: avg error less than 1.000000e-13 on all three arrays
-------------------------------------------------------------



--- run 3 ---
-------------------------------------------------------------
STREAM (dynamic) version — custom malloc-based implementation
-------------------------------------------------------------
This system uses 8 bytes per array element.
-------------------------------------------------------------
Array size = 311381 (elements), Offset = 0 (elements)
Memory per array = 2.4 MiB (= 0.0 GiB).
Total memory required = 7.1 MiB (= 0.0 GiB).
Each kernel will be executed 20 times.
-------------------------------------------------------------
Function    Best Rate MB/s  Avg time     Min time     Max time
Copy:           15241.7     0.000340     0.000327     0.000382
Scale:          13648.9     0.000374     0.000365     0.000401
Add:            12111.5     0.000629     0.000617     0.000652
Triad:          12862.0     0.000596     0.000581     0.000634
-------------------------------------------------------------
Solution Validates: avg error less than 1.000000e-13 on all three arrays
-------------------------------------------------------------



--- run 1 ---
-------------------------------------------------------------
STREAM (dynamic) version — custom malloc-based implementation
-------------------------------------------------------------
This system uses 8 bytes per array element.
-------------------------------------------------------------
Array size = 349525 (elements), Offset = 0 (elements)
Memory per array = 2.7 MiB (= 0.0 GiB).
Total memory required = 8.0 MiB (= 0.0 GiB).
Each kernel will be executed 20 times.
-------------------------------------------------------------
Function    Best Rate MB/s  Avg time     Min time     Max time
Copy:           14949.8     0.000393     0.000374     0.000489
Scale:          13472.8     0.000421     0.000415     0.000443
Add:            12000.1     0.000709     0.000699     0.000728
Triad:          12561.3     0.000680     0.000668     0.000702
-------------------------------------------------------------
Solution Validates: avg error less than 1.000000e-13 on all three arrays
-------------------------------------------------------------



--- run 2 ---
-------------------------------------------------------------
STREAM (dynamic) version — custom malloc-based implementation
-------------------------------------------------------------
This system uses 8 bytes per array element.
-------------------------------------------------------------
Array size = 349525 (elements), Offset = 0 (elements)
Memory per array = 2.7 MiB (= 0.0 GiB).
Total memory required = 8.0 MiB (= 0.0 GiB).
Each kernel will be executed 20 times.
-------------------------------------------------------------
Function    Best Rate MB/s  Avg time     Min time     Max time
Copy:           14789.5     0.000416     0.000378     0.000509
Scale:          13252.1     0.000465     0.000422     0.000581
Add:            11918.8     0.000773     0.000704     0.000842
Triad:          12225.3     0.000751     0.000686     0.000853
-------------------------------------------------------------
Solution Validates: avg error less than 1.000000e-13 on all three arrays
-------------------------------------------------------------



--- run 3 ---
-------------------------------------------------------------
STREAM (dynamic) version — custom malloc-based implementation
-------------------------------------------------------------
This system uses 8 bytes per array element.
-------------------------------------------------------------
Array size = 349525 (elements), Offset = 0 (elements)
Memory per array = 2.7 MiB (= 0.0 GiB).
Total memory required = 8.0 MiB (= 0.0 GiB).
Each kernel will be executed 20 times.
-------------------------------------------------------------
Function    Best Rate MB/s  Avg time     Min time     Max time
Copy:           13879.4     0.000440     0.000403     0.000504
Scale:          12852.7     0.000473     0.000435     0.000580
Add:            11201.6     0.000804     0.000749     0.000902
Triad:          11364.5     0.000771     0.000738     0.000818
-------------------------------------------------------------
Solution Validates: avg error less than 1.000000e-13 on all three arrays
-------------------------------------------------------------



--- run 1 ---
-------------------------------------------------------------
STREAM (dynamic) version — custom malloc-based implementation
-------------------------------------------------------------
This system uses 8 bytes per array element.
-------------------------------------------------------------
Array size = 392320 (elements), Offset = 0 (elements)
Memory per array = 3.0 MiB (= 0.0 GiB).
Total memory required = 9.0 MiB (= 0.0 GiB).
Each kernel will be executed 20 times.
-------------------------------------------------------------
Function    Best Rate MB/s  Avg time     Min time     Max time
Copy:           14733.2     0.000446     0.000426     0.000525
Scale:          13357.8     0.000487     0.000470     0.000555
Add:            11831.1     0.000808     0.000796     0.000819
Triad:          12025.6     0.000795     0.000783     0.000831
-------------------------------------------------------------
Solution Validates: avg error less than 1.000000e-13 on all three arrays
-------------------------------------------------------------



--- run 2 ---
-------------------------------------------------------------
STREAM (dynamic) version — custom malloc-based implementation
-------------------------------------------------------------
This system uses 8 bytes per array element.
-------------------------------------------------------------
Array size = 392320 (elements), Offset = 0 (elements)
Memory per array = 3.0 MiB (= 0.0 GiB).
Total memory required = 9.0 MiB (= 0.0 GiB).
Each kernel will be executed 20 times.
-------------------------------------------------------------
Function    Best Rate MB/s  Avg time     Min time     Max time
Copy:           14594.3     0.000449     0.000430     0.000507
Scale:          13529.4     0.000483     0.000464     0.000552
Add:            12117.9     0.000786     0.000777     0.000800
Triad:          12569.1     0.000764     0.000749     0.000785
-------------------------------------------------------------
Solution Validates: avg error less than 1.000000e-13 on all three arrays
-------------------------------------------------------------



--- run 3 ---
-------------------------------------------------------------
STREAM (dynamic) version — custom malloc-based implementation
-------------------------------------------------------------
This system uses 8 bytes per array element.
-------------------------------------------------------------
Array size = 392320 (elements), Offset = 0 (elements)
Memory per array = 3.0 MiB (= 0.0 GiB).
Total memory required = 9.0 MiB (= 0.0 GiB).
Each kernel will be executed 20 times.
-------------------------------------------------------------
Function    Best Rate MB/s  Avg time     Min time     Max time
Copy:           14708.5     0.000452     0.000427     0.000505
Scale:          13351.0     0.000490     0.000470     0.000600
Add:            12151.5     0.000791     0.000775     0.000820
Triad:          12454.2     0.000770     0.000756     0.000850
-------------------------------------------------------------
Solution Validates: avg error less than 1.000000e-13 on all three arrays
-------------------------------------------------------------



--- run 1 ---
-------------------------------------------------------------
STREAM (dynamic) version — custom malloc-based implementation
-------------------------------------------------------------
This system uses 8 bytes per array element.
-------------------------------------------------------------
Array size = 440362 (elements), Offset = 0 (elements)
Memory per array = 3.4 MiB (= 0.0 GiB).
Total memory required = 10.1 MiB (= 0.0 GiB).
Each kernel will be executed 20 times.
-------------------------------------------------------------
Function    Best Rate MB/s  Avg time     Min time     Max time
Copy:           14408.7     0.000521     0.000489     0.000573
Scale:          13599.7     0.000527     0.000518     0.000563
Add:            12035.9     0.000890     0.000878     0.000928
Triad:          12204.9     0.000876     0.000866     0.000895
-------------------------------------------------------------
Solution Validates: avg error less than 1.000000e-13 on all three arrays
-------------------------------------------------------------



--- run 2 ---
-------------------------------------------------------------
STREAM (dynamic) version — custom malloc-based implementation
-------------------------------------------------------------
This system uses 8 bytes per array element.
-------------------------------------------------------------
Array size = 440362 (elements), Offset = 0 (elements)
Memory per array = 3.4 MiB (= 0.0 GiB).
Total memory required = 10.1 MiB (= 0.0 GiB).
Each kernel will be executed 20 times.
-------------------------------------------------------------
Function    Best Rate MB/s  Avg time     Min time     Max time
Copy:           14380.6     0.000514     0.000490     0.000566
Scale:          13650.0     0.000542     0.000516     0.000663
Add:            11996.8     0.000912     0.000881     0.001048
Triad:          12134.8     0.000895     0.000871     0.000956
-------------------------------------------------------------
Solution Validates: avg error less than 1.000000e-13 on all three arrays
-------------------------------------------------------------



--- run 3 ---
-------------------------------------------------------------
STREAM (dynamic) version — custom malloc-based implementation
-------------------------------------------------------------
This system uses 8 bytes per array element.
-------------------------------------------------------------
Array size = 440362 (elements), Offset = 0 (elements)
Memory per array = 3.4 MiB (= 0.0 GiB).
Total memory required = 10.1 MiB (= 0.0 GiB).
Each kernel will be executed 20 times.
-------------------------------------------------------------
Function    Best Rate MB/s  Avg time     Min time     Max time
Copy:           14262.6     0.000516     0.000494     0.000599
Scale:          13525.0     0.000547     0.000521     0.000630
Add:            11941.9     0.000917     0.000885     0.000957
Triad:          12022.9     0.000902     0.000879     0.000941
-------------------------------------------------------------
Solution Validates: avg error less than 1.000000e-13 on all three arrays
-------------------------------------------------------------



--- run 1 ---
-------------------------------------------------------------
STREAM (dynamic) version — custom malloc-based implementation
-------------------------------------------------------------
This system uses 8 bytes per array element.
-------------------------------------------------------------
Array size = 494293 (elements), Offset = 0 (elements)
Memory per array = 3.8 MiB (= 0.0 GiB).
Total memory required = 11.3 MiB (= 0.0 GiB).
Each kernel will be executed 20 times.
-------------------------------------------------------------
Function    Best Rate MB/s  Avg time     Min time     Max time
Copy:           14175.8     0.000588     0.000558     0.000659
Scale:          13517.3     0.000612     0.000585     0.000698
Add:            11960.9     0.001010     0.000992     0.001052
Triad:          12018.6     0.001008     0.000987     0.001158
-------------------------------------------------------------
Solution Validates: avg error less than 1.000000e-13 on all three arrays
-------------------------------------------------------------



--- run 2 ---
-------------------------------------------------------------
STREAM (dynamic) version — custom malloc-based implementation
-------------------------------------------------------------
This system uses 8 bytes per array element.
-------------------------------------------------------------
Array size = 494293 (elements), Offset = 0 (elements)
Memory per array = 3.8 MiB (= 0.0 GiB).
Total memory required = 11.3 MiB (= 0.0 GiB).
Each kernel will be executed 20 times.
-------------------------------------------------------------
Function    Best Rate MB/s  Avg time     Min time     Max time
Copy:           14298.0     0.000583     0.000553     0.000658
Scale:          13662.0     0.000602     0.000579     0.000710
Add:            11946.5     0.001020     0.000993     0.001083
Triad:          12033.2     0.001015     0.000986     0.001084
-------------------------------------------------------------
Solution Validates: avg error less than 1.000000e-13 on all three arrays
-------------------------------------------------------------



--- run 3 ---
-------------------------------------------------------------
STREAM (dynamic) version — custom malloc-based implementation
-------------------------------------------------------------
This system uses 8 bytes per array element.
-------------------------------------------------------------
Array size = 494293 (elements), Offset = 0 (elements)
Memory per array = 3.8 MiB (= 0.0 GiB).
Total memory required = 11.3 MiB (= 0.0 GiB).
Each kernel will be executed 20 times.
-------------------------------------------------------------
Function    Best Rate MB/s  Avg time     Min time     Max time
Copy:           14049.7     0.000612     0.000563     0.000692
Scale:          13611.6     0.000618     0.000581     0.000790
Add:            11688.3     0.001052     0.001015     0.001251
Triad:          11768.5     0.001052     0.001008     0.001194
-------------------------------------------------------------
Solution Validates: avg error less than 1.000000e-13 on all three arrays
-------------------------------------------------------------



--- run 1 ---
-------------------------------------------------------------
STREAM (dynamic) version — custom malloc-based implementation
-------------------------------------------------------------
This system uses 8 bytes per array element.
-------------------------------------------------------------
Array size = 554837 (elements), Offset = 0 (elements)
Memory per array = 4.2 MiB (= 0.0 GiB).
Total memory required = 12.7 MiB (= 0.0 GiB).
Each kernel will be executed 20 times.
-------------------------------------------------------------
Function    Best Rate MB/s  Avg time     Min time     Max time
Copy:           14114.7     0.000671     0.000629     0.000739
Scale:          13847.0     0.000664     0.000641     0.000746
Add:            12094.4     0.001120     0.001101     0.001143
Triad:          12083.9     0.001114     0.001102     0.001133
-------------------------------------------------------------
Solution Validates: avg error less than 1.000000e-13 on all three arrays
-------------------------------------------------------------



--- run 2 ---
-------------------------------------------------------------
STREAM (dynamic) version — custom malloc-based implementation
-------------------------------------------------------------
This system uses 8 bytes per array element.
-------------------------------------------------------------
Array size = 554837 (elements), Offset = 0 (elements)
Memory per array = 4.2 MiB (= 0.0 GiB).
Total memory required = 12.7 MiB (= 0.0 GiB).
Each kernel will be executed 20 times.
-------------------------------------------------------------
Function    Best Rate MB/s  Avg time     Min time     Max time
Copy:           14184.6     0.000660     0.000626     0.000728
Scale:          13961.2     0.000649     0.000636     0.000688
Add:            12149.6     0.001116     0.001096     0.001147
Triad:          12139.0     0.001110     0.001097     0.001162
-------------------------------------------------------------
Solution Validates: avg error less than 1.000000e-13 on all three arrays
-------------------------------------------------------------



--- run 3 ---
-------------------------------------------------------------
STREAM (dynamic) version — custom malloc-based implementation
-------------------------------------------------------------
This system uses 8 bytes per array element.
-------------------------------------------------------------
Array size = 554837 (elements), Offset = 0 (elements)
Memory per array = 4.2 MiB (= 0.0 GiB).
Total memory required = 12.7 MiB (= 0.0 GiB).
Each kernel will be executed 20 times.
-------------------------------------------------------------
Function    Best Rate MB/s  Avg time     Min time     Max time
Copy:           14184.6     0.000679     0.000626     0.000833
Scale:          13914.2     0.000654     0.000638     0.000714
Add:            12139.0     0.001118     0.001097     0.001177
Triad:          12162.8     0.001113     0.001095     0.001146
-------------------------------------------------------------
Solution Validates: avg error less than 1.000000e-13 on all three arrays
-------------------------------------------------------------



--- run 1 ---
-------------------------------------------------------------
STREAM (dynamic) version — custom malloc-based implementation
-------------------------------------------------------------
This system uses 8 bytes per array element.
-------------------------------------------------------------
Array size = 622762 (elements), Offset = 0 (elements)
Memory per array = 4.8 MiB (= 0.0 GiB).
Total memory required = 14.3 MiB (= 0.0 GiB).
Each kernel will be executed 20 times.
-------------------------------------------------------------
Function    Best Rate MB/s  Avg time     Min time     Max time
Copy:           14057.5     0.000728     0.000709     0.000814
Scale:          13880.1     0.000749     0.000718     0.000885
Add:            12163.2     0.001242     0.001229     0.001256
Triad:          12160.9     0.001241     0.001229     0.001260
-------------------------------------------------------------
Solution Validates: avg error less than 1.000000e-13 on all three arrays
-------------------------------------------------------------



--- run 2 ---
-------------------------------------------------------------
STREAM (dynamic) version — custom malloc-based implementation
-------------------------------------------------------------
This system uses 8 bytes per array element.
-------------------------------------------------------------
Array size = 622762 (elements), Offset = 0 (elements)
Memory per array = 4.8 MiB (= 0.0 GiB).
Total memory required = 14.3 MiB (= 0.0 GiB).
Each kernel will be executed 20 times.
-------------------------------------------------------------
Function    Best Rate MB/s  Avg time     Min time     Max time
Copy:           14095.4     0.000733     0.000707     0.000846
Scale:          13972.9     0.000777     0.000713     0.000912
Add:            12092.8     0.001247     0.001236     0.001277
Triad:          12182.1     0.001242     0.001227     0.001257
-------------------------------------------------------------
Solution Validates: avg error less than 1.000000e-13 on all three arrays
-------------------------------------------------------------



--- run 3 ---
-------------------------------------------------------------
STREAM (dynamic) version — custom malloc-based implementation
-------------------------------------------------------------
This system uses 8 bytes per array element.
-------------------------------------------------------------
Array size = 622762 (elements), Offset = 0 (elements)
Memory per array = 4.8 MiB (= 0.0 GiB).
Total memory required = 14.3 MiB (= 0.0 GiB).
Each kernel will be executed 20 times.
-------------------------------------------------------------
Function    Best Rate MB/s  Avg time     Min time     Max time
Copy:           13875.4     0.000766     0.000718     0.000854
Scale:          13954.2     0.000730     0.000714     0.000845
Add:            12092.8     0.001246     0.001236     0.001278
Triad:          12142.0     0.001242     0.001231     0.001273
-------------------------------------------------------------
Solution Validates: avg error less than 1.000000e-13 on all three arrays
-------------------------------------------------------------



--- run 1 ---
-------------------------------------------------------------
STREAM (dynamic) version — custom malloc-based implementation
-------------------------------------------------------------
This system uses 8 bytes per array element.
-------------------------------------------------------------
Array size = 699050 (elements), Offset = 0 (elements)
Memory per array = 5.3 MiB (= 0.0 GiB).
Total memory required = 16.0 MiB (= 0.0 GiB).
Each kernel will be executed 20 times.
-------------------------------------------------------------
Function    Best Rate MB/s  Avg time     Min time     Max time
Copy:           13789.7     0.000882     0.000811     0.001106
Scale:          13805.9     0.000842     0.000810     0.000999
Add:            11856.6     0.001495     0.001415     0.001573
Triad:          11650.4     0.001500     0.001440     0.001629
-------------------------------------------------------------
Solution Validates: avg error less than 1.000000e-13 on all three arrays
-------------------------------------------------------------



--- run 2 ---
-------------------------------------------------------------
STREAM (dynamic) version — custom malloc-based implementation
-------------------------------------------------------------
This system uses 8 bytes per array element.
-------------------------------------------------------------
Array size = 699050 (elements), Offset = 0 (elements)
Memory per array = 5.3 MiB (= 0.0 GiB).
Total memory required = 16.0 MiB (= 0.0 GiB).
Each kernel will be executed 20 times.
-------------------------------------------------------------
Function    Best Rate MB/s  Avg time     Min time     Max time
Copy:           14016.3     0.000849     0.000798     0.000985
Scale:          14121.7     0.000827     0.000792     0.000950
Add:            12157.7     0.001433     0.001380     0.001569
Triad:          12157.7     0.001430     0.001380     0.001540
-------------------------------------------------------------
Solution Validates: avg error less than 1.000000e-13 on all three arrays
-------------------------------------------------------------



--- run 3 ---
-------------------------------------------------------------
STREAM (dynamic) version — custom malloc-based implementation
-------------------------------------------------------------
This system uses 8 bytes per array element.
-------------------------------------------------------------
Array size = 699050 (elements), Offset = 0 (elements)
Memory per array = 5.3 MiB (= 0.0 GiB).
Total memory required = 16.0 MiB (= 0.0 GiB).
Each kernel will be executed 20 times.
-------------------------------------------------------------
Function    Best Rate MB/s  Avg time     Min time     Max time
Copy:           14016.3     0.000833     0.000798     0.000907
Scale:          14049.9     0.000824     0.000796     0.000961
Add:            12218.9     0.001391     0.001373     0.001424
Triad:          12157.7     0.001397     0.001380     0.001435
-------------------------------------------------------------
Solution Validates: avg error less than 1.000000e-13 on all three arrays
-------------------------------------------------------------



--- run 1 ---
-------------------------------------------------------------
STREAM (dynamic) version — custom malloc-based implementation
-------------------------------------------------------------
This system uses 8 bytes per array element.
-------------------------------------------------------------
Array size = 784640 (elements), Offset = 0 (elements)
Memory per array = 6.0 MiB (= 0.0 GiB).
Total memory required = 18.0 MiB (= 0.0 GiB).
Each kernel will be executed 20 times.
-------------------------------------------------------------
Function    Best Rate MB/s  Avg time     Min time     Max time
Copy:           14120.8     0.000947     0.000889     0.001043
Scale:          14105.6     0.000948     0.000890     0.001046
Add:            12405.3     0.001532     0.001518     0.001552
Triad:          12438.5     0.001534     0.001514     0.001602
-------------------------------------------------------------
Solution Validates: avg error less than 1.000000e-13 on all three arrays
-------------------------------------------------------------



--- run 2 ---
-------------------------------------------------------------
STREAM (dynamic) version — custom malloc-based implementation
-------------------------------------------------------------
This system uses 8 bytes per array element.
-------------------------------------------------------------
Array size = 784640 (elements), Offset = 0 (elements)
Memory per array = 6.0 MiB (= 0.0 GiB).
Total memory required = 18.0 MiB (= 0.0 GiB).
Each kernel will be executed 20 times.
-------------------------------------------------------------
Function    Best Rate MB/s  Avg time     Min time     Max time
Copy:           14075.5     0.000965     0.000892     0.001048
Scale:          14170.2     0.000910     0.000886     0.001000
Add:            12380.0     0.001548     0.001521     0.001592
Triad:          12364.5     0.001562     0.001523     0.001598
-------------------------------------------------------------
Solution Validates: avg error less than 1.000000e-13 on all three arrays
-------------------------------------------------------------



--- run 3 ---
-------------------------------------------------------------
STREAM (dynamic) version — custom malloc-based implementation
-------------------------------------------------------------
This system uses 8 bytes per array element.
-------------------------------------------------------------
Array size = 784640 (elements), Offset = 0 (elements)
Memory per array = 6.0 MiB (= 0.0 GiB).
Total memory required = 18.0 MiB (= 0.0 GiB).
Each kernel will be executed 20 times.
-------------------------------------------------------------
Function    Best Rate MB/s  Avg time     Min time     Max time
Copy:           14090.5     0.000956     0.000891     0.001048
Scale:          14124.5     0.000916     0.000889     0.001000
Add:            12405.3     0.001545     0.001518     0.001653
Triad:          12405.3     0.001544     0.001518     0.001582
-------------------------------------------------------------
Solution Validates: avg error less than 1.000000e-13 on all three arrays
-------------------------------------------------------------



--- run 1 ---
-------------------------------------------------------------
STREAM (dynamic) version — custom malloc-based implementation
-------------------------------------------------------------
This system uses 8 bytes per array element.
-------------------------------------------------------------
Array size = 880768 (elements), Offset = 0 (elements)
Memory per array = 6.7 MiB (= 0.0 GiB).
Total memory required = 20.2 MiB (= 0.0 GiB).
Each kernel will be executed 20 times.
-------------------------------------------------------------
Function    Best Rate MB/s  Avg time     Min time     Max time
Copy:           14106.8     0.001137     0.000999     0.001336
Scale:          14049.8     0.001097     0.001003     0.001336
Add:            12148.7     0.001877     0.001740     0.002029
Triad:          12002.3     0.001872     0.001761     0.002025
-------------------------------------------------------------
Solution Validates: avg error less than 1.000000e-13 on all three arrays
-------------------------------------------------------------



--- run 2 ---
-------------------------------------------------------------
STREAM (dynamic) version — custom malloc-based implementation
-------------------------------------------------------------
This system uses 8 bytes per array element.
-------------------------------------------------------------
Array size = 880768 (elements), Offset = 0 (elements)
Memory per array = 6.7 MiB (= 0.0 GiB).
Total memory required = 20.2 MiB (= 0.0 GiB).
Each kernel will be executed 20 times.
-------------------------------------------------------------
Function    Best Rate MB/s  Avg time     Min time     Max time
Copy:           14147.3     0.001038     0.000996     0.001156
Scale:          14133.7     0.001052     0.000997     0.001225
Add:            12419.2     0.001737     0.001702     0.001933
Triad:          12405.3     0.001723     0.001704     0.001829
-------------------------------------------------------------
Solution Validates: avg error less than 1.000000e-13 on all three arrays
-------------------------------------------------------------



--- run 3 ---
-------------------------------------------------------------
STREAM (dynamic) version — custom malloc-based implementation
-------------------------------------------------------------
This system uses 8 bytes per array element.
-------------------------------------------------------------
Array size = 880768 (elements), Offset = 0 (elements)
Memory per array = 6.7 MiB (= 0.0 GiB).
Total memory required = 20.2 MiB (= 0.0 GiB).
Each kernel will be executed 20 times.
-------------------------------------------------------------
Function    Best Rate MB/s  Avg time     Min time     Max time
Copy:           14106.8     0.001049     0.000999     0.001159
Scale:          14120.2     0.001054     0.000998     0.001282
Add:            12441.9     0.001726     0.001699     0.001791
Triad:          12369.0     0.001734     0.001709     0.001792
-------------------------------------------------------------
Solution Validates: avg error less than 1.000000e-13 on all three arrays
-------------------------------------------------------------



--- run 1 ---
-------------------------------------------------------------
STREAM (dynamic) version — custom malloc-based implementation
-------------------------------------------------------------
This system uses 8 bytes per array element.
-------------------------------------------------------------
Array size = 988586 (elements), Offset = 0 (elements)
Memory per array = 7.5 MiB (= 0.0 GiB).
Total memory required = 22.6 MiB (= 0.0 GiB).
Each kernel will be executed 20 times.
-------------------------------------------------------------
Function    Best Rate MB/s  Avg time     Min time     Max time
Copy:           14034.9     0.001199     0.001127     0.001318
Scale:          14109.5     0.001181     0.001121     0.001339
Add:            12147.7     0.001967     0.001953     0.001987
Triad:          12141.8     0.001969     0.001954     0.001991
-------------------------------------------------------------
Solution Validates: avg error less than 1.000000e-13 on all three arrays
-------------------------------------------------------------



--- run 2 ---
-------------------------------------------------------------
STREAM (dynamic) version — custom malloc-based implementation
-------------------------------------------------------------
This system uses 8 bytes per array element.
-------------------------------------------------------------
Array size = 988586 (elements), Offset = 0 (elements)
Memory per array = 7.5 MiB (= 0.0 GiB).
Total memory required = 22.6 MiB (= 0.0 GiB).
Each kernel will be executed 20 times.
-------------------------------------------------------------
Function    Best Rate MB/s  Avg time     Min time     Max time
Copy:           13987.5     0.001170     0.001131     0.001245
Scale:          14133.5     0.001189     0.001119     0.001441
Add:            12155.2     0.001990     0.001952     0.002045
Triad:          12104.9     0.001995     0.001960     0.002076
-------------------------------------------------------------
Solution Validates: avg error less than 1.000000e-13 on all three arrays
-------------------------------------------------------------



--- run 3 ---
-------------------------------------------------------------
STREAM (dynamic) version — custom malloc-based implementation
-------------------------------------------------------------
This system uses 8 bytes per array element.
-------------------------------------------------------------
Array size = 988586 (elements), Offset = 0 (elements)
Memory per array = 7.5 MiB (= 0.0 GiB).
Total memory required = 22.6 MiB (= 0.0 GiB).
Each kernel will be executed 20 times.
-------------------------------------------------------------
Function    Best Rate MB/s  Avg time     Min time     Max time
Copy:           14034.9     0.001182     0.001127     0.001305
Scale:          14020.1     0.001168     0.001128     0.001247
Add:            12167.1     0.001966     0.001950     0.001990
Triad:          12149.2     0.001970     0.001953     0.002007
-------------------------------------------------------------
Solution Validates: avg error less than 1.000000e-13 on all three arrays
-------------------------------------------------------------



--- run 1 ---
-------------------------------------------------------------
STREAM (dynamic) version — custom malloc-based implementation
-------------------------------------------------------------
This system uses 8 bytes per array element.
-------------------------------------------------------------
Array size = 1109674 (elements), Offset = 0 (elements)
Memory per array = 8.5 MiB (= 0.0 GiB).
Total memory required = 25.4 MiB (= 0.0 GiB).
Each kernel will be executed 20 times.
-------------------------------------------------------------
Function    Best Rate MB/s  Avg time     Min time     Max time
Copy:           13990.0     0.001364     0.001269     0.001506
Scale:          14069.3     0.001330     0.001262     0.001504
Add:            12189.4     0.002208     0.002185     0.002229
Triad:          12210.7     0.002203     0.002181     0.002227
-------------------------------------------------------------
Solution Validates: avg error less than 1.000000e-13 on all three arrays
-------------------------------------------------------------



--- run 2 ---
-------------------------------------------------------------
STREAM (dynamic) version — custom malloc-based implementation
-------------------------------------------------------------
This system uses 8 bytes per array element.
-------------------------------------------------------------
Array size = 1109674 (elements), Offset = 0 (elements)
Memory per array = 8.5 MiB (= 0.0 GiB).
Total memory required = 25.4 MiB (= 0.0 GiB).
Each kernel will be executed 20 times.
-------------------------------------------------------------
Function    Best Rate MB/s  Avg time     Min time     Max time
Copy:           14104.0     0.001377     0.001259     0.001499
Scale:          14101.3     0.001315     0.001259     0.001411
Add:            12182.7     0.002205     0.002186     0.002236
Triad:          12156.2     0.002214     0.002191     0.002250
-------------------------------------------------------------
Solution Validates: avg error less than 1.000000e-13 on all three arrays
-------------------------------------------------------------



--- run 3 ---
-------------------------------------------------------------
STREAM (dynamic) version — custom malloc-based implementation
-------------------------------------------------------------
This system uses 8 bytes per array element.
-------------------------------------------------------------
Array size = 1109674 (elements), Offset = 0 (elements)
Memory per array = 8.5 MiB (= 0.0 GiB).
Total memory required = 25.4 MiB (= 0.0 GiB).
Each kernel will be executed 20 times.
-------------------------------------------------------------
Function    Best Rate MB/s  Avg time     Min time     Max time
Copy:           13982.2     0.001387     0.001270     0.001487
Scale:          14024.3     0.001328     0.001266     0.001530
Add:            12166.8     0.002207     0.002189     0.002231
Triad:          12149.6     0.002210     0.002192     0.002233
-------------------------------------------------------------
Solution Validates: avg error less than 1.000000e-13 on all three arrays
-------------------------------------------------------------



--- run 1 ---
-------------------------------------------------------------
STREAM (dynamic) version — custom malloc-based implementation
-------------------------------------------------------------
This system uses 8 bytes per array element.
-------------------------------------------------------------
Array size = 1245568 (elements), Offset = 0 (elements)
Memory per array = 9.5 MiB (= 0.0 GiB).
Total memory required = 28.5 MiB (= 0.0 GiB).
Each kernel will be executed 20 times.
-------------------------------------------------------------
Function    Best Rate MB/s  Avg time     Min time     Max time
Copy:           14024.9     0.001561     0.001421     0.001790
Scale:          14093.5     0.001497     0.001414     0.001760
Add:            12276.8     0.002492     0.002435     0.002536
Triad:          12383.5     0.002487     0.002414     0.002550
-------------------------------------------------------------
Solution Validates: avg error less than 1.000000e-13 on all three arrays
-------------------------------------------------------------



--- run 2 ---
-------------------------------------------------------------
STREAM (dynamic) version — custom malloc-based implementation
-------------------------------------------------------------
This system uses 8 bytes per array element.
-------------------------------------------------------------
Array size = 1245568 (elements), Offset = 0 (elements)
Memory per array = 9.5 MiB (= 0.0 GiB).
Total memory required = 28.5 MiB (= 0.0 GiB).
Each kernel will be executed 20 times.
-------------------------------------------------------------
Function    Best Rate MB/s  Avg time     Min time     Max time
Copy:           13957.0     0.001533     0.001428     0.001783
Scale:          13773.1     0.001578     0.001447     0.001789
Add:            12306.9     0.002559     0.002429     0.002931
Triad:          12372.5     0.002550     0.002416     0.002775
-------------------------------------------------------------
Solution Validates: avg error less than 1.000000e-13 on all three arrays
-------------------------------------------------------------



--- run 3 ---
-------------------------------------------------------------
STREAM (dynamic) version — custom malloc-based implementation
-------------------------------------------------------------
This system uses 8 bytes per array element.
-------------------------------------------------------------
Array size = 1245568 (elements), Offset = 0 (elements)
Memory per array = 9.5 MiB (= 0.0 GiB).
Total memory required = 28.5 MiB (= 0.0 GiB).
Each kernel will be executed 20 times.
-------------------------------------------------------------
Function    Best Rate MB/s  Avg time     Min time     Max time
Copy:           14114.9     0.001504     0.001412     0.001765
Scale:          14174.8     0.001469     0.001406     0.001774
Add:            12009.9     0.002508     0.002489     0.002536
Triad:          11967.5     0.002513     0.002498     0.002535
-------------------------------------------------------------
Solution Validates: avg error less than 1.000000e-13 on all three arrays
-------------------------------------------------------------



--- run 1 ---
-------------------------------------------------------------
STREAM (dynamic) version — custom malloc-based implementation
-------------------------------------------------------------
This system uses 8 bytes per array element.
-------------------------------------------------------------
Array size = 1398101 (elements), Offset = 0 (elements)
Memory per array = 10.7 MiB (= 0.0 GiB).
Total memory required = 32.0 MiB (= 0.0 GiB).
Each kernel will be executed 20 times.
-------------------------------------------------------------
Function    Best Rate MB/s  Avg time     Min time     Max time
Copy:           13972.4     0.001709     0.001601     0.001888
Scale:          14085.7     0.001664     0.001588     0.001891
Add:            12202.0     0.002779     0.002750     0.002825
Triad:          12196.7     0.002785     0.002751     0.002862
-------------------------------------------------------------
Solution Validates: avg error less than 1.000000e-13 on all three arrays
-------------------------------------------------------------



--- run 2 ---
-------------------------------------------------------------
STREAM (dynamic) version — custom malloc-based implementation
-------------------------------------------------------------
This system uses 8 bytes per array element.
-------------------------------------------------------------
Array size = 1398101 (elements), Offset = 0 (elements)
Memory per array = 10.7 MiB (= 0.0 GiB).
Total memory required = 32.0 MiB (= 0.0 GiB).
Each kernel will be executed 20 times.
-------------------------------------------------------------
Function    Best Rate MB/s  Avg time     Min time     Max time
Copy:           14068.8     0.001646     0.001590     0.001757
Scale:          14068.8     0.001653     0.001590     0.001801
Add:            12139.9     0.002784     0.002764     0.002835
Triad:          12131.5     0.002790     0.002766     0.002875
-------------------------------------------------------------
Solution Validates: avg error less than 1.000000e-13 on all three arrays
-------------------------------------------------------------



--- run 3 ---
-------------------------------------------------------------
STREAM (dynamic) version — custom malloc-based implementation
-------------------------------------------------------------
This system uses 8 bytes per array element.
-------------------------------------------------------------
Array size = 1398101 (elements), Offset = 0 (elements)
Memory per array = 10.7 MiB (= 0.0 GiB).
Total memory required = 32.0 MiB (= 0.0 GiB).
Each kernel will be executed 20 times.
-------------------------------------------------------------
Function    Best Rate MB/s  Avg time     Min time     Max time
Copy:           13715.1     0.001788     0.001631     0.002123
Scale:          13955.8     0.001745     0.001603     0.002008
Add:            12091.9     0.002956     0.002775     0.003179
Triad:          12152.4     0.002917     0.002761     0.003103
-------------------------------------------------------------
Solution Validates: avg error less than 1.000000e-13 on all three arrays
-------------------------------------------------------------



--- run 1 ---
-------------------------------------------------------------
STREAM (dynamic) version — custom malloc-based implementation
-------------------------------------------------------------
This system uses 8 bytes per array element.
-------------------------------------------------------------
Array size = 1569322 (elements), Offset = 0 (elements)
Memory per array = 12.0 MiB (= 0.0 GiB).
Total memory required = 35.9 MiB (= 0.0 GiB).
Each kernel will be executed 20 times.
-------------------------------------------------------------
Function    Best Rate MB/s  Avg time     Min time     Max time
Copy:           13988.0     0.001928     0.001795     0.002097
Scale:          14081.5     0.001847     0.001783     0.002057
Add:            12152.7     0.003116     0.003099     0.003145
Triad:          12083.9     0.003130     0.003117     0.003159
-------------------------------------------------------------
Solution Validates: avg error less than 1.000000e-13 on all three arrays
-------------------------------------------------------------



--- run 2 ---
-------------------------------------------------------------
STREAM (dynamic) version — custom malloc-based implementation
-------------------------------------------------------------
This system uses 8 bytes per array element.
-------------------------------------------------------------
Array size = 1569322 (elements), Offset = 0 (elements)
Memory per array = 12.0 MiB (= 0.0 GiB).
Total memory required = 35.9 MiB (= 0.0 GiB).
Each kernel will be executed 20 times.
-------------------------------------------------------------
Function    Best Rate MB/s  Avg time     Min time     Max time
Copy:           14010.3     0.001939     0.001792     0.002068
Scale:          14113.6     0.001854     0.001779     0.001994
Add:            12157.4     0.003126     0.003098     0.003182
Triad:          12161.1     0.003124     0.003097     0.003158
-------------------------------------------------------------
Solution Validates: avg error less than 1.000000e-13 on all three arrays
-------------------------------------------------------------



--- run 3 ---
-------------------------------------------------------------
STREAM (dynamic) version — custom malloc-based implementation
-------------------------------------------------------------
This system uses 8 bytes per array element.
-------------------------------------------------------------
Array size = 1569322 (elements), Offset = 0 (elements)
Memory per array = 12.0 MiB (= 0.0 GiB).
Total memory required = 35.9 MiB (= 0.0 GiB).
Each kernel will be executed 20 times.
-------------------------------------------------------------
Function    Best Rate MB/s  Avg time     Min time     Max time
Copy:           14051.4     0.001998     0.001787     0.002288
Scale:          13989.8     0.001939     0.001795     0.002338
Add:            12137.8     0.003211     0.003103     0.003428
Triad:          12130.3     0.003207     0.003105     0.003362
-------------------------------------------------------------
Solution Validates: avg error less than 1.000000e-13 on all three arrays
-------------------------------------------------------------



--- run 1 ---
-------------------------------------------------------------
STREAM (dynamic) version — custom malloc-based implementation
-------------------------------------------------------------
This system uses 8 bytes per array element.
-------------------------------------------------------------
Array size = 1761493 (elements), Offset = 0 (elements)
Memory per array = 13.4 MiB (= 0.0 GiB).
Total memory required = 40.3 MiB (= 0.0 GiB).
Each kernel will be executed 20 times.
-------------------------------------------------------------
Function    Best Rate MB/s  Avg time     Min time     Max time
Copy:           14014.4     0.002181     0.002011     0.002372
Scale:          14049.4     0.002159     0.002006     0.002477
Add:            12155.9     0.003519     0.003478     0.003627
Triad:          12113.5     0.003537     0.003490     0.003659
-------------------------------------------------------------
Solution Validates: avg error less than 1.000000e-13 on all three arrays
-------------------------------------------------------------



--- run 2 ---
-------------------------------------------------------------
STREAM (dynamic) version — custom malloc-based implementation
-------------------------------------------------------------
This system uses 8 bytes per array element.
-------------------------------------------------------------
Array size = 1761493 (elements), Offset = 0 (elements)
Memory per array = 13.4 MiB (= 0.0 GiB).
Total memory required = 40.3 MiB (= 0.0 GiB).
Each kernel will be executed 20 times.
-------------------------------------------------------------
Function    Best Rate MB/s  Avg time     Min time     Max time
Copy:           13925.3     0.002193     0.002024     0.002367
Scale:          14014.4     0.002163     0.002011     0.002392
Add:            12113.5     0.003508     0.003490     0.003537
Triad:          12190.1     0.003506     0.003468     0.003531
-------------------------------------------------------------
Solution Validates: avg error less than 1.000000e-13 on all three arrays
-------------------------------------------------------------



--- run 3 ---
-------------------------------------------------------------
STREAM (dynamic) version — custom malloc-based implementation
-------------------------------------------------------------
This system uses 8 bytes per array element.
-------------------------------------------------------------
Array size = 1761493 (elements), Offset = 0 (elements)
Memory per array = 13.4 MiB (= 0.0 GiB).
Total memory required = 40.3 MiB (= 0.0 GiB).
Each kernel will be executed 20 times.
-------------------------------------------------------------
Function    Best Rate MB/s  Avg time     Min time     Max time
Copy:           14042.7     0.002178     0.002007     0.002341
Scale:          13814.6     0.002202     0.002040     0.002559
Add:            12124.3     0.003617     0.003487     0.003852
Triad:          12159.2     0.003613     0.003477     0.003862
-------------------------------------------------------------
Solution Validates: avg error less than 1.000000e-13 on all three arrays
-------------------------------------------------------------



--- run 1 ---
-------------------------------------------------------------
STREAM (dynamic) version — custom malloc-based implementation
-------------------------------------------------------------
This system uses 8 bytes per array element.
-------------------------------------------------------------
Array size = 1977216 (elements), Offset = 0 (elements)
Memory per array = 15.1 MiB (= 0.0 GiB).
Total memory required = 45.3 MiB (= 0.0 GiB).
Each kernel will be executed 20 times.
-------------------------------------------------------------
Function    Best Rate MB/s  Avg time     Min time     Max time
Copy:           14103.8     0.002445     0.002243     0.002756
Scale:          14136.9     0.002343     0.002238     0.002592
Add:            12332.4     0.003873     0.003848     0.003965
Triad:          12434.9     0.003894     0.003816     0.004132
-------------------------------------------------------------
Solution Validates: avg error less than 1.000000e-13 on all three arrays
-------------------------------------------------------------



--- run 2 ---
-------------------------------------------------------------
STREAM (dynamic) version — custom malloc-based implementation
-------------------------------------------------------------
This system uses 8 bytes per array element.
-------------------------------------------------------------
Array size = 1977216 (elements), Offset = 0 (elements)
Memory per array = 15.1 MiB (= 0.0 GiB).
Total memory required = 45.3 MiB (= 0.0 GiB).
Each kernel will be executed 20 times.
-------------------------------------------------------------
Function    Best Rate MB/s  Avg time     Min time     Max time
Copy:           14084.4     0.002364     0.002246     0.002581
Scale:          14147.4     0.002464     0.002236     0.002762
Add:            12353.9     0.003881     0.003841     0.004017
Triad:          12360.8     0.003881     0.003839     0.004021
-------------------------------------------------------------
Solution Validates: avg error less than 1.000000e-13 on all three arrays
-------------------------------------------------------------



--- run 3 ---
-------------------------------------------------------------
STREAM (dynamic) version — custom malloc-based implementation
-------------------------------------------------------------
This system uses 8 bytes per array element.
-------------------------------------------------------------
Array size = 1977216 (elements), Offset = 0 (elements)
Memory per array = 15.1 MiB (= 0.0 GiB).
Total memory required = 45.3 MiB (= 0.0 GiB).
Each kernel will be executed 20 times.
-------------------------------------------------------------
Function    Best Rate MB/s  Avg time     Min time     Max time
Copy:           13992.3     0.002512     0.002261     0.002833
Scale:          14167.1     0.002460     0.002233     0.002966
Add:            12354.6     0.004012     0.003841     0.004285
Triad:          12351.6     0.004032     0.003842     0.004351
-------------------------------------------------------------
Solution Validates: avg error less than 1.000000e-13 on all three arrays
-------------------------------------------------------------



--- run 1 ---
-------------------------------------------------------------
STREAM (dynamic) version — custom malloc-based implementation
-------------------------------------------------------------
This system uses 8 bytes per array element.
-------------------------------------------------------------
Array size = 2219349 (elements), Offset = 0 (elements)
Memory per array = 16.9 MiB (= 0.0 GiB).
Total memory required = 50.8 MiB (= 0.0 GiB).
Each kernel will be executed 20 times.
-------------------------------------------------------------
Function    Best Rate MB/s  Avg time     Min time     Max time
Copy:           13909.0     0.002752     0.002553     0.002966
Scale:          13996.6     0.002667     0.002537     0.002975
Add:            12135.7     0.004417     0.004389     0.004488
Triad:          12116.7     0.004421     0.004396     0.004512
-------------------------------------------------------------
Solution Validates: avg error less than 1.000000e-13 on all three arrays
-------------------------------------------------------------



--- run 2 ---
-------------------------------------------------------------
STREAM (dynamic) version — custom malloc-based implementation
-------------------------------------------------------------
This system uses 8 bytes per array element.
-------------------------------------------------------------
Array size = 2219349 (elements), Offset = 0 (elements)
Memory per array = 16.9 MiB (= 0.0 GiB).
Total memory required = 50.8 MiB (= 0.0 GiB).
Each kernel will be executed 20 times.
-------------------------------------------------------------
Function    Best Rate MB/s  Avg time     Min time     Max time
Copy:           13762.5     0.002777     0.002580     0.003204
Scale:          13980.8     0.002786     0.002540     0.003150
Add:            12127.2     0.004565     0.004392     0.004822
Triad:          12113.4     0.004565     0.004397     0.004803
-------------------------------------------------------------
Solution Validates: avg error less than 1.000000e-13 on all three arrays
-------------------------------------------------------------



--- run 3 ---
-------------------------------------------------------------
STREAM (dynamic) version — custom malloc-based implementation
-------------------------------------------------------------
This system uses 8 bytes per array element.
-------------------------------------------------------------
Array size = 2219349 (elements), Offset = 0 (elements)
Memory per array = 16.9 MiB (= 0.0 GiB).
Total memory required = 50.8 MiB (= 0.0 GiB).
Each kernel will be executed 20 times.
-------------------------------------------------------------
Function    Best Rate MB/s  Avg time     Min time     Max time
Copy:           14090.6     0.002681     0.002520     0.002935
Scale:          13920.7     0.002735     0.002551     0.002961
Add:            12116.7     0.004438     0.004396     0.004630
Triad:          12121.9     0.004431     0.004394     0.004562
-------------------------------------------------------------
Solution Validates: avg error less than 1.000000e-13 on all three arrays
-------------------------------------------------------------



--- run 1 ---
-------------------------------------------------------------
STREAM (dynamic) version — custom malloc-based implementation
-------------------------------------------------------------
This system uses 8 bytes per array element.
-------------------------------------------------------------
Array size = 2491136 (elements), Offset = 0 (elements)
Memory per array = 19.0 MiB (= 0.0 GiB).
Total memory required = 57.0 MiB (= 0.1 GiB).
Each kernel will be executed 20 times.
-------------------------------------------------------------
Function    Best Rate MB/s  Avg time     Min time     Max time
Copy:           13960.5     0.003168     0.002855     0.003633
Scale:          14023.8     0.003067     0.002842     0.003488
Add:            12370.7     0.005008     0.004833     0.005364
Triad:          12406.8     0.005028     0.004819     0.005335
-------------------------------------------------------------
Solution Validates: avg error less than 1.000000e-13 on all three arrays
-------------------------------------------------------------



--- run 2 ---
-------------------------------------------------------------
STREAM (dynamic) version — custom malloc-based implementation
-------------------------------------------------------------
This system uses 8 bytes per array element.
-------------------------------------------------------------
Array size = 2491136 (elements), Offset = 0 (elements)
Memory per array = 19.0 MiB (= 0.0 GiB).
Total memory required = 57.0 MiB (= 0.1 GiB).
Each kernel will be executed 20 times.
-------------------------------------------------------------
Function    Best Rate MB/s  Avg time     Min time     Max time
Copy:           14010.8     0.003032     0.002845     0.003394
Scale:          14123.3     0.003090     0.002822     0.003565
Add:            12362.7     0.004917     0.004836     0.005067
Triad:          12370.7     0.004917     0.004833     0.005218
-------------------------------------------------------------
Solution Validates: avg error less than 1.000000e-13 on all three arrays
-------------------------------------------------------------



--- run 3 ---
-------------------------------------------------------------
STREAM (dynamic) version — custom malloc-based implementation
-------------------------------------------------------------
This system uses 8 bytes per array element.
-------------------------------------------------------------
Array size = 2491136 (elements), Offset = 0 (elements)
Memory per array = 19.0 MiB (= 0.0 GiB).
Total memory required = 57.0 MiB (= 0.1 GiB).
Each kernel will be executed 20 times.
-------------------------------------------------------------
Function    Best Rate MB/s  Avg time     Min time     Max time
Copy:           13965.2     0.003036     0.002854     0.003230
Scale:          14079.3     0.003042     0.002831     0.003344
Add:            12373.7     0.004853     0.004832     0.004890
Triad:          12375.6     0.004851     0.004831     0.004951
-------------------------------------------------------------
Solution Validates: avg error less than 1.000000e-13 on all three arrays
-------------------------------------------------------------



--- run 1 ---
-------------------------------------------------------------
STREAM (dynamic) version — custom malloc-based implementation
-------------------------------------------------------------
This system uses 8 bytes per array element.
-------------------------------------------------------------
Array size = 2796202 (elements), Offset = 0 (elements)
Memory per array = 21.3 MiB (= 0.0 GiB).
Total memory required = 64.0 MiB (= 0.1 GiB).
Each kernel will be executed 20 times.
-------------------------------------------------------------
Function    Best Rate MB/s  Avg time     Min time     Max time
Copy:           13834.4     0.003518     0.003234     0.003971
Scale:          14037.2     0.003424     0.003187     0.003788
Add:            12122.1     0.005599     0.005536     0.005871
Triad:          12107.0     0.005604     0.005543     0.005829
-------------------------------------------------------------
Solution Validates: avg error less than 1.000000e-13 on all three arrays
-------------------------------------------------------------



--- run 2 ---
-------------------------------------------------------------
STREAM (dynamic) version — custom malloc-based implementation
-------------------------------------------------------------
This system uses 8 bytes per array element.
-------------------------------------------------------------
Array size = 2796202 (elements), Offset = 0 (elements)
Memory per array = 21.3 MiB (= 0.0 GiB).
Total memory required = 64.0 MiB (= 0.1 GiB).
Each kernel will be executed 20 times.
-------------------------------------------------------------
Function    Best Rate MB/s  Avg time     Min time     Max time
Copy:           13941.3     0.003582     0.003209     0.004305
Scale:          13998.5     0.003594     0.003196     0.004103
Add:            12104.9     0.005786     0.005544     0.006382
Triad:          12109.1     0.005785     0.005542     0.006149
-------------------------------------------------------------
Solution Validates: avg error less than 1.000000e-13 on all three arrays
-------------------------------------------------------------



--- run 3 ---
-------------------------------------------------------------
STREAM (dynamic) version — custom malloc-based implementation
-------------------------------------------------------------
This system uses 8 bytes per array element.
-------------------------------------------------------------
Array size = 2796202 (elements), Offset = 0 (elements)
Memory per array = 21.3 MiB (= 0.0 GiB).
Total memory required = 64.0 MiB (= 0.1 GiB).
Each kernel will be executed 20 times.
-------------------------------------------------------------
Function    Best Rate MB/s  Avg time     Min time     Max time
Copy:           13950.6     0.003435     0.003207     0.003737
Scale:          14033.0     0.003394     0.003188     0.004114
Add:            12117.9     0.005579     0.005538     0.005689
Triad:          12124.2     0.005584     0.005535     0.005718
-------------------------------------------------------------
Solution Validates: avg error less than 1.000000e-13 on all three arrays
-------------------------------------------------------------


