--- run 1 ---
-------------------------------------------------------------
STREAM (dynamic) version — custom malloc-based implementation
-------------------------------------------------------------
This system uses 4 bytes per array element.
-------------------------------------------------------------
Array size = 5461 (elements), Offset = 0 (elements)
Memory per array = 0.0 MiB (= 0.0 GiB).
Total memory required = 0.1 MiB (= 0.0 GiB).
Each kernel will be executed 16384 times.
-------------------------------------------------------------
Function    Best Rate MB/s  Avg time     Min time     Max time
Copy:           45810.2     0.000001     0.000001     0.000015
Scale:          15270.1     0.000004     0.000003     0.000026
Add:            22905.1     0.000003     0.000003     0.000015
Triad:          22905.1     0.000004     0.000003     0.000025
-------------------------------------------------------------
Solution Validates: avg error less than 1.000000e-06 on all three arrays
-------------------------------------------------------------



--- run 2 ---
-------------------------------------------------------------
STREAM (dynamic) version — custom malloc-based implementation
-------------------------------------------------------------
This system uses 4 bytes per array element.
-------------------------------------------------------------
Array size = 5461 (elements), Offset = 0 (elements)
Memory per array = 0.0 MiB (= 0.0 GiB).
Total memory required = 0.1 MiB (= 0.0 GiB).
Each kernel will be executed 16384 times.
-------------------------------------------------------------
Function    Best Rate MB/s  Avg time     Min time     Max time
Copy:           45810.2     0.000001     0.000001     0.000026
Scale:          15270.1     0.000003     0.000003     0.000017
Add:            22905.1     0.000003     0.000003     0.000042
Triad:          22905.1     0.000004     0.000003     0.000021
-------------------------------------------------------------
Solution Validates: avg error less than 1.000000e-06 on all three arrays
-------------------------------------------------------------



--- run 3 ---
-------------------------------------------------------------
STREAM (dynamic) version — custom malloc-based implementation
-------------------------------------------------------------
This system uses 4 bytes per array element.
-------------------------------------------------------------
Array size = 5461 (elements), Offset = 0 (elements)
Memory per array = 0.0 MiB (= 0.0 GiB).
Total memory required = 0.1 MiB (= 0.0 GiB).
Each kernel will be executed 16384 times.
-------------------------------------------------------------
Function    Best Rate MB/s  Avg time     Min time     Max time
Copy:           45810.2     0.000001     0.000001     0.000015
Scale:          15270.1     0.000003     0.000003     0.000033
Add:            22905.1     0.000003     0.000003     0.000028
Triad:          22905.1     0.000004     0.000003     0.000029
-------------------------------------------------------------
Solution Validates: avg error less than 1.000000e-06 on all three arrays
-------------------------------------------------------------



--- run 4 ---
-------------------------------------------------------------
STREAM (dynamic) version — custom malloc-based implementation
-------------------------------------------------------------
This system uses 4 bytes per array element.
-------------------------------------------------------------
Array size = 5461 (elements), Offset = 0 (elements)
Memory per array = 0.0 MiB (= 0.0 GiB).
Total memory required = 0.1 MiB (= 0.0 GiB).
Each kernel will be executed 16384 times.
-------------------------------------------------------------
Function    Best Rate MB/s  Avg time     Min time     Max time
Copy:           45810.2     0.000001     0.000001     0.000036
Scale:          15270.1     0.000004     0.000003     0.000072
Add:            22905.1     0.000003     0.000003     0.000016
Triad:          22905.1     0.000004     0.000003     0.000032
-------------------------------------------------------------
Solution Validates: avg error less than 1.000000e-06 on all three arrays
-------------------------------------------------------------



--- run 5 ---
-------------------------------------------------------------
STREAM (dynamic) version — custom malloc-based implementation
-------------------------------------------------------------
This system uses 4 bytes per array element.
-------------------------------------------------------------
Array size = 5461 (elements), Offset = 0 (elements)
Memory per array = 0.0 MiB (= 0.0 GiB).
Total memory required = 0.1 MiB (= 0.0 GiB).
Each kernel will be executed 16384 times.
-------------------------------------------------------------
Function    Best Rate MB/s  Avg time     Min time     Max time
Copy:           45810.2     0.000001     0.000001     0.000049
Scale:          15270.1     0.000003     0.000003     0.000029
Add:            22905.1     0.000003     0.000003     0.000031
Triad:          22905.1     0.000004     0.000003     0.000018
-------------------------------------------------------------
Solution Validates: avg error less than 1.000000e-06 on all three arrays
-------------------------------------------------------------



--- run 1 ---
-------------------------------------------------------------
STREAM (dynamic) version — custom malloc-based implementation
-------------------------------------------------------------
This system uses 4 bytes per array element.
-------------------------------------------------------------
Array size = 6144 (elements), Offset = 0 (elements)
Memory per array = 0.0 MiB (= 0.0 GiB).
Total memory required = 0.1 MiB (= 0.0 GiB).
Each kernel will be executed 14563 times.
-------------------------------------------------------------
Function    Best Rate MB/s  Avg time     Min time     Max time
Copy:           51539.6     0.000002     0.000001     0.000023
Scale:          17179.9     0.000004     0.000003     0.000024
Add:            25769.8     0.000004     0.000003     0.000013
Triad:          25769.8     0.000004     0.000003     0.000021
-------------------------------------------------------------
Solution Validates: avg error less than 1.000000e-06 on all three arrays
-------------------------------------------------------------



--- run 2 ---
-------------------------------------------------------------
STREAM (dynamic) version — custom malloc-based implementation
-------------------------------------------------------------
This system uses 4 bytes per array element.
-------------------------------------------------------------
Array size = 6144 (elements), Offset = 0 (elements)
Memory per array = 0.0 MiB (= 0.0 GiB).
Total memory required = 0.1 MiB (= 0.0 GiB).
Each kernel will be executed 14563 times.
-------------------------------------------------------------
Function    Best Rate MB/s  Avg time     Min time     Max time
Copy:           51539.6     0.000002     0.000001     0.000016
Scale:          17179.9     0.000004     0.000003     0.000036
Add:            25769.8     0.000004     0.000003     0.000048
Triad:          25769.8     0.000004     0.000003     0.000022
-------------------------------------------------------------
Solution Validates: avg error less than 1.000000e-06 on all three arrays
-------------------------------------------------------------



--- run 3 ---
-------------------------------------------------------------
STREAM (dynamic) version — custom malloc-based implementation
-------------------------------------------------------------
This system uses 4 bytes per array element.
-------------------------------------------------------------
Array size = 6144 (elements), Offset = 0 (elements)
Memory per array = 0.0 MiB (= 0.0 GiB).
Total memory required = 0.1 MiB (= 0.0 GiB).
Each kernel will be executed 14563 times.
-------------------------------------------------------------
Function    Best Rate MB/s  Avg time     Min time     Max time
Copy:           51539.6     0.000002     0.000001     0.000011
Scale:          17179.9     0.000004     0.000003     0.000079
Add:            25769.8     0.000004     0.000003     0.000015
Triad:          25769.8     0.000004     0.000003     0.000081
-------------------------------------------------------------
Solution Validates: avg error less than 1.000000e-06 on all three arrays
-------------------------------------------------------------



--- run 4 ---
-------------------------------------------------------------
STREAM (dynamic) version — custom malloc-based implementation
-------------------------------------------------------------
This system uses 4 bytes per array element.
-------------------------------------------------------------
Array size = 6144 (elements), Offset = 0 (elements)
Memory per array = 0.0 MiB (= 0.0 GiB).
Total memory required = 0.1 MiB (= 0.0 GiB).
Each kernel will be executed 14563 times.
-------------------------------------------------------------
Function    Best Rate MB/s  Avg time     Min time     Max time
Copy:           51539.6     0.000002     0.000001     0.000016
Scale:          17179.9     0.000004     0.000003     0.000052
Add:            25769.8     0.000004     0.000003     0.000027
Triad:          25769.8     0.000004     0.000003     0.000028
-------------------------------------------------------------
Solution Validates: avg error less than 1.000000e-06 on all three arrays
-------------------------------------------------------------



--- run 5 ---
-------------------------------------------------------------
STREAM (dynamic) version — custom malloc-based implementation
-------------------------------------------------------------
This system uses 4 bytes per array element.
-------------------------------------------------------------
Array size = 6144 (elements), Offset = 0 (elements)
Memory per array = 0.0 MiB (= 0.0 GiB).
Total memory required = 0.1 MiB (= 0.0 GiB).
Each kernel will be executed 14563 times.
-------------------------------------------------------------
Function    Best Rate MB/s  Avg time     Min time     Max time
Copy:           51539.6     0.000002     0.000001     0.000051
Scale:          17179.9     0.000004     0.000003     0.000024
Add:            25769.8     0.000004     0.000003     0.000017
Triad:          25769.8     0.000004     0.000003     0.000019
-------------------------------------------------------------
Solution Validates: avg error less than 1.000000e-06 on all three arrays
-------------------------------------------------------------



--- run 1 ---
-------------------------------------------------------------
STREAM (dynamic) version — custom malloc-based implementation
-------------------------------------------------------------
This system uses 4 bytes per array element.
-------------------------------------------------------------
Array size = 6912 (elements), Offset = 0 (elements)
Memory per array = 0.0 MiB (= 0.0 GiB).
Total memory required = 0.1 MiB (= 0.0 GiB).
Each kernel will be executed 12945 times.
-------------------------------------------------------------
Function    Best Rate MB/s  Avg time     Min time     Max time
Copy:           28991.0     0.000002     0.000002     0.000020
Scale:          14495.5     0.000004     0.000004     0.000024
Add:            21743.3     0.000004     0.000004     0.000032
Triad:          21743.3     0.000004     0.000004     0.000065
-------------------------------------------------------------
Solution Validates: avg error less than 1.000000e-06 on all three arrays
-------------------------------------------------------------



--- run 2 ---
-------------------------------------------------------------
STREAM (dynamic) version — custom malloc-based implementation
-------------------------------------------------------------
This system uses 4 bytes per array element.
-------------------------------------------------------------
Array size = 6912 (elements), Offset = 0 (elements)
Memory per array = 0.0 MiB (= 0.0 GiB).
Total memory required = 0.1 MiB (= 0.0 GiB).
Each kernel will be executed 12945 times.
-------------------------------------------------------------
Function    Best Rate MB/s  Avg time     Min time     Max time
Copy:           28991.0     0.000002     0.000002     0.000014
Scale:          14495.5     0.000004     0.000004     0.000060
Add:            21743.3     0.000004     0.000004     0.000020
Triad:          21743.3     0.000004     0.000004     0.000041
-------------------------------------------------------------
Solution Validates: avg error less than 1.000000e-06 on all three arrays
-------------------------------------------------------------



--- run 3 ---
-------------------------------------------------------------
STREAM (dynamic) version — custom malloc-based implementation
-------------------------------------------------------------
This system uses 4 bytes per array element.
-------------------------------------------------------------
Array size = 6912 (elements), Offset = 0 (elements)
Memory per array = 0.0 MiB (= 0.0 GiB).
Total memory required = 0.1 MiB (= 0.0 GiB).
Each kernel will be executed 12945 times.
-------------------------------------------------------------
Function    Best Rate MB/s  Avg time     Min time     Max time
Copy:           28991.0     0.000002     0.000002     0.000017
Scale:          14495.5     0.000004     0.000004     0.000022
Add:            21743.3     0.000004     0.000004     0.000027
Triad:          21743.3     0.000004     0.000004     0.000063
-------------------------------------------------------------
Solution Validates: avg error less than 1.000000e-06 on all three arrays
-------------------------------------------------------------



--- run 4 ---
-------------------------------------------------------------
STREAM (dynamic) version — custom malloc-based implementation
-------------------------------------------------------------
This system uses 4 bytes per array element.
-------------------------------------------------------------
Array size = 6912 (elements), Offset = 0 (elements)
Memory per array = 0.0 MiB (= 0.0 GiB).
Total memory required = 0.1 MiB (= 0.0 GiB).
Each kernel will be executed 12945 times.
-------------------------------------------------------------
Function    Best Rate MB/s  Avg time     Min time     Max time
Copy:           28991.0     0.000002     0.000002     0.000015
Scale:          14495.5     0.000004     0.000004     0.000031
Add:            21743.3     0.000004     0.000004     0.000037
Triad:          21743.3     0.000004     0.000004     0.000019
-------------------------------------------------------------
Solution Validates: avg error less than 1.000000e-06 on all three arrays
-------------------------------------------------------------



--- run 5 ---
-------------------------------------------------------------
STREAM (dynamic) version — custom malloc-based implementation
-------------------------------------------------------------
This system uses 4 bytes per array element.
-------------------------------------------------------------
Array size = 6912 (elements), Offset = 0 (elements)
Memory per array = 0.0 MiB (= 0.0 GiB).
Total memory required = 0.1 MiB (= 0.0 GiB).
Each kernel will be executed 12945 times.
-------------------------------------------------------------
Function    Best Rate MB/s  Avg time     Min time     Max time
Copy:           28991.0     0.000002     0.000002     0.000017
Scale:          14495.5     0.000004     0.000004     0.000052
Add:            21743.3     0.000004     0.000004     0.000026
Triad:          21743.3     0.000004     0.000004     0.000017
-------------------------------------------------------------
Solution Validates: avg error less than 1.000000e-06 on all three arrays
-------------------------------------------------------------



--- run 1 ---
-------------------------------------------------------------
STREAM (dynamic) version — custom malloc-based implementation
-------------------------------------------------------------
This system uses 4 bytes per array element.
-------------------------------------------------------------
Array size = 7765 (elements), Offset = 0 (elements)
Memory per array = 0.0 MiB (= 0.0 GiB).
Total memory required = 0.1 MiB (= 0.0 GiB).
Each kernel will be executed 11522 times.
-------------------------------------------------------------
Function    Best Rate MB/s  Avg time     Min time     Max time
Copy:           32568.8     0.000003     0.000002     0.000012
Scale:          16284.4     0.000005     0.000004     0.000026
Add:            24426.6     0.000005     0.000004     0.000059
Triad:          24426.6     0.000005     0.000004     0.000018
-------------------------------------------------------------
Solution Validates: avg error less than 1.000000e-06 on all three arrays
-------------------------------------------------------------



--- run 2 ---
-------------------------------------------------------------
STREAM (dynamic) version — custom malloc-based implementation
-------------------------------------------------------------
This system uses 4 bytes per array element.
-------------------------------------------------------------
Array size = 7765 (elements), Offset = 0 (elements)
Memory per array = 0.0 MiB (= 0.0 GiB).
Total memory required = 0.1 MiB (= 0.0 GiB).
Each kernel will be executed 11522 times.
-------------------------------------------------------------
Function    Best Rate MB/s  Avg time     Min time     Max time
Copy:           32568.8     0.000003     0.000002     0.000054
Scale:          16284.4     0.000005     0.000004     0.000027
Add:            24426.6     0.000005     0.000004     0.000029
Triad:          24426.6     0.000005     0.000004     0.000017
-------------------------------------------------------------
Solution Validates: avg error less than 1.000000e-06 on all three arrays
-------------------------------------------------------------



--- run 3 ---
-------------------------------------------------------------
STREAM (dynamic) version — custom malloc-based implementation
-------------------------------------------------------------
This system uses 4 bytes per array element.
-------------------------------------------------------------
Array size = 7765 (elements), Offset = 0 (elements)
Memory per array = 0.0 MiB (= 0.0 GiB).
Total memory required = 0.1 MiB (= 0.0 GiB).
Each kernel will be executed 11522 times.
-------------------------------------------------------------
Function    Best Rate MB/s  Avg time     Min time     Max time
Copy:           32568.8     0.000003     0.000002     0.000015
Scale:          16284.4     0.000005     0.000004     0.000021
Add:            24426.6     0.000005     0.000004     0.000027
Triad:          24426.6     0.000005     0.000004     0.000040
-------------------------------------------------------------
Solution Validates: avg error less than 1.000000e-06 on all three arrays
-------------------------------------------------------------



--- run 4 ---
-------------------------------------------------------------
STREAM (dynamic) version — custom malloc-based implementation
-------------------------------------------------------------
This system uses 4 bytes per array element.
-------------------------------------------------------------
Array size = 7765 (elements), Offset = 0 (elements)
Memory per array = 0.0 MiB (= 0.0 GiB).
Total memory required = 0.1 MiB (= 0.0 GiB).
Each kernel will be executed 11522 times.
-------------------------------------------------------------
Function    Best Rate MB/s  Avg time     Min time     Max time
Copy:           32568.8     0.000003     0.000002     0.000018
Scale:          16284.4     0.000005     0.000004     0.000031
Add:            24426.6     0.000005     0.000004     0.000020
Triad:          24426.6     0.000005     0.000004     0.000045
-------------------------------------------------------------
Solution Validates: avg error less than 1.000000e-06 on all three arrays
-------------------------------------------------------------



--- run 5 ---
-------------------------------------------------------------
STREAM (dynamic) version — custom malloc-based implementation
-------------------------------------------------------------
This system uses 4 bytes per array element.
-------------------------------------------------------------
Array size = 7765 (elements), Offset = 0 (elements)
Memory per array = 0.0 MiB (= 0.0 GiB).
Total memory required = 0.1 MiB (= 0.0 GiB).
Each kernel will be executed 11522 times.
-------------------------------------------------------------
Function    Best Rate MB/s  Avg time     Min time     Max time
Copy:           32568.8     0.000003     0.000002     0.000045
Scale:          16284.4     0.000005     0.000004     0.000021
Add:            24426.6     0.000005     0.000004     0.000035
Triad:          24426.6     0.000005     0.000004     0.000069
-------------------------------------------------------------
Solution Validates: avg error less than 1.000000e-06 on all three arrays
-------------------------------------------------------------



--- run 1 ---
-------------------------------------------------------------
STREAM (dynamic) version — custom malloc-based implementation
-------------------------------------------------------------
This system uses 4 bytes per array element.
-------------------------------------------------------------
Array size = 8704 (elements), Offset = 0 (elements)
Memory per array = 0.0 MiB (= 0.0 GiB).
Total memory required = 0.1 MiB (= 0.0 GiB).
Each kernel will be executed 10280 times.
-------------------------------------------------------------
Function    Best Rate MB/s  Avg time     Min time     Max time
Copy:           36507.2     0.000003     0.000002     0.000015
Scale:          14602.9     0.000006     0.000005     0.000027
Add:            21904.3     0.000005     0.000005     0.000018
Triad:          21904.3     0.000006     0.000005     0.000018
-------------------------------------------------------------
Solution Validates: avg error less than 1.000000e-06 on all three arrays
-------------------------------------------------------------



--- run 2 ---
-------------------------------------------------------------
STREAM (dynamic) version — custom malloc-based implementation
-------------------------------------------------------------
This system uses 4 bytes per array element.
-------------------------------------------------------------
Array size = 8704 (elements), Offset = 0 (elements)
Memory per array = 0.0 MiB (= 0.0 GiB).
Total memory required = 0.1 MiB (= 0.0 GiB).
Each kernel will be executed 10280 times.
-------------------------------------------------------------
Function    Best Rate MB/s  Avg time     Min time     Max time
Copy:           36507.2     0.000003     0.000002     0.000016
Scale:          14602.9     0.000006     0.000005     0.000019
Add:            21904.3     0.000005     0.000005     0.000026
Triad:          21904.3     0.000006     0.000005     0.000023
-------------------------------------------------------------
Solution Validates: avg error less than 1.000000e-06 on all three arrays
-------------------------------------------------------------



--- run 3 ---
-------------------------------------------------------------
STREAM (dynamic) version — custom malloc-based implementation
-------------------------------------------------------------
This system uses 4 bytes per array element.
-------------------------------------------------------------
Array size = 8704 (elements), Offset = 0 (elements)
Memory per array = 0.0 MiB (= 0.0 GiB).
Total memory required = 0.1 MiB (= 0.0 GiB).
Each kernel will be executed 10280 times.
-------------------------------------------------------------
Function    Best Rate MB/s  Avg time     Min time     Max time
Copy:           36507.2     0.000003     0.000002     0.000016
Scale:          14602.9     0.000006     0.000005     0.000029
Add:            21904.3     0.000005     0.000005     0.000049
Triad:          21904.3     0.000006     0.000005     0.000037
-------------------------------------------------------------
Solution Validates: avg error less than 1.000000e-06 on all three arrays
-------------------------------------------------------------



--- run 4 ---
-------------------------------------------------------------
STREAM (dynamic) version — custom malloc-based implementation
-------------------------------------------------------------
This system uses 4 bytes per array element.
-------------------------------------------------------------
Array size = 8704 (elements), Offset = 0 (elements)
Memory per array = 0.0 MiB (= 0.0 GiB).
Total memory required = 0.1 MiB (= 0.0 GiB).
Each kernel will be executed 10280 times.
-------------------------------------------------------------
Function    Best Rate MB/s  Avg time     Min time     Max time
Copy:           36507.2     0.000003     0.000002     0.000034
Scale:          14602.9     0.000006     0.000005     0.000034
Add:            21904.3     0.000005     0.000005     0.000057
Triad:          21904.3     0.000006     0.000005     0.000028
-------------------------------------------------------------
Solution Validates: avg error less than 1.000000e-06 on all three arrays
-------------------------------------------------------------



--- run 5 ---
-------------------------------------------------------------
STREAM (dynamic) version — custom malloc-based implementation
-------------------------------------------------------------
This system uses 4 bytes per array element.
-------------------------------------------------------------
Array size = 8704 (elements), Offset = 0 (elements)
Memory per array = 0.0 MiB (= 0.0 GiB).
Total memory required = 0.1 MiB (= 0.0 GiB).
Each kernel will be executed 10280 times.
-------------------------------------------------------------
Function    Best Rate MB/s  Avg time     Min time     Max time
Copy:           36507.2     0.000003     0.000002     0.000016
Scale:          14602.9     0.000006     0.000005     0.000019
Add:            21904.3     0.000005     0.000005     0.000060
Triad:          21904.3     0.000006     0.000005     0.000032
-------------------------------------------------------------
Solution Validates: avg error less than 1.000000e-06 on all three arrays
-------------------------------------------------------------



--- run 1 ---
-------------------------------------------------------------
STREAM (dynamic) version — custom malloc-based implementation
-------------------------------------------------------------
This system uses 4 bytes per array element.
-------------------------------------------------------------
Array size = 9728 (elements), Offset = 0 (elements)
Memory per array = 0.0 MiB (= 0.0 GiB).
Total memory required = 0.1 MiB (= 0.0 GiB).
Each kernel will be executed 9198 times.
-------------------------------------------------------------
Function    Best Rate MB/s  Avg time     Min time     Max time
Copy:           27201.5     0.000003     0.000003     0.000018
Scale:          13056.7     0.000006     0.000006     0.000027
Add:            24481.3     0.000006     0.000005     0.000020
Triad:          19585.1     0.000006     0.000006     0.000019
-------------------------------------------------------------
Solution Validates: avg error less than 1.000000e-06 on all three arrays
-------------------------------------------------------------



--- run 2 ---
-------------------------------------------------------------
STREAM (dynamic) version — custom malloc-based implementation
-------------------------------------------------------------
This system uses 4 bytes per array element.
-------------------------------------------------------------
Array size = 9728 (elements), Offset = 0 (elements)
Memory per array = 0.0 MiB (= 0.0 GiB).
Total memory required = 0.1 MiB (= 0.0 GiB).
Each kernel will be executed 9198 times.
-------------------------------------------------------------
Function    Best Rate MB/s  Avg time     Min time     Max time
Copy:           27201.5     0.000003     0.000003     0.000029
Scale:          13056.7     0.000006     0.000006     0.000036
Add:            24481.3     0.000006     0.000005     0.000027
Triad:          19585.1     0.000006     0.000006     0.000040
-------------------------------------------------------------
Solution Validates: avg error less than 1.000000e-06 on all three arrays
-------------------------------------------------------------



--- run 3 ---
-------------------------------------------------------------
STREAM (dynamic) version — custom malloc-based implementation
-------------------------------------------------------------
This system uses 4 bytes per array element.
-------------------------------------------------------------
Array size = 9728 (elements), Offset = 0 (elements)
Memory per array = 0.0 MiB (= 0.0 GiB).
Total memory required = 0.1 MiB (= 0.0 GiB).
Each kernel will be executed 9198 times.
-------------------------------------------------------------
Function    Best Rate MB/s  Avg time     Min time     Max time
Copy:           27201.5     0.000003     0.000003     0.000013
Scale:          13056.7     0.000006     0.000006     0.000048
Add:            24481.3     0.000006     0.000005     0.000041
Triad:          19585.1     0.000006     0.000006     0.000037
-------------------------------------------------------------
Solution Validates: avg error less than 1.000000e-06 on all three arrays
-------------------------------------------------------------



--- run 4 ---
-------------------------------------------------------------
STREAM (dynamic) version — custom malloc-based implementation
-------------------------------------------------------------
This system uses 4 bytes per array element.
-------------------------------------------------------------
Array size = 9728 (elements), Offset = 0 (elements)
Memory per array = 0.0 MiB (= 0.0 GiB).
Total memory required = 0.1 MiB (= 0.0 GiB).
Each kernel will be executed 9198 times.
-------------------------------------------------------------
Function    Best Rate MB/s  Avg time     Min time     Max time
Copy:           27201.5     0.000003     0.000003     0.000020
Scale:          13056.7     0.000006     0.000006     0.000066
Add:            24481.3     0.000006     0.000005     0.000021
Triad:          19585.1     0.000006     0.000006     0.000034
-------------------------------------------------------------
Solution Validates: avg error less than 1.000000e-06 on all three arrays
-------------------------------------------------------------



--- run 5 ---
-------------------------------------------------------------
STREAM (dynamic) version — custom malloc-based implementation
-------------------------------------------------------------
This system uses 4 bytes per array element.
-------------------------------------------------------------
Array size = 9728 (elements), Offset = 0 (elements)
Memory per array = 0.0 MiB (= 0.0 GiB).
Total memory required = 0.1 MiB (= 0.0 GiB).
Each kernel will be executed 9198 times.
-------------------------------------------------------------
Function    Best Rate MB/s  Avg time     Min time     Max time
Copy:           27201.5     0.000003     0.000003     0.000019
Scale:          13056.7     0.000006     0.000006     0.000022
Add:            24481.3     0.000006     0.000005     0.000019
Triad:          19585.1     0.000006     0.000006     0.000045
-------------------------------------------------------------
Solution Validates: avg error less than 1.000000e-06 on all three arrays
-------------------------------------------------------------



--- run 1 ---
-------------------------------------------------------------
STREAM (dynamic) version — custom malloc-based implementation
-------------------------------------------------------------
This system uses 4 bytes per array element.
-------------------------------------------------------------
Array size = 10922 (elements), Offset = 0 (elements)
Memory per array = 0.0 MiB (= 0.0 GiB).
Total memory required = 0.1 MiB (= 0.0 GiB).
Each kernel will be executed 8192 times.
-------------------------------------------------------------
Function    Best Rate MB/s  Avg time     Min time     Max time
Copy:           30540.1     0.000004     0.000003     0.000027
Scale:          14659.3     0.000007     0.000006     0.000029
Add:            21988.9     0.000006     0.000006     0.000042
Triad:          21988.9     0.000007     0.000006     0.000018
-------------------------------------------------------------
Solution Validates: avg error less than 1.000000e-06 on all three arrays
-------------------------------------------------------------



--- run 2 ---
-------------------------------------------------------------
STREAM (dynamic) version — custom malloc-based implementation
-------------------------------------------------------------
This system uses 4 bytes per array element.
-------------------------------------------------------------
Array size = 10922 (elements), Offset = 0 (elements)
Memory per array = 0.0 MiB (= 0.0 GiB).
Total memory required = 0.1 MiB (= 0.0 GiB).
Each kernel will be executed 8192 times.
-------------------------------------------------------------
Function    Best Rate MB/s  Avg time     Min time     Max time
Copy:           30540.1     0.000004     0.000003     0.000029
Scale:          14659.3     0.000007     0.000006     0.000040
Add:            21988.9     0.000006     0.000006     0.000018
Triad:          21988.9     0.000007     0.000006     0.000034
-------------------------------------------------------------
Solution Validates: avg error less than 1.000000e-06 on all three arrays
-------------------------------------------------------------



--- run 3 ---
-------------------------------------------------------------
STREAM (dynamic) version — custom malloc-based implementation
-------------------------------------------------------------
This system uses 4 bytes per array element.
-------------------------------------------------------------
Array size = 10922 (elements), Offset = 0 (elements)
Memory per array = 0.0 MiB (= 0.0 GiB).
Total memory required = 0.1 MiB (= 0.0 GiB).
Each kernel will be executed 8192 times.
-------------------------------------------------------------
Function    Best Rate MB/s  Avg time     Min time     Max time
Copy:           30540.1     0.000004     0.000003     0.000023
Scale:          14659.3     0.000007     0.000006     0.000066
Add:            21988.9     0.000006     0.000006     0.000021
Triad:          21988.9     0.000007     0.000006     0.000019
-------------------------------------------------------------
Solution Validates: avg error less than 1.000000e-06 on all three arrays
-------------------------------------------------------------



--- run 4 ---
-------------------------------------------------------------
STREAM (dynamic) version — custom malloc-based implementation
-------------------------------------------------------------
This system uses 4 bytes per array element.
-------------------------------------------------------------
Array size = 10922 (elements), Offset = 0 (elements)
Memory per array = 0.0 MiB (= 0.0 GiB).
Total memory required = 0.1 MiB (= 0.0 GiB).
Each kernel will be executed 8192 times.
-------------------------------------------------------------
Function    Best Rate MB/s  Avg time     Min time     Max time
Copy:           30540.1     0.000004     0.000003     0.000018
Scale:          14659.3     0.000007     0.000006     0.000019
Add:            21988.9     0.000006     0.000006     0.000046
Triad:          21988.9     0.000007     0.000006     0.000031
-------------------------------------------------------------
Solution Validates: avg error less than 1.000000e-06 on all three arrays
-------------------------------------------------------------



--- run 5 ---
-------------------------------------------------------------
STREAM (dynamic) version — custom malloc-based implementation
-------------------------------------------------------------
This system uses 4 bytes per array element.
-------------------------------------------------------------
Array size = 10922 (elements), Offset = 0 (elements)
Memory per array = 0.0 MiB (= 0.0 GiB).
Total memory required = 0.1 MiB (= 0.0 GiB).
Each kernel will be executed 8192 times.
-------------------------------------------------------------
Function    Best Rate MB/s  Avg time     Min time     Max time
Copy:           30540.1     0.000004     0.000003     0.000017
Scale:          14659.3     0.000007     0.000006     0.000046
Add:            21988.9     0.000006     0.000006     0.000018
Triad:          21988.9     0.000007     0.000006     0.000030
-------------------------------------------------------------
Solution Validates: avg error less than 1.000000e-06 on all three arrays
-------------------------------------------------------------



--- run 1 ---
-------------------------------------------------------------
STREAM (dynamic) version — custom malloc-based implementation
-------------------------------------------------------------
This system uses 4 bytes per array element.
-------------------------------------------------------------
Array size = 12288 (elements), Offset = 0 (elements)
Memory per array = 0.0 MiB (= 0.0 GiB).
Total memory required = 0.1 MiB (= 0.0 GiB).
Each kernel will be executed 7281 times.
-------------------------------------------------------------
Function    Best Rate MB/s  Avg time     Min time     Max time
Copy:           34359.7     0.000004     0.000003     0.000037
Scale:          14217.8     0.000008     0.000007     0.000045
Add:            21326.7     0.000007     0.000007     0.000028
Triad:          21326.7     0.000008     0.000007     0.000023
-------------------------------------------------------------
Solution Validates: avg error less than 1.000000e-06 on all three arrays
-------------------------------------------------------------



--- run 2 ---
-------------------------------------------------------------
STREAM (dynamic) version — custom malloc-based implementation
-------------------------------------------------------------
This system uses 4 bytes per array element.
-------------------------------------------------------------
Array size = 12288 (elements), Offset = 0 (elements)
Memory per array = 0.0 MiB (= 0.0 GiB).
Total memory required = 0.1 MiB (= 0.0 GiB).
Each kernel will be executed 7281 times.
-------------------------------------------------------------
Function    Best Rate MB/s  Avg time     Min time     Max time
Copy:           34359.7     0.000004     0.000003     0.000018
Scale:          14217.8     0.000008     0.000007     0.000026
Add:            21326.7     0.000007     0.000007     0.000022
Triad:          21326.7     0.000008     0.000007     0.000066
-------------------------------------------------------------
Solution Validates: avg error less than 1.000000e-06 on all three arrays
-------------------------------------------------------------



--- run 3 ---
-------------------------------------------------------------
STREAM (dynamic) version — custom malloc-based implementation
-------------------------------------------------------------
This system uses 4 bytes per array element.
-------------------------------------------------------------
Array size = 12288 (elements), Offset = 0 (elements)
Memory per array = 0.0 MiB (= 0.0 GiB).
Total memory required = 0.1 MiB (= 0.0 GiB).
Each kernel will be executed 7281 times.
-------------------------------------------------------------
Function    Best Rate MB/s  Avg time     Min time     Max time
Copy:           34359.7     0.000004     0.000003     0.000017
Scale:          14217.8     0.000008     0.000007     0.000026
Add:            21326.7     0.000007     0.000007     0.000039
Triad:          21326.7     0.000008     0.000007     0.000024
-------------------------------------------------------------
Solution Validates: avg error less than 1.000000e-06 on all three arrays
-------------------------------------------------------------



--- run 4 ---
-------------------------------------------------------------
STREAM (dynamic) version — custom malloc-based implementation
-------------------------------------------------------------
This system uses 4 bytes per array element.
-------------------------------------------------------------
Array size = 12288 (elements), Offset = 0 (elements)
Memory per array = 0.0 MiB (= 0.0 GiB).
Total memory required = 0.1 MiB (= 0.0 GiB).
Each kernel will be executed 7281 times.
-------------------------------------------------------------
Function    Best Rate MB/s  Avg time     Min time     Max time
Copy:           34359.7     0.000004     0.000003     0.000019
Scale:          14217.8     0.000008     0.000007     0.000044
Add:            21326.7     0.000007     0.000007     0.000043
Triad:          21326.7     0.000008     0.000007     0.000031
-------------------------------------------------------------
Solution Validates: avg error less than 1.000000e-06 on all three arrays
-------------------------------------------------------------



--- run 5 ---
-------------------------------------------------------------
STREAM (dynamic) version — custom malloc-based implementation
-------------------------------------------------------------
This system uses 4 bytes per array element.
-------------------------------------------------------------
Array size = 12288 (elements), Offset = 0 (elements)
Memory per array = 0.0 MiB (= 0.0 GiB).
Total memory required = 0.1 MiB (= 0.0 GiB).
Each kernel will be executed 7281 times.
-------------------------------------------------------------
Function    Best Rate MB/s  Avg time     Min time     Max time
Copy:           34359.7     0.000004     0.000003     0.000018
Scale:          14217.8     0.000008     0.000007     0.000031
Add:            21326.7     0.000007     0.000007     0.000043
Triad:          21326.7     0.000008     0.000007     0.000020
-------------------------------------------------------------
Solution Validates: avg error less than 1.000000e-06 on all three arrays
-------------------------------------------------------------



--- run 1 ---
-------------------------------------------------------------
STREAM (dynamic) version — custom malloc-based implementation
-------------------------------------------------------------
This system uses 4 bytes per array element.
-------------------------------------------------------------
Array size = 13738 (elements), Offset = 0 (elements)
Memory per array = 0.1 MiB (= 0.0 GiB).
Total memory required = 0.2 MiB (= 0.0 GiB).
Each kernel will be executed 6512 times.
-------------------------------------------------------------
Function    Best Rate MB/s  Avg time     Min time     Max time
Copy:           28810.7     0.000004     0.000004     0.000019
Scale:          13968.8     0.000009     0.000008     0.000099
Add:            23843.3     0.000008     0.000007     0.000091
Triad:          20953.2     0.000009     0.000008     0.000028
-------------------------------------------------------------
Solution Validates: avg error less than 1.000000e-06 on all three arrays
-------------------------------------------------------------



--- run 2 ---
-------------------------------------------------------------
STREAM (dynamic) version — custom malloc-based implementation
-------------------------------------------------------------
This system uses 4 bytes per array element.
-------------------------------------------------------------
Array size = 13738 (elements), Offset = 0 (elements)
Memory per array = 0.1 MiB (= 0.0 GiB).
Total memory required = 0.2 MiB (= 0.0 GiB).
Each kernel will be executed 6512 times.
-------------------------------------------------------------
Function    Best Rate MB/s  Avg time     Min time     Max time
Copy:           28810.7     0.000004     0.000004     0.000015
Scale:          13968.8     0.000009     0.000008     0.000031
Add:            23843.3     0.000008     0.000007     0.000057
Triad:          20953.2     0.000009     0.000008     0.000028
-------------------------------------------------------------
Solution Validates: avg error less than 1.000000e-06 on all three arrays
-------------------------------------------------------------



--- run 3 ---
-------------------------------------------------------------
STREAM (dynamic) version — custom malloc-based implementation
-------------------------------------------------------------
This system uses 4 bytes per array element.
-------------------------------------------------------------
Array size = 13738 (elements), Offset = 0 (elements)
Memory per array = 0.1 MiB (= 0.0 GiB).
Total memory required = 0.2 MiB (= 0.0 GiB).
Each kernel will be executed 6512 times.
-------------------------------------------------------------
Function    Best Rate MB/s  Avg time     Min time     Max time
Copy:           28810.7     0.000004     0.000004     0.000018
Scale:          13968.8     0.000009     0.000008     0.000048
Add:            23843.3     0.000008     0.000007     0.000020
Triad:          20953.2     0.000009     0.000008     0.000060
-------------------------------------------------------------
Solution Validates: avg error less than 1.000000e-06 on all three arrays
-------------------------------------------------------------



--- run 4 ---
-------------------------------------------------------------
STREAM (dynamic) version — custom malloc-based implementation
-------------------------------------------------------------
This system uses 4 bytes per array element.
-------------------------------------------------------------
Array size = 13738 (elements), Offset = 0 (elements)
Memory per array = 0.1 MiB (= 0.0 GiB).
Total memory required = 0.2 MiB (= 0.0 GiB).
Each kernel will be executed 6512 times.
-------------------------------------------------------------
Function    Best Rate MB/s  Avg time     Min time     Max time
Copy:           28810.7     0.000004     0.000004     0.000030
Scale:          13968.8     0.000009     0.000008     0.000021
Add:            23843.3     0.000008     0.000007     0.000043
Triad:          20953.2     0.000009     0.000008     0.000023
-------------------------------------------------------------
Solution Validates: avg error less than 1.000000e-06 on all three arrays
-------------------------------------------------------------



--- run 5 ---
-------------------------------------------------------------
STREAM (dynamic) version — custom malloc-based implementation
-------------------------------------------------------------
This system uses 4 bytes per array element.
-------------------------------------------------------------
Array size = 13738 (elements), Offset = 0 (elements)
Memory per array = 0.1 MiB (= 0.0 GiB).
Total memory required = 0.2 MiB (= 0.0 GiB).
Each kernel will be executed 6512 times.
-------------------------------------------------------------
Function    Best Rate MB/s  Avg time     Min time     Max time
Copy:           28810.7     0.000005     0.000004     0.000018
Scale:          13968.8     0.000009     0.000008     0.000048
Add:            23843.3     0.000008     0.000007     0.000022
Triad:          20953.2     0.000009     0.000008     0.000050
-------------------------------------------------------------
Solution Validates: avg error less than 1.000000e-06 on all three arrays
-------------------------------------------------------------



--- run 1 ---
-------------------------------------------------------------
STREAM (dynamic) version — custom malloc-based implementation
-------------------------------------------------------------
This system uses 4 bytes per array element.
-------------------------------------------------------------
Array size = 15445 (elements), Offset = 0 (elements)
Memory per array = 0.1 MiB (= 0.0 GiB).
Total memory required = 0.2 MiB (= 0.0 GiB).
Each kernel will be executed 5793 times.
-------------------------------------------------------------
Function    Best Rate MB/s  Avg time     Min time     Max time
Copy:           25912.4     0.000005     0.000005     0.000036
Scale:          14006.7     0.000010     0.000009     0.000026
Add:            23556.7     0.000009     0.000008     0.000032
Triad:          21010.1     0.000010     0.000009     0.000031
-------------------------------------------------------------
Solution Validates: avg error less than 1.000000e-06 on all three arrays
-------------------------------------------------------------



--- run 2 ---
-------------------------------------------------------------
STREAM (dynamic) version — custom malloc-based implementation
-------------------------------------------------------------
This system uses 4 bytes per array element.
-------------------------------------------------------------
Array size = 15445 (elements), Offset = 0 (elements)
Memory per array = 0.1 MiB (= 0.0 GiB).
Total memory required = 0.2 MiB (= 0.0 GiB).
Each kernel will be executed 5793 times.
-------------------------------------------------------------
Function    Best Rate MB/s  Avg time     Min time     Max time
Copy:           25912.4     0.000005     0.000005     0.000017
Scale:          14006.7     0.000010     0.000009     0.000045
Add:            23556.7     0.000009     0.000008     0.000022
Triad:          21010.1     0.000010     0.000009     0.000050
-------------------------------------------------------------
Solution Validates: avg error less than 1.000000e-06 on all three arrays
-------------------------------------------------------------



--- run 3 ---
-------------------------------------------------------------
STREAM (dynamic) version — custom malloc-based implementation
-------------------------------------------------------------
This system uses 4 bytes per array element.
-------------------------------------------------------------
Array size = 15445 (elements), Offset = 0 (elements)
Memory per array = 0.1 MiB (= 0.0 GiB).
Total memory required = 0.2 MiB (= 0.0 GiB).
Each kernel will be executed 5793 times.
-------------------------------------------------------------
Function    Best Rate MB/s  Avg time     Min time     Max time
Copy:           30485.2     0.000005     0.000004     0.000018
Scale:          14006.7     0.000010     0.000009     0.000022
Add:            23556.7     0.000009     0.000008     0.000058
Triad:          21010.1     0.000010     0.000009     0.000026
-------------------------------------------------------------
Solution Validates: avg error less than 1.000000e-06 on all three arrays
-------------------------------------------------------------



--- run 4 ---
-------------------------------------------------------------
STREAM (dynamic) version — custom malloc-based implementation
-------------------------------------------------------------
This system uses 4 bytes per array element.
-------------------------------------------------------------
Array size = 15445 (elements), Offset = 0 (elements)
Memory per array = 0.1 MiB (= 0.0 GiB).
Total memory required = 0.2 MiB (= 0.0 GiB).
Each kernel will be executed 5793 times.
-------------------------------------------------------------
Function    Best Rate MB/s  Avg time     Min time     Max time
Copy:           25912.4     0.000005     0.000005     0.000019
Scale:          14006.7     0.000010     0.000009     0.000031
Add:            23556.7     0.000009     0.000008     0.000036
Triad:          21010.1     0.000010     0.000009     0.000053
-------------------------------------------------------------
Solution Validates: avg error less than 1.000000e-06 on all three arrays
-------------------------------------------------------------



--- run 5 ---
-------------------------------------------------------------
STREAM (dynamic) version — custom malloc-based implementation
-------------------------------------------------------------
This system uses 4 bytes per array element.
-------------------------------------------------------------
Array size = 15445 (elements), Offset = 0 (elements)
Memory per array = 0.1 MiB (= 0.0 GiB).
Total memory required = 0.2 MiB (= 0.0 GiB).
Each kernel will be executed 5793 times.
-------------------------------------------------------------
Function    Best Rate MB/s  Avg time     Min time     Max time
Copy:           25912.4     0.000005     0.000005     0.000038
Scale:          14006.7     0.000010     0.000009     0.000023
Add:            23556.7     0.000009     0.000008     0.000032
Triad:          21010.1     0.000010     0.000009     0.000071
-------------------------------------------------------------
Solution Validates: avg error less than 1.000000e-06 on all three arrays
-------------------------------------------------------------



--- run 1 ---
-------------------------------------------------------------
STREAM (dynamic) version — custom malloc-based implementation
-------------------------------------------------------------
This system uses 4 bytes per array element.
-------------------------------------------------------------
Array size = 17322 (elements), Offset = 0 (elements)
Memory per array = 0.1 MiB (= 0.0 GiB).
Total memory required = 0.2 MiB (= 0.0 GiB).
Each kernel will be executed 5165 times.
-------------------------------------------------------------
Function    Best Rate MB/s  Avg time     Min time     Max time
Copy:           29061.5     0.000006     0.000005     0.000012
Scale:          14176.3     0.000011     0.000010     0.000023
Add:            23563.4     0.000010     0.000009     0.000029
Triad:          21264.5     0.000011     0.000010     0.000032
-------------------------------------------------------------
Solution Validates: avg error less than 1.000000e-06 on all three arrays
-------------------------------------------------------------



--- run 2 ---
-------------------------------------------------------------
STREAM (dynamic) version — custom malloc-based implementation
-------------------------------------------------------------
This system uses 4 bytes per array element.
-------------------------------------------------------------
Array size = 17322 (elements), Offset = 0 (elements)
Memory per array = 0.1 MiB (= 0.0 GiB).
Total memory required = 0.2 MiB (= 0.0 GiB).
Each kernel will be executed 5165 times.
-------------------------------------------------------------
Function    Best Rate MB/s  Avg time     Min time     Max time
Copy:           29061.5     0.000006     0.000005     0.000016
Scale:          14176.3     0.000011     0.000010     0.000027
Add:            21264.5     0.000010     0.000010     0.000036
Triad:          21264.5     0.000011     0.000010     0.000044
-------------------------------------------------------------
Solution Validates: avg error less than 1.000000e-06 on all three arrays
-------------------------------------------------------------



--- run 3 ---
-------------------------------------------------------------
STREAM (dynamic) version — custom malloc-based implementation
-------------------------------------------------------------
This system uses 4 bytes per array element.
-------------------------------------------------------------
Array size = 17322 (elements), Offset = 0 (elements)
Memory per array = 0.1 MiB (= 0.0 GiB).
Total memory required = 0.2 MiB (= 0.0 GiB).
Each kernel will be executed 5165 times.
-------------------------------------------------------------
Function    Best Rate MB/s  Avg time     Min time     Max time
Copy:           29061.5     0.000006     0.000005     0.000017
Scale:          14176.3     0.000011     0.000010     0.000033
Add:            23563.4     0.000010     0.000009     0.000052
Triad:          21264.5     0.000011     0.000010     0.000042
-------------------------------------------------------------
Solution Validates: avg error less than 1.000000e-06 on all three arrays
-------------------------------------------------------------



--- run 4 ---
-------------------------------------------------------------
STREAM (dynamic) version — custom malloc-based implementation
-------------------------------------------------------------
This system uses 4 bytes per array element.
-------------------------------------------------------------
Array size = 17322 (elements), Offset = 0 (elements)
Memory per array = 0.1 MiB (= 0.0 GiB).
Total memory required = 0.2 MiB (= 0.0 GiB).
Each kernel will be executed 5165 times.
-------------------------------------------------------------
Function    Best Rate MB/s  Avg time     Min time     Max time
Copy:           29061.5     0.000006     0.000005     0.000017
Scale:          14176.3     0.000011     0.000010     0.000024
Add:            22943.3     0.000010     0.000009     0.000038
Triad:          21264.5     0.000011     0.000010     0.000071
-------------------------------------------------------------
Solution Validates: avg error less than 1.000000e-06 on all three arrays
-------------------------------------------------------------



--- run 5 ---
-------------------------------------------------------------
STREAM (dynamic) version — custom malloc-based implementation
-------------------------------------------------------------
This system uses 4 bytes per array element.
-------------------------------------------------------------
Array size = 17322 (elements), Offset = 0 (elements)
Memory per array = 0.1 MiB (= 0.0 GiB).
Total memory required = 0.2 MiB (= 0.0 GiB).
Each kernel will be executed 5165 times.
-------------------------------------------------------------
Function    Best Rate MB/s  Avg time     Min time     Max time
Copy:           29061.5     0.000006     0.000005     0.000018
Scale:          14176.3     0.000011     0.000010     0.000031
Add:            21264.5     0.000010     0.000010     0.000022
Triad:          21264.5     0.000011     0.000010     0.000062
-------------------------------------------------------------
Solution Validates: avg error less than 1.000000e-06 on all three arrays
-------------------------------------------------------------



--- run 1 ---
-------------------------------------------------------------
STREAM (dynamic) version — custom malloc-based implementation
-------------------------------------------------------------
This system uses 4 bytes per array element.
-------------------------------------------------------------
Array size = 19456 (elements), Offset = 0 (elements)
Memory per array = 0.1 MiB (= 0.0 GiB).
Total memory required = 0.2 MiB (= 0.0 GiB).
Each kernel will be executed 4599 times.
-------------------------------------------------------------
Function    Best Rate MB/s  Avg time     Min time     Max time
Copy:           26113.4     0.000006     0.000006     0.000018
Scale:          13056.7     0.000012     0.000012     0.000034
Add:            21288.1     0.000011     0.000011     0.000022
Triad:          19585.1     0.000012     0.000012     0.000032
-------------------------------------------------------------
Solution Validates: avg error less than 1.000000e-06 on all three arrays
-------------------------------------------------------------



--- run 2 ---
-------------------------------------------------------------
STREAM (dynamic) version — custom malloc-based implementation
-------------------------------------------------------------
This system uses 4 bytes per array element.
-------------------------------------------------------------
Array size = 19456 (elements), Offset = 0 (elements)
Memory per array = 0.1 MiB (= 0.0 GiB).
Total memory required = 0.2 MiB (= 0.0 GiB).
Each kernel will be executed 4599 times.
-------------------------------------------------------------
Function    Best Rate MB/s  Avg time     Min time     Max time
Copy:           26113.4     0.000006     0.000006     0.000021
Scale:          13056.7     0.000012     0.000012     0.000028
Add:            21288.1     0.000011     0.000011     0.000034
Triad:          19585.1     0.000012     0.000012     0.000054
-------------------------------------------------------------
Solution Validates: avg error less than 1.000000e-06 on all three arrays
-------------------------------------------------------------



--- run 3 ---
-------------------------------------------------------------
STREAM (dynamic) version — custom malloc-based implementation
-------------------------------------------------------------
This system uses 4 bytes per array element.
-------------------------------------------------------------
Array size = 19456 (elements), Offset = 0 (elements)
Memory per array = 0.1 MiB (= 0.0 GiB).
Total memory required = 0.2 MiB (= 0.0 GiB).
Each kernel will be executed 4599 times.
-------------------------------------------------------------
Function    Best Rate MB/s  Avg time     Min time     Max time
Copy:           26113.4     0.000006     0.000006     0.000018
Scale:          13056.7     0.000012     0.000012     0.000093
Add:            21288.1     0.000011     0.000011     0.000049
Triad:          19585.1     0.000012     0.000012     0.000025
-------------------------------------------------------------
Solution Validates: avg error less than 1.000000e-06 on all three arrays
-------------------------------------------------------------



--- run 4 ---
-------------------------------------------------------------
STREAM (dynamic) version — custom malloc-based implementation
-------------------------------------------------------------
This system uses 4 bytes per array element.
-------------------------------------------------------------
Array size = 19456 (elements), Offset = 0 (elements)
Memory per array = 0.1 MiB (= 0.0 GiB).
Total memory required = 0.2 MiB (= 0.0 GiB).
Each kernel will be executed 4599 times.
-------------------------------------------------------------
Function    Best Rate MB/s  Avg time     Min time     Max time
Copy:           26113.4     0.000006     0.000006     0.000022
Scale:          13056.7     0.000012     0.000012     0.000054
Add:            21288.1     0.000011     0.000011     0.000045
Triad:          19585.1     0.000012     0.000012     0.000037
-------------------------------------------------------------
Solution Validates: avg error less than 1.000000e-06 on all three arrays
-------------------------------------------------------------



--- run 5 ---
-------------------------------------------------------------
STREAM (dynamic) version — custom malloc-based implementation
-------------------------------------------------------------
This system uses 4 bytes per array element.
-------------------------------------------------------------
Array size = 19456 (elements), Offset = 0 (elements)
Memory per array = 0.1 MiB (= 0.0 GiB).
Total memory required = 0.2 MiB (= 0.0 GiB).
Each kernel will be executed 4599 times.
-------------------------------------------------------------
Function    Best Rate MB/s  Avg time     Min time     Max time
Copy:           26113.4     0.000006     0.000006     0.000028
Scale:          13056.7     0.000012     0.000012     0.000036
Add:            21288.1     0.000011     0.000011     0.000049
Triad:          19585.1     0.000012     0.000012     0.000029
-------------------------------------------------------------
Solution Validates: avg error less than 1.000000e-06 on all three arrays
-------------------------------------------------------------



--- run 1 ---
-------------------------------------------------------------
STREAM (dynamic) version — custom malloc-based implementation
-------------------------------------------------------------
This system uses 4 bytes per array element.
-------------------------------------------------------------
Array size = 21845 (elements), Offset = 0 (elements)
Memory per array = 0.1 MiB (= 0.0 GiB).
Total memory required = 0.2 MiB (= 0.0 GiB).
Each kernel will be executed 4096 times.
-------------------------------------------------------------
Function    Best Rate MB/s  Avg time     Min time     Max time
Copy:           25275.7     0.000007     0.000007     0.000027
Scale:          13574.0     0.000014     0.000013     0.000032
Add:            21989.9     0.000013     0.000012     0.000028
Triad:          20361.0     0.000014     0.000013     0.000027
-------------------------------------------------------------
Solution Validates: avg error less than 1.000000e-06 on all three arrays
-------------------------------------------------------------



--- run 2 ---
-------------------------------------------------------------
STREAM (dynamic) version — custom malloc-based implementation
-------------------------------------------------------------
This system uses 4 bytes per array element.
-------------------------------------------------------------
Array size = 21845 (elements), Offset = 0 (elements)
Memory per array = 0.1 MiB (= 0.0 GiB).
Total memory required = 0.2 MiB (= 0.0 GiB).
Each kernel will be executed 4096 times.
-------------------------------------------------------------
Function    Best Rate MB/s  Avg time     Min time     Max time
Copy:           25275.7     0.000007     0.000007     0.000017
Scale:          13574.0     0.000014     0.000013     0.000076
Add:            21989.9     0.000013     0.000012     0.000047
Triad:          20361.0     0.000014     0.000013     0.000027
-------------------------------------------------------------
Solution Validates: avg error less than 1.000000e-06 on all three arrays
-------------------------------------------------------------



--- run 3 ---
-------------------------------------------------------------
STREAM (dynamic) version — custom malloc-based implementation
-------------------------------------------------------------
This system uses 4 bytes per array element.
-------------------------------------------------------------
Array size = 21845 (elements), Offset = 0 (elements)
Memory per array = 0.1 MiB (= 0.0 GiB).
Total memory required = 0.2 MiB (= 0.0 GiB).
Each kernel will be executed 4096 times.
-------------------------------------------------------------
Function    Best Rate MB/s  Avg time     Min time     Max time
Copy:           25275.7     0.000007     0.000007     0.000047
Scale:          13574.0     0.000014     0.000013     0.000048
Add:            21989.9     0.000013     0.000012     0.000036
Triad:          20361.0     0.000014     0.000013     0.000027
-------------------------------------------------------------
Solution Validates: avg error less than 1.000000e-06 on all three arrays
-------------------------------------------------------------



--- run 4 ---
-------------------------------------------------------------
STREAM (dynamic) version — custom malloc-based implementation
-------------------------------------------------------------
This system uses 4 bytes per array element.
-------------------------------------------------------------
Array size = 21845 (elements), Offset = 0 (elements)
Memory per array = 0.1 MiB (= 0.0 GiB).
Total memory required = 0.2 MiB (= 0.0 GiB).
Each kernel will be executed 4096 times.
-------------------------------------------------------------
Function    Best Rate MB/s  Avg time     Min time     Max time
Copy:           25275.7     0.000007     0.000007     0.000022
Scale:          13574.0     0.000014     0.000013     0.000035
Add:            21989.9     0.000013     0.000012     0.000031
Triad:          20361.0     0.000014     0.000013     0.000055
-------------------------------------------------------------
Solution Validates: avg error less than 1.000000e-06 on all three arrays
-------------------------------------------------------------



--- run 5 ---
-------------------------------------------------------------
STREAM (dynamic) version — custom malloc-based implementation
-------------------------------------------------------------
This system uses 4 bytes per array element.
-------------------------------------------------------------
Array size = 21845 (elements), Offset = 0 (elements)
Memory per array = 0.1 MiB (= 0.0 GiB).
Total memory required = 0.2 MiB (= 0.0 GiB).
Each kernel will be executed 4096 times.
-------------------------------------------------------------
Function    Best Rate MB/s  Avg time     Min time     Max time
Copy:           29319.9     0.000007     0.000006     0.000016
Scale:          13574.0     0.000014     0.000013     0.000033
Add:            21989.9     0.000013     0.000012     0.000034
Triad:          20361.0     0.000014     0.000013     0.000041
-------------------------------------------------------------
Solution Validates: avg error less than 1.000000e-06 on all three arrays
-------------------------------------------------------------



--- run 1 ---
-------------------------------------------------------------
STREAM (dynamic) version — custom malloc-based implementation
-------------------------------------------------------------
This system uses 4 bytes per array element.
-------------------------------------------------------------
Array size = 24490 (elements), Offset = 0 (elements)
Memory per array = 0.1 MiB (= 0.0 GiB).
Total memory required = 0.3 MiB (= 0.0 GiB).
Each kernel will be executed 3653 times.
-------------------------------------------------------------
Function    Best Rate MB/s  Avg time     Min time     Max time
Copy:           28336.1     0.000008     0.000007     0.000030
Scale:          13254.0     0.000015     0.000015     0.000030
Add:            21252.1     0.000014     0.000014     0.000046
Triad:          19881.0     0.000016     0.000015     0.000059
-------------------------------------------------------------
Solution Validates: avg error less than 1.000000e-06 on all three arrays
-------------------------------------------------------------



--- run 2 ---
-------------------------------------------------------------
STREAM (dynamic) version — custom malloc-based implementation
-------------------------------------------------------------
This system uses 4 bytes per array element.
-------------------------------------------------------------
Array size = 24490 (elements), Offset = 0 (elements)
Memory per array = 0.1 MiB (= 0.0 GiB).
Total memory required = 0.3 MiB (= 0.0 GiB).
Each kernel will be executed 3653 times.
-------------------------------------------------------------
Function    Best Rate MB/s  Avg time     Min time     Max time
Copy:           28336.1     0.000008     0.000007     0.000070
Scale:          13254.0     0.000015     0.000015     0.000027
Add:            21252.1     0.000014     0.000014     0.000081
Triad:          19881.0     0.000016     0.000015     0.000031
-------------------------------------------------------------
Solution Validates: avg error less than 1.000000e-06 on all three arrays
-------------------------------------------------------------



--- run 3 ---
-------------------------------------------------------------
STREAM (dynamic) version — custom malloc-based implementation
-------------------------------------------------------------
This system uses 4 bytes per array element.
-------------------------------------------------------------
Array size = 24490 (elements), Offset = 0 (elements)
Memory per array = 0.1 MiB (= 0.0 GiB).
Total memory required = 0.3 MiB (= 0.0 GiB).
Each kernel will be executed 3653 times.
-------------------------------------------------------------
Function    Best Rate MB/s  Avg time     Min time     Max time
Copy:           28336.1     0.000008     0.000007     0.000020
Scale:          13254.0     0.000016     0.000015     0.000049
Add:            21252.1     0.000014     0.000014     0.000041
Triad:          19881.0     0.000016     0.000015     0.000040
-------------------------------------------------------------
Solution Validates: avg error less than 1.000000e-06 on all three arrays
-------------------------------------------------------------



--- run 4 ---
-------------------------------------------------------------
STREAM (dynamic) version — custom malloc-based implementation
-------------------------------------------------------------
This system uses 4 bytes per array element.
-------------------------------------------------------------
Array size = 24490 (elements), Offset = 0 (elements)
Memory per array = 0.1 MiB (= 0.0 GiB).
Total memory required = 0.3 MiB (= 0.0 GiB).
Each kernel will be executed 3653 times.
-------------------------------------------------------------
Function    Best Rate MB/s  Avg time     Min time     Max time
Copy:           28336.1     0.000008     0.000007     0.000043
Scale:          13254.0     0.000015     0.000015     0.000036
Add:            21252.1     0.000014     0.000014     0.000028
Triad:          19881.0     0.000015     0.000015     0.000027
-------------------------------------------------------------
Solution Validates: avg error less than 1.000000e-06 on all three arrays
-------------------------------------------------------------



--- run 5 ---
-------------------------------------------------------------
STREAM (dynamic) version — custom malloc-based implementation
-------------------------------------------------------------
This system uses 4 bytes per array element.
-------------------------------------------------------------
Array size = 24490 (elements), Offset = 0 (elements)
Memory per array = 0.1 MiB (= 0.0 GiB).
Total memory required = 0.3 MiB (= 0.0 GiB).
Each kernel will be executed 3653 times.
-------------------------------------------------------------
Function    Best Rate MB/s  Avg time     Min time     Max time
Copy:           28336.1     0.000008     0.000007     0.000021
Scale:          13254.0     0.000016     0.000015     0.000054
Add:            21252.1     0.000014     0.000014     0.000032
Triad:          19881.0     0.000016     0.000015     0.000060
-------------------------------------------------------------
Solution Validates: avg error less than 1.000000e-06 on all three arrays
-------------------------------------------------------------



--- run 1 ---
-------------------------------------------------------------
STREAM (dynamic) version — custom malloc-based implementation
-------------------------------------------------------------
This system uses 4 bytes per array element.
-------------------------------------------------------------
Array size = 27562 (elements), Offset = 0 (elements)
Memory per array = 0.1 MiB (= 0.0 GiB).
Total memory required = 0.3 MiB (= 0.0 GiB).
Each kernel will be executed 3246 times.
-------------------------------------------------------------
Function    Best Rate MB/s  Avg time     Min time     Max time
Copy:           28025.1     0.000009     0.000008     0.000022
Scale:          13025.7     0.000017     0.000017     0.000034
Add:            22374.9     0.000016     0.000015     0.000039
Triad:          19538.6     0.000017     0.000017     0.000048
-------------------------------------------------------------
Solution Validates: avg error less than 1.000000e-06 on all three arrays
-------------------------------------------------------------



--- run 2 ---
-------------------------------------------------------------
STREAM (dynamic) version — custom malloc-based implementation
-------------------------------------------------------------
This system uses 4 bytes per array element.
-------------------------------------------------------------
Array size = 27562 (elements), Offset = 0 (elements)
Memory per array = 0.1 MiB (= 0.0 GiB).
Total memory required = 0.3 MiB (= 0.0 GiB).
Each kernel will be executed 3246 times.
-------------------------------------------------------------
Function    Best Rate MB/s  Avg time     Min time     Max time
Copy:           28025.1     0.000009     0.000008     0.000036
Scale:          13025.7     0.000017     0.000017     0.000034
Add:            22374.9     0.000016     0.000015     0.000040
Triad:          19538.6     0.000017     0.000017     0.000051
-------------------------------------------------------------
Solution Validates: avg error less than 1.000000e-06 on all three arrays
-------------------------------------------------------------



--- run 3 ---
-------------------------------------------------------------
STREAM (dynamic) version — custom malloc-based implementation
-------------------------------------------------------------
This system uses 4 bytes per array element.
-------------------------------------------------------------
Array size = 27562 (elements), Offset = 0 (elements)
Memory per array = 0.1 MiB (= 0.0 GiB).
Total memory required = 0.3 MiB (= 0.0 GiB).
Each kernel will be executed 3246 times.
-------------------------------------------------------------
Function    Best Rate MB/s  Avg time     Min time     Max time
Copy:           28025.1     0.000009     0.000008     0.000044
Scale:          13025.7     0.000017     0.000017     0.000034
Add:            22374.9     0.000016     0.000015     0.000037
Triad:          19538.6     0.000017     0.000017     0.000042
-------------------------------------------------------------
Solution Validates: avg error less than 1.000000e-06 on all three arrays
-------------------------------------------------------------



--- run 4 ---
-------------------------------------------------------------
STREAM (dynamic) version — custom malloc-based implementation
-------------------------------------------------------------
This system uses 4 bytes per array element.
-------------------------------------------------------------
Array size = 27562 (elements), Offset = 0 (elements)
Memory per array = 0.1 MiB (= 0.0 GiB).
Total memory required = 0.3 MiB (= 0.0 GiB).
Each kernel will be executed 3246 times.
-------------------------------------------------------------
Function    Best Rate MB/s  Avg time     Min time     Max time
Copy:           28025.1     0.000009     0.000008     0.000020
Scale:          13025.7     0.000017     0.000017     0.000042
Add:            22374.9     0.000016     0.000015     0.000035
Triad:          19538.6     0.000017     0.000017     0.000084
-------------------------------------------------------------
Solution Validates: avg error less than 1.000000e-06 on all three arrays
-------------------------------------------------------------



--- run 5 ---
-------------------------------------------------------------
STREAM (dynamic) version — custom malloc-based implementation
-------------------------------------------------------------
This system uses 4 bytes per array element.
-------------------------------------------------------------
Array size = 27562 (elements), Offset = 0 (elements)
Memory per array = 0.1 MiB (= 0.0 GiB).
Total memory required = 0.3 MiB (= 0.0 GiB).
Each kernel will be executed 3246 times.
-------------------------------------------------------------
Function    Best Rate MB/s  Avg time     Min time     Max time
Copy:           28025.1     0.000009     0.000008     0.000059
Scale:          13025.7     0.000017     0.000017     0.000052
Add:            22374.9     0.000016     0.000015     0.000049
Triad:          19538.6     0.000017     0.000017     0.000061
-------------------------------------------------------------
Solution Validates: avg error less than 1.000000e-06 on all three arrays
-------------------------------------------------------------



--- run 1 ---
-------------------------------------------------------------
STREAM (dynamic) version — custom malloc-based implementation
-------------------------------------------------------------
This system uses 4 bytes per array element.
-------------------------------------------------------------
Array size = 30890 (elements), Offset = 0 (elements)
Memory per array = 0.1 MiB (= 0.0 GiB).
Total memory required = 0.4 MiB (= 0.0 GiB).
Each kernel will be executed 2896 times.
-------------------------------------------------------------
Function    Best Rate MB/s  Avg time     Min time     Max time
Copy:           28013.4     0.000010     0.000009     0.000029
Scale:          13120.2     0.000020     0.000019     0.000040
Add:            21897.8     0.000018     0.000017     0.000057
Triad:          19680.3     0.000020     0.000019     0.000037
-------------------------------------------------------------
Solution Validates: avg error less than 1.000000e-06 on all three arrays
-------------------------------------------------------------



--- run 2 ---
-------------------------------------------------------------
STREAM (dynamic) version — custom malloc-based implementation
-------------------------------------------------------------
This system uses 4 bytes per array element.
-------------------------------------------------------------
Array size = 30890 (elements), Offset = 0 (elements)
Memory per array = 0.1 MiB (= 0.0 GiB).
Total memory required = 0.4 MiB (= 0.0 GiB).
Each kernel will be executed 2896 times.
-------------------------------------------------------------
Function    Best Rate MB/s  Avg time     Min time     Max time
Copy:           28013.4     0.000010     0.000009     0.000062
Scale:          13120.2     0.000020     0.000019     0.000051
Add:            21897.8     0.000018     0.000017     0.000026
Triad:          19680.3     0.000020     0.000019     0.000062
-------------------------------------------------------------
Solution Validates: avg error less than 1.000000e-06 on all three arrays
-------------------------------------------------------------



--- run 3 ---
-------------------------------------------------------------
STREAM (dynamic) version — custom malloc-based implementation
-------------------------------------------------------------
This system uses 4 bytes per array element.
-------------------------------------------------------------
Array size = 30890 (elements), Offset = 0 (elements)
Memory per array = 0.1 MiB (= 0.0 GiB).
Total memory required = 0.4 MiB (= 0.0 GiB).
Each kernel will be executed 2896 times.
-------------------------------------------------------------
Function    Best Rate MB/s  Avg time     Min time     Max time
Copy:           28013.4     0.000010     0.000009     0.000021
Scale:          13120.2     0.000020     0.000019     0.000058
Add:            21897.8     0.000018     0.000017     0.000046
Triad:          19680.3     0.000020     0.000019     0.000038
-------------------------------------------------------------
Solution Validates: avg error less than 1.000000e-06 on all three arrays
-------------------------------------------------------------



--- run 4 ---
-------------------------------------------------------------
STREAM (dynamic) version — custom malloc-based implementation
-------------------------------------------------------------
This system uses 4 bytes per array element.
-------------------------------------------------------------
Array size = 30890 (elements), Offset = 0 (elements)
Memory per array = 0.1 MiB (= 0.0 GiB).
Total memory required = 0.4 MiB (= 0.0 GiB).
Each kernel will be executed 2896 times.
-------------------------------------------------------------
Function    Best Rate MB/s  Avg time     Min time     Max time
Copy:           28013.4     0.000010     0.000009     0.000034
Scale:          13120.2     0.000020     0.000019     0.000073
Add:            21897.8     0.000018     0.000017     0.000047
Triad:          19680.3     0.000020     0.000019     0.000063
-------------------------------------------------------------
Solution Validates: avg error less than 1.000000e-06 on all three arrays
-------------------------------------------------------------



--- run 5 ---
-------------------------------------------------------------
STREAM (dynamic) version — custom malloc-based implementation
-------------------------------------------------------------
This system uses 4 bytes per array element.
-------------------------------------------------------------
Array size = 30890 (elements), Offset = 0 (elements)
Memory per array = 0.1 MiB (= 0.0 GiB).
Total memory required = 0.4 MiB (= 0.0 GiB).
Each kernel will be executed 2896 times.
-------------------------------------------------------------
Function    Best Rate MB/s  Avg time     Min time     Max time
Copy:           28013.4     0.000010     0.000009     0.000026
Scale:          13120.2     0.000020     0.000019     0.000073
Add:            21897.8     0.000018     0.000017     0.000030
Triad:          19680.3     0.000020     0.000019     0.000039
-------------------------------------------------------------
Solution Validates: avg error less than 1.000000e-06 on all three arrays
-------------------------------------------------------------



--- run 1 ---
-------------------------------------------------------------
STREAM (dynamic) version — custom malloc-based implementation
-------------------------------------------------------------
This system uses 4 bytes per array element.
-------------------------------------------------------------
Array size = 34645 (elements), Offset = 0 (elements)
Memory per array = 0.1 MiB (= 0.0 GiB).
Total memory required = 0.4 MiB (= 0.0 GiB).
Each kernel will be executed 2582 times.
-------------------------------------------------------------
Function    Best Rate MB/s  Avg time     Min time     Max time
Copy:           27678.4     0.000011     0.000010     0.000027
Scale:          13210.2     0.000022     0.000021     0.000043
Add:            22072.7     0.000020     0.000019     0.000029
Triad:          19815.2     0.000022     0.000021     0.000050
-------------------------------------------------------------
Solution Validates: avg error less than 1.000000e-06 on all three arrays
-------------------------------------------------------------



--- run 2 ---
-------------------------------------------------------------
STREAM (dynamic) version — custom malloc-based implementation
-------------------------------------------------------------
This system uses 4 bytes per array element.
-------------------------------------------------------------
Array size = 34645 (elements), Offset = 0 (elements)
Memory per array = 0.1 MiB (= 0.0 GiB).
Total memory required = 0.4 MiB (= 0.0 GiB).
Each kernel will be executed 2582 times.
-------------------------------------------------------------
Function    Best Rate MB/s  Avg time     Min time     Max time
Copy:           27678.4     0.000011     0.000010     0.000030
Scale:          13210.2     0.000022     0.000021     0.000061
Add:            22072.7     0.000020     0.000019     0.000068
Triad:          19815.2     0.000022     0.000021     0.000059
-------------------------------------------------------------
Solution Validates: avg error less than 1.000000e-06 on all three arrays
-------------------------------------------------------------



--- run 3 ---
-------------------------------------------------------------
STREAM (dynamic) version — custom malloc-based implementation
-------------------------------------------------------------
This system uses 4 bytes per array element.
-------------------------------------------------------------
Array size = 34645 (elements), Offset = 0 (elements)
Memory per array = 0.1 MiB (= 0.0 GiB).
Total memory required = 0.4 MiB (= 0.0 GiB).
Each kernel will be executed 2582 times.
-------------------------------------------------------------
Function    Best Rate MB/s  Avg time     Min time     Max time
Copy:           27678.4     0.000011     0.000010     0.000023
Scale:          13210.2     0.000022     0.000021     0.000086
Add:            22072.7     0.000020     0.000019     0.000058
Triad:          19815.2     0.000022     0.000021     0.000049
-------------------------------------------------------------
Solution Validates: avg error less than 1.000000e-06 on all three arrays
-------------------------------------------------------------



--- run 4 ---
-------------------------------------------------------------
STREAM (dynamic) version — custom malloc-based implementation
-------------------------------------------------------------
This system uses 4 bytes per array element.
-------------------------------------------------------------
Array size = 34645 (elements), Offset = 0 (elements)
Memory per array = 0.1 MiB (= 0.0 GiB).
Total memory required = 0.4 MiB (= 0.0 GiB).
Each kernel will be executed 2582 times.
-------------------------------------------------------------
Function    Best Rate MB/s  Avg time     Min time     Max time
Copy:           27678.4     0.000011     0.000010     0.000026
Scale:          13210.2     0.000022     0.000021     0.000035
Add:            22072.7     0.000020     0.000019     0.000032
Triad:          19815.2     0.000022     0.000021     0.000087
-------------------------------------------------------------
Solution Validates: avg error less than 1.000000e-06 on all three arrays
-------------------------------------------------------------



--- run 5 ---
-------------------------------------------------------------
STREAM (dynamic) version — custom malloc-based implementation
-------------------------------------------------------------
This system uses 4 bytes per array element.
-------------------------------------------------------------
Array size = 34645 (elements), Offset = 0 (elements)
Memory per array = 0.1 MiB (= 0.0 GiB).
Total memory required = 0.4 MiB (= 0.0 GiB).
Each kernel will be executed 2582 times.
-------------------------------------------------------------
Function    Best Rate MB/s  Avg time     Min time     Max time
Copy:           27678.4     0.000011     0.000010     0.000033
Scale:          13210.2     0.000022     0.000021     0.000033
Add:            22072.7     0.000020     0.000019     0.000033
Triad:          19815.2     0.000022     0.000021     0.000069
-------------------------------------------------------------
Solution Validates: avg error less than 1.000000e-06 on all three arrays
-------------------------------------------------------------



--- run 1 ---
-------------------------------------------------------------
STREAM (dynamic) version — custom malloc-based implementation
-------------------------------------------------------------
This system uses 4 bytes per array element.
-------------------------------------------------------------
Array size = 38912 (elements), Offset = 0 (elements)
Memory per array = 0.1 MiB (= 0.0 GiB).
Total memory required = 0.4 MiB (= 0.0 GiB).
Each kernel will be executed 2299 times.
-------------------------------------------------------------
Function    Best Rate MB/s  Avg time     Min time     Max time
Copy:           26113.4     0.000012     0.000012     0.000033
Scale:          13056.7     0.000025     0.000024     0.000035
Add:            21288.1     0.000022     0.000022     0.000059
Triad:          19585.1     0.000025     0.000024     0.000046
-------------------------------------------------------------
Solution Validates: avg error less than 1.000000e-06 on all three arrays
-------------------------------------------------------------



--- run 2 ---
-------------------------------------------------------------
STREAM (dynamic) version — custom malloc-based implementation
-------------------------------------------------------------
This system uses 4 bytes per array element.
-------------------------------------------------------------
Array size = 38912 (elements), Offset = 0 (elements)
Memory per array = 0.1 MiB (= 0.0 GiB).
Total memory required = 0.4 MiB (= 0.0 GiB).
Each kernel will be executed 2299 times.
-------------------------------------------------------------
Function    Best Rate MB/s  Avg time     Min time     Max time
Copy:           26113.4     0.000012     0.000012     0.000022
Scale:          13056.7     0.000025     0.000024     0.000094
Add:            21288.1     0.000022     0.000022     0.000065
Triad:          19585.1     0.000025     0.000024     0.000050
-------------------------------------------------------------
Solution Validates: avg error less than 1.000000e-06 on all three arrays
-------------------------------------------------------------



--- run 3 ---
-------------------------------------------------------------
STREAM (dynamic) version — custom malloc-based implementation
-------------------------------------------------------------
This system uses 4 bytes per array element.
-------------------------------------------------------------
Array size = 38912 (elements), Offset = 0 (elements)
Memory per array = 0.1 MiB (= 0.0 GiB).
Total memory required = 0.4 MiB (= 0.0 GiB).
Each kernel will be executed 2299 times.
-------------------------------------------------------------
Function    Best Rate MB/s  Avg time     Min time     Max time
Copy:           26113.4     0.000012     0.000012     0.000024
Scale:          13056.7     0.000024     0.000024     0.000051
Add:            21288.1     0.000022     0.000022     0.000084
Triad:          19585.1     0.000025     0.000024     0.000038
-------------------------------------------------------------
Solution Validates: avg error less than 1.000000e-06 on all three arrays
-------------------------------------------------------------



--- run 4 ---
-------------------------------------------------------------
STREAM (dynamic) version — custom malloc-based implementation
-------------------------------------------------------------
This system uses 4 bytes per array element.
-------------------------------------------------------------
Array size = 38912 (elements), Offset = 0 (elements)
Memory per array = 0.1 MiB (= 0.0 GiB).
Total memory required = 0.4 MiB (= 0.0 GiB).
Each kernel will be executed 2299 times.
-------------------------------------------------------------
Function    Best Rate MB/s  Avg time     Min time     Max time
Copy:           26113.4     0.000012     0.000012     0.000023
Scale:          13056.7     0.000025     0.000024     0.000048
Add:            21288.1     0.000022     0.000022     0.000036
Triad:          19585.1     0.000025     0.000024     0.000071
-------------------------------------------------------------
Solution Validates: avg error less than 1.000000e-06 on all three arrays
-------------------------------------------------------------



--- run 5 ---
-------------------------------------------------------------
STREAM (dynamic) version — custom malloc-based implementation
-------------------------------------------------------------
This system uses 4 bytes per array element.
-------------------------------------------------------------
Array size = 38912 (elements), Offset = 0 (elements)
Memory per array = 0.1 MiB (= 0.0 GiB).
Total memory required = 0.4 MiB (= 0.0 GiB).
Each kernel will be executed 2299 times.
-------------------------------------------------------------
Function    Best Rate MB/s  Avg time     Min time     Max time
Copy:           26113.4     0.000012     0.000012     0.000024
Scale:          13056.7     0.000025     0.000024     0.000077
Add:            21288.1     0.000022     0.000022     0.000033
Triad:          19585.1     0.000025     0.000024     0.000038
-------------------------------------------------------------
Solution Validates: avg error less than 1.000000e-06 on all three arrays
-------------------------------------------------------------



--- run 1 ---
-------------------------------------------------------------
STREAM (dynamic) version — custom malloc-based implementation
-------------------------------------------------------------
This system uses 4 bytes per array element.
-------------------------------------------------------------
Array size = 43690 (elements), Offset = 0 (elements)
Memory per array = 0.2 MiB (= 0.0 GiB).
Total memory required = 0.5 MiB (= 0.0 GiB).
Each kernel will be executed 2048 times.
-------------------------------------------------------------
Function    Best Rate MB/s  Avg time     Min time     Max time
Copy:           27148.0     0.000014     0.000013     0.000028
Scale:          12973.4     0.000028     0.000027     0.000070
Add:            21989.9     0.000025     0.000024     0.000044
Triad:          19460.1     0.000028     0.000027     0.000058
-------------------------------------------------------------
Solution Validates: avg error less than 1.000000e-06 on all three arrays
-------------------------------------------------------------



--- run 2 ---
-------------------------------------------------------------
STREAM (dynamic) version — custom malloc-based implementation
-------------------------------------------------------------
This system uses 4 bytes per array element.
-------------------------------------------------------------
Array size = 43690 (elements), Offset = 0 (elements)
Memory per array = 0.2 MiB (= 0.0 GiB).
Total memory required = 0.5 MiB (= 0.0 GiB).
Each kernel will be executed 2048 times.
-------------------------------------------------------------
Function    Best Rate MB/s  Avg time     Min time     Max time
Copy:           27148.0     0.000014     0.000013     0.000026
Scale:          12973.4     0.000028     0.000027     0.000072
Add:            21144.1     0.000025     0.000025     0.000048
Triad:          19460.1     0.000028     0.000027     0.000056
-------------------------------------------------------------
Solution Validates: avg error less than 1.000000e-06 on all three arrays
-------------------------------------------------------------



--- run 3 ---
-------------------------------------------------------------
STREAM (dynamic) version — custom malloc-based implementation
-------------------------------------------------------------
This system uses 4 bytes per array element.
-------------------------------------------------------------
Array size = 43690 (elements), Offset = 0 (elements)
Memory per array = 0.2 MiB (= 0.0 GiB).
Total memory required = 0.5 MiB (= 0.0 GiB).
Each kernel will be executed 2048 times.
-------------------------------------------------------------
Function    Best Rate MB/s  Avg time     Min time     Max time
Copy:           27148.0     0.000014     0.000013     0.000025
Scale:          12973.4     0.000028     0.000027     0.000078
Add:            21144.1     0.000025     0.000025     0.000039
Triad:          19460.1     0.000028     0.000027     0.000041
-------------------------------------------------------------
Solution Validates: avg error less than 1.000000e-06 on all three arrays
-------------------------------------------------------------



--- run 4 ---
-------------------------------------------------------------
STREAM (dynamic) version — custom malloc-based implementation
-------------------------------------------------------------
This system uses 4 bytes per array element.
-------------------------------------------------------------
Array size = 43690 (elements), Offset = 0 (elements)
Memory per array = 0.2 MiB (= 0.0 GiB).
Total memory required = 0.5 MiB (= 0.0 GiB).
Each kernel will be executed 2048 times.
-------------------------------------------------------------
Function    Best Rate MB/s  Avg time     Min time     Max time
Copy:           27148.0     0.000014     0.000013     0.000047
Scale:          12973.4     0.000028     0.000027     0.000081
Add:            21772.2     0.000025     0.000024     0.000051
Triad:          19460.1     0.000028     0.000027     0.000042
-------------------------------------------------------------
Solution Validates: avg error less than 1.000000e-06 on all three arrays
-------------------------------------------------------------



--- run 5 ---
-------------------------------------------------------------
STREAM (dynamic) version — custom malloc-based implementation
-------------------------------------------------------------
This system uses 4 bytes per array element.
-------------------------------------------------------------
Array size = 43690 (elements), Offset = 0 (elements)
Memory per array = 0.2 MiB (= 0.0 GiB).
Total memory required = 0.5 MiB (= 0.0 GiB).
Each kernel will be executed 2048 times.
-------------------------------------------------------------
Function    Best Rate MB/s  Avg time     Min time     Max time
Copy:           27148.0     0.000014     0.000013     0.000047
Scale:          12973.4     0.000028     0.000027     0.000078
Add:            21989.9     0.000025     0.000024     0.000049
Triad:          19460.1     0.000028     0.000027     0.000052
-------------------------------------------------------------
Solution Validates: avg error less than 1.000000e-06 on all three arrays
-------------------------------------------------------------



--- run 1 ---
-------------------------------------------------------------
STREAM (dynamic) version — custom malloc-based implementation
-------------------------------------------------------------
This system uses 4 bytes per array element.
-------------------------------------------------------------
Array size = 49066 (elements), Offset = 0 (elements)
Memory per array = 0.2 MiB (= 0.0 GiB).
Total memory required = 0.6 MiB (= 0.0 GiB).
Each kernel will be executed 1823 times.
-------------------------------------------------------------
Function    Best Rate MB/s  Avg time     Min time     Max time
Copy:           26554.5     0.000016     0.000015     0.000027
Scale:          13171.1     0.000031     0.000030     0.000054
Add:            21107.5     0.000028     0.000028     0.000053
Triad:          19756.6     0.000031     0.000030     0.000043
-------------------------------------------------------------
Solution Validates: avg error less than 1.000000e-06 on all three arrays
-------------------------------------------------------------



--- run 2 ---
-------------------------------------------------------------
STREAM (dynamic) version — custom malloc-based implementation
-------------------------------------------------------------
This system uses 4 bytes per array element.
-------------------------------------------------------------
Array size = 49066 (elements), Offset = 0 (elements)
Memory per array = 0.2 MiB (= 0.0 GiB).
Total memory required = 0.6 MiB (= 0.0 GiB).
Each kernel will be executed 1823 times.
-------------------------------------------------------------
Function    Best Rate MB/s  Avg time     Min time     Max time
Copy:           26554.5     0.000016     0.000015     0.000027
Scale:          13171.1     0.000031     0.000030     0.000043
Add:            21107.5     0.000028     0.000028     0.000082
Triad:          19756.6     0.000031     0.000030     0.000045
-------------------------------------------------------------
Solution Validates: avg error less than 1.000000e-06 on all three arrays
-------------------------------------------------------------



--- run 3 ---
-------------------------------------------------------------
STREAM (dynamic) version — custom malloc-based implementation
-------------------------------------------------------------
This system uses 4 bytes per array element.
-------------------------------------------------------------
Array size = 49066 (elements), Offset = 0 (elements)
Memory per array = 0.2 MiB (= 0.0 GiB).
Total memory required = 0.6 MiB (= 0.0 GiB).
Each kernel will be executed 1823 times.
-------------------------------------------------------------
Function    Best Rate MB/s  Avg time     Min time     Max time
Copy:           26554.5     0.000016     0.000015     0.000040
Scale:          13171.1     0.000031     0.000030     0.000063
Add:            21107.5     0.000028     0.000028     0.000067
Triad:          19756.6     0.000031     0.000030     0.000064
-------------------------------------------------------------
Solution Validates: avg error less than 1.000000e-06 on all three arrays
-------------------------------------------------------------



--- run 4 ---
-------------------------------------------------------------
STREAM (dynamic) version — custom malloc-based implementation
-------------------------------------------------------------
This system uses 4 bytes per array element.
-------------------------------------------------------------
Array size = 49066 (elements), Offset = 0 (elements)
Memory per array = 0.2 MiB (= 0.0 GiB).
Total memory required = 0.6 MiB (= 0.0 GiB).
Each kernel will be executed 1823 times.
-------------------------------------------------------------
Function    Best Rate MB/s  Avg time     Min time     Max time
Copy:           26554.5     0.000016     0.000015     0.000041
Scale:          13171.1     0.000031     0.000030     0.000067
Add:            21107.5     0.000028     0.000028     0.000059
Triad:          19756.6     0.000031     0.000030     0.000064
-------------------------------------------------------------
Solution Validates: avg error less than 1.000000e-06 on all three arrays
-------------------------------------------------------------



--- run 5 ---
-------------------------------------------------------------
STREAM (dynamic) version — custom malloc-based implementation
-------------------------------------------------------------
This system uses 4 bytes per array element.
-------------------------------------------------------------
Array size = 49066 (elements), Offset = 0 (elements)
Memory per array = 0.2 MiB (= 0.0 GiB).
Total memory required = 0.6 MiB (= 0.0 GiB).
Each kernel will be executed 1823 times.
-------------------------------------------------------------
Function    Best Rate MB/s  Avg time     Min time     Max time
Copy:           26554.5     0.000016     0.000015     0.000053
Scale:          13171.1     0.000031     0.000030     0.000063
Add:            21107.5     0.000028     0.000028     0.000054
Triad:          19756.6     0.000031     0.000030     0.000043
-------------------------------------------------------------
Solution Validates: avg error less than 1.000000e-06 on all three arrays
-------------------------------------------------------------



--- run 1 ---
-------------------------------------------------------------
STREAM (dynamic) version — custom malloc-based implementation
-------------------------------------------------------------
This system uses 4 bytes per array element.
-------------------------------------------------------------
Array size = 55040 (elements), Offset = 0 (elements)
Memory per array = 0.2 MiB (= 0.0 GiB).
Total memory required = 0.6 MiB (= 0.0 GiB).
Each kernel will be executed 1625 times.
-------------------------------------------------------------
Function    Best Rate MB/s  Avg time     Min time     Max time
Copy:           26011.8     0.000017     0.000017     0.000039
Scale:          13005.9     0.000035     0.000034     0.000048
Add:            21309.6     0.000032     0.000031     0.000057
Triad:          19508.8     0.000035     0.000034     0.000047
-------------------------------------------------------------
Solution Validates: avg error less than 1.000000e-06 on all three arrays
-------------------------------------------------------------



--- run 2 ---
-------------------------------------------------------------
STREAM (dynamic) version — custom malloc-based implementation
-------------------------------------------------------------
This system uses 4 bytes per array element.
-------------------------------------------------------------
Array size = 55040 (elements), Offset = 0 (elements)
Memory per array = 0.2 MiB (= 0.0 GiB).
Total memory required = 0.6 MiB (= 0.0 GiB).
Each kernel will be executed 1625 times.
-------------------------------------------------------------
Function    Best Rate MB/s  Avg time     Min time     Max time
Copy:           26011.8     0.000017     0.000017     0.000049
Scale:          13005.9     0.000035     0.000034     0.000046
Add:            21309.6     0.000032     0.000031     0.000047
Triad:          19508.8     0.000035     0.000034     0.000085
-------------------------------------------------------------
Solution Validates: avg error less than 1.000000e-06 on all three arrays
-------------------------------------------------------------



--- run 3 ---
-------------------------------------------------------------
STREAM (dynamic) version — custom malloc-based implementation
-------------------------------------------------------------
This system uses 4 bytes per array element.
-------------------------------------------------------------
Array size = 55040 (elements), Offset = 0 (elements)
Memory per array = 0.2 MiB (= 0.0 GiB).
Total memory required = 0.6 MiB (= 0.0 GiB).
Each kernel will be executed 1625 times.
-------------------------------------------------------------
Function    Best Rate MB/s  Avg time     Min time     Max time
Copy:           26011.8     0.000017     0.000017     0.000028
Scale:          13005.9     0.000035     0.000034     0.000046
Add:            21309.6     0.000032     0.000031     0.000096
Triad:          19508.8     0.000035     0.000034     0.000061
-------------------------------------------------------------
Solution Validates: avg error less than 1.000000e-06 on all three arrays
-------------------------------------------------------------



--- run 4 ---
-------------------------------------------------------------
STREAM (dynamic) version — custom malloc-based implementation
-------------------------------------------------------------
This system uses 4 bytes per array element.
-------------------------------------------------------------
Array size = 55040 (elements), Offset = 0 (elements)
Memory per array = 0.2 MiB (= 0.0 GiB).
Total memory required = 0.6 MiB (= 0.0 GiB).
Each kernel will be executed 1625 times.
-------------------------------------------------------------
Function    Best Rate MB/s  Avg time     Min time     Max time
Copy:           26011.8     0.000017     0.000017     0.000032
Scale:          13005.9     0.000035     0.000034     0.000089
Add:            21309.6     0.000032     0.000031     0.000045
Triad:          19508.8     0.000035     0.000034     0.000061
-------------------------------------------------------------
Solution Validates: avg error less than 1.000000e-06 on all three arrays
-------------------------------------------------------------



--- run 5 ---
-------------------------------------------------------------
STREAM (dynamic) version — custom malloc-based implementation
-------------------------------------------------------------
This system uses 4 bytes per array element.
-------------------------------------------------------------
Array size = 55040 (elements), Offset = 0 (elements)
Memory per array = 0.2 MiB (= 0.0 GiB).
Total memory required = 0.6 MiB (= 0.0 GiB).
Each kernel will be executed 1625 times.
-------------------------------------------------------------
Function    Best Rate MB/s  Avg time     Min time     Max time
Copy:           26011.8     0.000018     0.000017     0.000031
Scale:          13005.9     0.000035     0.000034     0.000046
Add:            21309.6     0.000032     0.000031     0.000101
Triad:          19508.8     0.000035     0.000034     0.000063
-------------------------------------------------------------
Solution Validates: avg error less than 1.000000e-06 on all three arrays
-------------------------------------------------------------



--- run 1 ---
-------------------------------------------------------------
STREAM (dynamic) version — custom malloc-based implementation
-------------------------------------------------------------
This system uses 4 bytes per array element.
-------------------------------------------------------------
Array size = 61781 (elements), Offset = 0 (elements)
Memory per array = 0.2 MiB (= 0.0 GiB).
Total memory required = 0.7 MiB (= 0.0 GiB).
Each kernel will be executed 1448 times.
-------------------------------------------------------------
Function    Best Rate MB/s  Avg time     Min time     Max time
Copy:           26240.8     0.000020     0.000019     0.000060
Scale:          13037.9     0.000039     0.000038     0.000064
Add:            21298.2     0.000035     0.000035     0.000070
Triad:          19556.9     0.000039     0.000038     0.000066
-------------------------------------------------------------
Solution Validates: avg error less than 1.000000e-06 on all three arrays
-------------------------------------------------------------



--- run 2 ---
-------------------------------------------------------------
STREAM (dynamic) version — custom malloc-based implementation
-------------------------------------------------------------
This system uses 4 bytes per array element.
-------------------------------------------------------------
Array size = 61781 (elements), Offset = 0 (elements)
Memory per array = 0.2 MiB (= 0.0 GiB).
Total memory required = 0.7 MiB (= 0.0 GiB).
Each kernel will be executed 1448 times.
-------------------------------------------------------------
Function    Best Rate MB/s  Avg time     Min time     Max time
Copy:           26240.8     0.000020     0.000019     0.000029
Scale:          13037.9     0.000039     0.000038     0.000050
Add:            21298.2     0.000036     0.000035     0.000090
Triad:          19556.9     0.000039     0.000038     0.000066
-------------------------------------------------------------
Solution Validates: avg error less than 1.000000e-06 on all three arrays
-------------------------------------------------------------



--- run 3 ---
-------------------------------------------------------------
STREAM (dynamic) version — custom malloc-based implementation
-------------------------------------------------------------
This system uses 4 bytes per array element.
-------------------------------------------------------------
Array size = 61781 (elements), Offset = 0 (elements)
Memory per array = 0.2 MiB (= 0.0 GiB).
Total memory required = 0.7 MiB (= 0.0 GiB).
Each kernel will be executed 1448 times.
-------------------------------------------------------------
Function    Best Rate MB/s  Avg time     Min time     Max time
Copy:           26240.8     0.000020     0.000019     0.000034
Scale:          13037.9     0.000039     0.000038     0.000086
Add:            21298.2     0.000035     0.000035     0.000060
Triad:          19556.9     0.000039     0.000038     0.000053
-------------------------------------------------------------
Solution Validates: avg error less than 1.000000e-06 on all three arrays
-------------------------------------------------------------



--- run 4 ---
-------------------------------------------------------------
STREAM (dynamic) version — custom malloc-based implementation
-------------------------------------------------------------
This system uses 4 bytes per array element.
-------------------------------------------------------------
Array size = 61781 (elements), Offset = 0 (elements)
Memory per array = 0.2 MiB (= 0.0 GiB).
Total memory required = 0.7 MiB (= 0.0 GiB).
Each kernel will be executed 1448 times.
-------------------------------------------------------------
Function    Best Rate MB/s  Avg time     Min time     Max time
Copy:           26240.8     0.000020     0.000019     0.000029
Scale:          13037.9     0.000039     0.000038     0.000052
Add:            21298.2     0.000035     0.000035     0.000047
Triad:          19556.9     0.000039     0.000038     0.000110
-------------------------------------------------------------
Solution Validates: avg error less than 1.000000e-06 on all three arrays
-------------------------------------------------------------



--- run 5 ---
-------------------------------------------------------------
STREAM (dynamic) version — custom malloc-based implementation
-------------------------------------------------------------
This system uses 4 bytes per array element.
-------------------------------------------------------------
Array size = 61781 (elements), Offset = 0 (elements)
Memory per array = 0.2 MiB (= 0.0 GiB).
Total memory required = 0.7 MiB (= 0.0 GiB).
Each kernel will be executed 1448 times.
-------------------------------------------------------------
Function    Best Rate MB/s  Avg time     Min time     Max time
Copy:           26240.8     0.000020     0.000019     0.000078
Scale:          13037.9     0.000039     0.000038     0.000052
Add:            21298.2     0.000035     0.000035     0.000046
Triad:          19556.9     0.000039     0.000038     0.000067
-------------------------------------------------------------
Solution Validates: avg error less than 1.000000e-06 on all three arrays
-------------------------------------------------------------



--- run 1 ---
-------------------------------------------------------------
STREAM (dynamic) version — custom malloc-based implementation
-------------------------------------------------------------
This system uses 4 bytes per array element.
-------------------------------------------------------------
Array size = 69376 (elements), Offset = 0 (elements)
Memory per array = 0.3 MiB (= 0.0 GiB).
Total memory required = 0.8 MiB (= 0.0 GiB).
Each kernel will be executed 1289 times.
-------------------------------------------------------------
Function    Best Rate MB/s  Avg time     Min time     Max time
Copy:           26453.1     0.000022     0.000021     0.000036
Scale:          12932.6     0.000044     0.000043     0.000064
Add:            21422.1     0.000040     0.000039     0.000050
Triad:          19398.9     0.000044     0.000043     0.000063
-------------------------------------------------------------
Solution Validates: avg error less than 1.000000e-06 on all three arrays
-------------------------------------------------------------



--- run 2 ---
-------------------------------------------------------------
STREAM (dynamic) version — custom malloc-based implementation
-------------------------------------------------------------
This system uses 4 bytes per array element.
-------------------------------------------------------------
Array size = 69376 (elements), Offset = 0 (elements)
Memory per array = 0.3 MiB (= 0.0 GiB).
Total memory required = 0.8 MiB (= 0.0 GiB).
Each kernel will be executed 1289 times.
-------------------------------------------------------------
Function    Best Rate MB/s  Avg time     Min time     Max time
Copy:           26453.1     0.000022     0.000021     0.000033
Scale:          12932.6     0.000044     0.000043     0.000085
Add:            21422.1     0.000040     0.000039     0.000056
Triad:          19398.9     0.000044     0.000043     0.000071
-------------------------------------------------------------
Solution Validates: avg error less than 1.000000e-06 on all three arrays
-------------------------------------------------------------



--- run 3 ---
-------------------------------------------------------------
STREAM (dynamic) version — custom malloc-based implementation
-------------------------------------------------------------
This system uses 4 bytes per array element.
-------------------------------------------------------------
Array size = 69376 (elements), Offset = 0 (elements)
Memory per array = 0.3 MiB (= 0.0 GiB).
Total memory required = 0.8 MiB (= 0.0 GiB).
Each kernel will be executed 1289 times.
-------------------------------------------------------------
Function    Best Rate MB/s  Avg time     Min time     Max time
Copy:           26453.1     0.000022     0.000021     0.000074
Scale:          12932.6     0.000044     0.000043     0.000061
Add:            21422.1     0.000040     0.000039     0.000070
Triad:          19398.9     0.000044     0.000043     0.000082
-------------------------------------------------------------
Solution Validates: avg error less than 1.000000e-06 on all three arrays
-------------------------------------------------------------



--- run 4 ---
-------------------------------------------------------------
STREAM (dynamic) version — custom malloc-based implementation
-------------------------------------------------------------
This system uses 4 bytes per array element.
-------------------------------------------------------------
Array size = 69376 (elements), Offset = 0 (elements)
Memory per array = 0.3 MiB (= 0.0 GiB).
Total memory required = 0.8 MiB (= 0.0 GiB).
Each kernel will be executed 1289 times.
-------------------------------------------------------------
Function    Best Rate MB/s  Avg time     Min time     Max time
Copy:           26453.1     0.000022     0.000021     0.000051
Scale:          12932.6     0.000044     0.000043     0.000090
Add:            21422.1     0.000040     0.000039     0.000063
Triad:          19398.9     0.000044     0.000043     0.000069
-------------------------------------------------------------
Solution Validates: avg error less than 1.000000e-06 on all three arrays
-------------------------------------------------------------



--- run 5 ---
-------------------------------------------------------------
STREAM (dynamic) version — custom malloc-based implementation
-------------------------------------------------------------
This system uses 4 bytes per array element.
-------------------------------------------------------------
Array size = 69376 (elements), Offset = 0 (elements)
Memory per array = 0.3 MiB (= 0.0 GiB).
Total memory required = 0.8 MiB (= 0.0 GiB).
Each kernel will be executed 1289 times.
-------------------------------------------------------------
Function    Best Rate MB/s  Avg time     Min time     Max time
Copy:           26453.1     0.000022     0.000021     0.000049
Scale:          12932.6     0.000044     0.000043     0.000057
Add:            21422.1     0.000040     0.000039     0.000080
Triad:          19398.9     0.000044     0.000043     0.000057
-------------------------------------------------------------
Solution Validates: avg error less than 1.000000e-06 on all three arrays
-------------------------------------------------------------



--- run 1 ---
-------------------------------------------------------------
STREAM (dynamic) version — custom malloc-based implementation
-------------------------------------------------------------
This system uses 4 bytes per array element.
-------------------------------------------------------------
Array size = 77824 (elements), Offset = 0 (elements)
Memory per array = 0.3 MiB (= 0.0 GiB).
Total memory required = 0.9 MiB (= 0.0 GiB).
Each kernel will be executed 1149 times.
-------------------------------------------------------------
Function    Best Rate MB/s  Avg time     Min time     Max time
Copy:           26113.4     0.000025     0.000024     0.000043
Scale:          12991.7     0.000049     0.000048     0.000060
Add:            21288.1     0.000045     0.000044     0.000063
Triad:          19487.6     0.000049     0.000048     0.000075
-------------------------------------------------------------
Solution Validates: avg error less than 1.000000e-06 on all three arrays
-------------------------------------------------------------



--- run 2 ---
-------------------------------------------------------------
STREAM (dynamic) version — custom malloc-based implementation
-------------------------------------------------------------
This system uses 4 bytes per array element.
-------------------------------------------------------------
Array size = 77824 (elements), Offset = 0 (elements)
Memory per array = 0.3 MiB (= 0.0 GiB).
Total memory required = 0.9 MiB (= 0.0 GiB).
Each kernel will be executed 1149 times.
-------------------------------------------------------------
Function    Best Rate MB/s  Avg time     Min time     Max time
Copy:           26113.4     0.000025     0.000024     0.000036
Scale:          12991.7     0.000049     0.000048     0.000065
Add:            21288.1     0.000045     0.000044     0.000062
Triad:          19487.6     0.000049     0.000048     0.000106
-------------------------------------------------------------
Solution Validates: avg error less than 1.000000e-06 on all three arrays
-------------------------------------------------------------



--- run 3 ---
-------------------------------------------------------------
STREAM (dynamic) version — custom malloc-based implementation
-------------------------------------------------------------
This system uses 4 bytes per array element.
-------------------------------------------------------------
Array size = 77824 (elements), Offset = 0 (elements)
Memory per array = 0.3 MiB (= 0.0 GiB).
Total memory required = 0.9 MiB (= 0.0 GiB).
Each kernel will be executed 1149 times.
-------------------------------------------------------------
Function    Best Rate MB/s  Avg time     Min time     Max time
Copy:           26113.4     0.000025     0.000024     0.000039
Scale:          12991.7     0.000049     0.000048     0.000087
Add:            21288.1     0.000045     0.000044     0.000067
Triad:          19487.6     0.000049     0.000048     0.000103
-------------------------------------------------------------
Solution Validates: avg error less than 1.000000e-06 on all three arrays
-------------------------------------------------------------



--- run 4 ---
-------------------------------------------------------------
STREAM (dynamic) version — custom malloc-based implementation
-------------------------------------------------------------
This system uses 4 bytes per array element.
-------------------------------------------------------------
Array size = 77824 (elements), Offset = 0 (elements)
Memory per array = 0.3 MiB (= 0.0 GiB).
Total memory required = 0.9 MiB (= 0.0 GiB).
Each kernel will be executed 1149 times.
-------------------------------------------------------------
Function    Best Rate MB/s  Avg time     Min time     Max time
Copy:           26113.4     0.000025     0.000024     0.000068
Scale:          12991.7     0.000049     0.000048     0.000076
Add:            21288.1     0.000045     0.000044     0.000067
Triad:          19487.6     0.000049     0.000048     0.000061
-------------------------------------------------------------
Solution Validates: avg error less than 1.000000e-06 on all three arrays
-------------------------------------------------------------



--- run 5 ---
-------------------------------------------------------------
STREAM (dynamic) version — custom malloc-based implementation
-------------------------------------------------------------
This system uses 4 bytes per array element.
-------------------------------------------------------------
Array size = 77824 (elements), Offset = 0 (elements)
Memory per array = 0.3 MiB (= 0.0 GiB).
Total memory required = 0.9 MiB (= 0.0 GiB).
Each kernel will be executed 1149 times.
-------------------------------------------------------------
Function    Best Rate MB/s  Avg time     Min time     Max time
Copy:           26113.4     0.000025     0.000024     0.000064
Scale:          12991.7     0.000049     0.000048     0.000064
Add:            21288.1     0.000045     0.000044     0.000071
Triad:          19487.6     0.000049     0.000048     0.000062
-------------------------------------------------------------
Solution Validates: avg error less than 1.000000e-06 on all three arrays
-------------------------------------------------------------



--- run 1 ---
-------------------------------------------------------------
STREAM (dynamic) version — custom malloc-based implementation
-------------------------------------------------------------
This system uses 4 bytes per array element.
-------------------------------------------------------------
Array size = 87381 (elements), Offset = 0 (elements)
Memory per array = 0.3 MiB (= 0.0 GiB).
Total memory required = 1.0 MiB (= 0.0 GiB).
Each kernel will be executed 1024 times.
-------------------------------------------------------------
Function    Best Rate MB/s  Avg time     Min time     Max time
Copy:           25947.1     0.000028     0.000027     0.000035
Scale:          12973.5     0.000055     0.000054     0.000076
Add:            21453.8     0.000050     0.000049     0.000088
Triad:          19460.3     0.000055     0.000054     0.000094
-------------------------------------------------------------
Solution Validates: avg error less than 1.000000e-06 on all three arrays
-------------------------------------------------------------



--- run 2 ---
-------------------------------------------------------------
STREAM (dynamic) version — custom malloc-based implementation
-------------------------------------------------------------
This system uses 4 bytes per array element.
-------------------------------------------------------------
Array size = 87381 (elements), Offset = 0 (elements)
Memory per array = 0.3 MiB (= 0.0 GiB).
Total memory required = 1.0 MiB (= 0.0 GiB).
Each kernel will be executed 1024 times.
-------------------------------------------------------------
Function    Best Rate MB/s  Avg time     Min time     Max time
Copy:           25947.1     0.000028     0.000027     0.000059
Scale:          12973.5     0.000055     0.000054     0.000087
Add:            21453.8     0.000050     0.000049     0.000110
Triad:          19460.3     0.000055     0.000054     0.000077
-------------------------------------------------------------
Solution Validates: avg error less than 1.000000e-06 on all three arrays
-------------------------------------------------------------



--- run 3 ---
-------------------------------------------------------------
STREAM (dynamic) version — custom malloc-based implementation
-------------------------------------------------------------
This system uses 4 bytes per array element.
-------------------------------------------------------------
Array size = 87381 (elements), Offset = 0 (elements)
Memory per array = 0.3 MiB (= 0.0 GiB).
Total memory required = 1.0 MiB (= 0.0 GiB).
Each kernel will be executed 1024 times.
-------------------------------------------------------------
Function    Best Rate MB/s  Avg time     Min time     Max time
Copy:           25947.1     0.000028     0.000027     0.000080
Scale:          12973.5     0.000055     0.000054     0.000072
Add:            21453.8     0.000050     0.000049     0.000070
Triad:          19460.3     0.000055     0.000054     0.000084
-------------------------------------------------------------
Solution Validates: avg error less than 1.000000e-06 on all three arrays
-------------------------------------------------------------



--- run 4 ---
-------------------------------------------------------------
STREAM (dynamic) version — custom malloc-based implementation
-------------------------------------------------------------
This system uses 4 bytes per array element.
-------------------------------------------------------------
Array size = 87381 (elements), Offset = 0 (elements)
Memory per array = 0.3 MiB (= 0.0 GiB).
Total memory required = 1.0 MiB (= 0.0 GiB).
Each kernel will be executed 1024 times.
-------------------------------------------------------------
Function    Best Rate MB/s  Avg time     Min time     Max time
Copy:           25947.1     0.000028     0.000027     0.000051
Scale:          12973.5     0.000055     0.000054     0.000085
Add:            21453.8     0.000050     0.000049     0.000093
Triad:          19460.3     0.000055     0.000054     0.000082
-------------------------------------------------------------
Solution Validates: avg error less than 1.000000e-06 on all three arrays
-------------------------------------------------------------



--- run 5 ---
-------------------------------------------------------------
STREAM (dynamic) version — custom malloc-based implementation
-------------------------------------------------------------
This system uses 4 bytes per array element.
-------------------------------------------------------------
Array size = 87381 (elements), Offset = 0 (elements)
Memory per array = 0.3 MiB (= 0.0 GiB).
Total memory required = 1.0 MiB (= 0.0 GiB).
Each kernel will be executed 1024 times.
-------------------------------------------------------------
Function    Best Rate MB/s  Avg time     Min time     Max time
Copy:           25947.1     0.000028     0.000027     0.000037
Scale:          12973.5     0.000055     0.000054     0.000096
Add:            21453.8     0.000050     0.000049     0.000065
Triad:          19460.3     0.000055     0.000054     0.000078
-------------------------------------------------------------
Solution Validates: avg error less than 1.000000e-06 on all three arrays
-------------------------------------------------------------



--- run 1 ---
-------------------------------------------------------------
STREAM (dynamic) version — custom malloc-based implementation
-------------------------------------------------------------
This system uses 4 bytes per array element.
-------------------------------------------------------------
Array size = 98048 (elements), Offset = 0 (elements)
Memory per array = 0.4 MiB (= 0.0 GiB).
Total memory required = 1.1 MiB (= 0.0 GiB).
Each kernel will be executed 912 times.
-------------------------------------------------------------
Function    Best Rate MB/s  Avg time     Min time     Max time
Copy:           26319.6     0.000031     0.000030     0.000041
Scale:          12901.7     0.000062     0.000061     0.000080
Add:            21456.2     0.000056     0.000055     0.000103
Triad:          19352.6     0.000062     0.000061     0.000075
-------------------------------------------------------------
Solution Validates: avg error less than 1.000000e-06 on all three arrays
-------------------------------------------------------------



--- run 2 ---
-------------------------------------------------------------
STREAM (dynamic) version — custom malloc-based implementation
-------------------------------------------------------------
This system uses 4 bytes per array element.
-------------------------------------------------------------
Array size = 98048 (elements), Offset = 0 (elements)
Memory per array = 0.4 MiB (= 0.0 GiB).
Total memory required = 1.1 MiB (= 0.0 GiB).
Each kernel will be executed 912 times.
-------------------------------------------------------------
Function    Best Rate MB/s  Avg time     Min time     Max time
Copy:           26319.6     0.000031     0.000030     0.000042
Scale:          12901.7     0.000062     0.000061     0.000119
Add:            21456.2     0.000056     0.000055     0.000070
Triad:          19352.6     0.000062     0.000061     0.000075
-------------------------------------------------------------
Solution Validates: avg error less than 1.000000e-06 on all three arrays
-------------------------------------------------------------



--- run 3 ---
-------------------------------------------------------------
STREAM (dynamic) version — custom malloc-based implementation
-------------------------------------------------------------
This system uses 4 bytes per array element.
-------------------------------------------------------------
Array size = 98048 (elements), Offset = 0 (elements)
Memory per array = 0.4 MiB (= 0.0 GiB).
Total memory required = 1.1 MiB (= 0.0 GiB).
Each kernel will be executed 912 times.
-------------------------------------------------------------
Function    Best Rate MB/s  Avg time     Min time     Max time
Copy:           26319.6     0.000031     0.000030     0.000060
Scale:          12901.7     0.000062     0.000061     0.000073
Add:            21456.2     0.000056     0.000055     0.000071
Triad:          19352.6     0.000062     0.000061     0.000120
-------------------------------------------------------------
Solution Validates: avg error less than 1.000000e-06 on all three arrays
-------------------------------------------------------------



--- run 4 ---
-------------------------------------------------------------
STREAM (dynamic) version — custom malloc-based implementation
-------------------------------------------------------------
This system uses 4 bytes per array element.
-------------------------------------------------------------
Array size = 98048 (elements), Offset = 0 (elements)
Memory per array = 0.4 MiB (= 0.0 GiB).
Total memory required = 1.1 MiB (= 0.0 GiB).
Each kernel will be executed 912 times.
-------------------------------------------------------------
Function    Best Rate MB/s  Avg time     Min time     Max time
Copy:           26319.6     0.000031     0.000030     0.000047
Scale:          12901.7     0.000062     0.000061     0.000116
Add:            21456.2     0.000056     0.000055     0.000085
Triad:          19352.6     0.000062     0.000061     0.000077
-------------------------------------------------------------
Solution Validates: avg error less than 1.000000e-06 on all three arrays
-------------------------------------------------------------



--- run 5 ---
-------------------------------------------------------------
STREAM (dynamic) version — custom malloc-based implementation
-------------------------------------------------------------
This system uses 4 bytes per array element.
-------------------------------------------------------------
Array size = 98048 (elements), Offset = 0 (elements)
Memory per array = 0.4 MiB (= 0.0 GiB).
Total memory required = 1.1 MiB (= 0.0 GiB).
Each kernel will be executed 912 times.
-------------------------------------------------------------
Function    Best Rate MB/s  Avg time     Min time     Max time
Copy:           26319.6     0.000031     0.000030     0.000042
Scale:          12901.7     0.000062     0.000061     0.000106
Add:            21456.2     0.000056     0.000055     0.000080
Triad:          19352.6     0.000062     0.000061     0.000102
-------------------------------------------------------------
Solution Validates: avg error less than 1.000000e-06 on all three arrays
-------------------------------------------------------------



--- run 1 ---
-------------------------------------------------------------
STREAM (dynamic) version — custom malloc-based implementation
-------------------------------------------------------------
This system uses 4 bytes per array element.
-------------------------------------------------------------
Array size = 110080 (elements), Offset = 0 (elements)
Memory per array = 0.4 MiB (= 0.0 GiB).
Total memory required = 1.3 MiB (= 0.0 GiB).
Each kernel will be executed 812 times.
-------------------------------------------------------------
Function    Best Rate MB/s  Avg time     Min time     Max time
Copy:           26011.8     0.000035     0.000034     0.000042
Scale:          12960.3     0.000069     0.000068     0.000091
Add:            21309.6     0.000063     0.000062     0.000091
Triad:          19440.4     0.000069     0.000068     0.000082
-------------------------------------------------------------
Solution Validates: avg error less than 1.000000e-06 on all three arrays
-------------------------------------------------------------



--- run 2 ---
-------------------------------------------------------------
STREAM (dynamic) version — custom malloc-based implementation
-------------------------------------------------------------
This system uses 4 bytes per array element.
-------------------------------------------------------------
Array size = 110080 (elements), Offset = 0 (elements)
Memory per array = 0.4 MiB (= 0.0 GiB).
Total memory required = 1.3 MiB (= 0.0 GiB).
Each kernel will be executed 812 times.
-------------------------------------------------------------
Function    Best Rate MB/s  Avg time     Min time     Max time
Copy:           26011.8     0.000035     0.000034     0.000048
Scale:          12960.3     0.000069     0.000068     0.000083
Add:            21309.6     0.000063     0.000062     0.000077
Triad:          19440.4     0.000069     0.000068     0.000127
-------------------------------------------------------------
Solution Validates: avg error less than 1.000000e-06 on all three arrays
-------------------------------------------------------------



--- run 3 ---
-------------------------------------------------------------
STREAM (dynamic) version — custom malloc-based implementation
-------------------------------------------------------------
This system uses 4 bytes per array element.
-------------------------------------------------------------
Array size = 110080 (elements), Offset = 0 (elements)
Memory per array = 0.4 MiB (= 0.0 GiB).
Total memory required = 1.3 MiB (= 0.0 GiB).
Each kernel will be executed 812 times.
-------------------------------------------------------------
Function    Best Rate MB/s  Avg time     Min time     Max time
Copy:           26011.8     0.000035     0.000034     0.000045
Scale:          12960.3     0.000069     0.000068     0.000085
Add:            21309.6     0.000063     0.000062     0.000116
Triad:          19372.4     0.000069     0.000068     0.000083
-------------------------------------------------------------
Solution Validates: avg error less than 1.000000e-06 on all three arrays
-------------------------------------------------------------



--- run 4 ---
-------------------------------------------------------------
STREAM (dynamic) version — custom malloc-based implementation
-------------------------------------------------------------
This system uses 4 bytes per array element.
-------------------------------------------------------------
Array size = 110080 (elements), Offset = 0 (elements)
Memory per array = 0.4 MiB (= 0.0 GiB).
Total memory required = 1.3 MiB (= 0.0 GiB).
Each kernel will be executed 812 times.
-------------------------------------------------------------
Function    Best Rate MB/s  Avg time     Min time     Max time
Copy:           26011.8     0.000035     0.000034     0.000065
Scale:          12960.3     0.000069     0.000068     0.000098
Add:            21309.6     0.000063     0.000062     0.000078
Triad:          19440.4     0.000069     0.000068     0.000134
-------------------------------------------------------------
Solution Validates: avg error less than 1.000000e-06 on all three arrays
-------------------------------------------------------------



--- run 5 ---
-------------------------------------------------------------
STREAM (dynamic) version — custom malloc-based implementation
-------------------------------------------------------------
This system uses 4 bytes per array element.
-------------------------------------------------------------
Array size = 110080 (elements), Offset = 0 (elements)
Memory per array = 0.4 MiB (= 0.0 GiB).
Total memory required = 1.3 MiB (= 0.0 GiB).
Each kernel will be executed 812 times.
-------------------------------------------------------------
Function    Best Rate MB/s  Avg time     Min time     Max time
Copy:           26011.8     0.000035     0.000034     0.000048
Scale:          12960.3     0.000069     0.000068     0.000114
Add:            21309.6     0.000063     0.000062     0.000090
Triad:          19440.4     0.000069     0.000068     0.000102
-------------------------------------------------------------
Solution Validates: avg error less than 1.000000e-06 on all three arrays
-------------------------------------------------------------



--- run 1 ---
-------------------------------------------------------------
STREAM (dynamic) version — custom malloc-based implementation
-------------------------------------------------------------
This system uses 4 bytes per array element.
-------------------------------------------------------------
Array size = 123562 (elements), Offset = 0 (elements)
Memory per array = 0.5 MiB (= 0.0 GiB).
Total memory required = 1.4 MiB (= 0.0 GiB).
Each kernel will be executed 724 times.
-------------------------------------------------------------
Function    Best Rate MB/s  Avg time     Min time     Max time
Copy:           26075.8     0.000039     0.000038     0.000064
Scale:          12875.9     0.000078     0.000077     0.000090
Add:            21225.5     0.000071     0.000070     0.000092
Triad:          19313.9     0.000078     0.000077     0.000107
-------------------------------------------------------------
Solution Validates: avg error less than 1.000000e-06 on all three arrays
-------------------------------------------------------------



--- run 2 ---
-------------------------------------------------------------
STREAM (dynamic) version — custom malloc-based implementation
-------------------------------------------------------------
This system uses 4 bytes per array element.
-------------------------------------------------------------
Array size = 123562 (elements), Offset = 0 (elements)
Memory per array = 0.5 MiB (= 0.0 GiB).
Total memory required = 1.4 MiB (= 0.0 GiB).
Each kernel will be executed 724 times.
-------------------------------------------------------------
Function    Best Rate MB/s  Avg time     Min time     Max time
Copy:           26075.8     0.000039     0.000038     0.000070
Scale:          12875.9     0.000078     0.000077     0.000139
Add:            21225.5     0.000071     0.000070     0.000082
Triad:          19313.9     0.000078     0.000077     0.000100
-------------------------------------------------------------
Solution Validates: avg error less than 1.000000e-06 on all three arrays
-------------------------------------------------------------



--- run 3 ---
-------------------------------------------------------------
STREAM (dynamic) version — custom malloc-based implementation
-------------------------------------------------------------
This system uses 4 bytes per array element.
-------------------------------------------------------------
Array size = 123562 (elements), Offset = 0 (elements)
Memory per array = 0.5 MiB (= 0.0 GiB).
Total memory required = 1.4 MiB (= 0.0 GiB).
Each kernel will be executed 724 times.
-------------------------------------------------------------
Function    Best Rate MB/s  Avg time     Min time     Max time
Copy:           26075.8     0.000039     0.000038     0.000049
Scale:          12875.9     0.000078     0.000077     0.000092
Add:            21225.5     0.000071     0.000070     0.000125
Triad:          19313.9     0.000078     0.000077     0.000119
-------------------------------------------------------------
Solution Validates: avg error less than 1.000000e-06 on all three arrays
-------------------------------------------------------------



--- run 4 ---
-------------------------------------------------------------
STREAM (dynamic) version — custom malloc-based implementation
-------------------------------------------------------------
This system uses 4 bytes per array element.
-------------------------------------------------------------
Array size = 123562 (elements), Offset = 0 (elements)
Memory per array = 0.5 MiB (= 0.0 GiB).
Total memory required = 1.4 MiB (= 0.0 GiB).
Each kernel will be executed 724 times.
-------------------------------------------------------------
Function    Best Rate MB/s  Avg time     Min time     Max time
Copy:           26075.8     0.000039     0.000038     0.000069
Scale:          12875.9     0.000078     0.000077     0.000152
Add:            21225.5     0.000071     0.000070     0.000103
Triad:          19313.9     0.000078     0.000077     0.000090
-------------------------------------------------------------
Solution Validates: avg error less than 1.000000e-06 on all three arrays
-------------------------------------------------------------



--- run 5 ---
-------------------------------------------------------------
STREAM (dynamic) version — custom malloc-based implementation
-------------------------------------------------------------
This system uses 4 bytes per array element.
-------------------------------------------------------------
Array size = 123562 (elements), Offset = 0 (elements)
Memory per array = 0.5 MiB (= 0.0 GiB).
Total memory required = 1.4 MiB (= 0.0 GiB).
Each kernel will be executed 724 times.
-------------------------------------------------------------
Function    Best Rate MB/s  Avg time     Min time     Max time
Copy:           26075.8     0.000039     0.000038     0.000048
Scale:          12875.9     0.000078     0.000077     0.000138
Add:            21225.5     0.000071     0.000070     0.000087
Triad:          19313.9     0.000078     0.000077     0.000091
-------------------------------------------------------------
Solution Validates: avg error less than 1.000000e-06 on all three arrays
-------------------------------------------------------------



--- run 1 ---
-------------------------------------------------------------
STREAM (dynamic) version — custom malloc-based implementation
-------------------------------------------------------------
This system uses 4 bytes per array element.
-------------------------------------------------------------
Array size = 138666 (elements), Offset = 0 (elements)
Memory per array = 0.5 MiB (= 0.0 GiB).
Total memory required = 1.6 MiB (= 0.0 GiB).
Each kernel will be executed 645 times.
-------------------------------------------------------------
Function    Best Rate MB/s  Avg time     Min time     Max time
Copy:           25849.2     0.000044     0.000043     0.000060
Scale:          12924.6     0.000087     0.000086     0.000104
Add:            21343.4     0.000079     0.000078     0.000107
Triad:          19386.9     0.000087     0.000086     0.000117
-------------------------------------------------------------
Solution Validates: avg error less than 1.000000e-06 on all three arrays
-------------------------------------------------------------



--- run 2 ---
-------------------------------------------------------------
STREAM (dynamic) version — custom malloc-based implementation
-------------------------------------------------------------
This system uses 4 bytes per array element.
-------------------------------------------------------------
Array size = 138666 (elements), Offset = 0 (elements)
Memory per array = 0.5 MiB (= 0.0 GiB).
Total memory required = 1.6 MiB (= 0.0 GiB).
Each kernel will be executed 645 times.
-------------------------------------------------------------
Function    Best Rate MB/s  Avg time     Min time     Max time
Copy:           25849.2     0.000044     0.000043     0.000058
Scale:          12924.6     0.000087     0.000086     0.000102
Add:            21343.4     0.000080     0.000078     0.000112
Triad:          19386.9     0.000087     0.000086     0.000125
-------------------------------------------------------------
Solution Validates: avg error less than 1.000000e-06 on all three arrays
-------------------------------------------------------------



--- run 3 ---
-------------------------------------------------------------
STREAM (dynamic) version — custom malloc-based implementation
-------------------------------------------------------------
This system uses 4 bytes per array element.
-------------------------------------------------------------
Array size = 138666 (elements), Offset = 0 (elements)
Memory per array = 0.5 MiB (= 0.0 GiB).
Total memory required = 1.6 MiB (= 0.0 GiB).
Each kernel will be executed 645 times.
-------------------------------------------------------------
Function    Best Rate MB/s  Avg time     Min time     Max time
Copy:           25849.2     0.000044     0.000043     0.000062
Scale:          12924.6     0.000087     0.000086     0.000110
Add:            21343.4     0.000080     0.000078     0.000114
Triad:          19386.9     0.000087     0.000086     0.000152
-------------------------------------------------------------
Solution Validates: avg error less than 1.000000e-06 on all three arrays
-------------------------------------------------------------



--- run 4 ---
-------------------------------------------------------------
STREAM (dynamic) version — custom malloc-based implementation
-------------------------------------------------------------
This system uses 4 bytes per array element.
-------------------------------------------------------------
Array size = 138666 (elements), Offset = 0 (elements)
Memory per array = 0.5 MiB (= 0.0 GiB).
Total memory required = 1.6 MiB (= 0.0 GiB).
Each kernel will be executed 645 times.
-------------------------------------------------------------
Function    Best Rate MB/s  Avg time     Min time     Max time
Copy:           25849.2     0.000044     0.000043     0.000056
Scale:          12924.6     0.000087     0.000086     0.000100
Add:            21343.4     0.000079     0.000078     0.000092
Triad:          19386.9     0.000087     0.000086     0.000144
-------------------------------------------------------------
Solution Validates: avg error less than 1.000000e-06 on all three arrays
-------------------------------------------------------------



--- run 5 ---
-------------------------------------------------------------
STREAM (dynamic) version — custom malloc-based implementation
-------------------------------------------------------------
This system uses 4 bytes per array element.
-------------------------------------------------------------
Array size = 138666 (elements), Offset = 0 (elements)
Memory per array = 0.5 MiB (= 0.0 GiB).
Total memory required = 1.6 MiB (= 0.0 GiB).
Each kernel will be executed 645 times.
-------------------------------------------------------------
Function    Best Rate MB/s  Avg time     Min time     Max time
Copy:           25849.2     0.000044     0.000043     0.000055
Scale:          12924.6     0.000087     0.000086     0.000100
Add:            21343.4     0.000079     0.000078     0.000112
Triad:          19386.9     0.000087     0.000086     0.000143
-------------------------------------------------------------
Solution Validates: avg error less than 1.000000e-06 on all three arrays
-------------------------------------------------------------



--- run 1 ---
-------------------------------------------------------------
STREAM (dynamic) version — custom malloc-based implementation
-------------------------------------------------------------
This system uses 4 bytes per array element.
-------------------------------------------------------------
Array size = 155733 (elements), Offset = 0 (elements)
Memory per array = 0.6 MiB (= 0.0 GiB).
Total memory required = 1.8 MiB (= 0.0 GiB).
Each kernel will be executed 574 times.
-------------------------------------------------------------
Function    Best Rate MB/s  Avg time     Min time     Max time
Copy:           25997.7     0.000049     0.000048     0.000060
Scale:          12870.8     0.000098     0.000097     0.000123
Add:            21242.0     0.000089     0.000088     0.000127
Triad:          19306.2     0.000098     0.000097     0.000123
-------------------------------------------------------------
Solution Validates: avg error less than 1.000000e-06 on all three arrays
-------------------------------------------------------------



--- run 2 ---
-------------------------------------------------------------
STREAM (dynamic) version — custom malloc-based implementation
-------------------------------------------------------------
This system uses 4 bytes per array element.
-------------------------------------------------------------
Array size = 155733 (elements), Offset = 0 (elements)
Memory per array = 0.6 MiB (= 0.0 GiB).
Total memory required = 1.8 MiB (= 0.0 GiB).
Each kernel will be executed 574 times.
-------------------------------------------------------------
Function    Best Rate MB/s  Avg time     Min time     Max time
Copy:           25997.7     0.000049     0.000048     0.000068
Scale:          12870.8     0.000098     0.000097     0.000132
Add:            21242.0     0.000089     0.000088     0.000111
Triad:          19306.2     0.000098     0.000097     0.000158
-------------------------------------------------------------
Solution Validates: avg error less than 1.000000e-06 on all three arrays
-------------------------------------------------------------



--- run 3 ---
-------------------------------------------------------------
STREAM (dynamic) version — custom malloc-based implementation
-------------------------------------------------------------
This system uses 4 bytes per array element.
-------------------------------------------------------------
Array size = 155733 (elements), Offset = 0 (elements)
Memory per array = 0.6 MiB (= 0.0 GiB).
Total memory required = 1.8 MiB (= 0.0 GiB).
Each kernel will be executed 574 times.
-------------------------------------------------------------
Function    Best Rate MB/s  Avg time     Min time     Max time
Copy:           25997.7     0.000049     0.000048     0.000061
Scale:          12870.8     0.000098     0.000097     0.000111
Add:            21242.0     0.000089     0.000088     0.000117
Triad:          19306.2     0.000098     0.000097     0.000138
-------------------------------------------------------------
Solution Validates: avg error less than 1.000000e-06 on all three arrays
-------------------------------------------------------------



--- run 4 ---
-------------------------------------------------------------
STREAM (dynamic) version — custom malloc-based implementation
-------------------------------------------------------------
This system uses 4 bytes per array element.
-------------------------------------------------------------
Array size = 155733 (elements), Offset = 0 (elements)
Memory per array = 0.6 MiB (= 0.0 GiB).
Total memory required = 1.8 MiB (= 0.0 GiB).
Each kernel will be executed 574 times.
-------------------------------------------------------------
Function    Best Rate MB/s  Avg time     Min time     Max time
Copy:           25997.7     0.000049     0.000048     0.000064
Scale:          12870.8     0.000098     0.000097     0.000115
Add:            21242.0     0.000089     0.000088     0.000153
Triad:          19306.2     0.000098     0.000097     0.000132
-------------------------------------------------------------
Solution Validates: avg error less than 1.000000e-06 on all three arrays
-------------------------------------------------------------



--- run 5 ---
-------------------------------------------------------------
STREAM (dynamic) version — custom malloc-based implementation
-------------------------------------------------------------
This system uses 4 bytes per array element.
-------------------------------------------------------------
Array size = 155733 (elements), Offset = 0 (elements)
Memory per array = 0.6 MiB (= 0.0 GiB).
Total memory required = 1.8 MiB (= 0.0 GiB).
Each kernel will be executed 574 times.
-------------------------------------------------------------
Function    Best Rate MB/s  Avg time     Min time     Max time
Copy:           25997.7     0.000049     0.000048     0.000096
Scale:          12870.8     0.000098     0.000097     0.000131
Add:            21242.0     0.000089     0.000088     0.000102
Triad:          19306.2     0.000098     0.000097     0.000131
-------------------------------------------------------------
Solution Validates: avg error less than 1.000000e-06 on all three arrays
-------------------------------------------------------------



--- run 1 ---
-------------------------------------------------------------
STREAM (dynamic) version — custom malloc-based implementation
-------------------------------------------------------------
This system uses 4 bytes per array element.
-------------------------------------------------------------
Array size = 174762 (elements), Offset = 0 (elements)
Memory per array = 0.7 MiB (= 0.0 GiB).
Total memory required = 2.0 MiB (= 0.0 GiB).
Each kernel will be executed 512 times.
-------------------------------------------------------------
Function    Best Rate MB/s  Avg time     Min time     Max time
Copy:           25947.1     0.000056     0.000054     0.000075
Scale:          12831.6     0.000110     0.000109     0.000221
Add:            21195.3     0.000102     0.000099     0.000148
Triad:          19247.4     0.000111     0.000109     0.000154
-------------------------------------------------------------
Solution Validates: avg error less than 1.000000e-06 on all three arrays
-------------------------------------------------------------



--- run 2 ---
-------------------------------------------------------------
STREAM (dynamic) version — custom malloc-based implementation
-------------------------------------------------------------
This system uses 4 bytes per array element.
-------------------------------------------------------------
Array size = 174762 (elements), Offset = 0 (elements)
Memory per array = 0.7 MiB (= 0.0 GiB).
Total memory required = 2.0 MiB (= 0.0 GiB).
Each kernel will be executed 512 times.
-------------------------------------------------------------
Function    Best Rate MB/s  Avg time     Min time     Max time
Copy:           25947.1     0.000055     0.000054     0.000067
Scale:          12831.6     0.000110     0.000109     0.000173
Add:            21195.3     0.000100     0.000099     0.000114
Triad:          19247.4     0.000110     0.000109     0.000150
-------------------------------------------------------------
Solution Validates: avg error less than 1.000000e-06 on all three arrays
-------------------------------------------------------------



--- run 3 ---
-------------------------------------------------------------
STREAM (dynamic) version — custom malloc-based implementation
-------------------------------------------------------------
This system uses 4 bytes per array element.
-------------------------------------------------------------
Array size = 174762 (elements), Offset = 0 (elements)
Memory per array = 0.7 MiB (= 0.0 GiB).
Total memory required = 2.0 MiB (= 0.0 GiB).
Each kernel will be executed 512 times.
-------------------------------------------------------------
Function    Best Rate MB/s  Avg time     Min time     Max time
Copy:           25947.1     0.000055     0.000054     0.000069
Scale:          12831.6     0.000110     0.000109     0.000144
Add:            21195.3     0.000100     0.000099     0.000180
Triad:          19247.4     0.000110     0.000109     0.000131
-------------------------------------------------------------
Solution Validates: avg error less than 1.000000e-06 on all three arrays
-------------------------------------------------------------



--- run 4 ---
-------------------------------------------------------------
STREAM (dynamic) version — custom malloc-based implementation
-------------------------------------------------------------
This system uses 4 bytes per array element.
-------------------------------------------------------------
Array size = 174762 (elements), Offset = 0 (elements)
Memory per array = 0.7 MiB (= 0.0 GiB).
Total memory required = 2.0 MiB (= 0.0 GiB).
Each kernel will be executed 512 times.
-------------------------------------------------------------
Function    Best Rate MB/s  Avg time     Min time     Max time
Copy:           25947.1     0.000055     0.000054     0.000063
Scale:          12831.6     0.000110     0.000109     0.000123
Add:            21195.3     0.000100     0.000099     0.000142
Triad:          19247.4     0.000110     0.000109     0.000177
-------------------------------------------------------------
Solution Validates: avg error less than 1.000000e-06 on all three arrays
-------------------------------------------------------------



--- run 5 ---
-------------------------------------------------------------
STREAM (dynamic) version — custom malloc-based implementation
-------------------------------------------------------------
This system uses 4 bytes per array element.
-------------------------------------------------------------
Array size = 174762 (elements), Offset = 0 (elements)
Memory per array = 0.7 MiB (= 0.0 GiB).
Total memory required = 2.0 MiB (= 0.0 GiB).
Each kernel will be executed 512 times.
-------------------------------------------------------------
Function    Best Rate MB/s  Avg time     Min time     Max time
Copy:           25947.1     0.000055     0.000054     0.000065
Scale:          12831.6     0.000110     0.000109     0.000135
Add:            21195.3     0.000100     0.000099     0.000164
Triad:          19247.4     0.000110     0.000109     0.000149
-------------------------------------------------------------
Solution Validates: avg error less than 1.000000e-06 on all three arrays
-------------------------------------------------------------



--- run 1 ---
-------------------------------------------------------------
STREAM (dynamic) version — custom malloc-based implementation
-------------------------------------------------------------
This system uses 4 bytes per array element.
-------------------------------------------------------------
Array size = 196181 (elements), Offset = 0 (elements)
Memory per array = 0.7 MiB (= 0.0 GiB).
Total memory required = 2.2 MiB (= 0.0 GiB).
Each kernel will be executed 456 times.
-------------------------------------------------------------
Function    Best Rate MB/s  Avg time     Min time     Max time
Copy:           24562.5     0.000066     0.000064     0.000079
Scale:          12882.1     0.000123     0.000122     0.000158
Add:            20831.5     0.000118     0.000113     0.000137
Triad:          18988.7     0.000128     0.000124     0.000161
-------------------------------------------------------------
Solution Validates: avg error less than 1.000000e-06 on all three arrays
-------------------------------------------------------------



--- run 2 ---
-------------------------------------------------------------
STREAM (dynamic) version — custom malloc-based implementation
-------------------------------------------------------------
This system uses 4 bytes per array element.
-------------------------------------------------------------
Array size = 196181 (elements), Offset = 0 (elements)
Memory per array = 0.7 MiB (= 0.0 GiB).
Total memory required = 2.2 MiB (= 0.0 GiB).
Each kernel will be executed 456 times.
-------------------------------------------------------------
Function    Best Rate MB/s  Avg time     Min time     Max time
Copy:           25318.2     0.000063     0.000062     0.000083
Scale:          12882.1     0.000123     0.000122     0.000160
Add:            21053.5     0.000115     0.000112     0.000184
Triad:          18988.7     0.000126     0.000124     0.000148
-------------------------------------------------------------
Solution Validates: avg error less than 1.000000e-06 on all three arrays
-------------------------------------------------------------



--- run 3 ---
-------------------------------------------------------------
STREAM (dynamic) version — custom malloc-based implementation
-------------------------------------------------------------
This system uses 4 bytes per array element.
-------------------------------------------------------------
Array size = 196181 (elements), Offset = 0 (elements)
Memory per array = 0.7 MiB (= 0.0 GiB).
Total memory required = 2.2 MiB (= 0.0 GiB).
Each kernel will be executed 456 times.
-------------------------------------------------------------
Function    Best Rate MB/s  Avg time     Min time     Max time
Copy:           24201.3     0.000066     0.000065     0.000112
Scale:          12882.1     0.000123     0.000122     0.000174
Add:            20875.5     0.000115     0.000113     0.000170
Triad:          19173.0     0.000125     0.000123     0.000148
-------------------------------------------------------------
Solution Validates: avg error less than 1.000000e-06 on all three arrays
-------------------------------------------------------------



--- run 4 ---
-------------------------------------------------------------
STREAM (dynamic) version — custom malloc-based implementation
-------------------------------------------------------------
This system uses 4 bytes per array element.
-------------------------------------------------------------
Array size = 196181 (elements), Offset = 0 (elements)
Memory per array = 0.7 MiB (= 0.0 GiB).
Total memory required = 2.2 MiB (= 0.0 GiB).
Each kernel will be executed 456 times.
-------------------------------------------------------------
Function    Best Rate MB/s  Avg time     Min time     Max time
Copy:           25713.8     0.000063     0.000061     0.000080
Scale:          12882.1     0.000123     0.000122     0.000159
Add:            21053.5     0.000115     0.000112     0.000132
Triad:          19135.9     0.000127     0.000123     0.000168
-------------------------------------------------------------
Solution Validates: avg error less than 1.000000e-06 on all three arrays
-------------------------------------------------------------



--- run 5 ---
-------------------------------------------------------------
STREAM (dynamic) version — custom malloc-based implementation
-------------------------------------------------------------
This system uses 4 bytes per array element.
-------------------------------------------------------------
Array size = 196181 (elements), Offset = 0 (elements)
Memory per array = 0.7 MiB (= 0.0 GiB).
Total memory required = 2.2 MiB (= 0.0 GiB).
Each kernel will be executed 456 times.
-------------------------------------------------------------
Function    Best Rate MB/s  Avg time     Min time     Max time
Copy:           25318.2     0.000065     0.000062     0.000101
Scale:          12882.1     0.000123     0.000122     0.000176
Add:            21234.7     0.000115     0.000111     0.000151
Triad:          19323.1     0.000125     0.000122     0.000155
-------------------------------------------------------------
Solution Validates: avg error less than 1.000000e-06 on all three arrays
-------------------------------------------------------------



--- run 1 ---
-------------------------------------------------------------
STREAM (dynamic) version — custom malloc-based implementation
-------------------------------------------------------------
This system uses 4 bytes per array element.
-------------------------------------------------------------
Array size = 220160 (elements), Offset = 0 (elements)
Memory per array = 0.8 MiB (= 0.0 GiB).
Total memory required = 2.5 MiB (= 0.0 GiB).
Each kernel will be executed 406 times.
-------------------------------------------------------------
Function    Best Rate MB/s  Avg time     Min time     Max time
Copy:           23526.6     0.000076     0.000075     0.000092
Scale:          12869.9     0.000139     0.000137     0.000173
Add:            19717.1     0.000139     0.000134     0.000193
Triad:          18749.6     0.000146     0.000141     0.000174
-------------------------------------------------------------
Solution Validates: avg error less than 1.000000e-06 on all three arrays
-------------------------------------------------------------



--- run 2 ---
-------------------------------------------------------------
STREAM (dynamic) version — custom malloc-based implementation
-------------------------------------------------------------
This system uses 4 bytes per array element.
-------------------------------------------------------------
Array size = 220160 (elements), Offset = 0 (elements)
Memory per array = 0.8 MiB (= 0.0 GiB).
Total memory required = 2.5 MiB (= 0.0 GiB).
Each kernel will be executed 406 times.
-------------------------------------------------------------
Function    Best Rate MB/s  Avg time     Min time     Max time
Copy:           25212.8     0.000071     0.000070     0.000107
Scale:          12869.9     0.000138     0.000137     0.000159
Add:            20829.0     0.000129     0.000127     0.000156
Triad:          19006.9     0.000141     0.000139     0.000193
-------------------------------------------------------------
Solution Validates: avg error less than 1.000000e-06 on all three arrays
-------------------------------------------------------------



--- run 3 ---
-------------------------------------------------------------
STREAM (dynamic) version — custom malloc-based implementation
-------------------------------------------------------------
This system uses 4 bytes per array element.
-------------------------------------------------------------
Array size = 220160 (elements), Offset = 0 (elements)
Memory per array = 0.8 MiB (= 0.0 GiB).
Total memory required = 2.5 MiB (= 0.0 GiB).
Each kernel will be executed 406 times.
-------------------------------------------------------------
Function    Best Rate MB/s  Avg time     Min time     Max time
Copy:           24141.6     0.000078     0.000073     0.000113
Scale:          12780.9     0.000139     0.000138     0.000155
Add:            20332.1     0.000136     0.000130     0.000178
Triad:          18877.4     0.000144     0.000140     0.000194
-------------------------------------------------------------
Solution Validates: avg error less than 1.000000e-06 on all three arrays
-------------------------------------------------------------



--- run 4 ---
-------------------------------------------------------------
STREAM (dynamic) version — custom malloc-based implementation
-------------------------------------------------------------
This system uses 4 bytes per array element.
-------------------------------------------------------------
Array size = 220160 (elements), Offset = 0 (elements)
Memory per array = 0.8 MiB (= 0.0 GiB).
Total memory required = 2.5 MiB (= 0.0 GiB).
Each kernel will be executed 406 times.
-------------------------------------------------------------
Function    Best Rate MB/s  Avg time     Min time     Max time
Copy:           24461.4     0.000074     0.000072     0.000092
Scale:          12780.9     0.000140     0.000138     0.000198
Add:            20673.5     0.000132     0.000128     0.000158
Triad:          18749.6     0.000145     0.000141     0.000204
-------------------------------------------------------------
Solution Validates: avg error less than 1.000000e-06 on all three arrays
-------------------------------------------------------------



--- run 5 ---
-------------------------------------------------------------
STREAM (dynamic) version — custom malloc-based implementation
-------------------------------------------------------------
This system uses 4 bytes per array element.
-------------------------------------------------------------
Array size = 220160 (elements), Offset = 0 (elements)
Memory per array = 0.8 MiB (= 0.0 GiB).
Total memory required = 2.5 MiB (= 0.0 GiB).
Each kernel will be executed 406 times.
-------------------------------------------------------------
Function    Best Rate MB/s  Avg time     Min time     Max time
Copy:           23230.6     0.000078     0.000076     0.000124
Scale:          12780.9     0.000139     0.000138     0.000160
Add:            20332.1     0.000134     0.000130     0.000209
Triad:          19006.9     0.000142     0.000139     0.000167
-------------------------------------------------------------
Solution Validates: avg error less than 1.000000e-06 on all three arrays
-------------------------------------------------------------



--- run 1 ---
-------------------------------------------------------------
STREAM (dynamic) version — custom malloc-based implementation
-------------------------------------------------------------
This system uses 4 bytes per array element.
-------------------------------------------------------------
Array size = 247125 (elements), Offset = 0 (elements)
Memory per array = 0.9 MiB (= 0.0 GiB).
Total memory required = 2.8 MiB (= 0.0 GiB).
Each kernel will be executed 362 times.
-------------------------------------------------------------
Function    Best Rate MB/s  Avg time     Min time     Max time
Copy:           23557.2     0.000086     0.000084     0.000115
Scale:          12856.0     0.000156     0.000154     0.000189
Add:            20191.9     0.000154     0.000147     0.000200
Triad:          18788.8     0.000162     0.000158     0.000188
-------------------------------------------------------------
Solution Validates: avg error less than 1.000000e-06 on all three arrays
-------------------------------------------------------------



--- run 2 ---
-------------------------------------------------------------
STREAM (dynamic) version — custom malloc-based implementation
-------------------------------------------------------------
This system uses 4 bytes per array element.
-------------------------------------------------------------
Array size = 247125 (elements), Offset = 0 (elements)
Memory per array = 0.9 MiB (= 0.0 GiB).
Total memory required = 2.8 MiB (= 0.0 GiB).
Each kernel will be executed 362 times.
-------------------------------------------------------------
Function    Best Rate MB/s  Avg time     Min time     Max time
Copy:           24105.1     0.000085     0.000082     0.000116
Scale:          12679.1     0.000158     0.000156     0.000175
Add:            20191.9     0.000151     0.000147     0.000187
Triad:          18648.0     0.000164     0.000159     0.000216
-------------------------------------------------------------
Solution Validates: avg error less than 1.000000e-06 on all three arrays
-------------------------------------------------------------



--- run 3 ---
-------------------------------------------------------------
STREAM (dynamic) version — custom malloc-based implementation
-------------------------------------------------------------
This system uses 4 bytes per array element.
-------------------------------------------------------------
Array size = 247125 (elements), Offset = 0 (elements)
Memory per array = 0.9 MiB (= 0.0 GiB).
Total memory required = 2.8 MiB (= 0.0 GiB).
Each kernel will be executed 362 times.
-------------------------------------------------------------
Function    Best Rate MB/s  Avg time     Min time     Max time
Copy:           23033.7     0.000090     0.000086     0.000176
Scale:          12856.0     0.000156     0.000154     0.000173
Add:            20061.6     0.000155     0.000148     0.000193
Triad:          18788.8     0.000163     0.000158     0.000213
-------------------------------------------------------------
Solution Validates: avg error less than 1.000000e-06 on all three arrays
-------------------------------------------------------------



--- run 4 ---
-------------------------------------------------------------
STREAM (dynamic) version — custom malloc-based implementation
-------------------------------------------------------------
This system uses 4 bytes per array element.
-------------------------------------------------------------
Array size = 247125 (elements), Offset = 0 (elements)
Memory per array = 0.9 MiB (= 0.0 GiB).
Total memory required = 2.8 MiB (= 0.0 GiB).
Each kernel will be executed 362 times.
-------------------------------------------------------------
Function    Best Rate MB/s  Avg time     Min time     Max time
Copy:           24105.1     0.000085     0.000082     0.000125
Scale:          12679.1     0.000158     0.000156     0.000195
Add:            20191.9     0.000151     0.000147     0.000184
Triad:          18648.0     0.000165     0.000159     0.000235
-------------------------------------------------------------
Solution Validates: avg error less than 1.000000e-06 on all three arrays
-------------------------------------------------------------



--- run 5 ---
-------------------------------------------------------------
STREAM (dynamic) version — custom malloc-based implementation
-------------------------------------------------------------
This system uses 4 bytes per array element.
-------------------------------------------------------------
Array size = 247125 (elements), Offset = 0 (elements)
Memory per array = 0.9 MiB (= 0.0 GiB).
Total memory required = 2.8 MiB (= 0.0 GiB).
Each kernel will be executed 362 times.
-------------------------------------------------------------
Function    Best Rate MB/s  Avg time     Min time     Max time
Copy:           24105.1     0.000085     0.000082     0.000114
Scale:          12836.1     0.000156     0.000154     0.000186
Add:            20457.6     0.000152     0.000145     0.000210
Triad:          18874.4     0.000161     0.000157     0.000194
-------------------------------------------------------------
Solution Validates: avg error less than 1.000000e-06 on all three arrays
-------------------------------------------------------------



--- run 1 ---
-------------------------------------------------------------
STREAM (dynamic) version — custom malloc-based implementation
-------------------------------------------------------------
This system uses 4 bytes per array element.
-------------------------------------------------------------
Array size = 277418 (elements), Offset = 0 (elements)
Memory per array = 1.1 MiB (= 0.0 GiB).
Total memory required = 3.2 MiB (= 0.0 GiB).
Each kernel will be executed 322 times.
-------------------------------------------------------------
Function    Best Rate MB/s  Avg time     Min time     Max time
Copy:           20548.8     0.000113     0.000108     0.000139
Scale:          12613.3     0.000179     0.000176     0.000203
Add:            18396.4     0.000196     0.000181     0.000255
Triad:          17719.4     0.000200     0.000188     0.000248
-------------------------------------------------------------
Solution Validates: avg error less than 1.000000e-06 on all three arrays
-------------------------------------------------------------



--- run 2 ---
-------------------------------------------------------------
STREAM (dynamic) version — custom malloc-based implementation
-------------------------------------------------------------
This system uses 4 bytes per array element.
-------------------------------------------------------------
Array size = 277418 (elements), Offset = 0 (elements)
Memory per array = 1.1 MiB (= 0.0 GiB).
Total memory required = 3.2 MiB (= 0.0 GiB).
Each kernel will be executed 322 times.
-------------------------------------------------------------
Function    Best Rate MB/s  Avg time     Min time     Max time
Copy:           21107.9     0.000109     0.000105     0.000141
Scale:          12545.3     0.000179     0.000177     0.000265
Add:            18692.0     0.000186     0.000178     0.000232
Triad:          17719.4     0.000194     0.000188     0.000222
-------------------------------------------------------------
Solution Validates: avg error less than 1.000000e-06 on all three arrays
-------------------------------------------------------------



--- run 3 ---
-------------------------------------------------------------
STREAM (dynamic) version — custom malloc-based implementation
-------------------------------------------------------------
This system uses 4 bytes per array element.
-------------------------------------------------------------
Array size = 277418 (elements), Offset = 0 (elements)
Memory per array = 1.1 MiB (= 0.0 GiB).
Total memory required = 3.2 MiB (= 0.0 GiB).
Each kernel will be executed 322 times.
-------------------------------------------------------------
Function    Best Rate MB/s  Avg time     Min time     Max time
Copy:           21155.9     0.000112     0.000105     0.000171
Scale:          12613.3     0.000178     0.000176     0.000211
Add:            18817.9     0.000191     0.000177     0.000271
Triad:          17993.4     0.000198     0.000185     0.000235
-------------------------------------------------------------
Solution Validates: avg error less than 1.000000e-06 on all three arrays
-------------------------------------------------------------



--- run 4 ---
-------------------------------------------------------------
STREAM (dynamic) version — custom malloc-based implementation
-------------------------------------------------------------
This system uses 4 bytes per array element.
-------------------------------------------------------------
Array size = 277418 (elements), Offset = 0 (elements)
Memory per array = 1.1 MiB (= 0.0 GiB).
Total memory required = 3.2 MiB (= 0.0 GiB).
Each kernel will be executed 322 times.
-------------------------------------------------------------
Function    Best Rate MB/s  Avg time     Min time     Max time
Copy:           21155.9     0.000107     0.000105     0.000147
Scale:          12613.3     0.000178     0.000176     0.000208
Add:            18919.9     0.000181     0.000176     0.000232
Triad:          17607.7     0.000193     0.000189     0.000239
-------------------------------------------------------------
Solution Validates: avg error less than 1.000000e-06 on all three arrays
-------------------------------------------------------------



--- run 5 ---
-------------------------------------------------------------
STREAM (dynamic) version — custom malloc-based implementation
-------------------------------------------------------------
This system uses 4 bytes per array element.
-------------------------------------------------------------
Array size = 277418 (elements), Offset = 0 (elements)
Memory per array = 1.1 MiB (= 0.0 GiB).
Total memory required = 3.2 MiB (= 0.0 GiB).
Each kernel will be executed 322 times.
-------------------------------------------------------------
Function    Best Rate MB/s  Avg time     Min time     Max time
Copy:           20548.8     0.000112     0.000108     0.000176
Scale:          12682.0     0.000178     0.000175     0.000217
Add:            18817.9     0.000193     0.000177     0.000224
Triad:          17993.4     0.000197     0.000185     0.000239
-------------------------------------------------------------
Solution Validates: avg error less than 1.000000e-06 on all three arrays
-------------------------------------------------------------



--- run 1 ---
-------------------------------------------------------------
STREAM (dynamic) version — custom malloc-based implementation
-------------------------------------------------------------
This system uses 4 bytes per array element.
-------------------------------------------------------------
Array size = 311381 (elements), Offset = 0 (elements)
Memory per array = 1.2 MiB (= 0.0 GiB).
Total memory required = 3.6 MiB (= 0.0 GiB).
Each kernel will be executed 287 times.
-------------------------------------------------------------
Function    Best Rate MB/s  Avg time     Min time     Max time
Copy:           19171.0     0.000133     0.000130     0.000171
Scale:          12512.8     0.000202     0.000199     0.000242
Add:            17222.3     0.000225     0.000217     0.000295
Triad:          17053.7     0.000225     0.000219     0.000267
-------------------------------------------------------------
Solution Validates: avg error less than 1.000000e-06 on all three arrays
-------------------------------------------------------------



--- run 2 ---
-------------------------------------------------------------
STREAM (dynamic) version — custom malloc-based implementation
-------------------------------------------------------------
This system uses 4 bytes per array element.
-------------------------------------------------------------
Array size = 311381 (elements), Offset = 0 (elements)
Memory per array = 1.2 MiB (= 0.0 GiB).
Total memory required = 3.6 MiB (= 0.0 GiB).
Each kernel will be executed 287 times.
-------------------------------------------------------------
Function    Best Rate MB/s  Avg time     Min time     Max time
Copy:           19639.5     0.000130     0.000127     0.000166
Scale:          12512.8     0.000204     0.000199     0.000271
Add:            17147.0     0.000226     0.000218     0.000270
Triad:          16833.9     0.000228     0.000222     0.000276
-------------------------------------------------------------
Solution Validates: avg error less than 1.000000e-06 on all three arrays
-------------------------------------------------------------



--- run 3 ---
-------------------------------------------------------------
STREAM (dynamic) version — custom malloc-based implementation
-------------------------------------------------------------
This system uses 4 bytes per array element.
-------------------------------------------------------------
Array size = 311381 (elements), Offset = 0 (elements)
Memory per array = 1.2 MiB (= 0.0 GiB).
Total memory required = 3.6 MiB (= 0.0 GiB).
Each kernel will be executed 287 times.
-------------------------------------------------------------
Function    Best Rate MB/s  Avg time     Min time     Max time
Copy:           19135.9     0.000135     0.000130     0.000228
Scale:          12588.2     0.000201     0.000198     0.000218
Add:            17147.0     0.000226     0.000218     0.000274
Triad:          16979.8     0.000226     0.000220     0.000261
-------------------------------------------------------------
Solution Validates: avg error less than 1.000000e-06 on all three arrays
-------------------------------------------------------------



--- run 4 ---
-------------------------------------------------------------
STREAM (dynamic) version — custom malloc-based implementation
-------------------------------------------------------------
This system uses 4 bytes per array element.
-------------------------------------------------------------
Array size = 311381 (elements), Offset = 0 (elements)
Memory per array = 1.2 MiB (= 0.0 GiB).
Total memory required = 3.6 MiB (= 0.0 GiB).
Each kernel will be executed 287 times.
-------------------------------------------------------------
Function    Best Rate MB/s  Avg time     Min time     Max time
Copy:           20248.5     0.000132     0.000123     0.000168
Scale:          12527.8     0.000203     0.000199     0.000242
Add:            17394.4     0.000229     0.000215     0.000276
Triad:          16979.8     0.000232     0.000220     0.000315
-------------------------------------------------------------
Solution Validates: avg error less than 1.000000e-06 on all three arrays
-------------------------------------------------------------



--- run 5 ---
-------------------------------------------------------------
STREAM (dynamic) version — custom malloc-based implementation
-------------------------------------------------------------
This system uses 4 bytes per array element.
-------------------------------------------------------------
Array size = 311381 (elements), Offset = 0 (elements)
Memory per array = 1.2 MiB (= 0.0 GiB).
Total memory required = 3.6 MiB (= 0.0 GiB).
Each kernel will be executed 287 times.
-------------------------------------------------------------
Function    Best Rate MB/s  Avg time     Min time     Max time
Copy:           18893.7     0.000136     0.000132     0.000172
Scale:          12527.8     0.000202     0.000199     0.000297
Add:            16979.8     0.000228     0.000220     0.000280
Triad:          16833.9     0.000227     0.000222     0.000257
-------------------------------------------------------------
Solution Validates: avg error less than 1.000000e-06 on all three arrays
-------------------------------------------------------------



--- run 1 ---
-------------------------------------------------------------
STREAM (dynamic) version — custom malloc-based implementation
-------------------------------------------------------------
This system uses 4 bytes per array element.
-------------------------------------------------------------
Array size = 349525 (elements), Offset = 0 (elements)
Memory per array = 1.3 MiB (= 0.0 GiB).
Total memory required = 4.0 MiB (= 0.0 GiB).
Each kernel will be executed 256 times.
-------------------------------------------------------------
Function    Best Rate MB/s  Avg time     Min time     Max time
Copy:           18268.1     0.000174     0.000153     0.000241
Scale:          12115.8     0.000235     0.000231     0.000266
Add:            15310.9     0.000313     0.000274     0.000352
Triad:          15763.6     0.000303     0.000266     0.000358
-------------------------------------------------------------
Solution Validates: avg error less than 1.000000e-06 on all three arrays
-------------------------------------------------------------



--- run 2 ---
-------------------------------------------------------------
STREAM (dynamic) version — custom malloc-based implementation
-------------------------------------------------------------
This system uses 4 bytes per array element.
-------------------------------------------------------------
Array size = 349525 (elements), Offset = 0 (elements)
Memory per array = 1.3 MiB (= 0.0 GiB).
Total memory required = 4.0 MiB (= 0.0 GiB).
Each kernel will be executed 256 times.
-------------------------------------------------------------
Function    Best Rate MB/s  Avg time     Min time     Max time
Copy:           17716.2     0.000173     0.000158     0.000214
Scale:          12371.4     0.000236     0.000226     0.000280
Add:            15777.7     0.000306     0.000266     0.000388
Triad:          15891.8     0.000301     0.000264     0.000370
-------------------------------------------------------------
Solution Validates: avg error less than 1.000000e-06 on all three arrays
-------------------------------------------------------------



--- run 3 ---
-------------------------------------------------------------
STREAM (dynamic) version — custom malloc-based implementation
-------------------------------------------------------------
This system uses 4 bytes per array element.
-------------------------------------------------------------
Array size = 349525 (elements), Offset = 0 (elements)
Memory per array = 1.3 MiB (= 0.0 GiB).
Total memory required = 4.0 MiB (= 0.0 GiB).
Each kernel will be executed 256 times.
-------------------------------------------------------------
Function    Best Rate MB/s  Avg time     Min time     Max time
Copy:           17272.6     0.000170     0.000162     0.000254
Scale:          12103.3     0.000236     0.000231     0.000271
Add:            15540.8     0.000291     0.000270     0.000344
Triad:          15763.6     0.000282     0.000266     0.000327
-------------------------------------------------------------
Solution Validates: avg error less than 1.000000e-06 on all three arrays
-------------------------------------------------------------



--- run 4 ---
-------------------------------------------------------------
STREAM (dynamic) version — custom malloc-based implementation
-------------------------------------------------------------
This system uses 4 bytes per array element.
-------------------------------------------------------------
Array size = 349525 (elements), Offset = 0 (elements)
Memory per array = 1.3 MiB (= 0.0 GiB).
Total memory required = 4.0 MiB (= 0.0 GiB).
Each kernel will be executed 256 times.
-------------------------------------------------------------
Function    Best Rate MB/s  Avg time     Min time     Max time
Copy:           18155.0     0.000164     0.000154     0.000223
Scale:          12216.8     0.000233     0.000229     0.000267
Add:            15820.3     0.000279     0.000265     0.000340
Triad:          15595.9     0.000281     0.000269     0.000361
-------------------------------------------------------------
Solution Validates: avg error less than 1.000000e-06 on all three arrays
-------------------------------------------------------------



--- run 5 ---
-------------------------------------------------------------
STREAM (dynamic) version — custom malloc-based implementation
-------------------------------------------------------------
This system uses 4 bytes per array element.
-------------------------------------------------------------
Array size = 349525 (elements), Offset = 0 (elements)
Memory per array = 1.3 MiB (= 0.0 GiB).
Total memory required = 4.0 MiB (= 0.0 GiB).
Each kernel will be executed 256 times.
-------------------------------------------------------------
Function    Best Rate MB/s  Avg time     Min time     Max time
Copy:           17796.8     0.000166     0.000157     0.000261
Scale:          12267.9     0.000234     0.000228     0.000274
Add:            15540.8     0.000286     0.000270     0.000387
Triad:          16065.9     0.000276     0.000261     0.000350
-------------------------------------------------------------
Solution Validates: avg error less than 1.000000e-06 on all three arrays
-------------------------------------------------------------



--- run 1 ---
-------------------------------------------------------------
STREAM (dynamic) version — custom malloc-based implementation
-------------------------------------------------------------
This system uses 4 bytes per array element.
-------------------------------------------------------------
Array size = 392362 (elements), Offset = 0 (elements)
Memory per array = 1.5 MiB (= 0.0 GiB).
Total memory required = 4.5 MiB (= 0.0 GiB).
Each kernel will be executed 228 times.
-------------------------------------------------------------
Function    Best Rate MB/s  Avg time     Min time     Max time
Copy:           15938.8     0.000214     0.000197     0.000299
Scale:          12023.3     0.000271     0.000261     0.000300
Add:            13572.7     0.000390     0.000347     0.000481
Triad:          14268.9     0.000370     0.000330     0.000431
-------------------------------------------------------------
Solution Validates: avg error less than 1.000000e-06 on all three arrays
-------------------------------------------------------------



--- run 2 ---
-------------------------------------------------------------
STREAM (dynamic) version — custom malloc-based implementation
-------------------------------------------------------------
This system uses 4 bytes per array element.
-------------------------------------------------------------
Array size = 392362 (elements), Offset = 0 (elements)
Memory per array = 1.5 MiB (= 0.0 GiB).
Total memory required = 4.5 MiB (= 0.0 GiB).
Each kernel will be executed 228 times.
-------------------------------------------------------------
Function    Best Rate MB/s  Avg time     Min time     Max time
Copy:           16253.7     0.000218     0.000193     0.000324
Scale:          11850.1     0.000272     0.000265     0.000314
Add:            13563.3     0.000402     0.000347     0.000492
Triad:          13848.7     0.000396     0.000340     0.000456
-------------------------------------------------------------
Solution Validates: avg error less than 1.000000e-06 on all three arrays
-------------------------------------------------------------



--- run 3 ---
-------------------------------------------------------------
STREAM (dynamic) version — custom malloc-based implementation
-------------------------------------------------------------
This system uses 4 bytes per array element.
-------------------------------------------------------------
Array size = 392362 (elements), Offset = 0 (elements)
Memory per array = 1.5 MiB (= 0.0 GiB).
Total memory required = 4.5 MiB (= 0.0 GiB).
Each kernel will be executed 228 times.
-------------------------------------------------------------
Function    Best Rate MB/s  Avg time     Min time     Max time
Copy:           16016.4     0.000205     0.000196     0.000245
Scale:          12034.3     0.000272     0.000261     0.000310
Add:            13489.2     0.000370     0.000349     0.000463
Triad:          14227.8     0.000353     0.000331     0.000485
-------------------------------------------------------------
Solution Validates: avg error less than 1.000000e-06 on all three arrays
-------------------------------------------------------------



--- run 4 ---
-------------------------------------------------------------
STREAM (dynamic) version — custom malloc-based implementation
-------------------------------------------------------------
This system uses 4 bytes per array element.
-------------------------------------------------------------
Array size = 392362 (elements), Offset = 0 (elements)
Memory per array = 1.5 MiB (= 0.0 GiB).
Total memory required = 4.5 MiB (= 0.0 GiB).
Each kernel will be executed 228 times.
-------------------------------------------------------------
Function    Best Rate MB/s  Avg time     Min time     Max time
Copy:           16173.8     0.000211     0.000194     0.000327
Scale:          11925.3     0.000271     0.000263     0.000367
Add:            13572.7     0.000384     0.000347     0.000454
Triad:          14227.8     0.000381     0.000331     0.000504
-------------------------------------------------------------
Solution Validates: avg error less than 1.000000e-06 on all three arrays
-------------------------------------------------------------



--- run 5 ---
-------------------------------------------------------------
STREAM (dynamic) version — custom malloc-based implementation
-------------------------------------------------------------
This system uses 4 bytes per array element.
-------------------------------------------------------------
Array size = 392362 (elements), Offset = 0 (elements)
Memory per array = 1.5 MiB (= 0.0 GiB).
Total memory required = 4.5 MiB (= 0.0 GiB).
Each kernel will be executed 228 times.
-------------------------------------------------------------
Function    Best Rate MB/s  Avg time     Min time     Max time
Copy:           15786.0     0.000217     0.000199     0.000304
Scale:          11839.5     0.000271     0.000265     0.000307
Add:            13370.5     0.000406     0.000352     0.000473
Triad:          14446.4     0.000368     0.000326     0.000491
-------------------------------------------------------------
Solution Validates: avg error less than 1.000000e-06 on all three arrays
-------------------------------------------------------------



--- run 1 ---
-------------------------------------------------------------
STREAM (dynamic) version — custom malloc-based implementation
-------------------------------------------------------------
This system uses 4 bytes per array element.
-------------------------------------------------------------
Array size = 440405 (elements), Offset = 0 (elements)
Memory per array = 1.7 MiB (= 0.0 GiB).
Total memory required = 5.0 MiB (= 0.0 GiB).
Each kernel will be executed 203 times.
-------------------------------------------------------------
Function    Best Rate MB/s  Avg time     Min time     Max time
Copy:           15250.3     0.000250     0.000231     0.000439
Scale:          11737.5     0.000311     0.000300     0.000355
Add:            12126.0     0.000476     0.000436     0.000578
Triad:          12917.4     0.000459     0.000409     0.000569
-------------------------------------------------------------
Solution Validates: avg error less than 1.000000e-06 on all three arrays
-------------------------------------------------------------



--- run 2 ---
-------------------------------------------------------------
STREAM (dynamic) version — custom malloc-based implementation
-------------------------------------------------------------
This system uses 4 bytes per array element.
-------------------------------------------------------------
Array size = 440405 (elements), Offset = 0 (elements)
Memory per array = 1.7 MiB (= 0.0 GiB).
Total memory required = 5.0 MiB (= 0.0 GiB).
Each kernel will be executed 203 times.
-------------------------------------------------------------
Function    Best Rate MB/s  Avg time     Min time     Max time
Copy:           15588.1     0.000239     0.000226     0.000336
Scale:          11784.3     0.000311     0.000299     0.000351
Add:            12488.1     0.000452     0.000423     0.000535
Triad:          12985.5     0.000433     0.000407     0.000528
-------------------------------------------------------------
Solution Validates: avg error less than 1.000000e-06 on all three arrays
-------------------------------------------------------------



--- run 3 ---
-------------------------------------------------------------
STREAM (dynamic) version — custom malloc-based implementation
-------------------------------------------------------------
This system uses 4 bytes per array element.
-------------------------------------------------------------
Array size = 440405 (elements), Offset = 0 (elements)
Memory per array = 1.7 MiB (= 0.0 GiB).
Total memory required = 5.0 MiB (= 0.0 GiB).
Each kernel will be executed 203 times.
-------------------------------------------------------------
Function    Best Rate MB/s  Avg time     Min time     Max time
Copy:           15313.5     0.000242     0.000230     0.000321
Scale:          11860.0     0.000310     0.000297     0.000348
Add:            12321.5     0.000461     0.000429     0.000548
Triad:          12985.5     0.000445     0.000407     0.000545
-------------------------------------------------------------
Solution Validates: avg error less than 1.000000e-06 on all three arrays
-------------------------------------------------------------



--- run 4 ---
-------------------------------------------------------------
STREAM (dynamic) version — custom malloc-based implementation
-------------------------------------------------------------
This system uses 4 bytes per array element.
-------------------------------------------------------------
Array size = 440405 (elements), Offset = 0 (elements)
Memory per array = 1.7 MiB (= 0.0 GiB).
Total memory required = 5.0 MiB (= 0.0 GiB).
Each kernel will be executed 203 times.
-------------------------------------------------------------
Function    Best Rate MB/s  Avg time     Min time     Max time
Copy:           15313.5     0.000241     0.000230     0.000341
Scale:          11590.2     0.000311     0.000304     0.000357
Add:            12179.3     0.000458     0.000434     0.000584
Triad:          13016.0     0.000436     0.000406     0.000556
-------------------------------------------------------------
Solution Validates: avg error less than 1.000000e-06 on all three arrays
-------------------------------------------------------------



--- run 5 ---
-------------------------------------------------------------
STREAM (dynamic) version — custom malloc-based implementation
-------------------------------------------------------------
This system uses 4 bytes per array element.
-------------------------------------------------------------
Array size = 440405 (elements), Offset = 0 (elements)
Memory per array = 1.7 MiB (= 0.0 GiB).
Total memory required = 5.0 MiB (= 0.0 GiB).
Each kernel will be executed 203 times.
-------------------------------------------------------------
Function    Best Rate MB/s  Avg time     Min time     Max time
Copy:           15250.3     0.000244     0.000231     0.000429
Scale:          11746.9     0.000312     0.000300     0.000395
Add:            12199.4     0.000460     0.000433     0.000613
Triad:          13046.7     0.000432     0.000405     0.000589
-------------------------------------------------------------
Solution Validates: avg error less than 1.000000e-06 on all three arrays
-------------------------------------------------------------



--- run 1 ---
-------------------------------------------------------------
STREAM (dynamic) version — custom malloc-based implementation
-------------------------------------------------------------
This system uses 4 bytes per array element.
-------------------------------------------------------------
Array size = 494336 (elements), Offset = 0 (elements)
Memory per array = 1.9 MiB (= 0.0 GiB).
Total memory required = 5.7 MiB (= 0.0 GiB).
Each kernel will be executed 181 times.
-------------------------------------------------------------
Function    Best Rate MB/s  Avg time     Min time     Max time
Copy:           14486.6     0.000303     0.000273     0.000522
Scale:          11494.9     0.000355     0.000344     0.000411
Add:            11004.3     0.000609     0.000539     0.000700
Triad:          11887.6     0.000598     0.000499     0.000690
-------------------------------------------------------------
Solution Validates: avg error less than 1.000000e-06 on all three arrays
-------------------------------------------------------------



--- run 2 ---
-------------------------------------------------------------
STREAM (dynamic) version — custom malloc-based implementation
-------------------------------------------------------------
This system uses 4 bytes per array element.
-------------------------------------------------------------
Array size = 494336 (elements), Offset = 0 (elements)
Memory per array = 1.9 MiB (= 0.0 GiB).
Total memory required = 5.7 MiB (= 0.0 GiB).
Each kernel will be executed 181 times.
-------------------------------------------------------------
Function    Best Rate MB/s  Avg time     Min time     Max time
Copy:           14653.0     0.000293     0.000270     0.000464
Scale:          11534.9     0.000353     0.000343     0.000402
Add:            11273.6     0.000585     0.000526     0.000673
Triad:          11984.9     0.000559     0.000495     0.000661
-------------------------------------------------------------
Solution Validates: avg error less than 1.000000e-06 on all three arrays
-------------------------------------------------------------



--- run 3 ---
-------------------------------------------------------------
STREAM (dynamic) version — custom malloc-based implementation
-------------------------------------------------------------
This system uses 4 bytes per array element.
-------------------------------------------------------------
Array size = 494336 (elements), Offset = 0 (elements)
Memory per array = 1.9 MiB (= 0.0 GiB).
Total memory required = 5.7 MiB (= 0.0 GiB).
Each kernel will be executed 181 times.
-------------------------------------------------------------
Function    Best Rate MB/s  Avg time     Min time     Max time
Copy:           14704.9     0.000286     0.000269     0.000489
Scale:          11559.0     0.000350     0.000342     0.000396
Add:            11258.3     0.000562     0.000527     0.000661
Triad:          12031.3     0.000538     0.000493     0.000658
-------------------------------------------------------------
Solution Validates: avg error less than 1.000000e-06 on all three arrays
-------------------------------------------------------------



--- run 4 ---
-------------------------------------------------------------
STREAM (dynamic) version — custom malloc-based implementation
-------------------------------------------------------------
This system uses 4 bytes per array element.
-------------------------------------------------------------
Array size = 494336 (elements), Offset = 0 (elements)
Memory per array = 1.9 MiB (= 0.0 GiB).
Total memory required = 5.7 MiB (= 0.0 GiB).
Each kernel will be executed 181 times.
-------------------------------------------------------------
Function    Best Rate MB/s  Avg time     Min time     Max time
Copy:           14653.0     0.000302     0.000270     0.000482
Scale:          11494.9     0.000352     0.000344     0.000445
Add:            11192.4     0.000601     0.000530     0.000652
Triad:          12037.1     0.000581     0.000493     0.000690
-------------------------------------------------------------
Solution Validates: avg error less than 1.000000e-06 on all three arrays
-------------------------------------------------------------



--- run 5 ---
-------------------------------------------------------------
STREAM (dynamic) version — custom malloc-based implementation
-------------------------------------------------------------
This system uses 4 bytes per array element.
-------------------------------------------------------------
Array size = 494336 (elements), Offset = 0 (elements)
Memory per array = 1.9 MiB (= 0.0 GiB).
Total memory required = 5.7 MiB (= 0.0 GiB).
Each kernel will be executed 181 times.
-------------------------------------------------------------
Function    Best Rate MB/s  Avg time     Min time     Max time
Copy:           14704.9     0.000302     0.000269     0.000488
Scale:          11567.1     0.000356     0.000342     0.000506
Add:            11132.3     0.000603     0.000533     0.000713
Triad:          11814.2     0.000601     0.000502     0.000664
-------------------------------------------------------------
Solution Validates: avg error less than 1.000000e-06 on all three arrays
-------------------------------------------------------------



--- run 1 ---
-------------------------------------------------------------
STREAM (dynamic) version — custom malloc-based implementation
-------------------------------------------------------------
This system uses 4 bytes per array element.
-------------------------------------------------------------
Array size = 554837 (elements), Offset = 0 (elements)
Memory per array = 2.1 MiB (= 0.0 GiB).
Total memory required = 6.3 MiB (= 0.0 GiB).
Each kernel will be executed 161 times.
-------------------------------------------------------------
Function    Best Rate MB/s  Avg time     Min time     Max time
Copy:           14465.6     0.000344     0.000307     0.000566
Scale:          11679.6     0.000391     0.000380     0.000433
Add:            10650.6     0.000709     0.000625     0.000770
Triad:          11421.6     0.000683     0.000583     0.000742
-------------------------------------------------------------
Solution Validates: avg error less than 1.000000e-06 on all three arrays
-------------------------------------------------------------



--- run 2 ---
-------------------------------------------------------------
STREAM (dynamic) version — custom malloc-based implementation
-------------------------------------------------------------
This system uses 4 bytes per array element.
-------------------------------------------------------------
Array size = 554837 (elements), Offset = 0 (elements)
Memory per array = 2.1 MiB (= 0.0 GiB).
Total memory required = 6.3 MiB (= 0.0 GiB).
Each kernel will be executed 161 times.
-------------------------------------------------------------
Function    Best Rate MB/s  Avg time     Min time     Max time
Copy:           14556.1     0.000331     0.000305     0.000583
Scale:          11585.1     0.000393     0.000383     0.000430
Add:            10622.2     0.000680     0.000627     0.000849
Triad:          11558.7     0.000628     0.000576     0.000763
-------------------------------------------------------------
Solution Validates: avg error less than 1.000000e-06 on all three arrays
-------------------------------------------------------------



--- run 3 ---
-------------------------------------------------------------
STREAM (dynamic) version — custom malloc-based implementation
-------------------------------------------------------------
This system uses 4 bytes per array element.
-------------------------------------------------------------
Array size = 554837 (elements), Offset = 0 (elements)
Memory per array = 2.1 MiB (= 0.0 GiB).
Total memory required = 6.3 MiB (= 0.0 GiB).
Each kernel will be executed 161 times.
-------------------------------------------------------------
Function    Best Rate MB/s  Avg time     Min time     Max time
Copy:           14601.8     0.000333     0.000304     0.000561
Scale:          11716.3     0.000387     0.000379     0.000465
Add:            10703.7     0.000667     0.000622     0.000775
Triad:          11440.3     0.000654     0.000582     0.000730
-------------------------------------------------------------
Solution Validates: avg error less than 1.000000e-06 on all three arrays
-------------------------------------------------------------



--- run 4 ---
-------------------------------------------------------------
STREAM (dynamic) version — custom malloc-based implementation
-------------------------------------------------------------
This system uses 4 bytes per array element.
-------------------------------------------------------------
Array size = 554837 (elements), Offset = 0 (elements)
Memory per array = 2.1 MiB (= 0.0 GiB).
Total memory required = 6.3 MiB (= 0.0 GiB).
Each kernel will be executed 161 times.
-------------------------------------------------------------
Function    Best Rate MB/s  Avg time     Min time     Max time
Copy:           14465.6     0.000347     0.000307     0.000563
Scale:          11592.3     0.000392     0.000383     0.000435
Add:            10683.2     0.000699     0.000623     0.000758
Triad:          11597.1     0.000659     0.000574     0.000719
-------------------------------------------------------------
Solution Validates: avg error less than 1.000000e-06 on all three arrays
-------------------------------------------------------------



--- run 5 ---
-------------------------------------------------------------
STREAM (dynamic) version — custom malloc-based implementation
-------------------------------------------------------------
This system uses 4 bytes per array element.
-------------------------------------------------------------
Array size = 554837 (elements), Offset = 0 (elements)
Memory per array = 2.1 MiB (= 0.0 GiB).
Total memory required = 6.3 MiB (= 0.0 GiB).
Each kernel will be executed 161 times.
-------------------------------------------------------------
Function    Best Rate MB/s  Avg time     Min time     Max time
Copy:           14510.7     0.000346     0.000306     0.000565
Scale:          11650.3     0.000392     0.000381     0.000459
Add:            10634.4     0.000692     0.000626     0.000815
Triad:          11361.2     0.000676     0.000586     0.000760
-------------------------------------------------------------
Solution Validates: avg error less than 1.000000e-06 on all three arrays
-------------------------------------------------------------



--- run 1 ---
-------------------------------------------------------------
STREAM (dynamic) version — custom malloc-based implementation
-------------------------------------------------------------
This system uses 4 bytes per array element.
-------------------------------------------------------------
Array size = 622762 (elements), Offset = 0 (elements)
Memory per array = 2.4 MiB (= 0.0 GiB).
Total memory required = 7.1 MiB (= 0.0 GiB).
Each kernel will be executed 143 times.
-------------------------------------------------------------
Function    Best Rate MB/s  Avg time     Min time     Max time
Copy:           14119.2     0.000402     0.000353     0.000632
Scale:          11947.6     0.000431     0.000417     0.000712
Add:            10210.0     0.000809     0.000732     0.000866
Triad:          10891.1     0.000779     0.000686     0.000862
-------------------------------------------------------------
Solution Validates: avg error less than 1.000000e-06 on all three arrays
-------------------------------------------------------------



--- run 2 ---
-------------------------------------------------------------
STREAM (dynamic) version — custom malloc-based implementation
-------------------------------------------------------------
This system uses 4 bytes per array element.
-------------------------------------------------------------
Array size = 622762 (elements), Offset = 0 (elements)
Memory per array = 2.4 MiB (= 0.0 GiB).
Total memory required = 7.1 MiB (= 0.0 GiB).
Each kernel will be executed 143 times.
-------------------------------------------------------------
Function    Best Rate MB/s  Avg time     Min time     Max time
Copy:           14157.5     0.000392     0.000352     0.000591
Scale:          12009.4     0.000435     0.000415     0.000658
Add:            10434.3     0.000781     0.000716     0.000911
Triad:          10860.9     0.000773     0.000688     0.000871
-------------------------------------------------------------
Solution Validates: avg error less than 1.000000e-06 on all three arrays
-------------------------------------------------------------



--- run 3 ---
-------------------------------------------------------------
STREAM (dynamic) version — custom malloc-based implementation
-------------------------------------------------------------
This system uses 4 bytes per array element.
-------------------------------------------------------------
Array size = 622762 (elements), Offset = 0 (elements)
Memory per array = 2.4 MiB (= 0.0 GiB).
Total memory required = 7.1 MiB (= 0.0 GiB).
Each kernel will be executed 143 times.
-------------------------------------------------------------
Function    Best Rate MB/s  Avg time     Min time     Max time
Copy:           14273.5     0.000374     0.000349     0.000590
Scale:          11920.4     0.000427     0.000418     0.000531
Add:            10392.8     0.000782     0.000719     0.000888
Triad:          10990.4     0.000734     0.000680     0.000854
-------------------------------------------------------------
Solution Validates: avg error less than 1.000000e-06 on all three arrays
-------------------------------------------------------------



--- run 4 ---
-------------------------------------------------------------
STREAM (dynamic) version — custom malloc-based implementation
-------------------------------------------------------------
This system uses 4 bytes per array element.
-------------------------------------------------------------
Array size = 622762 (elements), Offset = 0 (elements)
Memory per array = 2.4 MiB (= 0.0 GiB).
Total memory required = 7.1 MiB (= 0.0 GiB).
Each kernel will be executed 143 times.
-------------------------------------------------------------
Function    Best Rate MB/s  Avg time     Min time     Max time
Copy:           14234.6     0.000366     0.000350     0.000577
Scale:          11975.0     0.000424     0.000416     0.000461
Add:            10469.2     0.000738     0.000714     0.000828
Triad:          10959.7     0.000706     0.000682     0.000886
-------------------------------------------------------------
Solution Validates: avg error less than 1.000000e-06 on all three arrays
-------------------------------------------------------------



--- run 5 ---
-------------------------------------------------------------
STREAM (dynamic) version — custom malloc-based implementation
-------------------------------------------------------------
This system uses 4 bytes per array element.
-------------------------------------------------------------
Array size = 622762 (elements), Offset = 0 (elements)
Memory per array = 2.4 MiB (= 0.0 GiB).
Total memory required = 7.1 MiB (= 0.0 GiB).
Each kernel will be executed 143 times.
-------------------------------------------------------------
Function    Best Rate MB/s  Avg time     Min time     Max time
Copy:           14119.2     0.000401     0.000353     0.000655
Scale:          11920.4     0.000429     0.000418     0.000500
Add:            10420.4     0.000789     0.000717     0.000951
Triad:          10894.9     0.000790     0.000686     0.000903
-------------------------------------------------------------
Solution Validates: avg error less than 1.000000e-06 on all three arrays
-------------------------------------------------------------



--- run 1 ---
-------------------------------------------------------------
STREAM (dynamic) version — custom malloc-based implementation
-------------------------------------------------------------
This system uses 4 bytes per array element.
-------------------------------------------------------------
Array size = 699050 (elements), Offset = 0 (elements)
Memory per array = 2.7 MiB (= 0.0 GiB).
Total memory required = 8.0 MiB (= 0.0 GiB).
Each kernel will be executed 128 times.
-------------------------------------------------------------
Function    Best Rate MB/s  Avg time     Min time     Max time
Copy:           14020.5     0.000429     0.000399     0.000782
Scale:          12109.6     0.000469     0.000462     0.000533
Add:            10318.0     0.000848     0.000813     0.001015
Triad:          10710.6     0.000820     0.000783     0.000989
-------------------------------------------------------------
Solution Validates: avg error less than 1.000000e-06 on all three arrays
-------------------------------------------------------------



--- run 2 ---
-------------------------------------------------------------
STREAM (dynamic) version — custom malloc-based implementation
-------------------------------------------------------------
This system uses 4 bytes per array element.
-------------------------------------------------------------
Array size = 699050 (elements), Offset = 0 (elements)
Memory per array = 2.7 MiB (= 0.0 GiB).
Total memory required = 8.0 MiB (= 0.0 GiB).
Each kernel will be executed 128 times.
-------------------------------------------------------------
Function    Best Rate MB/s  Avg time     Min time     Max time
Copy:           14020.5     0.000429     0.000399     0.000696
Scale:          12159.8     0.000474     0.000460     0.000651
Add:            10354.4     0.000861     0.000810     0.000998
Triad:          10632.9     0.000844     0.000789     0.001007
-------------------------------------------------------------
Solution Validates: avg error less than 1.000000e-06 on all three arrays
-------------------------------------------------------------



--- run 3 ---
-------------------------------------------------------------
STREAM (dynamic) version — custom malloc-based implementation
-------------------------------------------------------------
This system uses 4 bytes per array element.
-------------------------------------------------------------
Array size = 699050 (elements), Offset = 0 (elements)
Memory per array = 2.7 MiB (= 0.0 GiB).
Total memory required = 8.0 MiB (= 0.0 GiB).
Each kernel will be executed 128 times.
-------------------------------------------------------------
Function    Best Rate MB/s  Avg time     Min time     Max time
Copy:           14054.1     0.000460     0.000398     0.000739
Scale:          12109.6     0.000468     0.000462     0.000568
Add:            10239.9     0.000895     0.000819     0.000963
Triad:          10700.8     0.000870     0.000784     0.000968
-------------------------------------------------------------
Solution Validates: avg error less than 1.000000e-06 on all three arrays
-------------------------------------------------------------



--- run 4 ---
-------------------------------------------------------------
STREAM (dynamic) version — custom malloc-based implementation
-------------------------------------------------------------
This system uses 4 bytes per array element.
-------------------------------------------------------------
Array size = 699050 (elements), Offset = 0 (elements)
Memory per array = 2.7 MiB (= 0.0 GiB).
Total memory required = 8.0 MiB (= 0.0 GiB).
Each kernel will be executed 128 times.
-------------------------------------------------------------
Function    Best Rate MB/s  Avg time     Min time     Max time
Copy:           14054.1     0.000431     0.000398     0.000633
Scale:          12109.6     0.000469     0.000462     0.000524
Add:            10342.3     0.000863     0.000811     0.000959
Triad:          10684.6     0.000844     0.000785     0.000958
-------------------------------------------------------------
Solution Validates: avg error less than 1.000000e-06 on all three arrays
-------------------------------------------------------------



--- run 5 ---
-------------------------------------------------------------
STREAM (dynamic) version — custom malloc-based implementation
-------------------------------------------------------------
This system uses 4 bytes per array element.
-------------------------------------------------------------
Array size = 699050 (elements), Offset = 0 (elements)
Memory per array = 2.7 MiB (= 0.0 GiB).
Total memory required = 8.0 MiB (= 0.0 GiB).
Each kernel will be executed 128 times.
-------------------------------------------------------------
Function    Best Rate MB/s  Avg time     Min time     Max time
Copy:           13904.1     0.000466     0.000402     0.000801
Scale:          12053.6     0.000479     0.000464     0.000852
Add:            10293.8     0.000905     0.000815     0.001138
Triad:          10740.0     0.000875     0.000781     0.000968
-------------------------------------------------------------
Solution Validates: avg error less than 1.000000e-06 on all three arrays
-------------------------------------------------------------



--- run 1 ---
-------------------------------------------------------------
STREAM (dynamic) version — custom malloc-based implementation
-------------------------------------------------------------
This system uses 4 bytes per array element.
-------------------------------------------------------------
Array size = 784640 (elements), Offset = 0 (elements)
Memory per array = 3.0 MiB (= 0.0 GiB).
Total memory required = 9.0 MiB (= 0.0 GiB).
Each kernel will be executed 114 times.
-------------------------------------------------------------
Function    Best Rate MB/s  Avg time     Min time     Max time
Copy:           13712.6     0.000535     0.000458     0.000883
Scale:          12308.6     0.000519     0.000510     0.000584
Add:            10281.8     0.001012     0.000916     0.001106
Triad:          10545.3     0.001004     0.000893     0.001123
-------------------------------------------------------------
Solution Validates: avg error less than 1.000000e-06 on all three arrays
-------------------------------------------------------------



--- run 2 ---
-------------------------------------------------------------
STREAM (dynamic) version — custom malloc-based implementation
-------------------------------------------------------------
This system uses 4 bytes per array element.
-------------------------------------------------------------
Array size = 784640 (elements), Offset = 0 (elements)
Memory per array = 3.0 MiB (= 0.0 GiB).
Total memory required = 9.0 MiB (= 0.0 GiB).
Each kernel will be executed 114 times.
-------------------------------------------------------------
Function    Best Rate MB/s  Avg time     Min time     Max time
Copy:           13982.0     0.000477     0.000449     0.000716
Scale:          12354.8     0.000518     0.000508     0.000550
Add:            10324.8     0.000940     0.000912     0.001116
Triad:          10531.3     0.000934     0.000894     0.001118
-------------------------------------------------------------
Solution Validates: avg error less than 1.000000e-06 on all three arrays
-------------------------------------------------------------



--- run 3 ---
-------------------------------------------------------------
STREAM (dynamic) version — custom malloc-based implementation
-------------------------------------------------------------
This system uses 4 bytes per array element.
-------------------------------------------------------------
Array size = 784640 (elements), Offset = 0 (elements)
Memory per array = 3.0 MiB (= 0.0 GiB).
Total memory required = 9.0 MiB (= 0.0 GiB).
Each kernel will be executed 114 times.
-------------------------------------------------------------
Function    Best Rate MB/s  Avg time     Min time     Max time
Copy:           13856.9     0.000495     0.000453     0.000810
Scale:          12331.7     0.000516     0.000509     0.000554
Add:            10311.3     0.001007     0.000913     0.001078
Triad:          10579.2     0.000953     0.000890     0.001068
-------------------------------------------------------------
Solution Validates: avg error less than 1.000000e-06 on all three arrays
-------------------------------------------------------------



--- run 4 ---
-------------------------------------------------------------
STREAM (dynamic) version — custom malloc-based implementation
-------------------------------------------------------------
This system uses 4 bytes per array element.
-------------------------------------------------------------
Array size = 784640 (elements), Offset = 0 (elements)
Memory per array = 3.0 MiB (= 0.0 GiB).
Total memory required = 9.0 MiB (= 0.0 GiB).
Each kernel will be executed 114 times.
-------------------------------------------------------------
Function    Best Rate MB/s  Avg time     Min time     Max time
Copy:           13886.2     0.000512     0.000452     0.000807
Scale:          12285.7     0.000520     0.000511     0.000578
Add:            10324.8     0.000983     0.000912     0.001171
Triad:          10486.5     0.000984     0.000898     0.001094
-------------------------------------------------------------
Solution Validates: avg error less than 1.000000e-06 on all three arrays
-------------------------------------------------------------



--- run 5 ---
-------------------------------------------------------------
STREAM (dynamic) version — custom malloc-based implementation
-------------------------------------------------------------
This system uses 4 bytes per array element.
-------------------------------------------------------------
Array size = 784640 (elements), Offset = 0 (elements)
Memory per array = 3.0 MiB (= 0.0 GiB).
Total memory required = 9.0 MiB (= 0.0 GiB).
Each kernel will be executed 114 times.
-------------------------------------------------------------
Function    Best Rate MB/s  Avg time     Min time     Max time
Copy:           13886.2     0.000477     0.000452     0.000782
Scale:          12337.5     0.000518     0.000509     0.000583
Add:            10300.5     0.000945     0.000914     0.001095
Triad:          10520.0     0.000924     0.000895     0.001105
-------------------------------------------------------------
Solution Validates: avg error less than 1.000000e-06 on all three arrays
-------------------------------------------------------------



--- run 1 ---
-------------------------------------------------------------
STREAM (dynamic) version — custom malloc-based implementation
-------------------------------------------------------------
This system uses 4 bytes per array element.
-------------------------------------------------------------
Array size = 880725 (elements), Offset = 0 (elements)
Memory per array = 3.4 MiB (= 0.0 GiB).
Total memory required = 10.1 MiB (= 0.0 GiB).
Each kernel will be executed 101 times.
-------------------------------------------------------------
Function    Best Rate MB/s  Avg time     Min time     Max time
Copy:           13738.8     0.000548     0.000513     0.000949
Scale:          12469.3     0.000578     0.000565     0.000795
Add:            10371.6     0.001066     0.001019     0.001209
Triad:          10536.8     0.001066     0.001003     0.001243
-------------------------------------------------------------
Solution Validates: avg error less than 1.000000e-06 on all three arrays
-------------------------------------------------------------



--- run 2 ---
-------------------------------------------------------------
STREAM (dynamic) version — custom malloc-based implementation
-------------------------------------------------------------
This system uses 4 bytes per array element.
-------------------------------------------------------------
Array size = 880725 (elements), Offset = 0 (elements)
Memory per array = 3.4 MiB (= 0.0 GiB).
Total memory required = 10.1 MiB (= 0.0 GiB).
Each kernel will be executed 101 times.
-------------------------------------------------------------
Function    Best Rate MB/s  Avg time     Min time     Max time
Copy:           13783.7     0.000539     0.000511     0.000815
Scale:          12448.3     0.000575     0.000566     0.000669
Add:            10342.6     0.001065     0.001022     0.001257
Triad:          10526.8     0.001055     0.001004     0.001190
-------------------------------------------------------------
Solution Validates: avg error less than 1.000000e-06 on all three arrays
-------------------------------------------------------------



--- run 3 ---
-------------------------------------------------------------
STREAM (dynamic) version — custom malloc-based implementation
-------------------------------------------------------------
This system uses 4 bytes per array element.
-------------------------------------------------------------
Array size = 880725 (elements), Offset = 0 (elements)
Memory per array = 3.4 MiB (= 0.0 GiB).
Total memory required = 10.1 MiB (= 0.0 GiB).
Each kernel will be executed 101 times.
-------------------------------------------------------------
Function    Best Rate MB/s  Avg time     Min time     Max time
Copy:           13681.6     0.000537     0.000515     0.000867
Scale:          12448.3     0.000574     0.000566     0.000635
Add:            10352.3     0.001047     0.001021     0.001189
Triad:          10514.3     0.001039     0.001005     0.001145
-------------------------------------------------------------
Solution Validates: avg error less than 1.000000e-06 on all three arrays
-------------------------------------------------------------



--- run 4 ---
-------------------------------------------------------------
STREAM (dynamic) version — custom malloc-based implementation
-------------------------------------------------------------
This system uses 4 bytes per array element.
-------------------------------------------------------------
Array size = 880725 (elements), Offset = 0 (elements)
Memory per array = 3.4 MiB (= 0.0 GiB).
Total memory required = 10.1 MiB (= 0.0 GiB).
Each kernel will be executed 101 times.
-------------------------------------------------------------
Function    Best Rate MB/s  Avg time     Min time     Max time
Copy:           13707.0     0.000549     0.000514     0.000853
Scale:          12490.4     0.000576     0.000564     0.000634
Add:            10342.6     0.001077     0.001022     0.001251
Triad:          10454.8     0.001081     0.001011     0.001220
-------------------------------------------------------------
Solution Validates: avg error less than 1.000000e-06 on all three arrays
-------------------------------------------------------------



--- run 5 ---
-------------------------------------------------------------
STREAM (dynamic) version — custom malloc-based implementation
-------------------------------------------------------------
This system uses 4 bytes per array element.
-------------------------------------------------------------
Array size = 880725 (elements), Offset = 0 (elements)
Memory per array = 3.4 MiB (= 0.0 GiB).
Total memory required = 10.1 MiB (= 0.0 GiB).
Each kernel will be executed 101 times.
-------------------------------------------------------------
Function    Best Rate MB/s  Avg time     Min time     Max time
Copy:           13732.4     0.000555     0.000513     0.000838
Scale:          12448.3     0.000578     0.000566     0.000622
Add:            10352.3     0.001098     0.001021     0.001228
Triad:          10474.6     0.001102     0.001009     0.001241
-------------------------------------------------------------
Solution Validates: avg error less than 1.000000e-06 on all three arrays
-------------------------------------------------------------



--- run 1 ---
-------------------------------------------------------------
STREAM (dynamic) version — custom malloc-based implementation
-------------------------------------------------------------
This system uses 4 bytes per array element.
-------------------------------------------------------------
Array size = 988586 (elements), Offset = 0 (elements)
Memory per array = 3.8 MiB (= 0.0 GiB).
Total memory required = 11.3 MiB (= 0.0 GiB).
Each kernel will be executed 90 times.
-------------------------------------------------------------
Function    Best Rate MB/s  Avg time     Min time     Max time
Copy:           13589.3     0.000676     0.000582     0.001090
Scale:          12512.8     0.000642     0.000632     0.000715
Add:            10379.0     0.001248     0.001143     0.001374
Triad:          10435.6     0.001270     0.001137     0.001389
-------------------------------------------------------------
Solution Validates: avg error less than 1.000000e-06 on all three arrays
-------------------------------------------------------------



--- run 2 ---
-------------------------------------------------------------
STREAM (dynamic) version — custom malloc-based implementation
-------------------------------------------------------------
This system uses 4 bytes per array element.
-------------------------------------------------------------
Array size = 988586 (elements), Offset = 0 (elements)
Memory per array = 3.8 MiB (= 0.0 GiB).
Total memory required = 11.3 MiB (= 0.0 GiB).
Each kernel will be executed 90 times.
-------------------------------------------------------------
Function    Best Rate MB/s  Avg time     Min time     Max time
Copy:           13634.0     0.000662     0.000580     0.001071
Scale:          12512.8     0.000642     0.000632     0.000699
Add:            10370.4     0.001242     0.001144     0.001399
Triad:           9676.6     0.001278     0.001226     0.001449
-------------------------------------------------------------
Solution Validates: avg error less than 1.000000e-06 on all three arrays
-------------------------------------------------------------



--- run 3 ---
-------------------------------------------------------------
STREAM (dynamic) version — custom malloc-based implementation
-------------------------------------------------------------
This system uses 4 bytes per array element.
-------------------------------------------------------------
Array size = 988586 (elements), Offset = 0 (elements)
Memory per array = 3.8 MiB (= 0.0 GiB).
Total memory required = 11.3 MiB (= 0.0 GiB).
Each kernel will be executed 90 times.
-------------------------------------------------------------
Function    Best Rate MB/s  Avg time     Min time     Max time
Copy:           13522.8     0.000658     0.000585     0.001045
Scale:          12555.4     0.000640     0.000630     0.000681
Add:            10353.1     0.001226     0.001146     0.001338
Triad:          10462.0     0.001212     0.001134     0.001328
-------------------------------------------------------------
Solution Validates: avg error less than 1.000000e-06 on all three arrays
-------------------------------------------------------------



--- run 4 ---
-------------------------------------------------------------
STREAM (dynamic) version — custom malloc-based implementation
-------------------------------------------------------------
This system uses 4 bytes per array element.
-------------------------------------------------------------
Array size = 988586 (elements), Offset = 0 (elements)
Memory per array = 3.8 MiB (= 0.0 GiB).
Total memory required = 11.3 MiB (= 0.0 GiB).
Each kernel will be executed 90 times.
-------------------------------------------------------------
Function    Best Rate MB/s  Avg time     Min time     Max time
Copy:           13656.4     0.000652     0.000579     0.001419
Scale:          12517.5     0.000660     0.000632     0.001105
Add:            10368.2     0.001244     0.001144     0.001415
Triad:          10453.2     0.001273     0.001135     0.001407
-------------------------------------------------------------
Solution Validates: avg error less than 1.000000e-06 on all three arrays
-------------------------------------------------------------



--- run 5 ---
-------------------------------------------------------------
STREAM (dynamic) version — custom malloc-based implementation
-------------------------------------------------------------
This system uses 4 bytes per array element.
-------------------------------------------------------------
Array size = 988586 (elements), Offset = 0 (elements)
Memory per array = 3.8 MiB (= 0.0 GiB).
Total memory required = 11.3 MiB (= 0.0 GiB).
Each kernel will be executed 90 times.
-------------------------------------------------------------
Function    Best Rate MB/s  Avg time     Min time     Max time
Copy:           13544.9     0.000618     0.000584     0.000973
Scale:          12517.5     0.000640     0.000632     0.000678
Add:            10368.2     0.001202     0.001144     0.001363
Triad:          10508.4     0.001190     0.001129     0.001412
-------------------------------------------------------------
Solution Validates: avg error less than 1.000000e-06 on all three arrays
-------------------------------------------------------------



--- run 1 ---
-------------------------------------------------------------
STREAM (dynamic) version — custom malloc-based implementation
-------------------------------------------------------------
This system uses 4 bytes per array element.
-------------------------------------------------------------
Array size = 1109674 (elements), Offset = 0 (elements)
Memory per array = 4.2 MiB (= 0.0 GiB).
Total memory required = 12.7 MiB (= 0.0 GiB).
Each kernel will be executed 80 times.
-------------------------------------------------------------
Function    Best Rate MB/s  Avg time     Min time     Max time
Copy:           13471.2     0.000742     0.000659     0.001184
Scale:          12558.0     0.000727     0.000707     0.001255
Add:            10321.9     0.001398     0.001290     0.001506
Triad:          10492.5     0.001371     0.001269     0.001533
-------------------------------------------------------------
Solution Validates: avg error less than 1.000000e-06 on all three arrays
-------------------------------------------------------------



--- run 2 ---
-------------------------------------------------------------
STREAM (dynamic) version — custom malloc-based implementation
-------------------------------------------------------------
This system uses 4 bytes per array element.
-------------------------------------------------------------
Array size = 1109674 (elements), Offset = 0 (elements)
Memory per array = 4.2 MiB (= 0.0 GiB).
Total memory required = 12.7 MiB (= 0.0 GiB).
Each kernel will be executed 80 times.
-------------------------------------------------------------
Function    Best Rate MB/s  Avg time     Min time     Max time
Copy:           13413.0     0.000744     0.000662     0.001207
Scale:          12575.0     0.000715     0.000706     0.000822
Add:            10420.1     0.001381     0.001278     0.001458
Triad:          10468.9     0.001385     0.001272     0.001489
-------------------------------------------------------------
Solution Validates: avg error less than 1.000000e-06 on all three arrays
-------------------------------------------------------------



--- run 3 ---
-------------------------------------------------------------
STREAM (dynamic) version — custom malloc-based implementation
-------------------------------------------------------------
This system uses 4 bytes per array element.
-------------------------------------------------------------
Array size = 1109674 (elements), Offset = 0 (elements)
Memory per array = 4.2 MiB (= 0.0 GiB).
Total memory required = 12.7 MiB (= 0.0 GiB).
Each kernel will be executed 80 times.
-------------------------------------------------------------
Function    Best Rate MB/s  Avg time     Min time     Max time
Copy:           13451.8     0.000680     0.000660     0.001018
Scale:          12541.1     0.000711     0.000708     0.000755
Add:            10387.2     0.001326     0.001282     0.001447
Triad:          10542.0     0.001298     0.001263     0.001522
-------------------------------------------------------------
Solution Validates: avg error less than 1.000000e-06 on all three arrays
-------------------------------------------------------------



--- run 4 ---
-------------------------------------------------------------
STREAM (dynamic) version — custom malloc-based implementation
-------------------------------------------------------------
This system uses 4 bytes per array element.
-------------------------------------------------------------
Array size = 1109674 (elements), Offset = 0 (elements)
Memory per array = 4.2 MiB (= 0.0 GiB).
Total memory required = 12.7 MiB (= 0.0 GiB).
Each kernel will be executed 80 times.
-------------------------------------------------------------
Function    Best Rate MB/s  Avg time     Min time     Max time
Copy:           13515.2     0.000742     0.000657     0.001160
Scale:          12575.0     0.000721     0.000706     0.000955
Add:            10435.7     0.001390     0.001276     0.001546
Triad:          10453.3     0.001369     0.001274     0.001523
-------------------------------------------------------------
Solution Validates: avg error less than 1.000000e-06 on all three arrays
-------------------------------------------------------------



--- run 5 ---
-------------------------------------------------------------
STREAM (dynamic) version — custom malloc-based implementation
-------------------------------------------------------------
This system uses 4 bytes per array element.
-------------------------------------------------------------
Array size = 1109674 (elements), Offset = 0 (elements)
Memory per array = 4.2 MiB (= 0.0 GiB).
Total memory required = 12.7 MiB (= 0.0 GiB).
Each kernel will be executed 80 times.
-------------------------------------------------------------
Function    Best Rate MB/s  Avg time     Min time     Max time
Copy:           13554.6     0.000756     0.000655     0.001148
Scale:          12558.0     0.000719     0.000707     0.000993
Add:            10412.3     0.001409     0.001279     0.001527
Triad:          10468.9     0.001397     0.001272     0.001481
-------------------------------------------------------------
Solution Validates: avg error less than 1.000000e-06 on all three arrays
-------------------------------------------------------------



--- run 1 ---
-------------------------------------------------------------
STREAM (dynamic) version — custom malloc-based implementation
-------------------------------------------------------------
This system uses 4 bytes per array element.
-------------------------------------------------------------
Array size = 1245525 (elements), Offset = 0 (elements)
Memory per array = 4.8 MiB (= 0.0 GiB).
Total memory required = 14.3 MiB (= 0.0 GiB).
Each kernel will be executed 71 times.
-------------------------------------------------------------
Function    Best Rate MB/s  Avg time     Min time     Max time
Copy:           13446.9     0.000814     0.000741     0.001228
Scale:          12550.4     0.000808     0.000794     0.000841
Add:            10444.7     0.001534     0.001431     0.001737
Triad:          10481.4     0.001540     0.001426     0.001715
-------------------------------------------------------------
Solution Validates: avg error less than 1.000000e-06 on all three arrays
-------------------------------------------------------------



--- run 2 ---
-------------------------------------------------------------
STREAM (dynamic) version — custom malloc-based implementation
-------------------------------------------------------------
This system uses 4 bytes per array element.
-------------------------------------------------------------
Array size = 1245525 (elements), Offset = 0 (elements)
Memory per array = 4.8 MiB (= 0.0 GiB).
Total memory required = 14.3 MiB (= 0.0 GiB).
Each kernel will be executed 71 times.
-------------------------------------------------------------
Function    Best Rate MB/s  Avg time     Min time     Max time
Copy:           12891.1     0.000873     0.000773     0.001296
Scale:          12614.8     0.000801     0.000790     0.000854
Add:            10394.5     0.001595     0.001438     0.001654
Triad:          10245.0     0.001600     0.001459     0.001704
-------------------------------------------------------------
Solution Validates: avg error less than 1.000000e-06 on all three arrays
-------------------------------------------------------------



--- run 3 ---
-------------------------------------------------------------
STREAM (dynamic) version — custom malloc-based implementation
-------------------------------------------------------------
This system uses 4 bytes per array element.
-------------------------------------------------------------
Array size = 1245525 (elements), Offset = 0 (elements)
Memory per array = 4.8 MiB (= 0.0 GiB).
Total memory required = 14.3 MiB (= 0.0 GiB).
Each kernel will be executed 71 times.
-------------------------------------------------------------
Function    Best Rate MB/s  Avg time     Min time     Max time
Copy:           13555.9     0.000784     0.000735     0.001354
Scale:          12580.6     0.000802     0.000792     0.000868
Add:            10422.2     0.001468     0.001434     0.001692
Triad:          10481.4     0.001465     0.001426     0.001623
-------------------------------------------------------------
Solution Validates: avg error less than 1.000000e-06 on all three arrays
-------------------------------------------------------------



--- run 4 ---
-------------------------------------------------------------
STREAM (dynamic) version — custom malloc-based implementation
-------------------------------------------------------------
This system uses 4 bytes per array element.
-------------------------------------------------------------
Array size = 1245525 (elements), Offset = 0 (elements)
Memory per array = 4.8 MiB (= 0.0 GiB).
Total memory required = 14.3 MiB (= 0.0 GiB).
Each kernel will be executed 71 times.
-------------------------------------------------------------
Function    Best Rate MB/s  Avg time     Min time     Max time
Copy:           13481.6     0.000809     0.000739     0.001222
Scale:          12599.6     0.000804     0.000791     0.000842
Add:            10415.2     0.001515     0.001435     0.001728
Triad:          10458.7     0.001523     0.001429     0.001720
-------------------------------------------------------------
Solution Validates: avg error less than 1.000000e-06 on all three arrays
-------------------------------------------------------------



--- run 5 ---
-------------------------------------------------------------
STREAM (dynamic) version — custom malloc-based implementation
-------------------------------------------------------------
This system uses 4 bytes per array element.
-------------------------------------------------------------
Array size = 1245525 (elements), Offset = 0 (elements)
Memory per array = 4.8 MiB (= 0.0 GiB).
Total memory required = 14.3 MiB (= 0.0 GiB).
Each kernel will be executed 71 times.
-------------------------------------------------------------
Function    Best Rate MB/s  Avg time     Min time     Max time
Copy:           13481.6     0.000794     0.000739     0.001289
Scale:          12580.6     0.000803     0.000792     0.000894
Add:            10444.7     0.001494     0.001431     0.001657
Triad:          10451.7     0.001515     0.001430     0.001662
-------------------------------------------------------------
Solution Validates: avg error less than 1.000000e-06 on all three arrays
-------------------------------------------------------------



--- run 1 ---
-------------------------------------------------------------
STREAM (dynamic) version — custom malloc-based implementation
-------------------------------------------------------------
This system uses 4 bytes per array element.
-------------------------------------------------------------
Array size = 1398101 (elements), Offset = 0 (elements)
Memory per array = 5.3 MiB (= 0.0 GiB).
Total memory required = 16.0 MiB (= 0.0 GiB).
Each kernel will be executed 64 times.
-------------------------------------------------------------
Function    Best Rate MB/s  Avg time     Min time     Max time
Copy:           13554.6     0.000874     0.000825     0.001453
Scale:          12610.9     0.000907     0.000887     0.000986
Add:            10452.9     0.001694     0.001605     0.001850
Triad:          10446.7     0.001693     0.001606     0.001841
-------------------------------------------------------------
Solution Validates: avg error less than 1.000000e-06 on all three arrays
-------------------------------------------------------------



--- run 2 ---
-------------------------------------------------------------
STREAM (dynamic) version — custom malloc-based implementation
-------------------------------------------------------------
This system uses 4 bytes per array element.
-------------------------------------------------------------
Array size = 1398101 (elements), Offset = 0 (elements)
Memory per array = 5.3 MiB (= 0.0 GiB).
Total memory required = 16.0 MiB (= 0.0 GiB).
Each kernel will be executed 64 times.
-------------------------------------------------------------
Function    Best Rate MB/s  Avg time     Min time     Max time
Copy:           13523.3     0.000867     0.000827     0.001224
Scale:          12610.9     0.000900     0.000887     0.001115
Add:            10426.5     0.001634     0.001609     0.001807
Triad:          10504.4     0.001624     0.001597     0.001778
-------------------------------------------------------------
Solution Validates: avg error less than 1.000000e-06 on all three arrays
-------------------------------------------------------------



--- run 3 ---
-------------------------------------------------------------
STREAM (dynamic) version — custom malloc-based implementation
-------------------------------------------------------------
This system uses 4 bytes per array element.
-------------------------------------------------------------
Array size = 1398101 (elements), Offset = 0 (elements)
Memory per array = 5.3 MiB (= 0.0 GiB).
Total memory required = 16.0 MiB (= 0.0 GiB).
Each kernel will be executed 64 times.
-------------------------------------------------------------
Function    Best Rate MB/s  Avg time     Min time     Max time
Copy:           13507.8     0.000960     0.000828     0.001519
Scale:          12607.5     0.000900     0.000887     0.000945
Add:            10408.0     0.001764     0.001612     0.001881
Triad:          10493.4     0.001749     0.001599     0.001834
-------------------------------------------------------------
Solution Validates: avg error less than 1.000000e-06 on all three arrays
-------------------------------------------------------------



--- run 4 ---
-------------------------------------------------------------
STREAM (dynamic) version — custom malloc-based implementation
-------------------------------------------------------------
This system uses 4 bytes per array element.
-------------------------------------------------------------
Array size = 1398101 (elements), Offset = 0 (elements)
Memory per array = 5.3 MiB (= 0.0 GiB).
Total memory required = 16.0 MiB (= 0.0 GiB).
Each kernel will be executed 64 times.
-------------------------------------------------------------
Function    Best Rate MB/s  Avg time     Min time     Max time
Copy:           13476.7     0.001011     0.000830     0.001563
Scale:          12597.3     0.000904     0.000888     0.000963
Add:            10401.9     0.001761     0.001613     0.001925
Triad:          10485.6     0.001789     0.001600     0.001988
-------------------------------------------------------------
Solution Validates: avg error less than 1.000000e-06 on all three arrays
-------------------------------------------------------------



--- run 5 ---
-------------------------------------------------------------
STREAM (dynamic) version — custom malloc-based implementation
-------------------------------------------------------------
This system uses 4 bytes per array element.
-------------------------------------------------------------
Array size = 1398101 (elements), Offset = 0 (elements)
Memory per array = 5.3 MiB (= 0.0 GiB).
Total memory required = 16.0 MiB (= 0.0 GiB).
Each kernel will be executed 64 times.
-------------------------------------------------------------
Function    Best Rate MB/s  Avg time     Min time     Max time
Copy:           13492.2     0.000901     0.000829     0.001308
Scale:          12597.3     0.000899     0.000888     0.001012
Add:            10432.7     0.001713     0.001608     0.001822
Triad:          10466.9     0.001743     0.001603     0.001875
-------------------------------------------------------------
Solution Validates: avg error less than 1.000000e-06 on all three arrays
-------------------------------------------------------------



--- run 1 ---
-------------------------------------------------------------
STREAM (dynamic) version — custom malloc-based implementation
-------------------------------------------------------------
This system uses 4 bytes per array element.
-------------------------------------------------------------
Array size = 1569280 (elements), Offset = 0 (elements)
Memory per array = 6.0 MiB (= 0.0 GiB).
Total memory required = 18.0 MiB (= 0.0 GiB).
Each kernel will be executed 57 times.
-------------------------------------------------------------
Function    Best Rate MB/s  Avg time     Min time     Max time
Copy:           13384.9     0.001088     0.000938     0.001670
Scale:          12594.2     0.001012     0.000997     0.001076
Add:            10444.9     0.001976     0.001803     0.002161
Triad:          10443.5     0.001995     0.001803     0.002166
-------------------------------------------------------------
Solution Validates: avg error less than 1.000000e-06 on all three arrays
-------------------------------------------------------------



--- run 2 ---
-------------------------------------------------------------
STREAM (dynamic) version — custom malloc-based implementation
-------------------------------------------------------------
This system uses 4 bytes per array element.
-------------------------------------------------------------
Array size = 1569280 (elements), Offset = 0 (elements)
Memory per array = 6.0 MiB (= 0.0 GiB).
Total memory required = 18.0 MiB (= 0.0 GiB).
Each kernel will be executed 57 times.
-------------------------------------------------------------
Function    Best Rate MB/s  Avg time     Min time     Max time
Copy:           13456.8     0.001000     0.000933     0.001580
Scale:          12606.2     0.001008     0.000996     0.001304
Add:            10433.9     0.001850     0.001805     0.002079
Triad:          10490.7     0.001859     0.001795     0.002040
-------------------------------------------------------------
Solution Validates: avg error less than 1.000000e-06 on all three arrays
-------------------------------------------------------------



--- run 3 ---
-------------------------------------------------------------
STREAM (dynamic) version — custom malloc-based implementation
-------------------------------------------------------------
This system uses 4 bytes per array element.
-------------------------------------------------------------
Array size = 1569280 (elements), Offset = 0 (elements)
Memory per array = 6.0 MiB (= 0.0 GiB).
Total memory required = 18.0 MiB (= 0.0 GiB).
Each kernel will be executed 57 times.
-------------------------------------------------------------
Function    Best Rate MB/s  Avg time     Min time     Max time
Copy:           13381.5     0.000991     0.000938     0.001442
Scale:          12594.2     0.001010     0.000997     0.001087
Add:            10421.5     0.001859     0.001807     0.002073
Triad:          10457.4     0.001853     0.001801     0.002114
-------------------------------------------------------------
Solution Validates: avg error less than 1.000000e-06 on all three arrays
-------------------------------------------------------------



--- run 4 ---
-------------------------------------------------------------
STREAM (dynamic) version — custom malloc-based implementation
-------------------------------------------------------------
This system uses 4 bytes per array element.
-------------------------------------------------------------
Array size = 1569280 (elements), Offset = 0 (elements)
Memory per array = 6.0 MiB (= 0.0 GiB).
Total memory required = 18.0 MiB (= 0.0 GiB).
Each kernel will be executed 57 times.
-------------------------------------------------------------
Function    Best Rate MB/s  Avg time     Min time     Max time
Copy:           13412.2     0.000987     0.000936     0.001441
Scale:          12594.2     0.001011     0.000997     0.001053
Add:            10410.5     0.001887     0.001809     0.002165
Triad:          10443.5     0.001949     0.001803     0.002163
-------------------------------------------------------------
Solution Validates: avg error less than 1.000000e-06 on all three arrays
-------------------------------------------------------------



--- run 5 ---
-------------------------------------------------------------
STREAM (dynamic) version — custom malloc-based implementation
-------------------------------------------------------------
This system uses 4 bytes per array element.
-------------------------------------------------------------
Array size = 1569280 (elements), Offset = 0 (elements)
Memory per array = 6.0 MiB (= 0.0 GiB).
Total memory required = 18.0 MiB (= 0.0 GiB).
Each kernel will be executed 57 times.
-------------------------------------------------------------
Function    Best Rate MB/s  Avg time     Min time     Max time
Copy:           13470.5     0.000982     0.000932     0.001484
Scale:          12603.2     0.001008     0.000996     0.001127
Add:            10403.6     0.001886     0.001810     0.002073
Triad:          10439.4     0.001850     0.001804     0.002062
-------------------------------------------------------------
Solution Validates: avg error less than 1.000000e-06 on all three arrays
-------------------------------------------------------------



--- run 1 ---
-------------------------------------------------------------
STREAM (dynamic) version — custom malloc-based implementation
-------------------------------------------------------------
This system uses 4 bytes per array element.
-------------------------------------------------------------
Array size = 1761536 (elements), Offset = 0 (elements)
Memory per array = 6.7 MiB (= 0.0 GiB).
Total memory required = 20.2 MiB (= 0.0 GiB).
Each kernel will be executed 50 times.
-------------------------------------------------------------
Function    Best Rate MB/s  Avg time     Min time     Max time
Copy:           13485.6     0.001102     0.001045     0.001550
Scale:          12605.5     0.001130     0.001118     0.001179
Add:            10428.3     0.002165     0.002027     0.002424
Triad:          10489.9     0.002064     0.002015     0.002317
-------------------------------------------------------------
Solution Validates: avg error less than 1.000000e-06 on all three arrays
-------------------------------------------------------------



--- run 2 ---
-------------------------------------------------------------
STREAM (dynamic) version — custom malloc-based implementation
-------------------------------------------------------------
This system uses 4 bytes per array element.
-------------------------------------------------------------
Array size = 1761536 (elements), Offset = 0 (elements)
Memory per array = 6.7 MiB (= 0.0 GiB).
Total memory required = 20.2 MiB (= 0.0 GiB).
Each kernel will be executed 50 times.
-------------------------------------------------------------
Function    Best Rate MB/s  Avg time     Min time     Max time
Copy:           13473.3     0.001137     0.001046     0.001798
Scale:          12640.6     0.001138     0.001115     0.001616
Add:            10418.5     0.002225     0.002029     0.002301
Triad:          10485.0     0.002090     0.002016     0.002265
-------------------------------------------------------------
Solution Validates: avg error less than 1.000000e-06 on all three arrays
-------------------------------------------------------------



--- run 3 ---
-------------------------------------------------------------
STREAM (dynamic) version — custom malloc-based implementation
-------------------------------------------------------------
This system uses 4 bytes per array element.
-------------------------------------------------------------
Array size = 1761536 (elements), Offset = 0 (elements)
Memory per array = 6.7 MiB (= 0.0 GiB).
Total memory required = 20.2 MiB (= 0.0 GiB).
Each kernel will be executed 50 times.
-------------------------------------------------------------
Function    Best Rate MB/s  Avg time     Min time     Max time
Copy:           13461.0     0.001139     0.001047     0.001741
Scale:          12629.8     0.001130     0.001116     0.001198
Add:            10470.1     0.002169     0.002019     0.002373
Triad:          10501.1     0.002110     0.002013     0.002386
-------------------------------------------------------------
Solution Validates: avg error less than 1.000000e-06 on all three arrays
-------------------------------------------------------------



--- run 4 ---
-------------------------------------------------------------
STREAM (dynamic) version — custom malloc-based implementation
-------------------------------------------------------------
This system uses 4 bytes per array element.
-------------------------------------------------------------
Array size = 1761536 (elements), Offset = 0 (elements)
Memory per array = 6.7 MiB (= 0.0 GiB).
Total memory required = 20.2 MiB (= 0.0 GiB).
Each kernel will be executed 50 times.
-------------------------------------------------------------
Function    Best Rate MB/s  Avg time     Min time     Max time
Copy:           13448.8     0.001195     0.001048     0.001828
Scale:          12616.3     0.001129     0.001117     0.001188
Add:            10418.5     0.002120     0.002029     0.002317
Triad:          10512.3     0.002126     0.002011     0.002421
-------------------------------------------------------------
Solution Validates: avg error less than 1.000000e-06 on all three arrays
-------------------------------------------------------------



--- run 5 ---
-------------------------------------------------------------
STREAM (dynamic) version — custom malloc-based implementation
-------------------------------------------------------------
This system uses 4 bytes per array element.
-------------------------------------------------------------
Array size = 1761536 (elements), Offset = 0 (elements)
Memory per array = 6.7 MiB (= 0.0 GiB).
Total memory required = 20.2 MiB (= 0.0 GiB).
Each kernel will be executed 50 times.
-------------------------------------------------------------
Function    Best Rate MB/s  Avg time     Min time     Max time
Copy:           13448.8     0.001221     0.001048     0.001886
Scale:          12605.5     0.001130     0.001118     0.001182
Add:            10321.4     0.002236     0.002048     0.002314
Triad:          10428.3     0.002234     0.002027     0.002304
-------------------------------------------------------------
Solution Validates: avg error less than 1.000000e-06 on all three arrays
-------------------------------------------------------------



--- run 1 ---
-------------------------------------------------------------
STREAM (dynamic) version — custom malloc-based implementation
-------------------------------------------------------------
This system uses 4 bytes per array element.
-------------------------------------------------------------
Array size = 1977173 (elements), Offset = 0 (elements)
Memory per array = 7.5 MiB (= 0.0 GiB).
Total memory required = 22.6 MiB (= 0.0 GiB).
Each kernel will be executed 45 times.
-------------------------------------------------------------
Function    Best Rate MB/s  Avg time     Min time     Max time
Copy:           13394.5     0.001300     0.001181     0.001720
Scale:          12605.5     0.001266     0.001255     0.001295
Add:            10442.2     0.002403     0.002272     0.002617
Triad:          10442.2     0.002334     0.002272     0.002580
-------------------------------------------------------------
Solution Validates: avg error less than 1.000000e-06 on all three arrays
-------------------------------------------------------------



--- run 2 ---
-------------------------------------------------------------
STREAM (dynamic) version — custom malloc-based implementation
-------------------------------------------------------------
This system uses 4 bytes per array element.
-------------------------------------------------------------
Array size = 1977173 (elements), Offset = 0 (elements)
Memory per array = 7.5 MiB (= 0.0 GiB).
Total memory required = 22.6 MiB (= 0.0 GiB).
Each kernel will be executed 45 times.
-------------------------------------------------------------
Function    Best Rate MB/s  Avg time     Min time     Max time
Copy:           13383.7     0.001338     0.001182     0.001884
Scale:          12663.3     0.001266     0.001249     0.001318
Add:            10406.2     0.002381     0.002280     0.002577
Triad:          10410.5     0.002479     0.002279     0.002579
-------------------------------------------------------------
Solution Validates: avg error less than 1.000000e-06 on all three arrays
-------------------------------------------------------------



--- run 3 ---
-------------------------------------------------------------
STREAM (dynamic) version — custom malloc-based implementation
-------------------------------------------------------------
This system uses 4 bytes per array element.
-------------------------------------------------------------
Array size = 1977173 (elements), Offset = 0 (elements)
Memory per array = 7.5 MiB (= 0.0 GiB).
Total memory required = 22.6 MiB (= 0.0 GiB).
Each kernel will be executed 45 times.
-------------------------------------------------------------
Function    Best Rate MB/s  Avg time     Min time     Max time
Copy:           13416.2     0.001316     0.001179     0.001924
Scale:          12605.5     0.001278     0.001255     0.001336
Add:            10373.6     0.002443     0.002287     0.002623
Triad:          10438.9     0.002477     0.002273     0.002627
-------------------------------------------------------------
Solution Validates: avg error less than 1.000000e-06 on all three arrays
-------------------------------------------------------------



--- run 4 ---
-------------------------------------------------------------
STREAM (dynamic) version — custom malloc-based implementation
-------------------------------------------------------------
This system uses 4 bytes per array element.
-------------------------------------------------------------
Array size = 1977173 (elements), Offset = 0 (elements)
Memory per array = 7.5 MiB (= 0.0 GiB).
Total memory required = 22.6 MiB (= 0.0 GiB).
Each kernel will be executed 45 times.
-------------------------------------------------------------
Function    Best Rate MB/s  Avg time     Min time     Max time
Copy:           13370.2     0.001375     0.001183     0.002029
Scale:          12603.1     0.001269     0.001255     0.001322
Add:            10401.8     0.002480     0.002281     0.002661
Triad:          10447.7     0.002415     0.002271     0.002547
-------------------------------------------------------------
Solution Validates: avg error less than 1.000000e-06 on all three arrays
-------------------------------------------------------------



--- run 5 ---
-------------------------------------------------------------
STREAM (dynamic) version — custom malloc-based implementation
-------------------------------------------------------------
This system uses 4 bytes per array element.
-------------------------------------------------------------
Array size = 1977173 (elements), Offset = 0 (elements)
Memory per array = 7.5 MiB (= 0.0 GiB).
Total memory required = 22.6 MiB (= 0.0 GiB).
Each kernel will be executed 45 times.
-------------------------------------------------------------
Function    Best Rate MB/s  Avg time     Min time     Max time
Copy:           13394.5     0.001426     0.001181     0.002172
Scale:          12615.1     0.001263     0.001254     0.001310
Add:            10419.3     0.002470     0.002277     0.002580
Triad:          10465.3     0.002521     0.002267     0.002586
-------------------------------------------------------------
Solution Validates: avg error less than 1.000000e-06 on all three arrays
-------------------------------------------------------------



--- run 1 ---
-------------------------------------------------------------
STREAM (dynamic) version — custom malloc-based implementation
-------------------------------------------------------------
This system uses 4 bytes per array element.
-------------------------------------------------------------
Array size = 2219349 (elements), Offset = 0 (elements)
Memory per array = 8.5 MiB (= 0.0 GiB).
Total memory required = 25.4 MiB (= 0.0 GiB).
Each kernel will be executed 40 times.
-------------------------------------------------------------
Function    Best Rate MB/s  Avg time     Min time     Max time
Copy:           13584.3     0.001463     0.001307     0.002335
Scale:          12600.5     0.001428     0.001409     0.001473
Add:            10448.4     0.002615     0.002549     0.002873
Triad:          10443.5     0.002616     0.002550     0.002881
-------------------------------------------------------------
Solution Validates: avg error less than 1.000000e-06 on all three arrays
-------------------------------------------------------------



--- run 2 ---
-------------------------------------------------------------
STREAM (dynamic) version — custom malloc-based implementation
-------------------------------------------------------------
This system uses 4 bytes per array element.
-------------------------------------------------------------
Array size = 2219349 (elements), Offset = 0 (elements)
Memory per array = 8.5 MiB (= 0.0 GiB).
Total memory required = 25.4 MiB (= 0.0 GiB).
Each kernel will be executed 40 times.
-------------------------------------------------------------
Function    Best Rate MB/s  Avg time     Min time     Max time
Copy:           13432.4     0.001598     0.001322     0.002265
Scale:          12628.3     0.001423     0.001406     0.001504
Add:            10398.8     0.002761     0.002561     0.002883
Triad:          10319.0     0.002832     0.002581     0.002964
-------------------------------------------------------------
Solution Validates: avg error less than 1.000000e-06 on all three arrays
-------------------------------------------------------------



--- run 3 ---
-------------------------------------------------------------
STREAM (dynamic) version — custom malloc-based implementation
-------------------------------------------------------------
This system uses 4 bytes per array element.
-------------------------------------------------------------
Array size = 2219349 (elements), Offset = 0 (elements)
Memory per array = 8.5 MiB (= 0.0 GiB).
Total memory required = 25.4 MiB (= 0.0 GiB).
Each kernel will be executed 40 times.
-------------------------------------------------------------
Function    Best Rate MB/s  Avg time     Min time     Max time
Copy:           13388.9     0.001534     0.001326     0.002222
Scale:          12611.2     0.001430     0.001408     0.001484
Add:            10439.6     0.002700     0.002551     0.003014
Triad:          10527.1     0.002690     0.002530     0.003046
-------------------------------------------------------------
Solution Validates: avg error less than 1.000000e-06 on all three arrays
-------------------------------------------------------------



--- run 4 ---
-------------------------------------------------------------
STREAM (dynamic) version — custom malloc-based implementation
-------------------------------------------------------------
This system uses 4 bytes per array element.
-------------------------------------------------------------
Array size = 2219349 (elements), Offset = 0 (elements)
Memory per array = 8.5 MiB (= 0.0 GiB).
Total memory required = 25.4 MiB (= 0.0 GiB).
Each kernel will be executed 40 times.
-------------------------------------------------------------
Function    Best Rate MB/s  Avg time     Min time     Max time
Copy:           13584.3     0.001400     0.001307     0.002391
Scale:          12602.6     0.001426     0.001409     0.001523
Add:            10444.5     0.002616     0.002550     0.002859
Triad:          10505.4     0.002718     0.002535     0.002857
-------------------------------------------------------------
Solution Validates: avg error less than 1.000000e-06 on all three arrays
-------------------------------------------------------------



--- run 5 ---
-------------------------------------------------------------
STREAM (dynamic) version — custom malloc-based implementation
-------------------------------------------------------------
This system uses 4 bytes per array element.
-------------------------------------------------------------
Array size = 2219349 (elements), Offset = 0 (elements)
Memory per array = 8.5 MiB (= 0.0 GiB).
Total memory required = 25.4 MiB (= 0.0 GiB).
Each kernel will be executed 40 times.
-------------------------------------------------------------
Function    Best Rate MB/s  Avg time     Min time     Max time
Copy:           13490.8     0.001489     0.001316     0.002193
Scale:          12636.9     0.001423     0.001405     0.001471
Add:            10443.5     0.002721     0.002550     0.003007
Triad:          10492.5     0.002826     0.002538     0.003042
-------------------------------------------------------------
Solution Validates: avg error less than 1.000000e-06 on all three arrays
-------------------------------------------------------------



--- run 1 ---
-------------------------------------------------------------
STREAM (dynamic) version — custom malloc-based implementation
-------------------------------------------------------------
This system uses 4 bytes per array element.
-------------------------------------------------------------
Array size = 2491136 (elements), Offset = 0 (elements)
Memory per array = 9.5 MiB (= 0.0 GiB).
Total memory required = 28.5 MiB (= 0.0 GiB).
Each kernel will be executed 35 times.
-------------------------------------------------------------
Function    Best Rate MB/s  Avg time     Min time     Max time
Copy:           13631.5     0.001659     0.001462     0.002672
Scale:          12605.7     0.001595     0.001581     0.001650
Add:            10438.1     0.003014     0.002864     0.003232
Triad:          10488.8     0.003029     0.002850     0.003226
-------------------------------------------------------------
Solution Validates: avg error less than 1.000000e-06 on all three arrays
-------------------------------------------------------------



--- run 2 ---
-------------------------------------------------------------
STREAM (dynamic) version — custom malloc-based implementation
-------------------------------------------------------------
This system uses 4 bytes per array element.
-------------------------------------------------------------
Array size = 2491136 (elements), Offset = 0 (elements)
Memory per array = 9.5 MiB (= 0.0 GiB).
Total memory required = 28.5 MiB (= 0.0 GiB).
Each kernel will be executed 35 times.
-------------------------------------------------------------
Function    Best Rate MB/s  Avg time     Min time     Max time
Copy:           13687.4     0.001768     0.001456     0.002725
Scale:          12613.3     0.001607     0.001580     0.001681
Add:            10456.4     0.003128     0.002859     0.003384
Triad:          10493.2     0.003171     0.002849     0.003384
-------------------------------------------------------------
Solution Validates: avg error less than 1.000000e-06 on all three arrays
-------------------------------------------------------------



--- run 3 ---
-------------------------------------------------------------
STREAM (dynamic) version — custom malloc-based implementation
-------------------------------------------------------------
This system uses 4 bytes per array element.
-------------------------------------------------------------
Array size = 2491136 (elements), Offset = 0 (elements)
Memory per array = 9.5 MiB (= 0.0 GiB).
Total memory required = 28.5 MiB (= 0.0 GiB).
Each kernel will be executed 35 times.
-------------------------------------------------------------
Function    Best Rate MB/s  Avg time     Min time     Max time
Copy:           13651.6     0.001754     0.001460     0.002570
Scale:          12598.1     0.001600     0.001582     0.001654
Add:            10413.0     0.003086     0.002871     0.003267
Triad:          10537.3     0.003047     0.002837     0.003200
-------------------------------------------------------------
Solution Validates: avg error less than 1.000000e-06 on all three arrays
-------------------------------------------------------------



--- run 4 ---
-------------------------------------------------------------
STREAM (dynamic) version — custom malloc-based implementation
-------------------------------------------------------------
This system uses 4 bytes per array element.
-------------------------------------------------------------
Array size = 2491136 (elements), Offset = 0 (elements)
Memory per array = 9.5 MiB (= 0.0 GiB).
Total memory required = 28.5 MiB (= 0.0 GiB).
Each kernel will be executed 35 times.
-------------------------------------------------------------
Function    Best Rate MB/s  Avg time     Min time     Max time
Copy:           13631.5     0.001573     0.001462     0.002225
Scale:          12605.7     0.001596     0.001581     0.001725
Add:            10518.7     0.002948     0.002842     0.003207
Triad:          10466.9     0.002944     0.002856     0.003180
-------------------------------------------------------------
Solution Validates: avg error less than 1.000000e-06 on all three arrays
-------------------------------------------------------------



--- run 5 ---
-------------------------------------------------------------
STREAM (dynamic) version — custom malloc-based implementation
-------------------------------------------------------------
This system uses 4 bytes per array element.
-------------------------------------------------------------
Array size = 2491136 (elements), Offset = 0 (elements)
Memory per array = 9.5 MiB (= 0.0 GiB).
Total memory required = 28.5 MiB (= 0.0 GiB).
Each kernel will be executed 35 times.
-------------------------------------------------------------
Function    Best Rate MB/s  Avg time     Min time     Max time
Copy:           13705.3     0.001607     0.001454     0.002396
Scale:          12598.1     0.001614     0.001582     0.001731
Add:            10485.3     0.003052     0.002851     0.003418
Triad:          10518.7     0.003035     0.002842     0.003380
-------------------------------------------------------------
Solution Validates: avg error less than 1.000000e-06 on all three arrays
-------------------------------------------------------------



--- run 1 ---
-------------------------------------------------------------
STREAM (dynamic) version — custom malloc-based implementation
-------------------------------------------------------------
This system uses 4 bytes per array element.
-------------------------------------------------------------
Array size = 2796202 (elements), Offset = 0 (elements)
Memory per array = 10.7 MiB (= 0.0 GiB).
Total memory required = 32.0 MiB (= 0.0 GiB).
Each kernel will be executed 32 times.
-------------------------------------------------------------
Function    Best Rate MB/s  Avg time     Min time     Max time
Copy:           13783.6     0.002010     0.001623     0.002977
Scale:          12616.0     0.001789     0.001773     0.001849
Add:            10452.9     0.003501     0.003210     0.003629
Triad:          10478.6     0.003508     0.003202     0.003579
-------------------------------------------------------------
Solution Validates: avg error less than 1.000000e-06 on all three arrays
-------------------------------------------------------------



--- run 2 ---
-------------------------------------------------------------
STREAM (dynamic) version — custom malloc-based implementation
-------------------------------------------------------------
This system uses 4 bytes per array element.
-------------------------------------------------------------
Array size = 2796202 (elements), Offset = 0 (elements)
Memory per array = 10.7 MiB (= 0.0 GiB).
Total memory required = 32.0 MiB (= 0.0 GiB).
Each kernel will be executed 32 times.
-------------------------------------------------------------
Function    Best Rate MB/s  Avg time     Min time     Max time
Copy:           13773.5     0.002043     0.001624     0.003066
Scale:          12639.8     0.001840     0.001770     0.002107
Add:            10482.5     0.003505     0.003201     0.003885
Triad:          10535.0     0.003502     0.003185     0.003831
-------------------------------------------------------------
Solution Validates: avg error less than 1.000000e-06 on all three arrays
-------------------------------------------------------------



--- run 3 ---
-------------------------------------------------------------
STREAM (dynamic) version — custom malloc-based implementation
-------------------------------------------------------------
This system uses 4 bytes per array element.
-------------------------------------------------------------
Array size = 2796202 (elements), Offset = 0 (elements)
Memory per array = 10.7 MiB (= 0.0 GiB).
Total memory required = 32.0 MiB (= 0.0 GiB).
Each kernel will be executed 32 times.
-------------------------------------------------------------
Function    Best Rate MB/s  Avg time     Min time     Max time
Copy:           13832.4     0.001849     0.001617     0.002678
Scale:          12617.7     0.001797     0.001773     0.001880
Add:            10442.8     0.003408     0.003213     0.003592
Triad:          10525.6     0.003419     0.003188     0.003572
-------------------------------------------------------------
Solution Validates: avg error less than 1.000000e-06 on all three arrays
-------------------------------------------------------------



--- run 4 ---
-------------------------------------------------------------
STREAM (dynamic) version — custom malloc-based implementation
-------------------------------------------------------------
This system uses 4 bytes per array element.
-------------------------------------------------------------
Array size = 2796202 (elements), Offset = 0 (elements)
Memory per array = 10.7 MiB (= 0.0 GiB).
Total memory required = 32.0 MiB (= 0.0 GiB).
Each kernel will be executed 32 times.
-------------------------------------------------------------
Function    Best Rate MB/s  Avg time     Min time     Max time
Copy:           13697.1     0.001978     0.001633     0.002907
Scale:          12617.7     0.001786     0.001773     0.001817
Add:            10449.8     0.003475     0.003211     0.003594
Triad:          10502.0     0.003486     0.003195     0.003574
-------------------------------------------------------------
Solution Validates: avg error less than 1.000000e-06 on all three arrays
-------------------------------------------------------------



--- run 5 ---
-------------------------------------------------------------
STREAM (dynamic) version — custom malloc-based implementation
-------------------------------------------------------------
This system uses 4 bytes per array element.
-------------------------------------------------------------
Array size = 2796202 (elements), Offset = 0 (elements)
Memory per array = 10.7 MiB (= 0.0 GiB).
Total memory required = 32.0 MiB (= 0.0 GiB).
Each kernel will be executed 32 times.
-------------------------------------------------------------
Function    Best Rate MB/s  Avg time     Min time     Max time
Copy:           13765.4     0.001832     0.001625     0.002750
Scale:          12588.9     0.001806     0.001777     0.001915
Add:            10452.9     0.003319     0.003210     0.003707
Triad:          10557.9     0.003295     0.003178     0.003767
-------------------------------------------------------------
Solution Validates: avg error less than 1.000000e-06 on all three arrays
-------------------------------------------------------------



--- run 1 ---
-------------------------------------------------------------
STREAM (dynamic) version — custom malloc-based implementation
-------------------------------------------------------------
This system uses 4 bytes per array element.
-------------------------------------------------------------
Array size = 3138645 (elements), Offset = 0 (elements)
Memory per array = 12.0 MiB (= 0.0 GiB).
Total memory required = 35.9 MiB (= 0.0 GiB).
Each kernel will be executed 28 times.
-------------------------------------------------------------
Function    Best Rate MB/s  Avg time     Min time     Max time
Copy:           13895.7     0.002269     0.001807     0.003262
Scale:          12617.2     0.002026     0.001990     0.002167
Add:            10410.1     0.003867     0.003618     0.004233
Triad:          10583.0     0.003826     0.003559     0.004245
-------------------------------------------------------------
Solution Validates: avg error less than 1.000000e-06 on all three arrays
-------------------------------------------------------------



--- run 2 ---
-------------------------------------------------------------
STREAM (dynamic) version — custom malloc-based implementation
-------------------------------------------------------------
This system uses 4 bytes per array element.
-------------------------------------------------------------
Array size = 3138645 (elements), Offset = 0 (elements)
Memory per array = 12.0 MiB (= 0.0 GiB).
Total memory required = 35.9 MiB (= 0.0 GiB).
Each kernel will be executed 28 times.
-------------------------------------------------------------
Function    Best Rate MB/s  Avg time     Min time     Max time
Copy:           13781.1     0.001931     0.001822     0.002768
Scale:          12636.8     0.002008     0.001987     0.002103
Add:            10523.1     0.003652     0.003579     0.004008
Triad:          10526.6     0.003680     0.003578     0.004018
-------------------------------------------------------------
Solution Validates: avg error less than 1.000000e-06 on all three arrays
-------------------------------------------------------------



--- run 3 ---
-------------------------------------------------------------
STREAM (dynamic) version — custom malloc-based implementation
-------------------------------------------------------------
This system uses 4 bytes per array element.
-------------------------------------------------------------
Array size = 3138645 (elements), Offset = 0 (elements)
Memory per array = 12.0 MiB (= 0.0 GiB).
Total memory required = 35.9 MiB (= 0.0 GiB).
Each kernel will be executed 28 times.
-------------------------------------------------------------
Function    Best Rate MB/s  Avg time     Min time     Max time
Copy:           13903.0     0.002009     0.001806     0.003140
Scale:          12618.7     0.002005     0.001990     0.002050
Add:            10424.5     0.003670     0.003613     0.004021
Triad:          10520.3     0.003638     0.003580     0.003983
-------------------------------------------------------------
Solution Validates: avg error less than 1.000000e-06 on all three arrays
-------------------------------------------------------------



--- run 4 ---
-------------------------------------------------------------
STREAM (dynamic) version — custom malloc-based implementation
-------------------------------------------------------------
This system uses 4 bytes per array element.
-------------------------------------------------------------
Array size = 3138645 (elements), Offset = 0 (elements)
Memory per array = 12.0 MiB (= 0.0 GiB).
Total memory required = 35.9 MiB (= 0.0 GiB).
Each kernel will be executed 28 times.
-------------------------------------------------------------
Function    Best Rate MB/s  Avg time     Min time     Max time
Copy:           13850.0     0.002148     0.001813     0.003352
Scale:          12630.8     0.002067     0.001988     0.002402
Add:            10482.6     0.003756     0.003593     0.004429
Triad:          10500.0     0.003761     0.003587     0.004321
-------------------------------------------------------------
Solution Validates: avg error less than 1.000000e-06 on all three arrays
-------------------------------------------------------------



--- run 5 ---
-------------------------------------------------------------
STREAM (dynamic) version — custom malloc-based implementation
-------------------------------------------------------------
This system uses 4 bytes per array element.
-------------------------------------------------------------
Array size = 3138645 (elements), Offset = 0 (elements)
Memory per array = 12.0 MiB (= 0.0 GiB).
Total memory required = 35.9 MiB (= 0.0 GiB).
Each kernel will be executed 28 times.
-------------------------------------------------------------
Function    Best Rate MB/s  Avg time     Min time     Max time
Copy:           13879.2     0.002100     0.001809     0.002867
Scale:          12599.0     0.002014     0.001993     0.002149
Add:            10441.7     0.003747     0.003607     0.004073
Triad:          10538.6     0.003764     0.003574     0.004014
-------------------------------------------------------------
Solution Validates: avg error less than 1.000000e-06 on all three arrays
-------------------------------------------------------------



--- run 1 ---
-------------------------------------------------------------
STREAM (dynamic) version — custom malloc-based implementation
-------------------------------------------------------------
This system uses 4 bytes per array element.
-------------------------------------------------------------
Array size = 3522986 (elements), Offset = 0 (elements)
Memory per array = 13.4 MiB (= 0.0 GiB).
Total memory required = 40.3 MiB (= 0.0 GiB).
Each kernel will be executed 25 times.
-------------------------------------------------------------
Function    Best Rate MB/s  Avg time     Min time     Max time
Copy:           13856.7     0.002245     0.002034     0.002763
Scale:          12632.2     0.002273     0.002231     0.002328
Add:            10412.7     0.004251     0.004060     0.004788
Triad:          10513.9     0.004214     0.004021     0.004782
-------------------------------------------------------------
Solution Validates: avg error less than 1.000000e-06 on all three arrays
-------------------------------------------------------------



--- run 2 ---
-------------------------------------------------------------
STREAM (dynamic) version — custom malloc-based implementation
-------------------------------------------------------------
This system uses 4 bytes per array element.
-------------------------------------------------------------
Array size = 3522986 (elements), Offset = 0 (elements)
Memory per array = 13.4 MiB (= 0.0 GiB).
Total memory required = 40.3 MiB (= 0.0 GiB).
Each kernel will be executed 25 times.
-------------------------------------------------------------
Function    Best Rate MB/s  Avg time     Min time     Max time
Copy:           13829.2     0.002153     0.002038     0.003248
Scale:          12644.3     0.002246     0.002229     0.002268
Add:            10482.2     0.004054     0.004033     0.004081
Triad:          10508.3     0.004058     0.004023     0.004097
-------------------------------------------------------------
Solution Validates: avg error less than 1.000000e-06 on all three arrays
-------------------------------------------------------------



--- run 3 ---
-------------------------------------------------------------
STREAM (dynamic) version — custom malloc-based implementation
-------------------------------------------------------------
This system uses 4 bytes per array element.
-------------------------------------------------------------
Array size = 3522986 (elements), Offset = 0 (elements)
Memory per array = 13.4 MiB (= 0.0 GiB).
Total memory required = 40.3 MiB (= 0.0 GiB).
Each kernel will be executed 25 times.
-------------------------------------------------------------
Function    Best Rate MB/s  Avg time     Min time     Max time
Copy:           13740.8     0.002438     0.002051     0.003291
Scale:          12598.5     0.002305     0.002237     0.003326
Add:            10453.8     0.004248     0.004044     0.004537
Triad:          10516.4     0.004318     0.004020     0.004497
-------------------------------------------------------------
Solution Validates: avg error less than 1.000000e-06 on all three arrays
-------------------------------------------------------------



--- run 4 ---
-------------------------------------------------------------
STREAM (dynamic) version — custom malloc-based implementation
-------------------------------------------------------------
This system uses 4 bytes per array element.
-------------------------------------------------------------
Array size = 3522986 (elements), Offset = 0 (elements)
Memory per array = 13.4 MiB (= 0.0 GiB).
Total memory required = 40.3 MiB (= 0.0 GiB).
Each kernel will be executed 25 times.
-------------------------------------------------------------
Function    Best Rate MB/s  Avg time     Min time     Max time
Copy:           13801.7     0.002243     0.002042     0.002946
Scale:          12638.9     0.002254     0.002230     0.002313
Add:            10490.3     0.004187     0.004030     0.004756
Triad:          10459.4     0.004325     0.004042     0.004593
-------------------------------------------------------------
Solution Validates: avg error less than 1.000000e-06 on all three arrays
-------------------------------------------------------------



--- run 5 ---
-------------------------------------------------------------
STREAM (dynamic) version — custom malloc-based implementation
-------------------------------------------------------------
This system uses 4 bytes per array element.
-------------------------------------------------------------
Array size = 3522986 (elements), Offset = 0 (elements)
Memory per array = 13.4 MiB (= 0.0 GiB).
Total memory required = 40.3 MiB (= 0.0 GiB).
Each kernel will be executed 25 times.
-------------------------------------------------------------
Function    Best Rate MB/s  Avg time     Min time     Max time
Copy:           13897.5     0.002202     0.002028     0.003313
Scale:          12621.4     0.002265     0.002233     0.002344
Add:            10456.3     0.004239     0.004043     0.004587
Triad:          10511.5     0.004079     0.004022     0.004480
-------------------------------------------------------------
Solution Validates: avg error less than 1.000000e-06 on all three arrays
-------------------------------------------------------------



--- run 1 ---
-------------------------------------------------------------
STREAM (dynamic) version — custom malloc-based implementation
-------------------------------------------------------------
This system uses 4 bytes per array element.
-------------------------------------------------------------
Array size = 3954432 (elements), Offset = 0 (elements)
Memory per array = 15.1 MiB (= 0.0 GiB).
Total memory required = 45.3 MiB (= 0.0 GiB).
Each kernel will be executed 22 times.
-------------------------------------------------------------
Function    Best Rate MB/s  Avg time     Min time     Max time
Copy:           13820.3     0.002443     0.002289     0.003076
Scale:          12638.2     0.002528     0.002503     0.002628
Add:            10509.7     0.004915     0.004515     0.005073
Triad:          10512.5     0.004588     0.004514     0.005045
-------------------------------------------------------------
Solution Validates: avg error less than 1.000000e-06 on all three arrays
-------------------------------------------------------------



--- run 2 ---
-------------------------------------------------------------
STREAM (dynamic) version — custom malloc-based implementation
-------------------------------------------------------------
This system uses 4 bytes per array element.
-------------------------------------------------------------
Array size = 3954432 (elements), Offset = 0 (elements)
Memory per array = 15.1 MiB (= 0.0 GiB).
Total memory required = 45.3 MiB (= 0.0 GiB).
Each kernel will be executed 22 times.
-------------------------------------------------------------
Function    Best Rate MB/s  Avg time     Min time     Max time
Copy:           13689.1     0.002560     0.002311     0.003402
Scale:          12655.1     0.002524     0.002500     0.002587
Add:            10482.0     0.004606     0.004527     0.005055
Triad:          10508.1     0.004731     0.004516     0.005073
-------------------------------------------------------------
Solution Validates: avg error less than 1.000000e-06 on all three arrays
-------------------------------------------------------------



--- run 3 ---
-------------------------------------------------------------
STREAM (dynamic) version — custom malloc-based implementation
-------------------------------------------------------------
This system uses 4 bytes per array element.
-------------------------------------------------------------
Array size = 3954432 (elements), Offset = 0 (elements)
Memory per array = 15.1 MiB (= 0.0 GiB).
Total memory required = 45.3 MiB (= 0.0 GiB).
Each kernel will be executed 22 times.
-------------------------------------------------------------
Function    Best Rate MB/s  Avg time     Min time     Max time
Copy:           13623.1     0.002710     0.002322     0.003633
Scale:          12634.6     0.002571     0.002504     0.003011
Add:            10433.7     0.004921     0.004548     0.005347
Triad:          10463.9     0.004910     0.004535     0.005413
-------------------------------------------------------------
Solution Validates: avg error less than 1.000000e-06 on all three arrays
-------------------------------------------------------------



--- run 4 ---
-------------------------------------------------------------
STREAM (dynamic) version — custom malloc-based implementation
-------------------------------------------------------------
This system uses 4 bytes per array element.
-------------------------------------------------------------
Array size = 3954432 (elements), Offset = 0 (elements)
Memory per array = 15.1 MiB (= 0.0 GiB).
Total memory required = 45.3 MiB (= 0.0 GiB).
Each kernel will be executed 22 times.
-------------------------------------------------------------
Function    Best Rate MB/s  Avg time     Min time     Max time
Copy:           13731.6     0.002410     0.002304     0.002910
Scale:          12649.1     0.002547     0.002501     0.003064
Add:            10484.3     0.004561     0.004526     0.004604
Triad:          10503.6     0.004547     0.004518     0.004590
-------------------------------------------------------------
Solution Validates: avg error less than 1.000000e-06 on all three arrays
-------------------------------------------------------------



--- run 5 ---
-------------------------------------------------------------
STREAM (dynamic) version — custom malloc-based implementation
-------------------------------------------------------------
This system uses 4 bytes per array element.
-------------------------------------------------------------
Array size = 3954432 (elements), Offset = 0 (elements)
Memory per array = 15.1 MiB (= 0.0 GiB).
Total memory required = 45.3 MiB (= 0.0 GiB).
Each kernel will be executed 22 times.
-------------------------------------------------------------
Function    Best Rate MB/s  Avg time     Min time     Max time
Copy:           13737.3     0.002670     0.002303     0.003968
Scale:          12608.2     0.002536     0.002509     0.002618
Add:            10458.9     0.004683     0.004537     0.005103
Triad:          10479.8     0.004675     0.004528     0.005143
-------------------------------------------------------------
Solution Validates: avg error less than 1.000000e-06 on all three arrays
-------------------------------------------------------------



--- run 1 ---
-------------------------------------------------------------
STREAM (dynamic) version — custom malloc-based implementation
-------------------------------------------------------------
This system uses 4 bytes per array element.
-------------------------------------------------------------
Array size = 4438698 (elements), Offset = 0 (elements)
Memory per array = 16.9 MiB (= 0.0 GiB).
Total memory required = 50.8 MiB (= 0.0 GiB).
Each kernel will be executed 20 times.
-------------------------------------------------------------
Function    Best Rate MB/s  Avg time     Min time     Max time
Copy:           13742.2     0.003013     0.002584     0.004365
Scale:          12618.7     0.002882     0.002814     0.003442
Add:            10489.1     0.005407     0.005078     0.005695
Triad:          10456.7     0.005409     0.005094     0.005701
-------------------------------------------------------------
Solution Validates: avg error less than 1.000000e-06 on all three arrays
-------------------------------------------------------------



--- run 2 ---
-------------------------------------------------------------
STREAM (dynamic) version — custom malloc-based implementation
-------------------------------------------------------------
This system uses 4 bytes per array element.
-------------------------------------------------------------
Array size = 4438698 (elements), Offset = 0 (elements)
Memory per array = 16.9 MiB (= 0.0 GiB).
Total memory required = 50.8 MiB (= 0.0 GiB).
Each kernel will be executed 20 times.
-------------------------------------------------------------
Function    Best Rate MB/s  Avg time     Min time     Max time
Copy:           13506.7     0.003132     0.002629     0.004643
Scale:          12659.4     0.002845     0.002805     0.002971
Add:            10425.5     0.005401     0.005109     0.005983
Triad:          10487.1     0.005516     0.005079     0.006012
-------------------------------------------------------------
Solution Validates: avg error less than 1.000000e-06 on all three arrays
-------------------------------------------------------------



--- run 3 ---
-------------------------------------------------------------
STREAM (dynamic) version — custom malloc-based implementation
-------------------------------------------------------------
This system uses 4 bytes per array element.
-------------------------------------------------------------
Array size = 4438698 (elements), Offset = 0 (elements)
Memory per array = 16.9 MiB (= 0.0 GiB).
Total memory required = 50.8 MiB (= 0.0 GiB).
Each kernel will be executed 20 times.
-------------------------------------------------------------
Function    Best Rate MB/s  Avg time     Min time     Max time
Copy:           13548.4     0.003152     0.002621     0.004614
Scale:          12614.4     0.002836     0.002815     0.002926
Add:            10425.5     0.005557     0.005109     0.005688
Triad:           9467.6     0.005653     0.005626     0.005692
-------------------------------------------------------------
Solution Validates: avg error less than 1.000000e-06 on all three arrays
-------------------------------------------------------------



--- run 4 ---
-------------------------------------------------------------
STREAM (dynamic) version — custom malloc-based implementation
-------------------------------------------------------------
This system uses 4 bytes per array element.
-------------------------------------------------------------
Array size = 4438698 (elements), Offset = 0 (elements)
Memory per array = 16.9 MiB (= 0.0 GiB).
Total memory required = 50.8 MiB (= 0.0 GiB).
Each kernel will be executed 20 times.
-------------------------------------------------------------
Function    Best Rate MB/s  Avg time     Min time     Max time
Copy:           13647.8     0.002981     0.002602     0.004222
Scale:          12664.8     0.002831     0.002804     0.002888
Add:            10470.9     0.005236     0.005087     0.005660
Triad:          10495.5     0.005228     0.005075     0.005696
-------------------------------------------------------------
Solution Validates: avg error less than 1.000000e-06 on all three arrays
-------------------------------------------------------------



--- run 5 ---
-------------------------------------------------------------
STREAM (dynamic) version — custom malloc-based implementation
-------------------------------------------------------------
This system uses 4 bytes per array element.
-------------------------------------------------------------
Array size = 4438698 (elements), Offset = 0 (elements)
Memory per array = 16.9 MiB (= 0.0 GiB).
Total memory required = 50.8 MiB (= 0.0 GiB).
Each kernel will be executed 20 times.
-------------------------------------------------------------
Function    Best Rate MB/s  Avg time     Min time     Max time
Copy:           13779.1     0.003003     0.002577     0.004308
Scale:          12557.0     0.002857     0.002828     0.002914
Add:            10462.6     0.005525     0.005091     0.005896
Triad:          10468.4     0.005527     0.005088     0.005946
-------------------------------------------------------------
Solution Validates: avg error less than 1.000000e-06 on all three arrays
-------------------------------------------------------------



--- run 1 ---
-------------------------------------------------------------
STREAM (dynamic) version — custom malloc-based implementation
-------------------------------------------------------------
This system uses 4 bytes per array element.
-------------------------------------------------------------
Array size = 4982272 (elements), Offset = 0 (elements)
Memory per array = 19.0 MiB (= 0.0 GiB).
Total memory required = 57.0 MiB (= 0.1 GiB).
Each kernel will be executed 17 times.
-------------------------------------------------------------
Function    Best Rate MB/s  Avg time     Min time     Max time
Copy:           13286.0     0.003668     0.003000     0.004808
Scale:          12629.5     0.003199     0.003156     0.003296
Add:            10453.8     0.006098     0.005719     0.006527
Triad:           9473.2     0.006386     0.006311     0.006752
-------------------------------------------------------------
Solution Validates: avg error less than 1.000000e-06 on all three arrays
-------------------------------------------------------------



--- run 2 ---
-------------------------------------------------------------
STREAM (dynamic) version — custom malloc-based implementation
-------------------------------------------------------------
This system uses 4 bytes per array element.
-------------------------------------------------------------
Array size = 4982272 (elements), Offset = 0 (elements)
Memory per array = 19.0 MiB (= 0.0 GiB).
Total memory required = 57.0 MiB (= 0.1 GiB).
Each kernel will be executed 17 times.
-------------------------------------------------------------
Function    Best Rate MB/s  Avg time     Min time     Max time
Copy:           13721.1     0.003169     0.002905     0.003970
Scale:          12685.1     0.003185     0.003142     0.003246
Add:            10463.0     0.005854     0.005714     0.006799
Triad:          10502.0     0.005835     0.005693     0.006681
-------------------------------------------------------------
Solution Validates: avg error less than 1.000000e-06 on all three arrays
-------------------------------------------------------------



--- run 3 ---
-------------------------------------------------------------
STREAM (dynamic) version — custom malloc-based implementation
-------------------------------------------------------------
This system uses 4 bytes per array element.
-------------------------------------------------------------
Array size = 4982272 (elements), Offset = 0 (elements)
Memory per array = 19.0 MiB (= 0.0 GiB).
Total memory required = 57.0 MiB (= 0.1 GiB).
Each kernel will be executed 17 times.
-------------------------------------------------------------
Function    Best Rate MB/s  Avg time     Min time     Max time
Copy:           13834.6     0.003082     0.002881     0.003977
Scale:          12617.2     0.003213     0.003159     0.003625
Add:            10468.6     0.006125     0.005711     0.006394
Triad:          10528.0     0.005760     0.005679     0.006362
-------------------------------------------------------------
Solution Validates: avg error less than 1.000000e-06 on all three arrays
-------------------------------------------------------------



--- run 4 ---
-------------------------------------------------------------
STREAM (dynamic) version — custom malloc-based implementation
-------------------------------------------------------------
This system uses 4 bytes per array element.
-------------------------------------------------------------
Array size = 4982272 (elements), Offset = 0 (elements)
Memory per array = 19.0 MiB (= 0.0 GiB).
Total memory required = 57.0 MiB (= 0.1 GiB).
Each kernel will be executed 17 times.
-------------------------------------------------------------
Function    Best Rate MB/s  Avg time     Min time     Max time
Copy:           13706.4     0.003543     0.002908     0.004988
Scale:          12653.4     0.003222     0.003150     0.003472
Add:            10377.7     0.006331     0.005761     0.006733
Triad:          10536.8     0.006127     0.005674     0.006725
-------------------------------------------------------------
Solution Validates: avg error less than 1.000000e-06 on all three arrays
-------------------------------------------------------------



--- run 5 ---
-------------------------------------------------------------
STREAM (dynamic) version — custom malloc-based implementation
-------------------------------------------------------------
This system uses 4 bytes per array element.
-------------------------------------------------------------
Array size = 4982272 (elements), Offset = 0 (elements)
Memory per array = 19.0 MiB (= 0.0 GiB).
Total memory required = 57.0 MiB (= 0.1 GiB).
Each kernel will be executed 17 times.
-------------------------------------------------------------
Function    Best Rate MB/s  Avg time     Min time     Max time
Copy:           13743.6     0.003501     0.002900     0.005309
Scale:          12621.0     0.003190     0.003158     0.003306
Add:            10489.2     0.005951     0.005700     0.006360
Triad:          10483.5     0.005998     0.005703     0.006420
-------------------------------------------------------------
Solution Validates: avg error less than 1.000000e-06 on all three arrays
-------------------------------------------------------------



--- run 1 ---
-------------------------------------------------------------
STREAM (dynamic) version — custom malloc-based implementation
-------------------------------------------------------------
This system uses 4 bytes per array element.
-------------------------------------------------------------
Array size = 5592405 (elements), Offset = 0 (elements)
Memory per array = 21.3 MiB (= 0.0 GiB).
Total memory required = 64.0 MiB (= 0.1 GiB).
Each kernel will be executed 16 times.
-------------------------------------------------------------
Function    Best Rate MB/s  Avg time     Min time     Max time
Copy:           14042.5     0.003543     0.003186     0.004946
Scale:          12556.0     0.003585     0.003563     0.003660
Add:            10480.9     0.006579     0.006403     0.007294
Triad:          10580.2     0.006485     0.006343     0.007203
-------------------------------------------------------------
Solution Validates: avg error less than 1.000000e-06 on all three arrays
-------------------------------------------------------------



--- run 2 ---
-------------------------------------------------------------
STREAM (dynamic) version — custom malloc-based implementation
-------------------------------------------------------------
This system uses 4 bytes per array element.
-------------------------------------------------------------
Array size = 5592405 (elements), Offset = 0 (elements)
Memory per array = 21.3 MiB (= 0.0 GiB).
Total memory required = 64.0 MiB (= 0.1 GiB).
Each kernel will be executed 16 times.
-------------------------------------------------------------
Function    Best Rate MB/s  Avg time     Min time     Max time
Copy:           13864.1     0.003568     0.003227     0.004965
Scale:          12605.8     0.003621     0.003549     0.004344
Add:            10484.0     0.006730     0.006401     0.007097
Triad:          10544.9     0.006618     0.006364     0.007100
-------------------------------------------------------------
Solution Validates: avg error less than 1.000000e-06 on all three arrays
-------------------------------------------------------------



--- run 3 ---
-------------------------------------------------------------
STREAM (dynamic) version — custom malloc-based implementation
-------------------------------------------------------------
This system uses 4 bytes per array element.
-------------------------------------------------------------
Array size = 5592405 (elements), Offset = 0 (elements)
Memory per array = 21.3 MiB (= 0.0 GiB).
Total memory required = 64.0 MiB (= 0.1 GiB).
Each kernel will be executed 16 times.
-------------------------------------------------------------
Function    Best Rate MB/s  Avg time     Min time     Max time
Copy:           14020.5     0.003474     0.003191     0.004360
Scale:          12609.2     0.003578     0.003548     0.003628
Add:            10500.4     0.006567     0.006391     0.007190
Triad:          10538.6     0.006552     0.006368     0.007314
-------------------------------------------------------------
Solution Validates: avg error less than 1.000000e-06 on all three arrays
-------------------------------------------------------------



--- run 4 ---
-------------------------------------------------------------
STREAM (dynamic) version — custom malloc-based implementation
-------------------------------------------------------------
This system uses 4 bytes per array element.
-------------------------------------------------------------
Array size = 5592405 (elements), Offset = 0 (elements)
Memory per array = 21.3 MiB (= 0.0 GiB).
Total memory required = 64.0 MiB (= 0.1 GiB).
Each kernel will be executed 16 times.
-------------------------------------------------------------
Function    Best Rate MB/s  Avg time     Min time     Max time
Copy:           13907.2     0.003638     0.003217     0.004715
Scale:          12645.7     0.003648     0.003538     0.004810
Add:            10495.7     0.006430     0.006394     0.006477
Triad:          10577.0     0.006395     0.006345     0.006429
-------------------------------------------------------------
Solution Validates: avg error less than 1.000000e-06 on all three arrays
-------------------------------------------------------------



--- run 5 ---
-------------------------------------------------------------
STREAM (dynamic) version — custom malloc-based implementation
-------------------------------------------------------------
This system uses 4 bytes per array element.
-------------------------------------------------------------
Array size = 5592405 (elements), Offset = 0 (elements)
Memory per array = 21.3 MiB (= 0.0 GiB).
Total memory required = 64.0 MiB (= 0.1 GiB).
Each kernel will be executed 16 times.
-------------------------------------------------------------
Function    Best Rate MB/s  Avg time     Min time     Max time
Copy:           13971.4     0.003484     0.003202     0.004630
Scale:          12612.6     0.003577     0.003547     0.003629
Add:            10543.3     0.006790     0.006365     0.007147
Triad:          10518.9     0.006423     0.006380     0.006627
-------------------------------------------------------------
Solution Validates: avg error less than 1.000000e-06 on all three arrays
-------------------------------------------------------------



--- run 1 ---
-------------------------------------------------------------
STREAM (dynamic) version — custom malloc-based implementation
-------------------------------------------------------------
This system uses 4 bytes per array element.
-------------------------------------------------------------
Array size = 6277290 (elements), Offset = 0 (elements)
Memory per array = 23.9 MiB (= 0.0 GiB).
Total memory required = 71.8 MiB (= 0.1 GiB).
Each kernel will be executed 14 times.
-------------------------------------------------------------
Function    Best Rate MB/s  Avg time     Min time     Max time
Copy:           14098.5     0.003766     0.003562     0.004589
Scale:          12589.3     0.004001     0.003989     0.004035
Add:            10540.0     0.007273     0.007147     0.007576
Triad:          10576.7     0.007158     0.007122     0.007187
-------------------------------------------------------------
Solution Validates: avg error less than 1.000000e-06 on all three arrays
-------------------------------------------------------------



--- run 2 ---
-------------------------------------------------------------
STREAM (dynamic) version — custom malloc-based implementation
-------------------------------------------------------------
This system uses 4 bytes per array element.
-------------------------------------------------------------
Array size = 6277290 (elements), Offset = 0 (elements)
Memory per array = 23.9 MiB (= 0.0 GiB).
Total memory required = 71.8 MiB (= 0.1 GiB).
Each kernel will be executed 14 times.
-------------------------------------------------------------
Function    Best Rate MB/s  Avg time     Min time     Max time
Copy:           14012.2     0.004176     0.003584     0.005402
Scale:          12586.3     0.004026     0.003990     0.004131
Add:            10510.2     0.007682     0.007167     0.008316
Triad:          10560.4     0.007395     0.007133     0.008288
-------------------------------------------------------------
Solution Validates: avg error less than 1.000000e-06 on all three arrays
-------------------------------------------------------------



--- run 3 ---
-------------------------------------------------------------
STREAM (dynamic) version — custom malloc-based implementation
-------------------------------------------------------------
This system uses 4 bytes per array element.
-------------------------------------------------------------
Array size = 6277290 (elements), Offset = 0 (elements)
Memory per array = 23.9 MiB (= 0.0 GiB).
Total memory required = 71.8 MiB (= 0.1 GiB).
Each kernel will be executed 14 times.
-------------------------------------------------------------
Function    Best Rate MB/s  Avg time     Min time     Max time
Copy:           14102.2     0.004148     0.003561     0.005121
Scale:          12592.3     0.004023     0.003988     0.004078
Add:            10517.9     0.007545     0.007162     0.008041
Triad:          10566.4     0.007449     0.007129     0.007965
-------------------------------------------------------------
Solution Validates: avg error less than 1.000000e-06 on all three arrays
-------------------------------------------------------------



--- run 4 ---
-------------------------------------------------------------
STREAM (dynamic) version — custom malloc-based implementation
-------------------------------------------------------------
This system uses 4 bytes per array element.
-------------------------------------------------------------
Array size = 6277290 (elements), Offset = 0 (elements)
Memory per array = 23.9 MiB (= 0.0 GiB).
Total memory required = 71.8 MiB (= 0.1 GiB).
Each kernel will be executed 14 times.
-------------------------------------------------------------
Function    Best Rate MB/s  Avg time     Min time     Max time
Copy:           13973.1     0.003805     0.003594     0.004925
Scale:          12592.3     0.004005     0.003988     0.004041
Add:            10494.1     0.007204     0.007178     0.007247
Triad:          10573.5     0.007151     0.007124     0.007176
-------------------------------------------------------------
Solution Validates: avg error less than 1.000000e-06 on all three arrays
-------------------------------------------------------------



--- run 5 ---
-------------------------------------------------------------
STREAM (dynamic) version — custom malloc-based implementation
-------------------------------------------------------------
This system uses 4 bytes per array element.
-------------------------------------------------------------
Array size = 6277290 (elements), Offset = 0 (elements)
Memory per array = 23.9 MiB (= 0.0 GiB).
Total memory required = 71.8 MiB (= 0.1 GiB).
Each kernel will be executed 14 times.
-------------------------------------------------------------
Function    Best Rate MB/s  Avg time     Min time     Max time
Copy:           14027.1     0.004326     0.003580     0.005604
Scale:          12572.7     0.004048     0.003994     0.004204
Add:            10511.6     0.007806     0.007166     0.008423
Triad:          10538.2     0.007760     0.007148     0.008318
-------------------------------------------------------------
Solution Validates: avg error less than 1.000000e-06 on all three arrays
-------------------------------------------------------------



--- run 1 ---
-------------------------------------------------------------
STREAM (dynamic) version — custom malloc-based implementation
-------------------------------------------------------------
This system uses 4 bytes per array element.
-------------------------------------------------------------
Array size = 7045973 (elements), Offset = 0 (elements)
Memory per array = 26.9 MiB (= 0.0 GiB).
Total memory required = 80.6 MiB (= 0.1 GiB).
Each kernel will be executed 12 times.
-------------------------------------------------------------
Function    Best Rate MB/s  Avg time     Min time     Max time
Copy:           14166.4     0.004395     0.003979     0.005480
Scale:          12548.4     0.004538     0.004492     0.004699
Add:            10527.1     0.008364     0.008032     0.009340
Triad:          10546.5     0.008432     0.008017     0.009447
-------------------------------------------------------------
Solution Validates: avg error less than 1.000000e-06 on all three arrays
-------------------------------------------------------------



--- run 2 ---
-------------------------------------------------------------
STREAM (dynamic) version — custom malloc-based implementation
-------------------------------------------------------------
This system uses 4 bytes per array element.
-------------------------------------------------------------
Array size = 7045973 (elements), Offset = 0 (elements)
Memory per array = 26.9 MiB (= 0.0 GiB).
Total memory required = 80.6 MiB (= 0.1 GiB).
Each kernel will be executed 12 times.
-------------------------------------------------------------
Function    Best Rate MB/s  Avg time     Min time     Max time
Copy:           13959.0     0.004470     0.004038     0.005012
Scale:          12601.9     0.004577     0.004473     0.005538
Add:            10528.0     0.008078     0.008031     0.008136
Triad:          10576.7     0.008040     0.007994     0.008092
-------------------------------------------------------------
Solution Validates: avg error less than 1.000000e-06 on all three arrays
-------------------------------------------------------------



--- run 3 ---
-------------------------------------------------------------
STREAM (dynamic) version — custom malloc-based implementation
-------------------------------------------------------------
This system uses 4 bytes per array element.
-------------------------------------------------------------
Array size = 7045973 (elements), Offset = 0 (elements)
Memory per array = 26.9 MiB (= 0.0 GiB).
Total memory required = 80.6 MiB (= 0.1 GiB).
Each kernel will be executed 12 times.
-------------------------------------------------------------
Function    Best Rate MB/s  Avg time     Min time     Max time
Copy:           14137.6     0.004407     0.003987     0.005237
Scale:          12573.7     0.004511     0.004483     0.004537
Add:            10527.1     0.008224     0.008032     0.008943
Triad:          10578.2     0.008183     0.007993     0.008901
-------------------------------------------------------------
Solution Validates: avg error less than 1.000000e-06 on all three arrays
-------------------------------------------------------------



--- run 4 ---
-------------------------------------------------------------
STREAM (dynamic) version — custom malloc-based implementation
-------------------------------------------------------------
This system uses 4 bytes per array element.
-------------------------------------------------------------
Array size = 7045973 (elements), Offset = 0 (elements)
Memory per array = 26.9 MiB (= 0.0 GiB).
Total memory required = 80.6 MiB (= 0.1 GiB).
Each kernel will be executed 12 times.
-------------------------------------------------------------
Function    Best Rate MB/s  Avg time     Min time     Max time
Copy:           13615.7     0.004743     0.004140     0.005456
Scale:          12587.8     0.004527     0.004478     0.004598
Add:            10487.8     0.008542     0.008062     0.009313
Triad:          10525.5     0.008631     0.008033     0.009209
-------------------------------------------------------------
Solution Validates: avg error less than 1.000000e-06 on all three arrays
-------------------------------------------------------------



--- run 5 ---
-------------------------------------------------------------
STREAM (dynamic) version — custom malloc-based implementation
-------------------------------------------------------------
This system uses 4 bytes per array element.
-------------------------------------------------------------
Array size = 7045973 (elements), Offset = 0 (elements)
Memory per array = 26.9 MiB (= 0.0 GiB).
Total memory required = 80.6 MiB (= 0.1 GiB).
Each kernel will be executed 12 times.
-------------------------------------------------------------
Function    Best Rate MB/s  Avg time     Min time     Max time
Copy:           14180.9     0.004078     0.003975     0.004326
Scale:          12570.4     0.004635     0.004484     0.005921
Add:            10551.8     0.008156     0.008013     0.008952
Triad:          10583.6     0.008162     0.007989     0.008875
-------------------------------------------------------------
Solution Validates: avg error less than 1.000000e-06 on all three arrays
-------------------------------------------------------------



--- run 1 ---
-------------------------------------------------------------
STREAM (dynamic) version — custom malloc-based implementation
-------------------------------------------------------------
This system uses 4 bytes per array element.
-------------------------------------------------------------
Array size = 7908864 (elements), Offset = 0 (elements)
Memory per array = 30.2 MiB (= 0.0 GiB).
Total memory required = 90.5 MiB (= 0.1 GiB).
Each kernel will be executed 11 times.
-------------------------------------------------------------
Function    Best Rate MB/s  Avg time     Min time     Max time
Copy:           14154.2     0.004525     0.004470     0.004631
Scale:          12576.5     0.005050     0.005031     0.005072
Add:            10534.5     0.009062     0.009009     0.009152
Triad:          10585.2     0.009065     0.008966     0.009650
-------------------------------------------------------------
Solution Validates: avg error less than 1.000000e-06 on all three arrays
-------------------------------------------------------------



--- run 2 ---
-------------------------------------------------------------
STREAM (dynamic) version — custom malloc-based implementation
-------------------------------------------------------------
This system uses 4 bytes per array element.
-------------------------------------------------------------
Array size = 7908864 (elements), Offset = 0 (elements)
Memory per array = 30.2 MiB (= 0.0 GiB).
Total memory required = 90.5 MiB (= 0.1 GiB).
Each kernel will be executed 11 times.
-------------------------------------------------------------
Function    Best Rate MB/s  Avg time     Min time     Max time
Copy:           13991.5     0.005071     0.004522     0.006718
Scale:          12608.8     0.005037     0.005018     0.005074
Add:            10529.7     0.009063     0.009013     0.009096
Triad:          10574.5     0.009016     0.008975     0.009047
-------------------------------------------------------------
Solution Validates: avg error less than 1.000000e-06 on all three arrays
-------------------------------------------------------------



--- run 3 ---
-------------------------------------------------------------
STREAM (dynamic) version — custom malloc-based implementation
-------------------------------------------------------------
This system uses 4 bytes per array element.
-------------------------------------------------------------
Array size = 7908864 (elements), Offset = 0 (elements)
Memory per array = 30.2 MiB (= 0.0 GiB).
Total memory required = 90.5 MiB (= 0.1 GiB).
Each kernel will be executed 11 times.
-------------------------------------------------------------
Function    Best Rate MB/s  Avg time     Min time     Max time
Copy:           14088.8     0.005300     0.004491     0.006882
Scale:          12583.7     0.005055     0.005028     0.005105
Add:            10500.8     0.009401     0.009038     0.010395
Triad:          10583.8     0.009292     0.008967     0.010471
-------------------------------------------------------------
Solution Validates: avg error less than 1.000000e-06 on all three arrays
-------------------------------------------------------------



--- run 4 ---
-------------------------------------------------------------
STREAM (dynamic) version — custom malloc-based implementation
-------------------------------------------------------------
This system uses 4 bytes per array element.
-------------------------------------------------------------
Array size = 7908864 (elements), Offset = 0 (elements)
Memory per array = 30.2 MiB (= 0.0 GiB).
Total memory required = 90.5 MiB (= 0.1 GiB).
Each kernel will be executed 11 times.
-------------------------------------------------------------
Function    Best Rate MB/s  Avg time     Min time     Max time
Copy:           13862.9     0.005358     0.004564     0.007486
Scale:          12608.8     0.005045     0.005018     0.005081
Add:            10479.8     0.009404     0.009056     0.010054
Triad:          10575.9     0.009568     0.008974     0.010031
-------------------------------------------------------------
Solution Validates: avg error less than 1.000000e-06 on all three arrays
-------------------------------------------------------------



--- run 5 ---
-------------------------------------------------------------
STREAM (dynamic) version — custom malloc-based implementation
-------------------------------------------------------------
This system uses 4 bytes per array element.
-------------------------------------------------------------
Array size = 7908864 (elements), Offset = 0 (elements)
Memory per array = 30.2 MiB (= 0.0 GiB).
Total memory required = 90.5 MiB (= 0.1 GiB).
Each kernel will be executed 11 times.
-------------------------------------------------------------
Function    Best Rate MB/s  Avg time     Min time     Max time
Copy:           14100.8     0.005266     0.004487     0.007570
Scale:          12573.6     0.005487     0.005032     0.007313
Add:            10499.7     0.009645     0.009039     0.010461
Triad:          10567.5     0.009556     0.008981     0.010520
-------------------------------------------------------------
Solution Validates: avg error less than 1.000000e-06 on all three arrays
-------------------------------------------------------------



--- run 1 ---
-------------------------------------------------------------
STREAM (dynamic) version — custom malloc-based implementation
-------------------------------------------------------------
This system uses 4 bytes per array element.
-------------------------------------------------------------
Array size = 8877397 (elements), Offset = 0 (elements)
Memory per array = 33.9 MiB (= 0.0 GiB).
Total memory required = 101.6 MiB (= 0.1 GiB).
Each kernel will be executed 10 times.
-------------------------------------------------------------
Function    Best Rate MB/s  Avg time     Min time     Max time
Copy:           14147.5     0.005381     0.005020     0.006197
Scale:          12567.5     0.005783     0.005651     0.006585
Add:            10497.5     0.010445     0.010148     0.011026
Triad:          10587.3     0.010391     0.010062     0.011359
-------------------------------------------------------------
Solution Validates: avg error less than 1.000000e-06 on all three arrays
-------------------------------------------------------------



--- run 2 ---
-------------------------------------------------------------
STREAM (dynamic) version — custom malloc-based implementation
-------------------------------------------------------------
This system uses 4 bytes per array element.
-------------------------------------------------------------
Array size = 8877397 (elements), Offset = 0 (elements)
Memory per array = 33.9 MiB (= 0.0 GiB).
Total memory required = 101.6 MiB (= 0.1 GiB).
Each kernel will be executed 10 times.
-------------------------------------------------------------
Function    Best Rate MB/s  Avg time     Min time     Max time
Copy:           13946.8     0.005852     0.005092     0.007985
Scale:          12601.0     0.005670     0.005636     0.005782
Add:            10510.1     0.010367     0.010136     0.011245
Triad:          10502.6     0.010297     0.010143     0.011311
-------------------------------------------------------------
Solution Validates: avg error less than 1.000000e-06 on all three arrays
-------------------------------------------------------------



--- run 3 ---
-------------------------------------------------------------
STREAM (dynamic) version — custom malloc-based implementation
-------------------------------------------------------------
This system uses 4 bytes per array element.
-------------------------------------------------------------
Array size = 8877397 (elements), Offset = 0 (elements)
Memory per array = 33.9 MiB (= 0.0 GiB).
Total memory required = 101.6 MiB (= 0.1 GiB).
Each kernel will be executed 10 times.
-------------------------------------------------------------
Function    Best Rate MB/s  Avg time     Min time     Max time
Copy:           14192.7     0.005657     0.005004     0.007149
Scale:          12569.7     0.005663     0.005650     0.005673
Add:            10533.8     0.010170     0.010113     0.010219
Triad:          10527.6     0.010150     0.010119     0.010176
-------------------------------------------------------------
Solution Validates: avg error less than 1.000000e-06 on all three arrays
-------------------------------------------------------------



--- run 4 ---
-------------------------------------------------------------
STREAM (dynamic) version — custom malloc-based implementation
-------------------------------------------------------------
This system uses 4 bytes per array element.
-------------------------------------------------------------
Array size = 8877397 (elements), Offset = 0 (elements)
Memory per array = 33.9 MiB (= 0.0 GiB).
Total memory required = 101.6 MiB (= 0.1 GiB).
Each kernel will be executed 10 times.
-------------------------------------------------------------
Function    Best Rate MB/s  Avg time     Min time     Max time
Copy:           13942.2     0.005592     0.005094     0.007158
Scale:          12585.6     0.005676     0.005643     0.005738
Add:            10498.7     0.010423     0.010147     0.011302
Triad:          10585.0     0.010333     0.010064     0.011521
-------------------------------------------------------------
Solution Validates: avg error less than 1.000000e-06 on all three arrays
-------------------------------------------------------------



--- run 5 ---
-------------------------------------------------------------
STREAM (dynamic) version — custom malloc-based implementation
-------------------------------------------------------------
This system uses 4 bytes per array element.
-------------------------------------------------------------
Array size = 8877397 (elements), Offset = 0 (elements)
Memory per array = 33.9 MiB (= 0.0 GiB).
Total memory required = 101.6 MiB (= 0.1 GiB).
Each kernel will be executed 10 times.
-------------------------------------------------------------
Function    Best Rate MB/s  Avg time     Min time     Max time
Copy:           14223.9     0.005555     0.004993     0.007474
Scale:          12585.1     0.005883     0.005643     0.007347
Add:            10499.7     0.010606     0.010146     0.011340
Triad:          10592.5     0.010565     0.010057     0.011168
-------------------------------------------------------------
Solution Validates: avg error less than 1.000000e-06 on all three arrays
-------------------------------------------------------------



--- run 1 ---
-------------------------------------------------------------
STREAM (dynamic) version — custom malloc-based implementation
-------------------------------------------------------------
This system uses 4 bytes per array element.
-------------------------------------------------------------
Array size = 9964544 (elements), Offset = 0 (elements)
Memory per array = 38.0 MiB (= 0.0 GiB).
Total memory required = 114.0 MiB (= 0.1 GiB).
Each kernel will be executed 8 times.
-------------------------------------------------------------
Function    Best Rate MB/s  Avg time     Min time     Max time
Copy:           14000.3     0.006166     0.005694     0.007296
Scale:          12569.7     0.006765     0.006342     0.007768
Add:            10515.6     0.011389     0.011371     0.011424
Triad:          10535.9     0.011419     0.011349     0.011744
-------------------------------------------------------------
Solution Validates: avg error less than 1.000000e-06 on all three arrays
-------------------------------------------------------------



--- run 2 ---
-------------------------------------------------------------
STREAM (dynamic) version — custom malloc-based implementation
-------------------------------------------------------------
This system uses 4 bytes per array element.
-------------------------------------------------------------
Array size = 9964544 (elements), Offset = 0 (elements)
Memory per array = 38.0 MiB (= 0.0 GiB).
Total memory required = 114.0 MiB (= 0.1 GiB).
Each kernel will be executed 8 times.
-------------------------------------------------------------
Function    Best Rate MB/s  Avg time     Min time     Max time
Copy:           13823.2     0.007108     0.005767     0.010395
Scale:          12613.3     0.006357     0.006320     0.006393
Add:            10516.7     0.011480     0.011370     0.011916
Triad:          10586.4     0.011766     0.011295     0.013062
-------------------------------------------------------------
Solution Validates: avg error less than 1.000000e-06 on all three arrays
-------------------------------------------------------------



--- run 3 ---
-------------------------------------------------------------
STREAM (dynamic) version — custom malloc-based implementation
-------------------------------------------------------------
This system uses 4 bytes per array element.
-------------------------------------------------------------
Array size = 9964544 (elements), Offset = 0 (elements)
Memory per array = 38.0 MiB (= 0.0 GiB).
Total memory required = 114.0 MiB (= 0.1 GiB).
Each kernel will be executed 8 times.
-------------------------------------------------------------
Function    Best Rate MB/s  Avg time     Min time     Max time
Copy:           13946.6     0.006316     0.005716     0.007245
Scale:          12587.2     0.006397     0.006333     0.006547
Add:            10530.6     0.012114     0.011355     0.012713
Triad:          10536.2     0.011910     0.011349     0.012783
-------------------------------------------------------------
Solution Validates: avg error less than 1.000000e-06 on all three arrays
-------------------------------------------------------------



--- run 4 ---
-------------------------------------------------------------
STREAM (dynamic) version — custom malloc-based implementation
-------------------------------------------------------------
This system uses 4 bytes per array element.
-------------------------------------------------------------
Array size = 9964544 (elements), Offset = 0 (elements)
Memory per array = 38.0 MiB (= 0.0 GiB).
Total memory required = 114.0 MiB (= 0.1 GiB).
Each kernel will be executed 8 times.
-------------------------------------------------------------
Function    Best Rate MB/s  Avg time     Min time     Max time
Copy:           13791.8     0.006065     0.005780     0.006446
Scale:          12599.6     0.006375     0.006327     0.006463
Add:            10479.8     0.011986     0.011410     0.012639
Triad:          10606.1     0.012078     0.011274     0.012707
-------------------------------------------------------------
Solution Validates: avg error less than 1.000000e-06 on all three arrays
-------------------------------------------------------------



--- run 5 ---
-------------------------------------------------------------
STREAM (dynamic) version — custom malloc-based implementation
-------------------------------------------------------------
This system uses 4 bytes per array element.
-------------------------------------------------------------
Array size = 9964544 (elements), Offset = 0 (elements)
Memory per array = 38.0 MiB (= 0.0 GiB).
Total memory required = 114.0 MiB (= 0.1 GiB).
Each kernel will be executed 8 times.
-------------------------------------------------------------
Function    Best Rate MB/s  Avg time     Min time     Max time
Copy:           12595.3     0.007482     0.006329     0.008913
Scale:          12587.2     0.006795     0.006333     0.008617
Add:            10225.3     0.012699     0.011694     0.013235
Triad:           9605.1     0.012688     0.012449     0.012997
-------------------------------------------------------------
Solution Validates: avg error less than 1.000000e-06 on all three arrays
-------------------------------------------------------------



--- run 1 ---
-------------------------------------------------------------
STREAM (dynamic) version — custom malloc-based implementation
-------------------------------------------------------------
This system uses 4 bytes per array element.
-------------------------------------------------------------
Array size = 11184810 (elements), Offset = 0 (elements)
Memory per array = 42.7 MiB (= 0.0 GiB).
Total memory required = 128.0 MiB (= 0.1 GiB).
Each kernel will be executed 8 times.
-------------------------------------------------------------
Function    Best Rate MB/s  Avg time     Min time     Max time
Copy:           12826.8     0.007733     0.006976     0.009453
Scale:          12574.1     0.007427     0.007116     0.008132
Add:            10471.7     0.013861     0.012817     0.014978
Triad:          10475.8     0.013877     0.012812     0.015008
-------------------------------------------------------------
Solution Validates: avg error less than 1.000000e-06 on all three arrays
-------------------------------------------------------------



--- run 2 ---
-------------------------------------------------------------
STREAM (dynamic) version — custom malloc-based implementation
-------------------------------------------------------------
This system uses 4 bytes per array element.
-------------------------------------------------------------
Array size = 11184810 (elements), Offset = 0 (elements)
Memory per array = 42.7 MiB (= 0.0 GiB).
Total memory required = 128.0 MiB (= 0.1 GiB).
Each kernel will be executed 8 times.
-------------------------------------------------------------
Function    Best Rate MB/s  Avg time     Min time     Max time
Copy:           13804.4     0.006766     0.006482     0.007446
Scale:          12591.8     0.007142     0.007106     0.007192
Add:            10440.1     0.012899     0.012856     0.012938
Triad:          10515.2     0.012804     0.012764     0.012862
-------------------------------------------------------------
Solution Validates: avg error less than 1.000000e-06 on all three arrays
-------------------------------------------------------------



--- run 3 ---
-------------------------------------------------------------
STREAM (dynamic) version — custom malloc-based implementation
-------------------------------------------------------------
This system uses 4 bytes per array element.
-------------------------------------------------------------
Array size = 11184810 (elements), Offset = 0 (elements)
Memory per array = 42.7 MiB (= 0.0 GiB).
Total memory required = 128.0 MiB (= 0.1 GiB).
Each kernel will be executed 8 times.
-------------------------------------------------------------
Function    Best Rate MB/s  Avg time     Min time     Max time
Copy:           13968.3     0.007214     0.006406     0.008204
Scale:          12565.3     0.007241     0.007121     0.007482
Add:            10494.8     0.014093     0.012789     0.015041
Triad:          10455.4     0.014333     0.012837     0.014999
-------------------------------------------------------------
Solution Validates: avg error less than 1.000000e-06 on all three arrays
-------------------------------------------------------------



--- run 4 ---
-------------------------------------------------------------
STREAM (dynamic) version — custom malloc-based implementation
-------------------------------------------------------------
This system uses 4 bytes per array element.
-------------------------------------------------------------
Array size = 11184810 (elements), Offset = 0 (elements)
Memory per array = 42.7 MiB (= 0.0 GiB).
Total memory required = 128.0 MiB (= 0.1 GiB).
Each kernel will be executed 8 times.
-------------------------------------------------------------
Function    Best Rate MB/s  Avg time     Min time     Max time
Copy:           13797.8     0.007021     0.006485     0.008071
Scale:          12623.6     0.007135     0.007088     0.007182
Add:            10439.3     0.013097     0.012857     0.014251
Triad:          10519.5     0.012804     0.012759     0.012844
-------------------------------------------------------------
Solution Validates: avg error less than 1.000000e-06 on all three arrays
-------------------------------------------------------------



--- run 5 ---
-------------------------------------------------------------
STREAM (dynamic) version — custom malloc-based implementation
-------------------------------------------------------------
This system uses 4 bytes per array element.
-------------------------------------------------------------
Array size = 11184810 (elements), Offset = 0 (elements)
Memory per array = 42.7 MiB (= 0.0 GiB).
Total memory required = 128.0 MiB (= 0.1 GiB).
Each kernel will be executed 8 times.
-------------------------------------------------------------
Function    Best Rate MB/s  Avg time     Min time     Max time
Copy:           13985.5     0.007098     0.006398     0.008420
Scale:          12607.9     0.007299     0.007097     0.008060
Add:            10509.7     0.013248     0.012771     0.014965
Triad:          10516.9     0.013693     0.012762     0.014605
-------------------------------------------------------------
Solution Validates: avg error less than 1.000000e-06 on all three arrays
-------------------------------------------------------------



--- run 1 ---
-------------------------------------------------------------
STREAM (dynamic) version — custom malloc-based implementation
-------------------------------------------------------------
This system uses 4 bytes per array element.
-------------------------------------------------------------
Array size = 12554496 (elements), Offset = 0 (elements)
Memory per array = 47.9 MiB (= 0.0 GiB).
Total memory required = 143.7 MiB (= 0.1 GiB).
Each kernel will be executed 7 times.
-------------------------------------------------------------
Function    Best Rate MB/s  Avg time     Min time     Max time
Copy:           12732.6     0.009142     0.007888     0.010287
Scale:          12559.1     0.008088     0.007997     0.008200
Add:            10448.2     0.015796     0.014419     0.016657
Triad:           9950.1     0.015989     0.015141     0.016614
-------------------------------------------------------------
Solution Validates: avg error less than 1.000000e-06 on all three arrays
-------------------------------------------------------------



--- run 2 ---
-------------------------------------------------------------
STREAM (dynamic) version — custom malloc-based implementation
-------------------------------------------------------------
This system uses 4 bytes per array element.
-------------------------------------------------------------
Array size = 12554496 (elements), Offset = 0 (elements)
Memory per array = 47.9 MiB (= 0.0 GiB).
Total memory required = 143.7 MiB (= 0.1 GiB).
Each kernel will be executed 7 times.
-------------------------------------------------------------
Function    Best Rate MB/s  Avg time     Min time     Max time
Copy:           13657.3     0.008046     0.007354     0.009825
Scale:          12573.4     0.008020     0.007988     0.008043
Add:            10402.8     0.014510     0.014482     0.014538
Triad:          10509.6     0.014551     0.014335     0.015199
-------------------------------------------------------------
Solution Validates: avg error less than 1.000000e-06 on all three arrays
-------------------------------------------------------------



--- run 3 ---
-------------------------------------------------------------
STREAM (dynamic) version — custom malloc-based implementation
-------------------------------------------------------------
This system uses 4 bytes per array element.
-------------------------------------------------------------
Array size = 12554496 (elements), Offset = 0 (elements)
Memory per array = 47.9 MiB (= 0.0 GiB).
Total memory required = 143.7 MiB (= 0.1 GiB).
Each kernel will be executed 7 times.
-------------------------------------------------------------
Function    Best Rate MB/s  Avg time     Min time     Max time
Copy:           13880.0     0.008179     0.007236     0.008988
Scale:          12562.1     0.008042     0.007995     0.008211
Add:            10513.3     0.014699     0.014330     0.015713
Triad:          10471.4     0.014948     0.014387     0.016401
-------------------------------------------------------------
Solution Validates: avg error less than 1.000000e-06 on all three arrays
-------------------------------------------------------------



--- run 4 ---
-------------------------------------------------------------
STREAM (dynamic) version — custom malloc-based implementation
-------------------------------------------------------------
This system uses 4 bytes per array element.
-------------------------------------------------------------
Array size = 12554496 (elements), Offset = 0 (elements)
Memory per array = 47.9 MiB (= 0.0 GiB).
Total memory required = 143.7 MiB (= 0.1 GiB).
Each kernel will be executed 7 times.
-------------------------------------------------------------
Function    Best Rate MB/s  Avg time     Min time     Max time
Copy:           13733.9     0.008217     0.007313     0.009213
Scale:          12567.0     0.008121     0.007992     0.008280
Add:            10396.5     0.015325     0.014491     0.016177
Triad:          10519.0     0.014422     0.014322     0.014711
-------------------------------------------------------------
Solution Validates: avg error less than 1.000000e-06 on all three arrays
-------------------------------------------------------------



--- run 5 ---
-------------------------------------------------------------
STREAM (dynamic) version — custom malloc-based implementation
-------------------------------------------------------------
This system uses 4 bytes per array element.
-------------------------------------------------------------
Array size = 12554496 (elements), Offset = 0 (elements)
Memory per array = 47.9 MiB (= 0.0 GiB).
Total memory required = 143.7 MiB (= 0.1 GiB).
Each kernel will be executed 7 times.
-------------------------------------------------------------
Function    Best Rate MB/s  Avg time     Min time     Max time
Copy:           13851.3     0.008174     0.007251     0.010359
Scale:          12565.5     0.008030     0.007993     0.008104
Add:            10476.6     0.014502     0.014380     0.014966
Triad:          10438.2     0.014911     0.014433     0.015684
-------------------------------------------------------------
Solution Validates: avg error less than 1.000000e-06 on all three arrays
-------------------------------------------------------------



--- run 1 ---
-------------------------------------------------------------
STREAM (dynamic) version — custom malloc-based implementation
-------------------------------------------------------------
This system uses 4 bytes per array element.
-------------------------------------------------------------
Array size = 14091946 (elements), Offset = 0 (elements)
Memory per array = 53.8 MiB (= 0.1 GiB).
Total memory required = 161.3 MiB (= 0.2 GiB).
Each kernel will be executed 6 times.
-------------------------------------------------------------
Function    Best Rate MB/s  Avg time     Min time     Max time
Copy:           13969.7     0.008753     0.008070     0.009368
Scale:          12552.7     0.009085     0.008981     0.009203
Add:             9738.7     0.017935     0.017364     0.018789
Triad:          10462.9     0.017715     0.016162     0.018572
-------------------------------------------------------------
Solution Validates: avg error less than 1.000000e-06 on all three arrays
-------------------------------------------------------------



--- run 2 ---
-------------------------------------------------------------
STREAM (dynamic) version — custom malloc-based implementation
-------------------------------------------------------------
This system uses 4 bytes per array element.
-------------------------------------------------------------
Array size = 14091946 (elements), Offset = 0 (elements)
Memory per array = 53.8 MiB (= 0.1 GiB).
Total memory required = 161.3 MiB (= 0.2 GiB).
Each kernel will be executed 6 times.
-------------------------------------------------------------
Function    Best Rate MB/s  Avg time     Min time     Max time
Copy:           13649.9     0.008694     0.008259     0.009387
Scale:          12531.7     0.009033     0.008996     0.009070
Add:            10419.3     0.016264     0.016230     0.016297
Triad:          10578.2     0.016022     0.015986     0.016051
-------------------------------------------------------------
Solution Validates: avg error less than 1.000000e-06 on all three arrays
-------------------------------------------------------------



--- run 3 ---
-------------------------------------------------------------
STREAM (dynamic) version — custom malloc-based implementation
-------------------------------------------------------------
This system uses 4 bytes per array element.
-------------------------------------------------------------
Array size = 14091946 (elements), Offset = 0 (elements)
Memory per array = 53.8 MiB (= 0.1 GiB).
Total memory required = 161.3 MiB (= 0.2 GiB).
Each kernel will be executed 6 times.
-------------------------------------------------------------
Function    Best Rate MB/s  Avg time     Min time     Max time
Copy:           14155.4     0.008569     0.007964     0.009532
Scale:          12561.0     0.008998     0.008975     0.009024
Add:            10519.7     0.016505     0.016075     0.018201
Triad:          10505.4     0.016700     0.016097     0.018890
-------------------------------------------------------------
Solution Validates: avg error less than 1.000000e-06 on all three arrays
-------------------------------------------------------------



--- run 4 ---
-------------------------------------------------------------
STREAM (dynamic) version — custom malloc-based implementation
-------------------------------------------------------------
This system uses 4 bytes per array element.
-------------------------------------------------------------
Array size = 14091946 (elements), Offset = 0 (elements)
Memory per array = 53.8 MiB (= 0.1 GiB).
Total memory required = 161.3 MiB (= 0.2 GiB).
Each kernel will be executed 6 times.
-------------------------------------------------------------
Function    Best Rate MB/s  Avg time     Min time     Max time
Copy:           13864.9     0.009469     0.008131     0.011140
Scale:          12552.7     0.009083     0.008981     0.009186
Add:            10377.0     0.017072     0.016296     0.018127
Triad:          10522.4     0.017175     0.016071     0.017958
-------------------------------------------------------------
Solution Validates: avg error less than 1.000000e-06 on all three arrays
-------------------------------------------------------------



--- run 5 ---
-------------------------------------------------------------
STREAM (dynamic) version — custom malloc-based implementation
-------------------------------------------------------------
This system uses 4 bytes per array element.
-------------------------------------------------------------
Array size = 14091946 (elements), Offset = 0 (elements)
Memory per array = 53.8 MiB (= 0.1 GiB).
Total memory required = 161.3 MiB (= 0.2 GiB).
Each kernel will be executed 6 times.
-------------------------------------------------------------
Function    Best Rate MB/s  Avg time     Min time     Max time
Copy:           14055.3     0.009365     0.008021     0.010419
Scale:          12521.8     0.009173     0.009003     0.009820
Add:            10492.3     0.017554     0.016117     0.018031
Triad:          10459.1     0.017306     0.016168     0.018370
-------------------------------------------------------------
Solution Validates: avg error less than 1.000000e-06 on all three arrays
-------------------------------------------------------------



--- run 1 ---
-------------------------------------------------------------
STREAM (dynamic) version — custom malloc-based implementation
-------------------------------------------------------------
This system uses 4 bytes per array element.
-------------------------------------------------------------
Array size = 15817728 (elements), Offset = 0 (elements)
Memory per array = 60.3 MiB (= 0.1 GiB).
Total memory required = 181.0 MiB (= 0.2 GiB).
Each kernel will be executed 5 times.
-------------------------------------------------------------
Function    Best Rate MB/s  Avg time     Min time     Max time
Copy:           14040.0     0.009170     0.009013     0.009398
Scale:          12552.4     0.010183     0.010081     0.010436
Add:            10539.2     0.018788     0.018010     0.021024
Triad:          10511.9     0.018868     0.018057     0.021204
-------------------------------------------------------------
Solution Validates: avg error less than 1.000000e-06 on all three arrays
-------------------------------------------------------------



--- run 2 ---
-------------------------------------------------------------
STREAM (dynamic) version — custom malloc-based implementation
-------------------------------------------------------------
This system uses 4 bytes per array element.
-------------------------------------------------------------
Array size = 15817728 (elements), Offset = 0 (elements)
Memory per array = 60.3 MiB (= 0.1 GiB).
Total memory required = 181.0 MiB (= 0.2 GiB).
Each kernel will be executed 5 times.
-------------------------------------------------------------
Function    Best Rate MB/s  Avg time     Min time     Max time
Copy:           11732.0     0.011544     0.010786     0.012210
Scale:          12491.9     0.010248     0.010130     0.010464
Add:            10447.7     0.019295     0.018168     0.020411
Triad:          10560.5     0.018688     0.017974     0.020083
-------------------------------------------------------------
Solution Validates: avg error less than 1.000000e-06 on all three arrays
-------------------------------------------------------------



--- run 3 ---
-------------------------------------------------------------
STREAM (dynamic) version — custom malloc-based implementation
-------------------------------------------------------------
This system uses 4 bytes per array element.
-------------------------------------------------------------
Array size = 15817728 (elements), Offset = 0 (elements)
Memory per array = 60.3 MiB (= 0.1 GiB).
Total memory required = 181.0 MiB (= 0.2 GiB).
Each kernel will be executed 5 times.
-------------------------------------------------------------
Function    Best Rate MB/s  Avg time     Min time     Max time
Copy:           13052.2     0.012403     0.009695     0.014921
Scale:          12510.1     0.010187     0.010115     0.010266
Add:            10122.2     0.019749     0.018752     0.020109
Triad:          10180.9     0.019747     0.018644     0.020153
-------------------------------------------------------------
Solution Validates: avg error less than 1.000000e-06 on all three arrays
-------------------------------------------------------------



--- run 4 ---
-------------------------------------------------------------
STREAM (dynamic) version — custom malloc-based implementation
-------------------------------------------------------------
This system uses 4 bytes per array element.
-------------------------------------------------------------
Array size = 15817728 (elements), Offset = 0 (elements)
Memory per array = 60.3 MiB (= 0.1 GiB).
Total memory required = 181.0 MiB (= 0.2 GiB).
Each kernel will be executed 5 times.
-------------------------------------------------------------
Function    Best Rate MB/s  Avg time     Min time     Max time
Copy:           13810.2     0.009653     0.009163     0.010258
Scale:          12532.9     0.010124     0.010097     0.010140
Add:            10402.3     0.018289     0.018247     0.018358
Triad:          10578.1     0.017962     0.017944     0.017992
-------------------------------------------------------------
Solution Validates: avg error less than 1.000000e-06 on all three arrays
-------------------------------------------------------------



--- run 5 ---
-------------------------------------------------------------
STREAM (dynamic) version — custom malloc-based implementation
-------------------------------------------------------------
This system uses 4 bytes per array element.
-------------------------------------------------------------
Array size = 15817728 (elements), Offset = 0 (elements)
Memory per array = 60.3 MiB (= 0.1 GiB).
Total memory required = 181.0 MiB (= 0.2 GiB).
Each kernel will be executed 5 times.
-------------------------------------------------------------
Function    Best Rate MB/s  Avg time     Min time     Max time
Copy:           13232.2     0.010524     0.009563     0.013144
Scale:          12560.2     0.010093     0.010075     0.010113
Add:             9479.7     0.020115     0.020023     0.020315
Triad:           9458.5     0.020321     0.020068     0.020987
-------------------------------------------------------------
Solution Validates: avg error less than 1.000000e-06 on all three arrays
-------------------------------------------------------------



--- run 1 ---
-------------------------------------------------------------
STREAM (dynamic) version — custom malloc-based implementation
-------------------------------------------------------------
This system uses 4 bytes per array element.
-------------------------------------------------------------
Array size = 17754794 (elements), Offset = 0 (elements)
Memory per array = 67.7 MiB (= 0.1 GiB).
Total memory required = 203.2 MiB (= 0.2 GiB).
Each kernel will be executed 5 times.
-------------------------------------------------------------
Function    Best Rate MB/s  Avg time     Min time     Max time
Copy:           14031.2     0.011163     0.010123     0.012785
Scale:          12548.5     0.011472     0.011319     0.011615
Add:            10078.9     0.022471     0.021139     0.023072
Triad:          10461.9     0.021929     0.020365     0.023539
-------------------------------------------------------------
Solution Validates: avg error less than 1.000000e-06 on all three arrays
-------------------------------------------------------------



--- run 2 ---
-------------------------------------------------------------
STREAM (dynamic) version — custom malloc-based implementation
-------------------------------------------------------------
This system uses 4 bytes per array element.
-------------------------------------------------------------
Array size = 17754794 (elements), Offset = 0 (elements)
Memory per array = 67.7 MiB (= 0.1 GiB).
Total memory required = 203.2 MiB (= 0.2 GiB).
Each kernel will be executed 5 times.
-------------------------------------------------------------
Function    Best Rate MB/s  Avg time     Min time     Max time
Copy:           13734.0     0.012078     0.010342     0.013761
Scale:          12456.4     0.011442     0.011403     0.011478
Add:            10380.4     0.020532     0.020525     0.020544
Triad:          10524.0     0.020266     0.020245     0.020290
-------------------------------------------------------------
Solution Validates: avg error less than 1.000000e-06 on all three arrays
-------------------------------------------------------------



--- run 3 ---
-------------------------------------------------------------
STREAM (dynamic) version — custom malloc-based implementation
-------------------------------------------------------------
This system uses 4 bytes per array element.
-------------------------------------------------------------
Array size = 17754794 (elements), Offset = 0 (elements)
Memory per array = 67.7 MiB (= 0.1 GiB).
Total memory required = 203.2 MiB (= 0.2 GiB).
Each kernel will be executed 5 times.
-------------------------------------------------------------
Function    Best Rate MB/s  Avg time     Min time     Max time
Copy:           14077.0     0.011352     0.010090     0.012652
Scale:          12549.8     0.011471     0.011318     0.011607
Add:            10472.2     0.021183     0.020345     0.022589
Triad:          10456.3     0.022032     0.020376     0.024063
-------------------------------------------------------------
Solution Validates: avg error less than 1.000000e-06 on all three arrays
-------------------------------------------------------------



--- run 4 ---
-------------------------------------------------------------
STREAM (dynamic) version — custom malloc-based implementation
-------------------------------------------------------------
This system uses 4 bytes per array element.
-------------------------------------------------------------
Array size = 17754794 (elements), Offset = 0 (elements)
Memory per array = 67.7 MiB (= 0.1 GiB).
Total memory required = 203.2 MiB (= 0.2 GiB).
Each kernel will be executed 5 times.
-------------------------------------------------------------
Function    Best Rate MB/s  Avg time     Min time     Max time
Copy:           13567.6     0.011540     0.010469     0.012508
Scale:          12524.2     0.011368     0.011341     0.011390
Add:            10354.2     0.020737     0.020577     0.021134
Triad:          10536.5     0.020256     0.020221     0.020301
-------------------------------------------------------------
Solution Validates: avg error less than 1.000000e-06 on all three arrays
-------------------------------------------------------------



--- run 5 ---
-------------------------------------------------------------
STREAM (dynamic) version — custom malloc-based implementation
-------------------------------------------------------------
This system uses 4 bytes per array element.
-------------------------------------------------------------
Array size = 17754794 (elements), Offset = 0 (elements)
Memory per array = 67.7 MiB (= 0.1 GiB).
Total memory required = 203.2 MiB (= 0.2 GiB).
Each kernel will be executed 5 times.
-------------------------------------------------------------
Function    Best Rate MB/s  Avg time     Min time     Max time
Copy:           14104.0     0.010276     0.010071     0.010876
Scale:          12594.1     0.011743     0.011278     0.013022
Add:            10471.1     0.020605     0.020347     0.021319
Triad:          10455.3     0.020621     0.020378     0.021216
-------------------------------------------------------------
Solution Validates: avg error less than 1.000000e-06 on all three arrays
-------------------------------------------------------------



--- run 1 ---
-------------------------------------------------------------
STREAM (dynamic) version — custom malloc-based implementation
-------------------------------------------------------------
This system uses 4 bytes per array element.
-------------------------------------------------------------
Array size = 19929088 (elements), Offset = 0 (elements)
Memory per array = 76.0 MiB (= 0.1 GiB).
Total memory required = 228.1 MiB (= 0.2 GiB).
Each kernel will be executed 5 times.
-------------------------------------------------------------
Function    Best Rate MB/s  Avg time     Min time     Max time
Copy:           14025.8     0.011761     0.011367     0.012832
Scale:          12548.7     0.012764     0.012705     0.012853
Add:            10479.8     0.022884     0.022820     0.022920
Triad:          10428.2     0.022957     0.022933     0.022993
-------------------------------------------------------------
Solution Validates: avg error less than 1.000000e-06 on all three arrays
-------------------------------------------------------------



--- run 2 ---
-------------------------------------------------------------
STREAM (dynamic) version — custom malloc-based implementation
-------------------------------------------------------------
This system uses 4 bytes per array element.
-------------------------------------------------------------
Array size = 19929088 (elements), Offset = 0 (elements)
Memory per array = 76.0 MiB (= 0.1 GiB).
Total memory required = 228.1 MiB (= 0.2 GiB).
Each kernel will be executed 5 times.
-------------------------------------------------------------
Function    Best Rate MB/s  Avg time     Min time     Max time
Copy:           13709.8     0.014326     0.011629     0.016628
Scale:          12489.9     0.012955     0.012765     0.013415
Add:            10356.8     0.024673     0.023091     0.026174
Triad:          10496.8     0.024648     0.022783     0.026891
-------------------------------------------------------------
Solution Validates: avg error less than 1.000000e-06 on all three arrays
-------------------------------------------------------------



--- run 3 ---
-------------------------------------------------------------
STREAM (dynamic) version — custom malloc-based implementation
-------------------------------------------------------------
This system uses 4 bytes per array element.
-------------------------------------------------------------
Array size = 19929088 (elements), Offset = 0 (elements)
Memory per array = 76.0 MiB (= 0.1 GiB).
Total memory required = 228.1 MiB (= 0.2 GiB).
Each kernel will be executed 5 times.
-------------------------------------------------------------
Function    Best Rate MB/s  Avg time     Min time     Max time
Copy:           13738.2     0.011959     0.011605     0.012974
Scale:          12519.4     0.012811     0.012735     0.012982
Add:            10469.3     0.022869     0.022843     0.022902
Triad:          10407.3     0.023291     0.022979     0.024145
-------------------------------------------------------------
Solution Validates: avg error less than 1.000000e-06 on all three arrays
-------------------------------------------------------------



--- run 4 ---
-------------------------------------------------------------
STREAM (dynamic) version — custom malloc-based implementation
-------------------------------------------------------------
This system uses 4 bytes per array element.
-------------------------------------------------------------
Array size = 19929088 (elements), Offset = 0 (elements)
Memory per array = 76.0 MiB (= 0.1 GiB).
Total memory required = 228.1 MiB (= 0.2 GiB).
Each kernel will be executed 5 times.
-------------------------------------------------------------
Function    Best Rate MB/s  Avg time     Min time     Max time
Copy:           13709.8     0.013267     0.011629     0.016176
Scale:          12514.4     0.012781     0.012740     0.012809
Add:            10351.9     0.023128     0.023102     0.023180
Triad:          10538.9     0.022882     0.022692     0.023222
-------------------------------------------------------------
Solution Validates: avg error less than 1.000000e-06 on all three arrays
-------------------------------------------------------------



--- run 5 ---
-------------------------------------------------------------
STREAM (dynamic) version — custom malloc-based implementation
-------------------------------------------------------------
This system uses 4 bytes per array element.
-------------------------------------------------------------
Array size = 19929088 (elements), Offset = 0 (elements)
Memory per array = 76.0 MiB (= 0.1 GiB).
Total memory required = 228.1 MiB (= 0.2 GiB).
Each kernel will be executed 5 times.
-------------------------------------------------------------
Function    Best Rate MB/s  Avg time     Min time     Max time
Copy:           13997.6     0.013041     0.011390     0.015594
Scale:          12537.9     0.012817     0.012716     0.013070
Add:            10464.2     0.023739     0.022854     0.026351
Triad:          10435.9     0.024330     0.022916     0.026112
-------------------------------------------------------------
Solution Validates: avg error less than 1.000000e-06 on all three arrays
-------------------------------------------------------------



--- run 1 ---
-------------------------------------------------------------
STREAM (dynamic) version — custom malloc-based implementation
-------------------------------------------------------------
This system uses 4 bytes per array element.
-------------------------------------------------------------
Array size = 22369621 (elements), Offset = 0 (elements)
Memory per array = 85.3 MiB (= 0.1 GiB).
Total memory required = 256.0 MiB (= 0.2 GiB).
Each kernel will be executed 5 times.
-------------------------------------------------------------
Function    Best Rate MB/s  Avg time     Min time     Max time
Copy:           13894.3     0.014192     0.012880     0.017596
Scale:          12532.8     0.014667     0.014279     0.015694
Add:            10408.5     0.025866     0.025790     0.026065
Triad:          10394.0     0.026019     0.025826     0.026562
-------------------------------------------------------------
Solution Validates: avg error less than 1.000000e-06 on all three arrays
-------------------------------------------------------------



--- run 2 ---
-------------------------------------------------------------
STREAM (dynamic) version — custom malloc-based implementation
-------------------------------------------------------------
This system uses 4 bytes per array element.
-------------------------------------------------------------
Array size = 22369621 (elements), Offset = 0 (elements)
Memory per array = 85.3 MiB (= 0.1 GiB).
Total memory required = 256.0 MiB (= 0.2 GiB).
Each kernel will be executed 5 times.
-------------------------------------------------------------
Function    Best Rate MB/s  Avg time     Min time     Max time
Copy:           13588.2     0.014569     0.013170     0.016194
Scale:          12188.8     0.015115     0.014682     0.016157
Add:            10223.5     0.028471     0.026257     0.029358
Triad:          10470.6     0.027672     0.025637     0.029609
-------------------------------------------------------------
Solution Validates: avg error less than 1.000000e-06 on all three arrays
-------------------------------------------------------------



--- run 3 ---
-------------------------------------------------------------
STREAM (dynamic) version — custom malloc-based implementation
-------------------------------------------------------------
This system uses 4 bytes per array element.
-------------------------------------------------------------
Array size = 22369621 (elements), Offset = 0 (elements)
Memory per array = 85.3 MiB (= 0.1 GiB).
Total memory required = 256.0 MiB (= 0.2 GiB).
Each kernel will be executed 5 times.
-------------------------------------------------------------
Function    Best Rate MB/s  Avg time     Min time     Max time
Copy:           13949.3     0.013856     0.012829     0.014542
Scale:          12510.8     0.014327     0.014304     0.014352
Add:            10456.8     0.026301     0.025671     0.028128
Triad:          10432.3     0.026577     0.025731     0.028552
-------------------------------------------------------------
Solution Validates: avg error less than 1.000000e-06 on all three arrays
-------------------------------------------------------------



--- run 4 ---
-------------------------------------------------------------
STREAM (dynamic) version — custom malloc-based implementation
-------------------------------------------------------------
This system uses 4 bytes per array element.
-------------------------------------------------------------
Array size = 22369621 (elements), Offset = 0 (elements)
Memory per array = 85.3 MiB (= 0.1 GiB).
Total memory required = 256.0 MiB (= 0.2 GiB).
Each kernel will be executed 5 times.
-------------------------------------------------------------
Function    Best Rate MB/s  Avg time     Min time     Max time
Copy:           13572.7     0.014841     0.013185     0.016212
Scale:          12400.9     0.014564     0.014431     0.014841
Add:            10339.2     0.027584     0.025963     0.028916
Triad:          10489.9     0.026552     0.025590     0.028386
-------------------------------------------------------------
Solution Validates: avg error less than 1.000000e-06 on all three arrays
-------------------------------------------------------------



--- run 5 ---
-------------------------------------------------------------
STREAM (dynamic) version — custom malloc-based implementation
-------------------------------------------------------------
This system uses 4 bytes per array element.
-------------------------------------------------------------
Array size = 22369621 (elements), Offset = 0 (elements)
Memory per array = 85.3 MiB (= 0.1 GiB).
Total memory required = 256.0 MiB (= 0.2 GiB).
Each kernel will be executed 5 times.
-------------------------------------------------------------
Function    Best Rate MB/s  Avg time     Min time     Max time
Copy:           13976.6     0.014542     0.012804     0.015191
Scale:          12515.4     0.014558     0.014299     0.014936
Add:            10266.3     0.027628     0.026147     0.028626
Triad:           9407.6     0.029141     0.028534     0.029910
-------------------------------------------------------------
Solution Validates: avg error less than 1.000000e-06 on all three arrays
-------------------------------------------------------------



--- run 1 ---
-------------------------------------------------------------
STREAM (dynamic) version — custom malloc-based implementation
-------------------------------------------------------------
This system uses 4 bytes per array element.
-------------------------------------------------------------
Array size = 25109077 (elements), Offset = 0 (elements)
Memory per array = 95.8 MiB (= 0.1 GiB).
Total memory required = 287.4 MiB (= 0.3 GiB).
Each kernel will be executed 5 times.
-------------------------------------------------------------
Function    Best Rate MB/s  Avg time     Min time     Max time
Copy:           13906.9     0.014591     0.014444     0.014744
Scale:          12506.1     0.016113     0.016062     0.016214
Add:            10504.8     0.028728     0.028683     0.028766
Triad:          10418.3     0.029742     0.028921     0.031593
-------------------------------------------------------------
Solution Validates: avg error less than 1.000000e-06 on all three arrays
-------------------------------------------------------------



--- run 2 ---
-------------------------------------------------------------
STREAM (dynamic) version — custom malloc-based implementation
-------------------------------------------------------------
This system uses 4 bytes per array element.
-------------------------------------------------------------
Array size = 25109077 (elements), Offset = 0 (elements)
Memory per array = 95.8 MiB (= 0.1 GiB).
Total memory required = 287.4 MiB (= 0.3 GiB).
Each kernel will be executed 5 times.
-------------------------------------------------------------
Function    Best Rate MB/s  Avg time     Min time     Max time
Copy:           13636.1     0.016057     0.014731     0.019592
Scale:          12510.0     0.016257     0.016057     0.016710
Add:            10357.8     0.029608     0.029090     0.031045
Triad:          10497.1     0.029572     0.028704     0.032098
-------------------------------------------------------------
Solution Validates: avg error less than 1.000000e-06 on all three arrays
-------------------------------------------------------------



--- run 3 ---
-------------------------------------------------------------
STREAM (dynamic) version — custom malloc-based implementation
-------------------------------------------------------------
This system uses 4 bytes per array element.
-------------------------------------------------------------
Array size = 25109077 (elements), Offset = 0 (elements)
Memory per array = 95.8 MiB (= 0.1 GiB).
Total memory required = 287.4 MiB (= 0.3 GiB).
Each kernel will be executed 5 times.
-------------------------------------------------------------
Function    Best Rate MB/s  Avg time     Min time     Max time
Copy:           13918.6     0.014806     0.014432     0.015384
Scale:          12545.2     0.016389     0.016012     0.017398
Add:            10465.8     0.029766     0.028790     0.032653
Triad:          10396.0     0.030132     0.028983     0.033185
-------------------------------------------------------------
Solution Validates: avg error less than 1.000000e-06 on all three arrays
-------------------------------------------------------------



--- run 4 ---
-------------------------------------------------------------
STREAM (dynamic) version — custom malloc-based implementation
-------------------------------------------------------------
This system uses 4 bytes per array element.
-------------------------------------------------------------
Array size = 25109077 (elements), Offset = 0 (elements)
Memory per array = 95.8 MiB (= 0.1 GiB).
Total memory required = 287.4 MiB (= 0.3 GiB).
Each kernel will be executed 5 times.
-------------------------------------------------------------
Function    Best Rate MB/s  Avg time     Min time     Max time
Copy:           11916.3     0.017917     0.016857     0.019667
Scale:          12455.8     0.016295     0.016127     0.016465
Add:            10326.2     0.030002     0.029179     0.031046
Triad:          10498.6     0.030624     0.028700     0.032684
-------------------------------------------------------------
Solution Validates: avg error less than 1.000000e-06 on all three arrays
-------------------------------------------------------------



--- run 5 ---
-------------------------------------------------------------
STREAM (dynamic) version — custom malloc-based implementation
-------------------------------------------------------------
This system uses 4 bytes per array element.
-------------------------------------------------------------
Array size = 25109077 (elements), Offset = 0 (elements)
Memory per array = 95.8 MiB (= 0.1 GiB).
Total memory required = 287.4 MiB (= 0.3 GiB).
Each kernel will be executed 5 times.
-------------------------------------------------------------
Function    Best Rate MB/s  Avg time     Min time     Max time
Copy:           13915.6     0.015022     0.014435     0.016019
Scale:          12545.9     0.016072     0.016011     0.016160
Add:            10504.7     0.028788     0.028683     0.028989
Triad:          10396.4     0.029848     0.028982     0.032048
-------------------------------------------------------------
Solution Validates: avg error less than 1.000000e-06 on all three arrays
-------------------------------------------------------------



--- run 1 ---
-------------------------------------------------------------
STREAM (dynamic) version — custom malloc-based implementation
-------------------------------------------------------------
This system uses 4 bytes per array element.
-------------------------------------------------------------
Array size = 28183978 (elements), Offset = 0 (elements)
Memory per array = 107.5 MiB (= 0.1 GiB).
Total memory required = 322.5 MiB (= 0.3 GiB).
Each kernel will be executed 5 times.
-------------------------------------------------------------
Function    Best Rate MB/s  Avg time     Min time     Max time
Copy:           13807.2     0.016784     0.016330     0.017733
Scale:          12518.0     0.018077     0.018012     0.018202
Add:            10469.2     0.033170     0.032305     0.035698
Triad:          10419.9     0.032610     0.032458     0.033000
-------------------------------------------------------------
Solution Validates: avg error less than 1.000000e-06 on all three arrays
-------------------------------------------------------------



--- run 2 ---
-------------------------------------------------------------
STREAM (dynamic) version — custom malloc-based implementation
-------------------------------------------------------------
This system uses 4 bytes per array element.
-------------------------------------------------------------
Array size = 28183978 (elements), Offset = 0 (elements)
Memory per array = 107.5 MiB (= 0.1 GiB).
Total memory required = 322.5 MiB (= 0.3 GiB).
Each kernel will be executed 5 times.
-------------------------------------------------------------
Function    Best Rate MB/s  Avg time     Min time     Max time
Copy:           13045.9     0.018321     0.017283     0.019358
Scale:          12384.6     0.019088     0.018206     0.020354
Add:            10310.8     0.034777     0.032801     0.036537
Triad:          10440.5     0.033905     0.032394     0.035736
-------------------------------------------------------------
Solution Validates: avg error less than 1.000000e-06 on all three arrays
-------------------------------------------------------------



--- run 3 ---
-------------------------------------------------------------
STREAM (dynamic) version — custom malloc-based implementation
-------------------------------------------------------------
This system uses 4 bytes per array element.
-------------------------------------------------------------
Array size = 28183978 (elements), Offset = 0 (elements)
Memory per array = 107.5 MiB (= 0.1 GiB).
Total memory required = 322.5 MiB (= 0.3 GiB).
Each kernel will be executed 5 times.
-------------------------------------------------------------
Function    Best Rate MB/s  Avg time     Min time     Max time
Copy:           13825.0     0.018634     0.016309     0.021500
Scale:          12531.1     0.018088     0.017993     0.018185
Add:            10453.3     0.033666     0.032354     0.037580
Triad:          10395.9     0.034332     0.032533     0.036758
-------------------------------------------------------------
Solution Validates: avg error less than 1.000000e-06 on all three arrays
-------------------------------------------------------------



--- run 4 ---
-------------------------------------------------------------
STREAM (dynamic) version — custom malloc-based implementation
-------------------------------------------------------------
This system uses 4 bytes per array element.
-------------------------------------------------------------
Array size = 28183978 (elements), Offset = 0 (elements)
Memory per array = 107.5 MiB (= 0.1 GiB).
Total memory required = 322.5 MiB (= 0.3 GiB).
Each kernel will be executed 5 times.
-------------------------------------------------------------
Function    Best Rate MB/s  Avg time     Min time     Max time
Copy:           13255.3     0.018729     0.017010     0.020782
Scale:          12503.3     0.018744     0.018033     0.020211
Add:            10360.9     0.033705     0.032643     0.034750
Triad:          10072.6     0.035639     0.033577     0.037547
-------------------------------------------------------------
Solution Validates: avg error less than 1.000000e-06 on all three arrays
-------------------------------------------------------------



--- run 5 ---
-------------------------------------------------------------
STREAM (dynamic) version — custom malloc-based implementation
-------------------------------------------------------------
This system uses 4 bytes per array element.
-------------------------------------------------------------
Array size = 28183978 (elements), Offset = 0 (elements)
Memory per array = 107.5 MiB (= 0.1 GiB).
Total memory required = 322.5 MiB (= 0.3 GiB).
Each kernel will be executed 5 times.
-------------------------------------------------------------
Function    Best Rate MB/s  Avg time     Min time     Max time
Copy:           13221.9     0.018823     0.017053     0.020943
Scale:          12508.1     0.018300     0.018026     0.018581
Add:            10479.3     0.033522     0.032274     0.035767
Triad:          10401.6     0.033905     0.032515     0.037677
-------------------------------------------------------------
Solution Validates: avg error less than 1.000000e-06 on all three arrays
-------------------------------------------------------------



--- run 1 ---
-------------------------------------------------------------
STREAM (dynamic) version — custom malloc-based implementation
-------------------------------------------------------------
This system uses 4 bytes per array element.
-------------------------------------------------------------
Array size = 31635456 (elements), Offset = 0 (elements)
Memory per array = 120.7 MiB (= 0.1 GiB).
Total memory required = 362.0 MiB (= 0.4 GiB).
Each kernel will be executed 5 times.
-------------------------------------------------------------
Function    Best Rate MB/s  Avg time     Min time     Max time
Copy:           13627.3     0.019464     0.018572     0.021871
Scale:          12561.2     0.020436     0.020148     0.020897
Add:            10417.8     0.037824     0.036440     0.040026
Triad:          10383.7     0.038998     0.036560     0.042113
-------------------------------------------------------------
Solution Validates: avg error less than 1.000000e-06 on all three arrays
-------------------------------------------------------------



--- run 2 ---
-------------------------------------------------------------
STREAM (dynamic) version — custom malloc-based implementation
-------------------------------------------------------------
This system uses 4 bytes per array element.
-------------------------------------------------------------
Array size = 31635456 (elements), Offset = 0 (elements)
Memory per array = 120.7 MiB (= 0.1 GiB).
Total memory required = 362.0 MiB (= 0.4 GiB).
Each kernel will be executed 5 times.
-------------------------------------------------------------
Function    Best Rate MB/s  Avg time     Min time     Max time
Copy:           11644.1     0.023337     0.021735     0.024930
Scale:          12492.5     0.020884     0.020259     0.022202
Add:             9993.6     0.039878     0.037987     0.040551
Triad:           9444.1     0.040612     0.040197     0.041801
-------------------------------------------------------------
Solution Validates: avg error less than 1.000000e-06 on all three arrays
-------------------------------------------------------------



--- run 3 ---
-------------------------------------------------------------
STREAM (dynamic) version — custom malloc-based implementation
-------------------------------------------------------------
This system uses 4 bytes per array element.
-------------------------------------------------------------
Array size = 31635456 (elements), Offset = 0 (elements)
Memory per array = 120.7 MiB (= 0.1 GiB).
Total memory required = 362.0 MiB (= 0.4 GiB).
Each kernel will be executed 5 times.
-------------------------------------------------------------
Function    Best Rate MB/s  Avg time     Min time     Max time
Copy:           13364.4     0.019947     0.018937     0.021034
Scale:          12527.7     0.020341     0.020202     0.020617
Add:            10501.3     0.037732     0.036150     0.041061
Triad:          10401.3     0.038428     0.036498     0.040789
-------------------------------------------------------------
Solution Validates: avg error less than 1.000000e-06 on all three arrays
-------------------------------------------------------------



--- run 4 ---
-------------------------------------------------------------
STREAM (dynamic) version — custom malloc-based implementation
-------------------------------------------------------------
This system uses 4 bytes per array element.
-------------------------------------------------------------
Array size = 31635456 (elements), Offset = 0 (elements)
Memory per array = 120.7 MiB (= 0.1 GiB).
Total memory required = 362.0 MiB (= 0.4 GiB).
Each kernel will be executed 5 times.
-------------------------------------------------------------
Function    Best Rate MB/s  Avg time     Min time     Max time
Copy:           13383.0     0.020628     0.018911     0.021490
Scale:          12546.2     0.020243     0.020172     0.020379
Add:            10372.3     0.037759     0.036600     0.039914
Triad:          10495.6     0.038609     0.036170     0.042652
-------------------------------------------------------------
Solution Validates: avg error less than 1.000000e-06 on all three arrays
-------------------------------------------------------------



--- run 5 ---
-------------------------------------------------------------
STREAM (dynamic) version — custom malloc-based implementation
-------------------------------------------------------------
This system uses 4 bytes per array element.
-------------------------------------------------------------
Array size = 31635456 (elements), Offset = 0 (elements)
Memory per array = 120.7 MiB (= 0.1 GiB).
Total memory required = 362.0 MiB (= 0.4 GiB).
Each kernel will be executed 5 times.
-------------------------------------------------------------
Function    Best Rate MB/s  Avg time     Min time     Max time
Copy:           13602.3     0.018846     0.018606     0.019263
Scale:          12530.7     0.020622     0.020197     0.021828
Add:            10471.3     0.037412     0.036254     0.040271
Triad:          10424.7     0.038306     0.036416     0.042571
-------------------------------------------------------------
Solution Validates: avg error less than 1.000000e-06 on all three arrays
-------------------------------------------------------------



--- run 1 ---
-------------------------------------------------------------
STREAM (dynamic) version — custom malloc-based implementation
-------------------------------------------------------------
This system uses 4 bytes per array element.
-------------------------------------------------------------
Array size = 35509589 (elements), Offset = 0 (elements)
Memory per array = 135.5 MiB (= 0.1 GiB).
Total memory required = 406.4 MiB (= 0.4 GiB).
Each kernel will be executed 5 times.
-------------------------------------------------------------
Function    Best Rate MB/s  Avg time     Min time     Max time
Copy:           13668.7     0.023463     0.020783     0.025552
Scale:          12511.1     0.022914     0.022706     0.023077
Add:            10434.0     0.042471     0.040839     0.045561
Triad:          10406.0     0.043095     0.040949     0.045765
-------------------------------------------------------------
Solution Validates: avg error less than 1.000000e-06 on all three arrays
-------------------------------------------------------------



--- run 2 ---
-------------------------------------------------------------
STREAM (dynamic) version — custom malloc-based implementation
-------------------------------------------------------------
This system uses 4 bytes per array element.
-------------------------------------------------------------
Array size = 35509589 (elements), Offset = 0 (elements)
Memory per array = 135.5 MiB (= 0.1 GiB).
Total memory required = 406.4 MiB (= 0.4 GiB).
Each kernel will be executed 5 times.
-------------------------------------------------------------
Function    Best Rate MB/s  Avg time     Min time     Max time
Copy:           13372.7     0.022095     0.021243     0.023044
Scale:          12520.4     0.023032     0.022689     0.023446
Add:            10372.8     0.042325     0.041080     0.045141
Triad:          10447.6     0.042373     0.040786     0.047108
-------------------------------------------------------------
Solution Validates: avg error less than 1.000000e-06 on all three arrays
-------------------------------------------------------------



--- run 3 ---
-------------------------------------------------------------
STREAM (dynamic) version — custom malloc-based implementation
-------------------------------------------------------------
This system uses 4 bytes per array element.
-------------------------------------------------------------
Array size = 35509589 (elements), Offset = 0 (elements)
Memory per array = 135.5 MiB (= 0.1 GiB).
Total memory required = 406.4 MiB (= 0.4 GiB).
Each kernel will be executed 5 times.
-------------------------------------------------------------
Function    Best Rate MB/s  Avg time     Min time     Max time
Copy:           13187.8     0.023734     0.021541     0.027130
Scale:          12507.8     0.023374     0.022712     0.025257
Add:            10410.8     0.042522     0.040930     0.046966
Triad:          10336.1     0.042665     0.041226     0.046832
-------------------------------------------------------------
Solution Validates: avg error less than 1.000000e-06 on all three arrays
-------------------------------------------------------------



--- run 4 ---
-------------------------------------------------------------
STREAM (dynamic) version — custom malloc-based implementation
-------------------------------------------------------------
This system uses 4 bytes per array element.
-------------------------------------------------------------
Array size = 35509589 (elements), Offset = 0 (elements)
Memory per array = 135.5 MiB (= 0.1 GiB).
Total memory required = 406.4 MiB (= 0.4 GiB).
Each kernel will be executed 5 times.
-------------------------------------------------------------
Function    Best Rate MB/s  Avg time     Min time     Max time
Copy:           12273.8     0.025000     0.023145     0.027434
Scale:          12557.0     0.023260     0.022623     0.024357
Add:            10326.3     0.043364     0.041265     0.045745
Triad:           9355.9     0.045570     0.045545     0.045621
-------------------------------------------------------------
Solution Validates: avg error less than 1.000000e-06 on all three arrays
-------------------------------------------------------------



--- run 5 ---
-------------------------------------------------------------
STREAM (dynamic) version — custom malloc-based implementation
-------------------------------------------------------------
This system uses 4 bytes per array element.
-------------------------------------------------------------
Array size = 35509589 (elements), Offset = 0 (elements)
Memory per array = 135.5 MiB (= 0.1 GiB).
Total memory required = 406.4 MiB (= 0.4 GiB).
Each kernel will be executed 5 times.
-------------------------------------------------------------
Function    Best Rate MB/s  Avg time     Min time     Max time
Copy:           12628.4     0.024375     0.022495     0.026454
Scale:          12484.1     0.022842     0.022755     0.022927
Add:            10421.0     0.043334     0.040890     0.044641
Triad:          10353.2     0.043838     0.041158     0.046311
-------------------------------------------------------------
Solution Validates: avg error less than 1.000000e-06 on all three arrays
-------------------------------------------------------------



--- run 1 ---
-------------------------------------------------------------
STREAM (dynamic) version — custom malloc-based implementation
-------------------------------------------------------------
This system uses 4 bytes per array element.
-------------------------------------------------------------
Array size = 39858176 (elements), Offset = 0 (elements)
Memory per array = 152.0 MiB (= 0.1 GiB).
Total memory required = 456.1 MiB (= 0.4 GiB).
Each kernel will be executed 5 times.
-------------------------------------------------------------
Function    Best Rate MB/s  Avg time     Min time     Max time
Copy:           12753.1     0.027605     0.025003     0.030433
Scale:          12392.2     0.026575     0.025731     0.027265
Add:            10311.9     0.049022     0.046383     0.050804
Triad:          10253.6     0.051622     0.046647     0.055284
-------------------------------------------------------------
Solution Validates: avg error less than 1.000000e-06 on all three arrays
-------------------------------------------------------------



--- run 2 ---
-------------------------------------------------------------
STREAM (dynamic) version — custom malloc-based implementation
-------------------------------------------------------------
This system uses 4 bytes per array element.
-------------------------------------------------------------
Array size = 39858176 (elements), Offset = 0 (elements)
Memory per array = 152.0 MiB (= 0.1 GiB).
Total memory required = 456.1 MiB (= 0.4 GiB).
Each kernel will be executed 5 times.
-------------------------------------------------------------
Function    Best Rate MB/s  Avg time     Min time     Max time
Copy:           12752.6     0.029169     0.025004     0.030776
Scale:          12561.1     0.025860     0.025385     0.027121
Add:            10250.9     0.050230     0.046659     0.052254
Triad:           9438.5     0.052252     0.050675     0.054520
-------------------------------------------------------------
Solution Validates: avg error less than 1.000000e-06 on all three arrays
-------------------------------------------------------------



--- run 3 ---
-------------------------------------------------------------
STREAM (dynamic) version — custom malloc-based implementation
-------------------------------------------------------------
This system uses 4 bytes per array element.
-------------------------------------------------------------
Array size = 39858176 (elements), Offset = 0 (elements)
Memory per array = 152.0 MiB (= 0.1 GiB).
Total memory required = 456.1 MiB (= 0.4 GiB).
Each kernel will be executed 5 times.
-------------------------------------------------------------
Function    Best Rate MB/s  Avg time     Min time     Max time
Copy:           13633.8     0.024422     0.023388     0.025508
Scale:          12527.1     0.025881     0.025454     0.026974
Add:            10425.9     0.047221     0.045876     0.048929
Triad:          10416.8     0.047300     0.045916     0.051331
-------------------------------------------------------------
Solution Validates: avg error less than 1.000000e-06 on all three arrays
-------------------------------------------------------------



--- run 4 ---
-------------------------------------------------------------
STREAM (dynamic) version — custom malloc-based implementation
-------------------------------------------------------------
This system uses 4 bytes per array element.
-------------------------------------------------------------
Array size = 39858176 (elements), Offset = 0 (elements)
Memory per array = 152.0 MiB (= 0.1 GiB).
Total memory required = 456.1 MiB (= 0.4 GiB).
Each kernel will be executed 5 times.
-------------------------------------------------------------
Function    Best Rate MB/s  Avg time     Min time     Max time
Copy:           13359.0     0.024991     0.023869     0.026422
Scale:          12596.0     0.025397     0.025315     0.025466
Add:            10376.3     0.046161     0.046095     0.046267
Triad:          10400.0     0.046038     0.045990     0.046089
-------------------------------------------------------------
Solution Validates: avg error less than 1.000000e-06 on all three arrays
-------------------------------------------------------------



--- run 5 ---
-------------------------------------------------------------
STREAM (dynamic) version — custom malloc-based implementation
-------------------------------------------------------------
This system uses 4 bytes per array element.
-------------------------------------------------------------
Array size = 39858176 (elements), Offset = 0 (elements)
Memory per array = 152.0 MiB (= 0.1 GiB).
Total memory required = 456.1 MiB (= 0.4 GiB).
Each kernel will be executed 5 times.
-------------------------------------------------------------
Function    Best Rate MB/s  Avg time     Min time     Max time
Copy:           12632.3     0.027021     0.025242     0.027810
Scale:          12513.9     0.025906     0.025481     0.026947
Add:             9816.5     0.049937     0.048724     0.050995
Triad:           9207.1     0.052412     0.051949     0.052660
-------------------------------------------------------------
Solution Validates: avg error less than 1.000000e-06 on all three arrays
-------------------------------------------------------------



--- run 1 ---
-------------------------------------------------------------
STREAM (dynamic) version — custom malloc-based implementation
-------------------------------------------------------------
This system uses 4 bytes per array element.
-------------------------------------------------------------
Array size = 44739242 (elements), Offset = 0 (elements)
Memory per array = 170.7 MiB (= 0.2 GiB).
Total memory required = 512.0 MiB (= 0.5 GiB).
Each kernel will be executed 5 times.
-------------------------------------------------------------
Function    Best Rate MB/s  Avg time     Min time     Max time
Copy:           13100.8     0.027763     0.027320     0.028145
Scale:          12536.8     0.028603     0.028549     0.028680
Add:            10322.9     0.052160     0.052008     0.052415
Triad:          10325.8     0.053917     0.051993     0.059625
-------------------------------------------------------------
Solution Validates: avg error less than 1.000000e-06 on all three arrays
-------------------------------------------------------------



--- run 2 ---
-------------------------------------------------------------
STREAM (dynamic) version — custom malloc-based implementation
-------------------------------------------------------------
This system uses 4 bytes per array element.
-------------------------------------------------------------
Array size = 44739242 (elements), Offset = 0 (elements)
Memory per array = 170.7 MiB (= 0.2 GiB).
Total memory required = 512.0 MiB (= 0.5 GiB).
Each kernel will be executed 5 times.
-------------------------------------------------------------
Function    Best Rate MB/s  Avg time     Min time     Max time
Copy:           14104.4     0.028169     0.025376     0.032162
Scale:          12529.8     0.028692     0.028565     0.028912
Add:            10471.9     0.054061     0.051268     0.056971
Triad:          10544.5     0.054203     0.050915     0.058573
-------------------------------------------------------------
Solution Validates: avg error less than 1.000000e-06 on all three arrays
-------------------------------------------------------------



--- run 3 ---
-------------------------------------------------------------
STREAM (dynamic) version — custom malloc-based implementation
-------------------------------------------------------------
This system uses 4 bytes per array element.
-------------------------------------------------------------
Array size = 44739242 (elements), Offset = 0 (elements)
Memory per array = 170.7 MiB (= 0.2 GiB).
Total memory required = 512.0 MiB (= 0.5 GiB).
Each kernel will be executed 5 times.
-------------------------------------------------------------
Function    Best Rate MB/s  Avg time     Min time     Max time
Copy:           12661.4     0.029666     0.028268     0.031245
Scale:          12513.1     0.028858     0.028603     0.029137
Add:            10341.0     0.054410     0.051917     0.057341
Triad:          10343.5     0.053997     0.051904     0.057883
-------------------------------------------------------------
Solution Validates: avg error less than 1.000000e-06 on all three arrays
-------------------------------------------------------------



--- run 4 ---
-------------------------------------------------------------
STREAM (dynamic) version — custom malloc-based implementation
-------------------------------------------------------------
This system uses 4 bytes per array element.
-------------------------------------------------------------
Array size = 44739242 (elements), Offset = 0 (elements)
Memory per array = 170.7 MiB (= 0.2 GiB).
Total memory required = 512.0 MiB (= 0.5 GiB).
Each kernel will be executed 5 times.
-------------------------------------------------------------
Function    Best Rate MB/s  Avg time     Min time     Max time
Copy:           13082.6     0.031186     0.027358     0.035998
Scale:          12588.5     0.029069     0.028432     0.030023
Add:            10305.6     0.053632     0.052095     0.057028
Triad:          10266.4     0.056004     0.052294     0.060888
-------------------------------------------------------------
Solution Validates: avg error less than 1.000000e-06 on all three arrays
-------------------------------------------------------------



--- run 5 ---
-------------------------------------------------------------
STREAM (dynamic) version — custom malloc-based implementation
-------------------------------------------------------------
This system uses 4 bytes per array element.
-------------------------------------------------------------
Array size = 44739242 (elements), Offset = 0 (elements)
Memory per array = 170.7 MiB (= 0.2 GiB).
Total memory required = 512.0 MiB (= 0.5 GiB).
Each kernel will be executed 5 times.
-------------------------------------------------------------
Function    Best Rate MB/s  Avg time     Min time     Max time
Copy:           12331.2     0.031426     0.029025     0.032842
Scale:          12525.4     0.029724     0.028575     0.031429
Add:            10185.0     0.055858     0.052712     0.060356
Triad:          10135.2     0.057124     0.052971     0.060992
-------------------------------------------------------------
Solution Validates: avg error less than 1.000000e-06 on all three arrays
-------------------------------------------------------------



--- run 1 ---
-------------------------------------------------------------
STREAM (dynamic) version — custom malloc-based implementation
-------------------------------------------------------------
This system uses 4 bytes per array element.
-------------------------------------------------------------
Array size = 50218069 (elements), Offset = 0 (elements)
Memory per array = 191.6 MiB (= 0.2 GiB).
Total memory required = 574.7 MiB (= 0.6 GiB).
Each kernel will be executed 5 times.
-------------------------------------------------------------
Function    Best Rate MB/s  Avg time     Min time     Max time
Copy:           14317.4     0.029138     0.028060     0.029783
Scale:          12520.1     0.032966     0.032088     0.035199
Add:            10488.8     0.057523     0.057453     0.057599
Triad:          10497.1     0.057592     0.057408     0.057994
-------------------------------------------------------------
Solution Validates: avg error less than 1.000000e-06 on all three arrays
-------------------------------------------------------------



--- run 2 ---
-------------------------------------------------------------
STREAM (dynamic) version — custom malloc-based implementation
-------------------------------------------------------------
This system uses 4 bytes per array element.
-------------------------------------------------------------
Array size = 50218069 (elements), Offset = 0 (elements)
Memory per array = 191.6 MiB (= 0.2 GiB).
Total memory required = 574.7 MiB (= 0.6 GiB).
Each kernel will be executed 5 times.
-------------------------------------------------------------
Function    Best Rate MB/s  Avg time     Min time     Max time
Copy:           13768.8     0.031159     0.029178     0.036447
Scale:          12501.4     0.032297     0.032136     0.032729
Add:            10450.7     0.061334     0.057663     0.066018
Triad:          10497.6     0.061074     0.057405     0.065460
-------------------------------------------------------------
Solution Validates: avg error less than 1.000000e-06 on all three arrays
-------------------------------------------------------------



--- run 3 ---
-------------------------------------------------------------
STREAM (dynamic) version — custom malloc-based implementation
-------------------------------------------------------------
This system uses 4 bytes per array element.
-------------------------------------------------------------
Array size = 50218069 (elements), Offset = 0 (elements)
Memory per array = 191.6 MiB (= 0.2 GiB).
Total memory required = 574.7 MiB (= 0.6 GiB).
Each kernel will be executed 5 times.
-------------------------------------------------------------
Function    Best Rate MB/s  Avg time     Min time     Max time
Copy:           12793.3     0.033007     0.031403     0.035196
Scale:          12535.7     0.032470     0.032048     0.033526
Add:            10263.4     0.058856     0.058715     0.059211
Triad:          10276.4     0.058721     0.058641     0.058798
-------------------------------------------------------------
Solution Validates: avg error less than 1.000000e-06 on all three arrays
-------------------------------------------------------------



--- run 4 ---
-------------------------------------------------------------
STREAM (dynamic) version — custom malloc-based implementation
-------------------------------------------------------------
This system uses 4 bytes per array element.
-------------------------------------------------------------
Array size = 50218069 (elements), Offset = 0 (elements)
Memory per array = 191.6 MiB (= 0.2 GiB).
Total memory required = 574.7 MiB (= 0.6 GiB).
Each kernel will be executed 5 times.
-------------------------------------------------------------
Function    Best Rate MB/s  Avg time     Min time     Max time
Copy:           14420.7     0.032501     0.027859     0.038697
Scale:          12495.9     0.034576     0.032150     0.041447
Add:            10503.7     0.060125     0.057372     0.063553
Triad:          10409.0     0.062800     0.057894     0.064811
-------------------------------------------------------------
Solution Validates: avg error less than 1.000000e-06 on all three arrays
-------------------------------------------------------------



--- run 5 ---
-------------------------------------------------------------
STREAM (dynamic) version — custom malloc-based implementation
-------------------------------------------------------------
This system uses 4 bytes per array element.
-------------------------------------------------------------
Array size = 50218069 (elements), Offset = 0 (elements)
Memory per array = 191.6 MiB (= 0.2 GiB).
Total memory required = 574.7 MiB (= 0.6 GiB).
Each kernel will be executed 5 times.
-------------------------------------------------------------
Function    Best Rate MB/s  Avg time     Min time     Max time
Copy:           13582.6     0.030359     0.029578     0.030922
Scale:          12543.9     0.032434     0.032027     0.033533
Add:            10387.3     0.058036     0.058015     0.058059
Triad:          10344.3     0.058303     0.058256     0.058341
-------------------------------------------------------------
Solution Validates: avg error less than 1.000000e-06 on all three arrays
-------------------------------------------------------------



--- run 1 ---
-------------------------------------------------------------
STREAM (dynamic) version — custom malloc-based implementation
-------------------------------------------------------------
This system uses 4 bytes per array element.
-------------------------------------------------------------
Array size = 56367872 (elements), Offset = 0 (elements)
Memory per array = 215.0 MiB (= 0.2 GiB).
Total memory required = 645.1 MiB (= 0.6 GiB).
Each kernel will be executed 5 times.
-------------------------------------------------------------
Function    Best Rate MB/s  Avg time     Min time     Max time
Copy:           13404.9     0.036511     0.033640     0.043282
Scale:          12461.8     0.036294     0.036186     0.036472
Add:            10310.4     0.069502     0.065605     0.073973
Triad:          10328.4     0.068307     0.065491     0.074906
-------------------------------------------------------------
Solution Validates: avg error less than 1.000000e-06 on all three arrays
-------------------------------------------------------------



--- run 2 ---
-------------------------------------------------------------
STREAM (dynamic) version — custom malloc-based implementation
-------------------------------------------------------------
This system uses 4 bytes per array element.
-------------------------------------------------------------
Array size = 56367872 (elements), Offset = 0 (elements)
Memory per array = 215.0 MiB (= 0.2 GiB).
Total memory required = 645.1 MiB (= 0.6 GiB).
Each kernel will be executed 5 times.
-------------------------------------------------------------
Function    Best Rate MB/s  Avg time     Min time     Max time
Copy:           13058.3     0.037498     0.034533     0.041347
Scale:          12510.6     0.036485     0.036045     0.037041
Add:            10323.3     0.066012     0.065523     0.067206
Triad:          10423.2     0.068617     0.064895     0.073481
-------------------------------------------------------------
Solution Validates: avg error less than 1.000000e-06 on all three arrays
-------------------------------------------------------------



--- run 3 ---
-------------------------------------------------------------
STREAM (dynamic) version — custom malloc-based implementation
-------------------------------------------------------------
This system uses 4 bytes per array element.
-------------------------------------------------------------
Array size = 56367872 (elements), Offset = 0 (elements)
Memory per array = 215.0 MiB (= 0.2 GiB).
Total memory required = 645.1 MiB (= 0.6 GiB).
Each kernel will be executed 5 times.
-------------------------------------------------------------
Function    Best Rate MB/s  Avg time     Min time     Max time
Copy:           12691.5     0.037389     0.035531     0.042533
Scale:          12503.9     0.036310     0.036064     0.036854
Add:            10198.0     0.067975     0.066328     0.072799
Triad:          10146.0     0.069849     0.066668     0.074742
-------------------------------------------------------------
Solution Validates: avg error less than 1.000000e-06 on all three arrays
-------------------------------------------------------------



--- run 4 ---
-------------------------------------------------------------
STREAM (dynamic) version — custom malloc-based implementation
-------------------------------------------------------------
This system uses 4 bytes per array element.
-------------------------------------------------------------
Array size = 56367872 (elements), Offset = 0 (elements)
Memory per array = 215.0 MiB (= 0.2 GiB).
Total memory required = 645.1 MiB (= 0.6 GiB).
Each kernel will be executed 5 times.
-------------------------------------------------------------
Function    Best Rate MB/s  Avg time     Min time     Max time
Copy:           14011.9     0.033935     0.032183     0.035838
Scale:          12503.3     0.036754     0.036066     0.038485
Add:            10455.3     0.067389     0.064696     0.071624
Triad:          10483.0     0.070424     0.064525     0.074192
-------------------------------------------------------------
Solution Validates: avg error less than 1.000000e-06 on all three arrays
-------------------------------------------------------------



--- run 5 ---
-------------------------------------------------------------
STREAM (dynamic) version — custom malloc-based implementation
-------------------------------------------------------------
This system uses 4 bytes per array element.
-------------------------------------------------------------
Array size = 56367872 (elements), Offset = 0 (elements)
Memory per array = 215.0 MiB (= 0.2 GiB).
Total memory required = 645.1 MiB (= 0.6 GiB).
Each kernel will be executed 5 times.
-------------------------------------------------------------
Function    Best Rate MB/s  Avg time     Min time     Max time
Copy:           13797.9     0.033625     0.032682     0.034973
Scale:          12475.6     0.036342     0.036146     0.036749
Add:            10460.0     0.066164     0.064667     0.070165
Triad:          10495.3     0.067855     0.064449     0.072739
-------------------------------------------------------------
Solution Validates: avg error less than 1.000000e-06 on all three arrays
-------------------------------------------------------------



--- run 1 ---
-------------------------------------------------------------
STREAM (dynamic) version — custom malloc-based implementation
-------------------------------------------------------------
This system uses 4 bytes per array element.
-------------------------------------------------------------
Array size = 63270826 (elements), Offset = 0 (elements)
Memory per array = 241.4 MiB (= 0.2 GiB).
Total memory required = 724.1 MiB (= 0.7 GiB).
Each kernel will be executed 5 times.
-------------------------------------------------------------
Function    Best Rate MB/s  Avg time     Min time     Max time
Copy:           12947.7     0.040548     0.039093     0.043290
Scale:          12403.0     0.041660     0.040810     0.042300
Add:            10308.9     0.075949     0.073650     0.082710
Triad:          10452.1     0.076241     0.072641     0.081878
-------------------------------------------------------------
Solution Validates: avg error less than 1.000000e-06 on all three arrays
-------------------------------------------------------------



--- run 2 ---
-------------------------------------------------------------
STREAM (dynamic) version — custom malloc-based implementation
-------------------------------------------------------------
This system uses 4 bytes per array element.
-------------------------------------------------------------
Array size = 63270826 (elements), Offset = 0 (elements)
Memory per array = 241.4 MiB (= 0.2 GiB).
Total memory required = 724.1 MiB (= 0.7 GiB).
Each kernel will be executed 5 times.
-------------------------------------------------------------
Function    Best Rate MB/s  Avg time     Min time     Max time
Copy:           12430.7     0.042750     0.040719     0.047207
Scale:          12452.7     0.040888     0.040647     0.041237
Add:            10038.3     0.077886     0.075635     0.081525
Triad:          10167.8     0.079999     0.074672     0.086978
-------------------------------------------------------------
Solution Validates: avg error less than 1.000000e-06 on all three arrays
-------------------------------------------------------------



--- run 3 ---
-------------------------------------------------------------
STREAM (dynamic) version — custom malloc-based implementation
-------------------------------------------------------------
This system uses 4 bytes per array element.
-------------------------------------------------------------
Array size = 63270826 (elements), Offset = 0 (elements)
Memory per array = 241.4 MiB (= 0.2 GiB).
Total memory required = 724.1 MiB (= 0.7 GiB).
Each kernel will be executed 5 times.
-------------------------------------------------------------
Function    Best Rate MB/s  Avg time     Min time     Max time
Copy:           14125.3     0.039224     0.035834     0.044340
Scale:          12501.6     0.040598     0.040488     0.040676
Add:            10391.3     0.074415     0.073066     0.078127
Triad:          10471.3     0.075300     0.072508     0.083492
-------------------------------------------------------------
Solution Validates: avg error less than 1.000000e-06 on all three arrays
-------------------------------------------------------------



--- run 4 ---
-------------------------------------------------------------
STREAM (dynamic) version — custom malloc-based implementation
-------------------------------------------------------------
This system uses 4 bytes per array element.
-------------------------------------------------------------
Array size = 63270826 (elements), Offset = 0 (elements)
Memory per array = 241.4 MiB (= 0.2 GiB).
Total memory required = 724.1 MiB (= 0.7 GiB).
Each kernel will be executed 5 times.
-------------------------------------------------------------
Function    Best Rate MB/s  Avg time     Min time     Max time
Copy:           12330.4     0.043431     0.041050     0.047480
Scale:          12480.4     0.040871     0.040557     0.041533
Add:            10134.7     0.075200     0.074916     0.075928
Triad:          10152.7     0.077810     0.074783     0.083323
-------------------------------------------------------------
Solution Validates: avg error less than 1.000000e-06 on all three arrays
-------------------------------------------------------------



--- run 5 ---
-------------------------------------------------------------
STREAM (dynamic) version — custom malloc-based implementation
-------------------------------------------------------------
This system uses 4 bytes per array element.
-------------------------------------------------------------
Array size = 63270826 (elements), Offset = 0 (elements)
Memory per array = 241.4 MiB (= 0.2 GiB).
Total memory required = 724.1 MiB (= 0.7 GiB).
Each kernel will be executed 5 times.
-------------------------------------------------------------
Function    Best Rate MB/s  Avg time     Min time     Max time
Copy:           14017.4     0.038934     0.036110     0.043920
Scale:          12493.3     0.041411     0.040515     0.043472
Add:            10388.1     0.078922     0.073088     0.084135
Triad:          10465.6     0.078289     0.072547     0.080312
-------------------------------------------------------------
Solution Validates: avg error less than 1.000000e-06 on all three arrays
-------------------------------------------------------------



--- run 1 ---
-------------------------------------------------------------
STREAM (dynamic) version — custom malloc-based implementation
-------------------------------------------------------------
This system uses 4 bytes per array element.
-------------------------------------------------------------
Array size = 71019093 (elements), Offset = 0 (elements)
Memory per array = 270.9 MiB (= 0.3 GiB).
Total memory required = 812.7 MiB (= 0.8 GiB).
Each kernel will be executed 5 times.
-------------------------------------------------------------
Function    Best Rate MB/s  Avg time     Min time     Max time
Copy:           12232.3     0.050093     0.046447     0.056369
Scale:          12514.1     0.052371     0.045401     0.072356
Add:            10143.2     0.090199     0.084020     0.093249
Triad:          10223.0     0.089235     0.083364     0.094412
-------------------------------------------------------------
Solution Validates: avg error less than 1.000000e-06 on all three arrays
-------------------------------------------------------------



--- run 2 ---
-------------------------------------------------------------
STREAM (dynamic) version — custom malloc-based implementation
-------------------------------------------------------------
This system uses 4 bytes per array element.
-------------------------------------------------------------
Array size = 71019093 (elements), Offset = 0 (elements)
Memory per array = 270.9 MiB (= 0.3 GiB).
Total memory required = 812.7 MiB (= 0.8 GiB).
Each kernel will be executed 5 times.
-------------------------------------------------------------
Function    Best Rate MB/s  Avg time     Min time     Max time
Copy:           12337.0     0.049155     0.046053     0.053552
Scale:          12544.2     0.045712     0.045292     0.046316
Add:            10137.6     0.088520     0.084066     0.093800
Triad:          10184.5     0.087971     0.083679     0.093894
-------------------------------------------------------------
Solution Validates: avg error less than 1.000000e-06 on all three arrays
-------------------------------------------------------------



--- run 3 ---
-------------------------------------------------------------
STREAM (dynamic) version — custom malloc-based implementation
-------------------------------------------------------------
This system uses 4 bytes per array element.
-------------------------------------------------------------
Array size = 71019093 (elements), Offset = 0 (elements)
Memory per array = 270.9 MiB (= 0.3 GiB).
Total memory required = 812.7 MiB (= 0.8 GiB).
Each kernel will be executed 5 times.
-------------------------------------------------------------
Function    Best Rate MB/s  Avg time     Min time     Max time
Copy:           13659.5     0.043029     0.041594     0.045460
Scale:          12510.5     0.045966     0.045414     0.047523
Add:            10397.6     0.086631     0.081964     0.094444
Triad:          10509.4     0.086198     0.081092     0.092797
-------------------------------------------------------------
Solution Validates: avg error less than 1.000000e-06 on all three arrays
-------------------------------------------------------------



--- run 4 ---
-------------------------------------------------------------
STREAM (dynamic) version — custom malloc-based implementation
-------------------------------------------------------------
This system uses 4 bytes per array element.
-------------------------------------------------------------
Array size = 71019093 (elements), Offset = 0 (elements)
Memory per array = 270.9 MiB (= 0.3 GiB).
Total memory required = 812.7 MiB (= 0.8 GiB).
Each kernel will be executed 5 times.
-------------------------------------------------------------
Function    Best Rate MB/s  Avg time     Min time     Max time
Copy:           13256.6     0.045237     0.042858     0.051120
Scale:          12492.1     0.045883     0.045481     0.046955
Add:            10178.1     0.084844     0.083732     0.087919
Triad:          10309.9     0.085645     0.082661     0.094377
-------------------------------------------------------------
Solution Validates: avg error less than 1.000000e-06 on all three arrays
-------------------------------------------------------------



--- run 5 ---
-------------------------------------------------------------
STREAM (dynamic) version — custom malloc-based implementation
-------------------------------------------------------------
This system uses 4 bytes per array element.
-------------------------------------------------------------
Array size = 71019093 (elements), Offset = 0 (elements)
Memory per array = 270.9 MiB (= 0.3 GiB).
Total memory required = 812.7 MiB (= 0.8 GiB).
Each kernel will be executed 5 times.
-------------------------------------------------------------
Function    Best Rate MB/s  Avg time     Min time     Max time
Copy:           12912.6     0.045752     0.044000     0.050680
Scale:          12508.3     0.045876     0.045422     0.046188
Add:            10213.7     0.087100     0.083440     0.092470
Triad:          10352.5     0.087944     0.082321     0.094021
-------------------------------------------------------------
Solution Validates: avg error less than 1.000000e-06 on all three arrays
-------------------------------------------------------------



--- run 1 ---
-------------------------------------------------------------
STREAM (dynamic) version — custom malloc-based implementation
-------------------------------------------------------------
This system uses 4 bytes per array element.
-------------------------------------------------------------
Array size = 79716266 (elements), Offset = 0 (elements)
Memory per array = 304.1 MiB (= 0.3 GiB).
Total memory required = 912.3 MiB (= 0.9 GiB).
Each kernel will be executed 5 times.
-------------------------------------------------------------
Function    Best Rate MB/s  Avg time     Min time     Max time
Copy:           12714.2     0.053470     0.050159     0.057721
Scale:          12472.9     0.052949     0.051129     0.055161
Add:            10196.9     0.098653     0.093812     0.107221
Triad:          10250.5     0.100350     0.093322     0.103510
-------------------------------------------------------------
Solution Validates: avg error less than 1.000000e-06 on all three arrays
-------------------------------------------------------------



--- run 2 ---
-------------------------------------------------------------
STREAM (dynamic) version — custom malloc-based implementation
-------------------------------------------------------------
This system uses 4 bytes per array element.
-------------------------------------------------------------
Array size = 79716266 (elements), Offset = 0 (elements)
Memory per array = 304.1 MiB (= 0.3 GiB).
Total memory required = 912.3 MiB (= 0.9 GiB).
Each kernel will be executed 5 times.
-------------------------------------------------------------
Function    Best Rate MB/s  Avg time     Min time     Max time
Copy:           13025.3     0.051855     0.048961     0.060220
Scale:          12415.2     0.051988     0.051367     0.052764
Add:            10422.7     0.095731     0.091780     0.100934
Triad:          10535.8     0.097905     0.090795     0.103557
-------------------------------------------------------------
Solution Validates: avg error less than 1.000000e-06 on all three arrays
-------------------------------------------------------------



--- run 3 ---
-------------------------------------------------------------
STREAM (dynamic) version — custom malloc-based implementation
-------------------------------------------------------------
This system uses 4 bytes per array element.
-------------------------------------------------------------
Array size = 79716266 (elements), Offset = 0 (elements)
Memory per array = 304.1 MiB (= 0.3 GiB).
Total memory required = 912.3 MiB (= 0.9 GiB).
Each kernel will be executed 5 times.
-------------------------------------------------------------
Function    Best Rate MB/s  Avg time     Min time     Max time
Copy:           13865.2     0.049228     0.045995     0.054921
Scale:          12504.0     0.052044     0.051002     0.053446
Add:            10453.4     0.097165     0.091510     0.101589
Triad:          10559.8     0.099002     0.090588     0.106344
-------------------------------------------------------------
Solution Validates: avg error less than 1.000000e-06 on all three arrays
-------------------------------------------------------------



--- run 4 ---
-------------------------------------------------------------
STREAM (dynamic) version — custom malloc-based implementation
-------------------------------------------------------------
This system uses 4 bytes per array element.
-------------------------------------------------------------
Array size = 79716266 (elements), Offset = 0 (elements)
Memory per array = 304.1 MiB (= 0.3 GiB).
Total memory required = 912.3 MiB (= 0.9 GiB).
Each kernel will be executed 5 times.
-------------------------------------------------------------
Function    Best Rate MB/s  Avg time     Min time     Max time
Copy:           13152.1     0.051779     0.048489     0.058971
Scale:          12434.8     0.052787     0.051286     0.054048
Add:            10345.7     0.094076     0.092463     0.098619
Triad:          10444.9     0.095124     0.091585     0.104602
-------------------------------------------------------------
Solution Validates: avg error less than 1.000000e-06 on all three arrays
-------------------------------------------------------------



--- run 5 ---
-------------------------------------------------------------
STREAM (dynamic) version — custom malloc-based implementation
-------------------------------------------------------------
This system uses 4 bytes per array element.
-------------------------------------------------------------
Array size = 79716266 (elements), Offset = 0 (elements)
Memory per array = 304.1 MiB (= 0.3 GiB).
Total memory required = 912.3 MiB (= 0.9 GiB).
Each kernel will be executed 5 times.
-------------------------------------------------------------
Function    Best Rate MB/s  Avg time     Min time     Max time
Copy:           13293.0     0.051848     0.047975     0.057178
Scale:          12428.3     0.058042     0.051313     0.076678
Add:            10228.9     0.098240     0.093519     0.104416
Triad:          10270.7     0.100297     0.093138     0.107596
-------------------------------------------------------------
Solution Validates: avg error less than 1.000000e-06 on all three arrays
-------------------------------------------------------------



--- run 1 ---
-------------------------------------------------------------
STREAM (dynamic) version — custom malloc-based implementation
-------------------------------------------------------------
This system uses 4 bytes per array element.
-------------------------------------------------------------
Array size = 89478485 (elements), Offset = 0 (elements)
Memory per array = 341.3 MiB (= 0.3 GiB).
Total memory required = 1024.0 MiB (= 1.0 GiB).
Each kernel will be executed 5 times.
-------------------------------------------------------------
Function    Best Rate MB/s  Avg time     Min time     Max time
Copy:           12894.5     0.058080     0.055514     0.062247
Scale:          12511.2     0.062962     0.057215     0.072548
Add:            10248.8     0.110747     0.104767     0.118204
Triad:          10314.0     0.108714     0.104105     0.113313
-------------------------------------------------------------
Solution Validates: avg error less than 1.000000e-06 on all three arrays
-------------------------------------------------------------



--- run 2 ---
-------------------------------------------------------------
STREAM (dynamic) version — custom malloc-based implementation
-------------------------------------------------------------
This system uses 4 bytes per array element.
-------------------------------------------------------------
Array size = 89478485 (elements), Offset = 0 (elements)
Memory per array = 341.3 MiB (= 0.3 GiB).
Total memory required = 1024.0 MiB (= 1.0 GiB).
Each kernel will be executed 5 times.
-------------------------------------------------------------
Function    Best Rate MB/s  Avg time     Min time     Max time
Copy:           13210.3     0.057616     0.054187     0.063262
Scale:          12444.0     0.059235     0.057524     0.063161
Add:            10295.0     0.104572     0.104297     0.105211
Triad:          10416.0     0.105053     0.103086     0.109300
-------------------------------------------------------------
Solution Validates: avg error less than 1.000000e-06 on all three arrays
-------------------------------------------------------------



--- run 3 ---
-------------------------------------------------------------
STREAM (dynamic) version — custom malloc-based implementation
-------------------------------------------------------------
This system uses 4 bytes per array element.
-------------------------------------------------------------
Array size = 89478485 (elements), Offset = 0 (elements)
Memory per array = 341.3 MiB (= 0.3 GiB).
Total memory required = 1024.0 MiB (= 1.0 GiB).
Each kernel will be executed 5 times.
-------------------------------------------------------------
Function    Best Rate MB/s  Avg time     Min time     Max time
Copy:           12421.1     0.059707     0.057630     0.063802
Scale:          12520.4     0.057339     0.057173     0.057737
Add:            10272.6     0.106548     0.104525     0.110778
Triad:          10360.5     0.111088     0.103638     0.121327
-------------------------------------------------------------
Solution Validates: avg error less than 1.000000e-06 on all three arrays
-------------------------------------------------------------



--- run 4 ---
-------------------------------------------------------------
STREAM (dynamic) version — custom malloc-based implementation
-------------------------------------------------------------
This system uses 4 bytes per array element.
-------------------------------------------------------------
Array size = 89478485 (elements), Offset = 0 (elements)
Memory per array = 341.3 MiB (= 0.3 GiB).
Total memory required = 1024.0 MiB (= 1.0 GiB).
Each kernel will be executed 5 times.
-------------------------------------------------------------
Function    Best Rate MB/s  Avg time     Min time     Max time
Copy:           12646.9     0.058839     0.056601     0.061013
Scale:          12510.1     0.058987     0.057220     0.060393
Add:            10329.2     0.113841     0.103952     0.119955
Triad:          10430.5     0.107676     0.102943     0.113931
-------------------------------------------------------------
Solution Validates: avg error less than 1.000000e-06 on all three arrays
-------------------------------------------------------------



--- run 5 ---
-------------------------------------------------------------
STREAM (dynamic) version — custom malloc-based implementation
-------------------------------------------------------------
This system uses 4 bytes per array element.
-------------------------------------------------------------
Array size = 89478485 (elements), Offset = 0 (elements)
Memory per array = 341.3 MiB (= 0.3 GiB).
Total memory required = 1024.0 MiB (= 1.0 GiB).
Each kernel will be executed 5 times.
-------------------------------------------------------------
Function    Best Rate MB/s  Avg time     Min time     Max time
Copy:           13006.8     0.058557     0.055035     0.062508
Scale:          12534.2     0.057327     0.057110     0.057893
Add:            10296.7     0.105940     0.104280     0.110098
Triad:          10421.0     0.107032     0.103036     0.112562
-------------------------------------------------------------
Solution Validates: avg error less than 1.000000e-06 on all three arrays
-------------------------------------------------------------



--- run 1 ---
-------------------------------------------------------------
STREAM (dynamic) version — custom malloc-based implementation
-------------------------------------------------------------
This system uses 4 bytes per array element.
-------------------------------------------------------------
Array size = 100436224 (elements), Offset = 0 (elements)
Memory per array = 383.1 MiB (= 0.4 GiB).
Total memory required = 1149.4 MiB (= 1.1 GiB).
Each kernel will be executed 5 times.
-------------------------------------------------------------
Function    Best Rate MB/s  Avg time     Min time     Max time
Copy:           13590.8     0.065618     0.059120     0.072835
Scale:          12307.4     0.066094     0.065285     0.067419
Add:            10166.0     0.127097     0.118556     0.134404
Triad:          10286.5     0.124836     0.117167     0.133603
-------------------------------------------------------------
Solution Validates: avg error less than 1.000000e-06 on all three arrays
-------------------------------------------------------------



--- run 2 ---
-------------------------------------------------------------
STREAM (dynamic) version — custom malloc-based implementation
-------------------------------------------------------------
This system uses 4 bytes per array element.
-------------------------------------------------------------
Array size = 100436224 (elements), Offset = 0 (elements)
Memory per array = 383.1 MiB (= 0.4 GiB).
Total memory required = 1149.4 MiB (= 1.1 GiB).
Each kernel will be executed 5 times.
-------------------------------------------------------------
Function    Best Rate MB/s  Avg time     Min time     Max time
Copy:           12665.0     0.068382     0.063442     0.072242
Scale:          12260.1     0.066240     0.065537     0.067869
Add:             9906.7     0.125391     0.121658     0.133726
Triad:           9971.3     0.130609     0.120870     0.134906
-------------------------------------------------------------
Solution Validates: avg error less than 1.000000e-06 on all three arrays
-------------------------------------------------------------



--- run 3 ---
-------------------------------------------------------------
STREAM (dynamic) version — custom malloc-based implementation
-------------------------------------------------------------
This system uses 4 bytes per array element.
-------------------------------------------------------------
Array size = 100436224 (elements), Offset = 0 (elements)
Memory per array = 383.1 MiB (= 0.4 GiB).
Total memory required = 1149.4 MiB (= 1.1 GiB).
Each kernel will be executed 5 times.
-------------------------------------------------------------
Function    Best Rate MB/s  Avg time     Min time     Max time
Copy:           13420.8     0.064551     0.059869     0.069802
Scale:          12295.0     0.065696     0.065351     0.066453
Add:            10053.5     0.125712     0.119882     0.134238
Triad:          10239.8     0.123641     0.117701     0.131472
-------------------------------------------------------------
Solution Validates: avg error less than 1.000000e-06 on all three arrays
-------------------------------------------------------------



--- run 4 ---
-------------------------------------------------------------
STREAM (dynamic) version — custom malloc-based implementation
-------------------------------------------------------------
This system uses 4 bytes per array element.
-------------------------------------------------------------
Array size = 100436224 (elements), Offset = 0 (elements)
Memory per array = 383.1 MiB (= 0.4 GiB).
Total memory required = 1149.4 MiB (= 1.1 GiB).
Each kernel will be executed 5 times.
-------------------------------------------------------------
Function    Best Rate MB/s  Avg time     Min time     Max time
Copy:           12082.4     0.069346     0.066501     0.073835
Scale:          12309.9     0.066975     0.065272     0.068718
Add:             9791.6     0.124632     0.123088     0.126632
Triad:           9930.6     0.122748     0.121366     0.123845
-------------------------------------------------------------
Solution Validates: avg error less than 1.000000e-06 on all three arrays
-------------------------------------------------------------



--- run 5 ---
-------------------------------------------------------------
STREAM (dynamic) version — custom malloc-based implementation
-------------------------------------------------------------
This system uses 4 bytes per array element.
-------------------------------------------------------------
Array size = 100436224 (elements), Offset = 0 (elements)
Memory per array = 383.1 MiB (= 0.4 GiB).
Total memory required = 1149.4 MiB (= 1.1 GiB).
Each kernel will be executed 5 times.
-------------------------------------------------------------
Function    Best Rate MB/s  Avg time     Min time     Max time
Copy:           13273.6     0.065362     0.060533     0.072794
Scale:          12284.3     0.065891     0.065408     0.067265
Add:             9971.4     0.121509     0.120869     0.122009
Triad:          10140.6     0.125053     0.118852     0.137418
-------------------------------------------------------------
Solution Validates: avg error less than 1.000000e-06 on all three arrays
-------------------------------------------------------------



--- run 1 ---
-------------------------------------------------------------
STREAM (dynamic) version — custom malloc-based implementation
-------------------------------------------------------------
This system uses 4 bytes per array element.
-------------------------------------------------------------
Array size = 112735829 (elements), Offset = 0 (elements)
Memory per array = 430.1 MiB (= 0.4 GiB).
Total memory required = 1290.2 MiB (= 1.3 GiB).
Each kernel will be executed 5 times.
-------------------------------------------------------------
Function    Best Rate MB/s  Avg time     Min time     Max time
Copy:           12929.0     0.078071     0.069757     0.083442
Scale:          12581.3     0.075570     0.071685     0.084387
Add:            10492.8     0.133906     0.128929     0.142912
Triad:          10503.5     0.135206     0.128798     0.143061
-------------------------------------------------------------
Solution Validates: avg error less than 1.000000e-06 on all three arrays
-------------------------------------------------------------



--- run 2 ---
-------------------------------------------------------------
STREAM (dynamic) version — custom malloc-based implementation
-------------------------------------------------------------
This system uses 4 bytes per array element.
-------------------------------------------------------------
Array size = 112735829 (elements), Offset = 0 (elements)
Memory per array = 430.1 MiB (= 0.4 GiB).
Total memory required = 1290.2 MiB (= 1.3 GiB).
Each kernel will be executed 5 times.
-------------------------------------------------------------
Function    Best Rate MB/s  Avg time     Min time     Max time
Copy:           13057.4     0.073588     0.069071     0.078358
Scale:          12233.8     0.074871     0.073721     0.075525
Add:             9979.4     0.141569     0.135563     0.151153
Triad:           9964.4     0.143326     0.135766     0.150819
-------------------------------------------------------------
Solution Validates: avg error less than 1.000000e-06 on all three arrays
-------------------------------------------------------------



--- run 3 ---
-------------------------------------------------------------
STREAM (dynamic) version — custom malloc-based implementation
-------------------------------------------------------------
This system uses 4 bytes per array element.
-------------------------------------------------------------
Array size = 112735829 (elements), Offset = 0 (elements)
Memory per array = 430.1 MiB (= 0.4 GiB).
Total memory required = 1290.2 MiB (= 1.3 GiB).
Each kernel will be executed 5 times.
-------------------------------------------------------------
Function    Best Rate MB/s  Avg time     Min time     Max time
Copy:           13108.2     0.074517     0.068803     0.084625
Scale:          12590.9     0.072070     0.071630     0.073270
Add:            10476.3     0.131647     0.129132     0.135342
Triad:          10555.2     0.132273     0.128167     0.140785
-------------------------------------------------------------
Solution Validates: avg error less than 1.000000e-06 on all three arrays
-------------------------------------------------------------



--- run 4 ---
-------------------------------------------------------------
STREAM (dynamic) version — custom malloc-based implementation
-------------------------------------------------------------
This system uses 4 bytes per array element.
-------------------------------------------------------------
Array size = 112735829 (elements), Offset = 0 (elements)
Memory per array = 430.1 MiB (= 0.4 GiB).
Total memory required = 1290.2 MiB (= 1.3 GiB).
Each kernel will be executed 5 times.
-------------------------------------------------------------
Function    Best Rate MB/s  Avg time     Min time     Max time
Copy:           12854.0     0.076328     0.070164     0.081383
Scale:          12522.4     0.073228     0.072022     0.074442
Add:            10337.8     0.138390     0.130862     0.144977
Triad:          10551.0     0.134044     0.128218     0.141143
-------------------------------------------------------------
Solution Validates: avg error less than 1.000000e-06 on all three arrays
-------------------------------------------------------------



--- run 5 ---
-------------------------------------------------------------
STREAM (dynamic) version — custom malloc-based implementation
-------------------------------------------------------------
This system uses 4 bytes per array element.
-------------------------------------------------------------
Array size = 112735829 (elements), Offset = 0 (elements)
Memory per array = 430.1 MiB (= 0.4 GiB).
Total memory required = 1290.2 MiB (= 1.3 GiB).
Each kernel will be executed 5 times.
-------------------------------------------------------------
Function    Best Rate MB/s  Avg time     Min time     Max time
Copy:           12095.6     0.080074     0.074563     0.082680
Scale:          12630.9     0.072385     0.071403     0.073520
Add:            10483.7     0.132643     0.129041     0.139395
Triad:          10530.6     0.134595     0.128466     0.138224
-------------------------------------------------------------
Solution Validates: avg error less than 1.000000e-06 on all three arrays
-------------------------------------------------------------



--- run 1 ---
-------------------------------------------------------------
STREAM (dynamic) version — custom malloc-based implementation
-------------------------------------------------------------
This system uses 4 bytes per array element.
-------------------------------------------------------------
Array size = 126541653 (elements), Offset = 0 (elements)
Memory per array = 482.7 MiB (= 0.5 GiB).
Total memory required = 1448.2 MiB (= 1.4 GiB).
Each kernel will be executed 5 times.
-------------------------------------------------------------
Function    Best Rate MB/s  Avg time     Min time     Max time
Copy:           12945.5     0.082044     0.078200     0.088356
Scale:          12574.2     0.080941     0.080509     0.082012
Add:            10519.5     0.151314     0.144351     0.161015
Triad:          10543.9     0.149267     0.144017     0.160780
-------------------------------------------------------------
Solution Validates: avg error less than 1.000000e-06 on all three arrays
-------------------------------------------------------------



--- run 2 ---
-------------------------------------------------------------
STREAM (dynamic) version — custom malloc-based implementation
-------------------------------------------------------------
This system uses 4 bytes per array element.
-------------------------------------------------------------
Array size = 126541653 (elements), Offset = 0 (elements)
Memory per array = 482.7 MiB (= 0.5 GiB).
Total memory required = 1448.2 MiB (= 1.4 GiB).
Each kernel will be executed 5 times.
-------------------------------------------------------------
Function    Best Rate MB/s  Avg time     Min time     Max time
Copy:           12745.1     0.086717     0.079429     0.095317
Scale:          12327.0     0.082842     0.082123     0.083571
Add:            10509.2     0.151571     0.144492     0.159364
Triad:          10507.6     0.151413     0.144515     0.156188
-------------------------------------------------------------
Solution Validates: avg error less than 1.000000e-06 on all three arrays
-------------------------------------------------------------



--- run 3 ---
-------------------------------------------------------------
STREAM (dynamic) version — custom malloc-based implementation
-------------------------------------------------------------
This system uses 4 bytes per array element.
-------------------------------------------------------------
Array size = 126541653 (elements), Offset = 0 (elements)
Memory per array = 482.7 MiB (= 0.5 GiB).
Total memory required = 1448.2 MiB (= 1.4 GiB).
Each kernel will be executed 5 times.
-------------------------------------------------------------
Function    Best Rate MB/s  Avg time     Min time     Max time
Copy:           12575.6     0.086582     0.080500     0.090549
Scale:          12339.2     0.083361     0.082042     0.084351
Add:            10366.7     0.153504     0.146478     0.163438
Triad:          10441.0     0.155358     0.145436     0.162818
-------------------------------------------------------------
Solution Validates: avg error less than 1.000000e-06 on all three arrays
-------------------------------------------------------------



--- run 4 ---
-------------------------------------------------------------
STREAM (dynamic) version — custom malloc-based implementation
-------------------------------------------------------------
This system uses 4 bytes per array element.
-------------------------------------------------------------
Array size = 126541653 (elements), Offset = 0 (elements)
Memory per array = 482.7 MiB (= 0.5 GiB).
Total memory required = 1448.2 MiB (= 1.4 GiB).
Each kernel will be executed 5 times.
-------------------------------------------------------------
Function    Best Rate MB/s  Avg time     Min time     Max time
Copy:           13153.8     0.080054     0.076961     0.084707
Scale:          12491.3     0.081867     0.081043     0.082296
Add:            10454.1     0.153772     0.145254     0.163085
Triad:          10538.6     0.151053     0.144090     0.158063
-------------------------------------------------------------
Solution Validates: avg error less than 1.000000e-06 on all three arrays
-------------------------------------------------------------



--- run 5 ---
-------------------------------------------------------------
STREAM (dynamic) version — custom malloc-based implementation
-------------------------------------------------------------
This system uses 4 bytes per array element.
-------------------------------------------------------------
Array size = 126541653 (elements), Offset = 0 (elements)
Memory per array = 482.7 MiB (= 0.5 GiB).
Total memory required = 1448.2 MiB (= 1.4 GiB).
Each kernel will be executed 5 times.
-------------------------------------------------------------
Function    Best Rate MB/s  Avg time     Min time     Max time
Copy:           12873.2     0.081549     0.078639     0.085357
Scale:          12483.9     0.081986     0.081091     0.082830
Add:            10237.0     0.156833     0.148334     0.164566
Triad:           9760.4     0.158723     0.155578     0.161289
-------------------------------------------------------------
Solution Validates: avg error less than 1.000000e-06 on all three arrays
-------------------------------------------------------------



--- run 1 ---
-------------------------------------------------------------
STREAM (dynamic) version — custom malloc-based implementation
-------------------------------------------------------------
This system uses 4 bytes per array element.
-------------------------------------------------------------
Array size = 142038272 (elements), Offset = 0 (elements)
Memory per array = 541.8 MiB (= 0.5 GiB).
Total memory required = 1625.5 MiB (= 1.6 GiB).
Each kernel will be executed 5 times.
-------------------------------------------------------------
Function    Best Rate MB/s  Avg time     Min time     Max time
Copy:           12824.6     0.093573     0.088604     0.100347
Scale:          12511.9     0.091109     0.090818     0.091384
Add:            10337.5     0.169751     0.164882     0.184017
Triad:          10406.7     0.170540     0.163785     0.177303
-------------------------------------------------------------
Solution Validates: avg error less than 1.000000e-06 on all three arrays
-------------------------------------------------------------



--- run 2 ---
-------------------------------------------------------------
STREAM (dynamic) version — custom malloc-based implementation
-------------------------------------------------------------
This system uses 4 bytes per array element.
-------------------------------------------------------------
Array size = 142038272 (elements), Offset = 0 (elements)
Memory per array = 541.8 MiB (= 0.5 GiB).
Total memory required = 1625.5 MiB (= 1.6 GiB).
Each kernel will be executed 5 times.
-------------------------------------------------------------
Function    Best Rate MB/s  Avg time     Min time     Max time
Copy:           13330.2     0.097072     0.085243     0.111843
Scale:          12523.8     0.091876     0.090732     0.093565
Add:            10367.9     0.172056     0.164397     0.182644
Triad:          10450.0     0.172543     0.163107     0.179716
-------------------------------------------------------------
Solution Validates: avg error less than 1.000000e-06 on all three arrays
-------------------------------------------------------------



--- run 3 ---
-------------------------------------------------------------
STREAM (dynamic) version — custom malloc-based implementation
-------------------------------------------------------------
This system uses 4 bytes per array element.
-------------------------------------------------------------
Array size = 142038272 (elements), Offset = 0 (elements)
Memory per array = 541.8 MiB (= 0.5 GiB).
Total memory required = 1625.5 MiB (= 1.6 GiB).
Each kernel will be executed 5 times.
-------------------------------------------------------------
Function    Best Rate MB/s  Avg time     Min time     Max time
Copy:           12436.0     0.094630     0.091372     0.100103
Scale:          12581.4     0.090674     0.090316     0.091678
Add:            10347.4     0.173932     0.164724     0.179030
Triad:          10559.4     0.172296     0.161416     0.178895
-------------------------------------------------------------
Solution Validates: avg error less than 1.000000e-06 on all three arrays
-------------------------------------------------------------



--- run 4 ---
-------------------------------------------------------------
STREAM (dynamic) version — custom malloc-based implementation
-------------------------------------------------------------
This system uses 4 bytes per array element.
-------------------------------------------------------------
Array size = 142038272 (elements), Offset = 0 (elements)
Memory per array = 541.8 MiB (= 0.5 GiB).
Total memory required = 1625.5 MiB (= 1.6 GiB).
Each kernel will be executed 5 times.
-------------------------------------------------------------
Function    Best Rate MB/s  Avg time     Min time     Max time
Copy:           13134.9     0.088067     0.086510     0.091813
Scale:          12518.8     0.092532     0.090768     0.093725
Add:            10421.5     0.165842     0.163552     0.172472
Triad:          10504.6     0.172731     0.162259     0.185494
-------------------------------------------------------------
Solution Validates: avg error less than 1.000000e-06 on all three arrays
-------------------------------------------------------------



--- run 5 ---
-------------------------------------------------------------
STREAM (dynamic) version — custom malloc-based implementation
-------------------------------------------------------------
This system uses 4 bytes per array element.
-------------------------------------------------------------
Array size = 142038272 (elements), Offset = 0 (elements)
Memory per array = 541.8 MiB (= 0.5 GiB).
Total memory required = 1625.5 MiB (= 1.6 GiB).
Each kernel will be executed 5 times.
-------------------------------------------------------------
Function    Best Rate MB/s  Avg time     Min time     Max time
Copy:           13168.5     0.096994     0.086290     0.103984
Scale:          12513.0     0.091274     0.090810     0.091771
Add:            10371.3     0.168814     0.164343     0.178361
Triad:          10447.2     0.168857     0.163149     0.177374
-------------------------------------------------------------
Solution Validates: avg error less than 1.000000e-06 on all three arrays
-------------------------------------------------------------



--- run 1 ---
-------------------------------------------------------------
STREAM (dynamic) version — custom malloc-based implementation
-------------------------------------------------------------
This system uses 4 bytes per array element.
-------------------------------------------------------------
Array size = 159432533 (elements), Offset = 0 (elements)
Memory per array = 608.2 MiB (= 0.6 GiB).
Total memory required = 1824.6 MiB (= 1.8 GiB).
Each kernel will be executed 5 times.
-------------------------------------------------------------
Function    Best Rate MB/s  Avg time     Min time     Max time
Copy:           12778.4     0.103880     0.099814     0.109054
Scale:          12549.9     0.102476     0.101631     0.104404
Add:            10534.7     0.181998     0.181608     0.182792
Triad:          10559.3     0.190651     0.181186     0.205044
-------------------------------------------------------------
Solution Validates: avg error less than 1.000000e-06 on all three arrays
-------------------------------------------------------------



--- run 2 ---
-------------------------------------------------------------
STREAM (dynamic) version — custom malloc-based implementation
-------------------------------------------------------------
This system uses 4 bytes per array element.
-------------------------------------------------------------
Array size = 159432533 (elements), Offset = 0 (elements)
Memory per array = 608.2 MiB (= 0.6 GiB).
Total memory required = 1824.6 MiB (= 1.8 GiB).
Each kernel will be executed 5 times.
-------------------------------------------------------------
Function    Best Rate MB/s  Avg time     Min time     Max time
Copy:           12960.2     0.102012     0.098414     0.105198
Scale:          12432.5     0.103768     0.102591     0.105428
Add:            10400.8     0.191368     0.183947     0.200024
Triad:          10463.5     0.193207     0.182844     0.205434
-------------------------------------------------------------
Solution Validates: avg error less than 1.000000e-06 on all three arrays
-------------------------------------------------------------



--- run 3 ---
-------------------------------------------------------------
STREAM (dynamic) version — custom malloc-based implementation
-------------------------------------------------------------
This system uses 4 bytes per array element.
-------------------------------------------------------------
Array size = 159432533 (elements), Offset = 0 (elements)
Memory per array = 608.2 MiB (= 0.6 GiB).
Total memory required = 1824.6 MiB (= 1.8 GiB).
Each kernel will be executed 5 times.
-------------------------------------------------------------
Function    Best Rate MB/s  Avg time     Min time     Max time
Copy:           12505.5     0.109355     0.101992     0.128927
Scale:          12587.9     0.102247     0.101324     0.103007
Add:            10553.4     0.192385     0.181286     0.200835
Triad:          10556.1     0.187827     0.181240     0.200438
-------------------------------------------------------------
Solution Validates: avg error less than 1.000000e-06 on all three arrays
-------------------------------------------------------------



--- run 4 ---
-------------------------------------------------------------
STREAM (dynamic) version — custom malloc-based implementation
-------------------------------------------------------------
This system uses 4 bytes per array element.
-------------------------------------------------------------
Array size = 159432533 (elements), Offset = 0 (elements)
Memory per array = 608.2 MiB (= 0.6 GiB).
Total memory required = 1824.6 MiB (= 1.8 GiB).
Each kernel will be executed 5 times.
-------------------------------------------------------------
Function    Best Rate MB/s  Avg time     Min time     Max time
Copy:           12752.7     0.108737     0.100015     0.116691
Scale:          12550.0     0.102446     0.101630     0.103028
Add:            10463.5     0.193097     0.182844     0.201323
Triad:          10539.7     0.195769     0.181522     0.201968
-------------------------------------------------------------
Solution Validates: avg error less than 1.000000e-06 on all three arrays
-------------------------------------------------------------



--- run 5 ---
-------------------------------------------------------------
STREAM (dynamic) version — custom malloc-based implementation
-------------------------------------------------------------
This system uses 4 bytes per array element.
-------------------------------------------------------------
Array size = 159432533 (elements), Offset = 0 (elements)
Memory per array = 608.2 MiB (= 0.6 GiB).
Total memory required = 1824.6 MiB (= 1.8 GiB).
Each kernel will be executed 5 times.
-------------------------------------------------------------
Function    Best Rate MB/s  Avg time     Min time     Max time
Copy:           12615.2     0.103364     0.101105     0.105407
Scale:          12575.0     0.102152     0.101428     0.102879
Add:             9871.0     0.196566     0.193820     0.203391
Triad:           9952.2     0.197191     0.192237     0.201337
-------------------------------------------------------------
Solution Validates: avg error less than 1.000000e-06 on all three arrays
-------------------------------------------------------------



--- run 1 ---
-------------------------------------------------------------
STREAM (dynamic) version — custom malloc-based implementation
-------------------------------------------------------------
This system uses 4 bytes per array element.
-------------------------------------------------------------
Array size = 178956970 (elements), Offset = 0 (elements)
Memory per array = 682.7 MiB (= 0.7 GiB).
Total memory required = 2048.0 MiB (= 2.0 GiB).
Each kernel will be executed 5 times.
-------------------------------------------------------------
Function    Best Rate MB/s  Avg time     Min time     Max time
Copy:           13769.0     0.109654     0.103977     0.122066
Scale:          12546.1     0.114902     0.114111     0.115759
Add:            10351.2     0.212916     0.207462     0.221609
Triad:          10514.2     0.211839     0.204245     0.224070
-------------------------------------------------------------
Solution Validates: avg error less than 1.000000e-06 on all three arrays
-------------------------------------------------------------



--- run 2 ---
-------------------------------------------------------------
STREAM (dynamic) version — custom malloc-based implementation
-------------------------------------------------------------
This system uses 4 bytes per array element.
-------------------------------------------------------------
Array size = 178956970 (elements), Offset = 0 (elements)
Memory per array = 682.7 MiB (= 0.7 GiB).
Total memory required = 2048.0 MiB (= 2.0 GiB).
Each kernel will be executed 5 times.
-------------------------------------------------------------
Function    Best Rate MB/s  Avg time     Min time     Max time
Copy:           12678.8     0.115731     0.112917     0.118315
Scale:          12486.2     0.116512     0.114659     0.119214
Add:             9934.5     0.224472     0.216164     0.229744
Triad:           9436.1     0.230338     0.227581     0.234088
-------------------------------------------------------------
Solution Validates: avg error less than 1.000000e-06 on all three arrays
-------------------------------------------------------------



--- run 3 ---
-------------------------------------------------------------
STREAM (dynamic) version — custom malloc-based implementation
-------------------------------------------------------------
This system uses 4 bytes per array element.
-------------------------------------------------------------
Array size = 178956970 (elements), Offset = 0 (elements)
Memory per array = 682.7 MiB (= 0.7 GiB).
Total memory required = 2048.0 MiB (= 2.0 GiB).
Each kernel will be executed 5 times.
-------------------------------------------------------------
Function    Best Rate MB/s  Avg time     Min time     Max time
Copy:           13623.6     0.112822     0.105086     0.122983
Scale:          12543.8     0.115615     0.114133     0.118195
Add:            10364.5     0.213638     0.207197     0.223153
Triad:          10507.6     0.211699     0.204375     0.221171
-------------------------------------------------------------
Solution Validates: avg error less than 1.000000e-06 on all three arrays
-------------------------------------------------------------



--- run 4 ---
-------------------------------------------------------------
STREAM (dynamic) version — custom malloc-based implementation
-------------------------------------------------------------
This system uses 4 bytes per array element.
-------------------------------------------------------------
Array size = 178956970 (elements), Offset = 0 (elements)
Memory per array = 682.7 MiB (= 0.7 GiB).
Total memory required = 2048.0 MiB (= 2.0 GiB).
Each kernel will be executed 5 times.
-------------------------------------------------------------
Function    Best Rate MB/s  Avg time     Min time     Max time
Copy:           13628.5     0.106694     0.105049     0.110139
Scale:          12539.2     0.114612     0.114174     0.115341
Add:            10345.9     0.219970     0.207568     0.230746
Triad:          10454.8     0.216474     0.205406     0.229177
-------------------------------------------------------------
Solution Validates: avg error less than 1.000000e-06 on all three arrays
-------------------------------------------------------------



--- run 5 ---
-------------------------------------------------------------
STREAM (dynamic) version — custom malloc-based implementation
-------------------------------------------------------------
This system uses 4 bytes per array element.
-------------------------------------------------------------
Array size = 178956970 (elements), Offset = 0 (elements)
Memory per array = 682.7 MiB (= 0.7 GiB).
Total memory required = 2048.0 MiB (= 2.0 GiB).
Each kernel will be executed 5 times.
-------------------------------------------------------------
Function    Best Rate MB/s  Avg time     Min time     Max time
Copy:           13101.8     0.115458     0.109272     0.130422
Scale:          12482.9     0.116412     0.114689     0.119127
Add:            10137.0     0.219697     0.211847     0.237067
Triad:          10242.6     0.218127     0.209661     0.230357
-------------------------------------------------------------
Solution Validates: avg error less than 1.000000e-06 on all three arrays
-------------------------------------------------------------


