--- run 1 ---
-------------------------------------------------------------
STREAM (dynamic) version — custom malloc-based implementation
-------------------------------------------------------------
This system uses 4 bytes per array element.
-------------------------------------------------------------
Array size = 5461 (elements), Offset = 0 (elements)
Memory per array = 0.0 MiB (= 0.0 GiB).
Total memory required = 0.1 MiB (= 0.0 GiB).
Each kernel will be executed 16384 times.
-------------------------------------------------------------
Function    Best Rate MB/s  Avg time     Min time     Max time
Copy:           45810.2     0.000002     0.000001     0.000012
Scale:          15270.1     0.000004     0.000003     0.000023
Add:            22905.1     0.000004     0.000003     0.000022
Triad:          22905.1     0.000004     0.000003     0.000021
-------------------------------------------------------------
Solution Validates: avg error less than 1.000000e-06 on all three arrays
-------------------------------------------------------------



--- run 2 ---
-------------------------------------------------------------
STREAM (dynamic) version — custom malloc-based implementation
-------------------------------------------------------------
This system uses 4 bytes per array element.
-------------------------------------------------------------
Array size = 5461 (elements), Offset = 0 (elements)
Memory per array = 0.0 MiB (= 0.0 GiB).
Total memory required = 0.1 MiB (= 0.0 GiB).
Each kernel will be executed 16384 times.
-------------------------------------------------------------
Function    Best Rate MB/s  Avg time     Min time     Max time
Copy:           45810.2     0.000002     0.000001     0.000027
Scale:          15270.1     0.000004     0.000003     0.000021
Add:            22905.1     0.000004     0.000003     0.000026
Triad:          22905.1     0.000004     0.000003     0.000048
-------------------------------------------------------------
Solution Validates: avg error less than 1.000000e-06 on all three arrays
-------------------------------------------------------------



--- run 3 ---
-------------------------------------------------------------
STREAM (dynamic) version — custom malloc-based implementation
-------------------------------------------------------------
This system uses 4 bytes per array element.
-------------------------------------------------------------
Array size = 5461 (elements), Offset = 0 (elements)
Memory per array = 0.0 MiB (= 0.0 GiB).
Total memory required = 0.1 MiB (= 0.0 GiB).
Each kernel will be executed 16384 times.
-------------------------------------------------------------
Function    Best Rate MB/s  Avg time     Min time     Max time
Copy:           45810.2     0.000002     0.000001     0.000014
Scale:          15270.1     0.000004     0.000003     0.000022
Add:            22905.1     0.000004     0.000003     0.000035
Triad:          22905.1     0.000004     0.000003     0.000053
-------------------------------------------------------------
Solution Validates: avg error less than 1.000000e-06 on all three arrays
-------------------------------------------------------------



--- run 4 ---
-------------------------------------------------------------
STREAM (dynamic) version — custom malloc-based implementation
-------------------------------------------------------------
This system uses 4 bytes per array element.
-------------------------------------------------------------
Array size = 5461 (elements), Offset = 0 (elements)
Memory per array = 0.0 MiB (= 0.0 GiB).
Total memory required = 0.1 MiB (= 0.0 GiB).
Each kernel will be executed 16384 times.
-------------------------------------------------------------
Function    Best Rate MB/s  Avg time     Min time     Max time
Copy:           45810.2     0.000002     0.000001     0.000026
Scale:          15270.1     0.000004     0.000003     0.000067
Add:            22905.1     0.000004     0.000003     0.000024
Triad:          22905.1     0.000004     0.000003     0.000020
-------------------------------------------------------------
Solution Validates: avg error less than 1.000000e-06 on all three arrays
-------------------------------------------------------------



--- run 5 ---
-------------------------------------------------------------
STREAM (dynamic) version — custom malloc-based implementation
-------------------------------------------------------------
This system uses 4 bytes per array element.
-------------------------------------------------------------
Array size = 5461 (elements), Offset = 0 (elements)
Memory per array = 0.0 MiB (= 0.0 GiB).
Total memory required = 0.1 MiB (= 0.0 GiB).
Each kernel will be executed 16384 times.
-------------------------------------------------------------
Function    Best Rate MB/s  Avg time     Min time     Max time
Copy:           45810.2     0.000002     0.000001     0.000063
Scale:          15270.1     0.000004     0.000003     0.000029
Add:            22905.1     0.000004     0.000003     0.000019
Triad:          22905.1     0.000004     0.000003     0.000024
-------------------------------------------------------------
Solution Validates: avg error less than 1.000000e-06 on all three arrays
-------------------------------------------------------------



--- run 1 ---
-------------------------------------------------------------
STREAM (dynamic) version — custom malloc-based implementation
-------------------------------------------------------------
This system uses 4 bytes per array element.
-------------------------------------------------------------
Array size = 6144 (elements), Offset = 0 (elements)
Memory per array = 0.0 MiB (= 0.0 GiB).
Total memory required = 0.1 MiB (= 0.0 GiB).
Each kernel will be executed 14563 times.
-------------------------------------------------------------
Function    Best Rate MB/s  Avg time     Min time     Max time
Copy:           51539.6     0.000002     0.000001     0.000030
Scale:          17179.9     0.000005     0.000003     0.000015
Add:            25769.8     0.000004     0.000003     0.000022
Triad:          25769.8     0.000005     0.000003     0.000045
-------------------------------------------------------------
Solution Validates: avg error less than 1.000000e-06 on all three arrays
-------------------------------------------------------------



--- run 2 ---
-------------------------------------------------------------
STREAM (dynamic) version — custom malloc-based implementation
-------------------------------------------------------------
This system uses 4 bytes per array element.
-------------------------------------------------------------
Array size = 6144 (elements), Offset = 0 (elements)
Memory per array = 0.0 MiB (= 0.0 GiB).
Total memory required = 0.1 MiB (= 0.0 GiB).
Each kernel will be executed 14563 times.
-------------------------------------------------------------
Function    Best Rate MB/s  Avg time     Min time     Max time
Copy:           51539.6     0.000002     0.000001     0.000022
Scale:          17179.9     0.000004     0.000003     0.000053
Add:            25769.8     0.000004     0.000003     0.000036
Triad:          25769.8     0.000005     0.000003     0.000022
-------------------------------------------------------------
Solution Validates: avg error less than 1.000000e-06 on all three arrays
-------------------------------------------------------------



--- run 3 ---
-------------------------------------------------------------
STREAM (dynamic) version — custom malloc-based implementation
-------------------------------------------------------------
This system uses 4 bytes per array element.
-------------------------------------------------------------
Array size = 6144 (elements), Offset = 0 (elements)
Memory per array = 0.0 MiB (= 0.0 GiB).
Total memory required = 0.1 MiB (= 0.0 GiB).
Each kernel will be executed 14563 times.
-------------------------------------------------------------
Function    Best Rate MB/s  Avg time     Min time     Max time
Copy:           51539.6     0.000002     0.000001     0.000059
Scale:          17179.9     0.000005     0.000003     0.000021
Add:            25769.8     0.000004     0.000003     0.000021
Triad:          25769.8     0.000005     0.000003     0.000022
-------------------------------------------------------------
Solution Validates: avg error less than 1.000000e-06 on all three arrays
-------------------------------------------------------------



--- run 4 ---
-------------------------------------------------------------
STREAM (dynamic) version — custom malloc-based implementation
-------------------------------------------------------------
This system uses 4 bytes per array element.
-------------------------------------------------------------
Array size = 6144 (elements), Offset = 0 (elements)
Memory per array = 0.0 MiB (= 0.0 GiB).
Total memory required = 0.1 MiB (= 0.0 GiB).
Each kernel will be executed 14563 times.
-------------------------------------------------------------
Function    Best Rate MB/s  Avg time     Min time     Max time
Copy:           51539.6     0.000002     0.000001     0.000035
Scale:          17179.9     0.000004     0.000003     0.000022
Add:            25769.8     0.000004     0.000003     0.000025
Triad:          25769.8     0.000005     0.000003     0.000061
-------------------------------------------------------------
Solution Validates: avg error less than 1.000000e-06 on all three arrays
-------------------------------------------------------------



--- run 5 ---
-------------------------------------------------------------
STREAM (dynamic) version — custom malloc-based implementation
-------------------------------------------------------------
This system uses 4 bytes per array element.
-------------------------------------------------------------
Array size = 6144 (elements), Offset = 0 (elements)
Memory per array = 0.0 MiB (= 0.0 GiB).
Total memory required = 0.1 MiB (= 0.0 GiB).
Each kernel will be executed 14563 times.
-------------------------------------------------------------
Function    Best Rate MB/s  Avg time     Min time     Max time
Copy:           51539.6     0.000002     0.000001     0.000019
Scale:          17179.9     0.000004     0.000003     0.000050
Add:            25769.8     0.000004     0.000003     0.000024
Triad:          25769.8     0.000005     0.000003     0.000025
-------------------------------------------------------------
Solution Validates: avg error less than 1.000000e-06 on all three arrays
-------------------------------------------------------------



--- run 1 ---
-------------------------------------------------------------
STREAM (dynamic) version — custom malloc-based implementation
-------------------------------------------------------------
This system uses 4 bytes per array element.
-------------------------------------------------------------
Array size = 6912 (elements), Offset = 0 (elements)
Memory per array = 0.0 MiB (= 0.0 GiB).
Total memory required = 0.1 MiB (= 0.0 GiB).
Each kernel will be executed 12945 times.
-------------------------------------------------------------
Function    Best Rate MB/s  Avg time     Min time     Max time
Copy:           28991.0     0.000003     0.000002     0.000032
Scale:          14495.5     0.000005     0.000004     0.000022
Add:            21743.3     0.000005     0.000004     0.000027
Triad:          21743.3     0.000005     0.000004     0.000027
-------------------------------------------------------------
Solution Validates: avg error less than 1.000000e-06 on all three arrays
-------------------------------------------------------------



--- run 2 ---
-------------------------------------------------------------
STREAM (dynamic) version — custom malloc-based implementation
-------------------------------------------------------------
This system uses 4 bytes per array element.
-------------------------------------------------------------
Array size = 6912 (elements), Offset = 0 (elements)
Memory per array = 0.0 MiB (= 0.0 GiB).
Total memory required = 0.1 MiB (= 0.0 GiB).
Each kernel will be executed 12945 times.
-------------------------------------------------------------
Function    Best Rate MB/s  Avg time     Min time     Max time
Copy:           28991.0     0.000003     0.000002     0.000019
Scale:          14495.5     0.000005     0.000004     0.000058
Add:            21743.3     0.000005     0.000004     0.000027
Triad:          21743.3     0.000005     0.000004     0.000026
-------------------------------------------------------------
Solution Validates: avg error less than 1.000000e-06 on all three arrays
-------------------------------------------------------------



--- run 3 ---
-------------------------------------------------------------
STREAM (dynamic) version — custom malloc-based implementation
-------------------------------------------------------------
This system uses 4 bytes per array element.
-------------------------------------------------------------
Array size = 6912 (elements), Offset = 0 (elements)
Memory per array = 0.0 MiB (= 0.0 GiB).
Total memory required = 0.1 MiB (= 0.0 GiB).
Each kernel will be executed 12945 times.
-------------------------------------------------------------
Function    Best Rate MB/s  Avg time     Min time     Max time
Copy:           28991.0     0.000003     0.000002     0.000019
Scale:          14495.5     0.000005     0.000004     0.000034
Add:            21743.3     0.000005     0.000004     0.000039
Triad:          21743.3     0.000005     0.000004     0.000017
-------------------------------------------------------------
Solution Validates: avg error less than 1.000000e-06 on all three arrays
-------------------------------------------------------------



--- run 4 ---
-------------------------------------------------------------
STREAM (dynamic) version — custom malloc-based implementation
-------------------------------------------------------------
This system uses 4 bytes per array element.
-------------------------------------------------------------
Array size = 6912 (elements), Offset = 0 (elements)
Memory per array = 0.0 MiB (= 0.0 GiB).
Total memory required = 0.1 MiB (= 0.0 GiB).
Each kernel will be executed 12945 times.
-------------------------------------------------------------
Function    Best Rate MB/s  Avg time     Min time     Max time
Copy:           28991.0     0.000003     0.000002     0.000023
Scale:          14495.5     0.000005     0.000004     0.000023
Add:            21743.3     0.000005     0.000004     0.000023
Triad:          21743.3     0.000005     0.000004     0.000051
-------------------------------------------------------------
Solution Validates: avg error less than 1.000000e-06 on all three arrays
-------------------------------------------------------------



--- run 5 ---
-------------------------------------------------------------
STREAM (dynamic) version — custom malloc-based implementation
-------------------------------------------------------------
This system uses 4 bytes per array element.
-------------------------------------------------------------
Array size = 6912 (elements), Offset = 0 (elements)
Memory per array = 0.0 MiB (= 0.0 GiB).
Total memory required = 0.1 MiB (= 0.0 GiB).
Each kernel will be executed 12945 times.
-------------------------------------------------------------
Function    Best Rate MB/s  Avg time     Min time     Max time
Copy:           28991.0     0.000003     0.000002     0.000050
Scale:          14495.5     0.000005     0.000004     0.000029
Add:            21743.3     0.000005     0.000004     0.000068
Triad:          21743.3     0.000005     0.000004     0.000053
-------------------------------------------------------------
Solution Validates: avg error less than 1.000000e-06 on all three arrays
-------------------------------------------------------------



--- run 1 ---
-------------------------------------------------------------
STREAM (dynamic) version — custom malloc-based implementation
-------------------------------------------------------------
This system uses 4 bytes per array element.
-------------------------------------------------------------
Array size = 7765 (elements), Offset = 0 (elements)
Memory per array = 0.0 MiB (= 0.0 GiB).
Total memory required = 0.1 MiB (= 0.0 GiB).
Each kernel will be executed 11522 times.
-------------------------------------------------------------
Function    Best Rate MB/s  Avg time     Min time     Max time
Copy:           32568.8     0.000003     0.000002     0.000015
Scale:          16284.4     0.000006     0.000004     0.000032
Add:            24426.6     0.000005     0.000004     0.000020
Triad:          24426.6     0.000006     0.000004     0.000023
-------------------------------------------------------------
Solution Validates: avg error less than 1.000000e-06 on all three arrays
-------------------------------------------------------------



--- run 2 ---
-------------------------------------------------------------
STREAM (dynamic) version — custom malloc-based implementation
-------------------------------------------------------------
This system uses 4 bytes per array element.
-------------------------------------------------------------
Array size = 7765 (elements), Offset = 0 (elements)
Memory per array = 0.0 MiB (= 0.0 GiB).
Total memory required = 0.1 MiB (= 0.0 GiB).
Each kernel will be executed 11522 times.
-------------------------------------------------------------
Function    Best Rate MB/s  Avg time     Min time     Max time
Copy:           32568.8     0.000003     0.000002     0.000020
Scale:          16284.4     0.000006     0.000004     0.000036
Add:            24426.6     0.000005     0.000004     0.000055
Triad:          24426.6     0.000006     0.000004     0.000029
-------------------------------------------------------------
Solution Validates: avg error less than 1.000000e-06 on all three arrays
-------------------------------------------------------------



--- run 3 ---
-------------------------------------------------------------
STREAM (dynamic) version — custom malloc-based implementation
-------------------------------------------------------------
This system uses 4 bytes per array element.
-------------------------------------------------------------
Array size = 7765 (elements), Offset = 0 (elements)
Memory per array = 0.0 MiB (= 0.0 GiB).
Total memory required = 0.1 MiB (= 0.0 GiB).
Each kernel will be executed 11522 times.
-------------------------------------------------------------
Function    Best Rate MB/s  Avg time     Min time     Max time
Copy:           32568.8     0.000003     0.000002     0.000021
Scale:          16284.4     0.000006     0.000004     0.000024
Add:            24426.6     0.000005     0.000004     0.000034
Triad:          24426.6     0.000006     0.000004     0.000058
-------------------------------------------------------------
Solution Validates: avg error less than 1.000000e-06 on all three arrays
-------------------------------------------------------------



--- run 4 ---
-------------------------------------------------------------
STREAM (dynamic) version — custom malloc-based implementation
-------------------------------------------------------------
This system uses 4 bytes per array element.
-------------------------------------------------------------
Array size = 7765 (elements), Offset = 0 (elements)
Memory per array = 0.0 MiB (= 0.0 GiB).
Total memory required = 0.1 MiB (= 0.0 GiB).
Each kernel will be executed 11522 times.
-------------------------------------------------------------
Function    Best Rate MB/s  Avg time     Min time     Max time
Copy:           32568.8     0.000003     0.000002     0.000041
Scale:          16284.4     0.000006     0.000004     0.000021
Add:            24426.6     0.000005     0.000004     0.000043
Triad:          24426.6     0.000006     0.000004     0.000055
-------------------------------------------------------------
Solution Validates: avg error less than 1.000000e-06 on all three arrays
-------------------------------------------------------------



--- run 5 ---
-------------------------------------------------------------
STREAM (dynamic) version — custom malloc-based implementation
-------------------------------------------------------------
This system uses 4 bytes per array element.
-------------------------------------------------------------
Array size = 7765 (elements), Offset = 0 (elements)
Memory per array = 0.0 MiB (= 0.0 GiB).
Total memory required = 0.1 MiB (= 0.0 GiB).
Each kernel will be executed 11522 times.
-------------------------------------------------------------
Function    Best Rate MB/s  Avg time     Min time     Max time
Copy:           32568.8     0.000003     0.000002     0.000019
Scale:          16284.4     0.000006     0.000004     0.000026
Add:            24426.6     0.000005     0.000004     0.000062
Triad:          24426.6     0.000006     0.000004     0.000024
-------------------------------------------------------------
Solution Validates: avg error less than 1.000000e-06 on all three arrays
-------------------------------------------------------------



--- run 1 ---
-------------------------------------------------------------
STREAM (dynamic) version — custom malloc-based implementation
-------------------------------------------------------------
This system uses 4 bytes per array element.
-------------------------------------------------------------
Array size = 8704 (elements), Offset = 0 (elements)
Memory per array = 0.0 MiB (= 0.0 GiB).
Total memory required = 0.1 MiB (= 0.0 GiB).
Each kernel will be executed 10280 times.
-------------------------------------------------------------
Function    Best Rate MB/s  Avg time     Min time     Max time
Copy:           36507.2     0.000003     0.000002     0.000023
Scale:          14602.9     0.000006     0.000005     0.000054
Add:            21904.3     0.000006     0.000005     0.000034
Triad:          21904.3     0.000007     0.000005     0.000026
-------------------------------------------------------------
Solution Validates: avg error less than 1.000000e-06 on all three arrays
-------------------------------------------------------------



--- run 2 ---
-------------------------------------------------------------
STREAM (dynamic) version — custom malloc-based implementation
-------------------------------------------------------------
This system uses 4 bytes per array element.
-------------------------------------------------------------
Array size = 8704 (elements), Offset = 0 (elements)
Memory per array = 0.0 MiB (= 0.0 GiB).
Total memory required = 0.1 MiB (= 0.0 GiB).
Each kernel will be executed 10280 times.
-------------------------------------------------------------
Function    Best Rate MB/s  Avg time     Min time     Max time
Copy:           36507.2     0.000003     0.000002     0.000035
Scale:          14602.9     0.000006     0.000005     0.000062
Add:            21904.3     0.000006     0.000005     0.000024
Triad:          21904.3     0.000006     0.000005     0.000039
-------------------------------------------------------------
Solution Validates: avg error less than 1.000000e-06 on all three arrays
-------------------------------------------------------------



--- run 3 ---
-------------------------------------------------------------
STREAM (dynamic) version — custom malloc-based implementation
-------------------------------------------------------------
This system uses 4 bytes per array element.
-------------------------------------------------------------
Array size = 8704 (elements), Offset = 0 (elements)
Memory per array = 0.0 MiB (= 0.0 GiB).
Total memory required = 0.1 MiB (= 0.0 GiB).
Each kernel will be executed 10280 times.
-------------------------------------------------------------
Function    Best Rate MB/s  Avg time     Min time     Max time
Copy:           36507.2     0.000003     0.000002     0.000014
Scale:          14602.9     0.000006     0.000005     0.000050
Add:            21904.3     0.000006     0.000005     0.000029
Triad:          21904.3     0.000006     0.000005     0.000034
-------------------------------------------------------------
Solution Validates: avg error less than 1.000000e-06 on all three arrays
-------------------------------------------------------------



--- run 4 ---
-------------------------------------------------------------
STREAM (dynamic) version — custom malloc-based implementation
-------------------------------------------------------------
This system uses 4 bytes per array element.
-------------------------------------------------------------
Array size = 8704 (elements), Offset = 0 (elements)
Memory per array = 0.0 MiB (= 0.0 GiB).
Total memory required = 0.1 MiB (= 0.0 GiB).
Each kernel will be executed 10280 times.
-------------------------------------------------------------
Function    Best Rate MB/s  Avg time     Min time     Max time
Copy:           36507.2     0.000003     0.000002     0.000044
Scale:          14602.9     0.000006     0.000005     0.000054
Add:            21904.3     0.000006     0.000005     0.000023
Triad:          21904.3     0.000006     0.000005     0.000021
-------------------------------------------------------------
Solution Validates: avg error less than 1.000000e-06 on all three arrays
-------------------------------------------------------------



--- run 5 ---
-------------------------------------------------------------
STREAM (dynamic) version — custom malloc-based implementation
-------------------------------------------------------------
This system uses 4 bytes per array element.
-------------------------------------------------------------
Array size = 8704 (elements), Offset = 0 (elements)
Memory per array = 0.0 MiB (= 0.0 GiB).
Total memory required = 0.1 MiB (= 0.0 GiB).
Each kernel will be executed 10280 times.
-------------------------------------------------------------
Function    Best Rate MB/s  Avg time     Min time     Max time
Copy:           36507.2     0.000003     0.000002     0.000034
Scale:          14602.9     0.000006     0.000005     0.000061
Add:            21904.3     0.000006     0.000005     0.000027
Triad:          21904.3     0.000006     0.000005     0.000019
-------------------------------------------------------------
Solution Validates: avg error less than 1.000000e-06 on all three arrays
-------------------------------------------------------------



--- run 1 ---
-------------------------------------------------------------
STREAM (dynamic) version — custom malloc-based implementation
-------------------------------------------------------------
This system uses 4 bytes per array element.
-------------------------------------------------------------
Array size = 9728 (elements), Offset = 0 (elements)
Memory per array = 0.0 MiB (= 0.0 GiB).
Total memory required = 0.1 MiB (= 0.0 GiB).
Each kernel will be executed 9198 times.
-------------------------------------------------------------
Function    Best Rate MB/s  Avg time     Min time     Max time
Copy:           27201.5     0.000004     0.000003     0.000017
Scale:          13056.7     0.000007     0.000006     0.000029
Add:            24481.3     0.000007     0.000005     0.000017
Triad:          19585.1     0.000007     0.000006     0.000024
-------------------------------------------------------------
Solution Validates: avg error less than 1.000000e-06 on all three arrays
-------------------------------------------------------------



--- run 2 ---
-------------------------------------------------------------
STREAM (dynamic) version — custom malloc-based implementation
-------------------------------------------------------------
This system uses 4 bytes per array element.
-------------------------------------------------------------
Array size = 9728 (elements), Offset = 0 (elements)
Memory per array = 0.0 MiB (= 0.0 GiB).
Total memory required = 0.1 MiB (= 0.0 GiB).
Each kernel will be executed 9198 times.
-------------------------------------------------------------
Function    Best Rate MB/s  Avg time     Min time     Max time
Copy:           27201.5     0.000004     0.000003     0.000031
Scale:          13056.7     0.000007     0.000006     0.000022
Add:            24481.3     0.000007     0.000005     0.000074
Triad:          19585.1     0.000007     0.000006     0.000025
-------------------------------------------------------------
Solution Validates: avg error less than 1.000000e-06 on all three arrays
-------------------------------------------------------------



--- run 3 ---
-------------------------------------------------------------
STREAM (dynamic) version — custom malloc-based implementation
-------------------------------------------------------------
This system uses 4 bytes per array element.
-------------------------------------------------------------
Array size = 9728 (elements), Offset = 0 (elements)
Memory per array = 0.0 MiB (= 0.0 GiB).
Total memory required = 0.1 MiB (= 0.0 GiB).
Each kernel will be executed 9198 times.
-------------------------------------------------------------
Function    Best Rate MB/s  Avg time     Min time     Max time
Copy:           27201.5     0.000004     0.000003     0.000020
Scale:          13056.7     0.000007     0.000006     0.000025
Add:            24481.3     0.000007     0.000005     0.000051
Triad:          19585.1     0.000007     0.000006     0.000044
-------------------------------------------------------------
Solution Validates: avg error less than 1.000000e-06 on all three arrays
-------------------------------------------------------------



--- run 4 ---
-------------------------------------------------------------
STREAM (dynamic) version — custom malloc-based implementation
-------------------------------------------------------------
This system uses 4 bytes per array element.
-------------------------------------------------------------
Array size = 9728 (elements), Offset = 0 (elements)
Memory per array = 0.0 MiB (= 0.0 GiB).
Total memory required = 0.1 MiB (= 0.0 GiB).
Each kernel will be executed 9198 times.
-------------------------------------------------------------
Function    Best Rate MB/s  Avg time     Min time     Max time
Copy:           27201.5     0.000004     0.000003     0.000019
Scale:          13056.7     0.000007     0.000006     0.000039
Add:            24481.3     0.000007     0.000005     0.000064
Triad:          19585.1     0.000007     0.000006     0.000026
-------------------------------------------------------------
Solution Validates: avg error less than 1.000000e-06 on all three arrays
-------------------------------------------------------------



--- run 5 ---
-------------------------------------------------------------
STREAM (dynamic) version — custom malloc-based implementation
-------------------------------------------------------------
This system uses 4 bytes per array element.
-------------------------------------------------------------
Array size = 9728 (elements), Offset = 0 (elements)
Memory per array = 0.0 MiB (= 0.0 GiB).
Total memory required = 0.1 MiB (= 0.0 GiB).
Each kernel will be executed 9198 times.
-------------------------------------------------------------
Function    Best Rate MB/s  Avg time     Min time     Max time
Copy:           27201.5     0.000004     0.000003     0.000019
Scale:          13056.7     0.000007     0.000006     0.000025
Add:            24481.3     0.000007     0.000005     0.000036
Triad:          19585.1     0.000007     0.000006     0.000055
-------------------------------------------------------------
Solution Validates: avg error less than 1.000000e-06 on all three arrays
-------------------------------------------------------------



--- run 1 ---
-------------------------------------------------------------
STREAM (dynamic) version — custom malloc-based implementation
-------------------------------------------------------------
This system uses 4 bytes per array element.
-------------------------------------------------------------
Array size = 10922 (elements), Offset = 0 (elements)
Memory per array = 0.0 MiB (= 0.0 GiB).
Total memory required = 0.1 MiB (= 0.0 GiB).
Each kernel will be executed 8192 times.
-------------------------------------------------------------
Function    Best Rate MB/s  Avg time     Min time     Max time
Copy:           30540.1     0.000004     0.000003     0.000022
Scale:          14659.3     0.000008     0.000006     0.000026
Add:            21988.9     0.000007     0.000006     0.000021
Triad:          21988.9     0.000008     0.000006     0.000035
-------------------------------------------------------------
Solution Validates: avg error less than 1.000000e-06 on all three arrays
-------------------------------------------------------------



--- run 2 ---
-------------------------------------------------------------
STREAM (dynamic) version — custom malloc-based implementation
-------------------------------------------------------------
This system uses 4 bytes per array element.
-------------------------------------------------------------
Array size = 10922 (elements), Offset = 0 (elements)
Memory per array = 0.0 MiB (= 0.0 GiB).
Total memory required = 0.1 MiB (= 0.0 GiB).
Each kernel will be executed 8192 times.
-------------------------------------------------------------
Function    Best Rate MB/s  Avg time     Min time     Max time
Copy:           30540.1     0.000004     0.000003     0.000017
Scale:          14659.3     0.000008     0.000006     0.000069
Add:            21988.9     0.000007     0.000006     0.000026
Triad:          21988.9     0.000008     0.000006     0.000021
-------------------------------------------------------------
Solution Validates: avg error less than 1.000000e-06 on all three arrays
-------------------------------------------------------------



--- run 3 ---
-------------------------------------------------------------
STREAM (dynamic) version — custom malloc-based implementation
-------------------------------------------------------------
This system uses 4 bytes per array element.
-------------------------------------------------------------
Array size = 10922 (elements), Offset = 0 (elements)
Memory per array = 0.0 MiB (= 0.0 GiB).
Total memory required = 0.1 MiB (= 0.0 GiB).
Each kernel will be executed 8192 times.
-------------------------------------------------------------
Function    Best Rate MB/s  Avg time     Min time     Max time
Copy:           30540.1     0.000004     0.000003     0.000019
Scale:          14659.3     0.000008     0.000006     0.000069
Add:            21988.9     0.000007     0.000006     0.000028
Triad:          21988.9     0.000008     0.000006     0.000029
-------------------------------------------------------------
Solution Validates: avg error less than 1.000000e-06 on all three arrays
-------------------------------------------------------------



--- run 4 ---
-------------------------------------------------------------
STREAM (dynamic) version — custom malloc-based implementation
-------------------------------------------------------------
This system uses 4 bytes per array element.
-------------------------------------------------------------
Array size = 10922 (elements), Offset = 0 (elements)
Memory per array = 0.0 MiB (= 0.0 GiB).
Total memory required = 0.1 MiB (= 0.0 GiB).
Each kernel will be executed 8192 times.
-------------------------------------------------------------
Function    Best Rate MB/s  Avg time     Min time     Max time
Copy:           30540.1     0.000004     0.000003     0.000033
Scale:          14659.3     0.000008     0.000006     0.000051
Add:            21988.9     0.000007     0.000006     0.000040
Triad:          21988.9     0.000008     0.000006     0.000026
-------------------------------------------------------------
Solution Validates: avg error less than 1.000000e-06 on all three arrays
-------------------------------------------------------------



--- run 5 ---
-------------------------------------------------------------
STREAM (dynamic) version — custom malloc-based implementation
-------------------------------------------------------------
This system uses 4 bytes per array element.
-------------------------------------------------------------
Array size = 10922 (elements), Offset = 0 (elements)
Memory per array = 0.0 MiB (= 0.0 GiB).
Total memory required = 0.1 MiB (= 0.0 GiB).
Each kernel will be executed 8192 times.
-------------------------------------------------------------
Function    Best Rate MB/s  Avg time     Min time     Max time
Copy:           30540.1     0.000004     0.000003     0.000022
Scale:          14659.3     0.000008     0.000006     0.000034
Add:            21988.9     0.000007     0.000006     0.000068
Triad:          21988.9     0.000008     0.000006     0.000025
-------------------------------------------------------------
Solution Validates: avg error less than 1.000000e-06 on all three arrays
-------------------------------------------------------------



--- run 1 ---
-------------------------------------------------------------
STREAM (dynamic) version — custom malloc-based implementation
-------------------------------------------------------------
This system uses 4 bytes per array element.
-------------------------------------------------------------
Array size = 12288 (elements), Offset = 0 (elements)
Memory per array = 0.0 MiB (= 0.0 GiB).
Total memory required = 0.1 MiB (= 0.0 GiB).
Each kernel will be executed 7281 times.
-------------------------------------------------------------
Function    Best Rate MB/s  Avg time     Min time     Max time
Copy:           34359.7     0.000005     0.000003     0.000017
Scale:          14217.8     0.000009     0.000007     0.000027
Add:            21326.7     0.000008     0.000007     0.000026
Triad:          21326.7     0.000009     0.000007     0.000045
-------------------------------------------------------------
Solution Validates: avg error less than 1.000000e-06 on all three arrays
-------------------------------------------------------------



--- run 2 ---
-------------------------------------------------------------
STREAM (dynamic) version — custom malloc-based implementation
-------------------------------------------------------------
This system uses 4 bytes per array element.
-------------------------------------------------------------
Array size = 12288 (elements), Offset = 0 (elements)
Memory per array = 0.0 MiB (= 0.0 GiB).
Total memory required = 0.1 MiB (= 0.0 GiB).
Each kernel will be executed 7281 times.
-------------------------------------------------------------
Function    Best Rate MB/s  Avg time     Min time     Max time
Copy:           34359.7     0.000005     0.000003     0.000024
Scale:          14217.8     0.000009     0.000007     0.000026
Add:            21326.7     0.000008     0.000007     0.000027
Triad:          21326.7     0.000009     0.000007     0.000081
-------------------------------------------------------------
Solution Validates: avg error less than 1.000000e-06 on all three arrays
-------------------------------------------------------------



--- run 3 ---
-------------------------------------------------------------
STREAM (dynamic) version — custom malloc-based implementation
-------------------------------------------------------------
This system uses 4 bytes per array element.
-------------------------------------------------------------
Array size = 12288 (elements), Offset = 0 (elements)
Memory per array = 0.0 MiB (= 0.0 GiB).
Total memory required = 0.1 MiB (= 0.0 GiB).
Each kernel will be executed 7281 times.
-------------------------------------------------------------
Function    Best Rate MB/s  Avg time     Min time     Max time
Copy:           34359.7     0.000005     0.000003     0.000026
Scale:          14217.8     0.000009     0.000007     0.000067
Add:            21326.7     0.000008     0.000007     0.000026
Triad:          21326.7     0.000009     0.000007     0.000023
-------------------------------------------------------------
Solution Validates: avg error less than 1.000000e-06 on all three arrays
-------------------------------------------------------------



--- run 4 ---
-------------------------------------------------------------
STREAM (dynamic) version — custom malloc-based implementation
-------------------------------------------------------------
This system uses 4 bytes per array element.
-------------------------------------------------------------
Array size = 12288 (elements), Offset = 0 (elements)
Memory per array = 0.0 MiB (= 0.0 GiB).
Total memory required = 0.1 MiB (= 0.0 GiB).
Each kernel will be executed 7281 times.
-------------------------------------------------------------
Function    Best Rate MB/s  Avg time     Min time     Max time
Copy:           34359.7     0.000005     0.000003     0.000021
Scale:          14217.8     0.000009     0.000007     0.000064
Add:            21326.7     0.000008     0.000007     0.000029
Triad:          21326.7     0.000009     0.000007     0.000025
-------------------------------------------------------------
Solution Validates: avg error less than 1.000000e-06 on all three arrays
-------------------------------------------------------------



--- run 5 ---
-------------------------------------------------------------
STREAM (dynamic) version — custom malloc-based implementation
-------------------------------------------------------------
This system uses 4 bytes per array element.
-------------------------------------------------------------
Array size = 12288 (elements), Offset = 0 (elements)
Memory per array = 0.0 MiB (= 0.0 GiB).
Total memory required = 0.1 MiB (= 0.0 GiB).
Each kernel will be executed 7281 times.
-------------------------------------------------------------
Function    Best Rate MB/s  Avg time     Min time     Max time
Copy:           34359.7     0.000005     0.000003     0.000021
Scale:          14217.8     0.000009     0.000007     0.000024
Add:            21326.7     0.000008     0.000007     0.000067
Triad:          21326.7     0.000009     0.000007     0.000032
-------------------------------------------------------------
Solution Validates: avg error less than 1.000000e-06 on all three arrays
-------------------------------------------------------------



--- run 1 ---
-------------------------------------------------------------
STREAM (dynamic) version — custom malloc-based implementation
-------------------------------------------------------------
This system uses 4 bytes per array element.
-------------------------------------------------------------
Array size = 13738 (elements), Offset = 0 (elements)
Memory per array = 0.1 MiB (= 0.0 GiB).
Total memory required = 0.2 MiB (= 0.0 GiB).
Each kernel will be executed 6512 times.
-------------------------------------------------------------
Function    Best Rate MB/s  Avg time     Min time     Max time
Copy:           28810.7     0.000005     0.000004     0.000031
Scale:          13968.8     0.000010     0.000008     0.000028
Add:            23843.3     0.000009     0.000007     0.000028
Triad:          20953.2     0.000010     0.000008     0.000053
-------------------------------------------------------------
Solution Validates: avg error less than 1.000000e-06 on all three arrays
-------------------------------------------------------------



--- run 2 ---
-------------------------------------------------------------
STREAM (dynamic) version — custom malloc-based implementation
-------------------------------------------------------------
This system uses 4 bytes per array element.
-------------------------------------------------------------
Array size = 13738 (elements), Offset = 0 (elements)
Memory per array = 0.1 MiB (= 0.0 GiB).
Total memory required = 0.2 MiB (= 0.0 GiB).
Each kernel will be executed 6512 times.
-------------------------------------------------------------
Function    Best Rate MB/s  Avg time     Min time     Max time
Copy:           28810.7     0.000005     0.000004     0.000028
Scale:          13968.8     0.000010     0.000008     0.000066
Add:            23843.3     0.000009     0.000007     0.000048
Triad:          20953.2     0.000010     0.000008     0.000030
-------------------------------------------------------------
Solution Validates: avg error less than 1.000000e-06 on all three arrays
-------------------------------------------------------------



--- run 3 ---
-------------------------------------------------------------
STREAM (dynamic) version — custom malloc-based implementation
-------------------------------------------------------------
This system uses 4 bytes per array element.
-------------------------------------------------------------
Array size = 13738 (elements), Offset = 0 (elements)
Memory per array = 0.1 MiB (= 0.0 GiB).
Total memory required = 0.2 MiB (= 0.0 GiB).
Each kernel will be executed 6512 times.
-------------------------------------------------------------
Function    Best Rate MB/s  Avg time     Min time     Max time
Copy:           28810.7     0.000005     0.000004     0.000048
Scale:          13968.8     0.000010     0.000008     0.000049
Add:            23843.3     0.000009     0.000007     0.000026
Triad:          20953.2     0.000010     0.000008     0.000041
-------------------------------------------------------------
Solution Validates: avg error less than 1.000000e-06 on all three arrays
-------------------------------------------------------------



--- run 4 ---
-------------------------------------------------------------
STREAM (dynamic) version — custom malloc-based implementation
-------------------------------------------------------------
This system uses 4 bytes per array element.
-------------------------------------------------------------
Array size = 13738 (elements), Offset = 0 (elements)
Memory per array = 0.1 MiB (= 0.0 GiB).
Total memory required = 0.2 MiB (= 0.0 GiB).
Each kernel will be executed 6512 times.
-------------------------------------------------------------
Function    Best Rate MB/s  Avg time     Min time     Max time
Copy:           28810.7     0.000005     0.000004     0.000012
Scale:          13968.8     0.000010     0.000008     0.000027
Add:            23843.3     0.000009     0.000007     0.000025
Triad:          20953.2     0.000010     0.000008     0.000081
-------------------------------------------------------------
Solution Validates: avg error less than 1.000000e-06 on all three arrays
-------------------------------------------------------------



--- run 5 ---
-------------------------------------------------------------
STREAM (dynamic) version — custom malloc-based implementation
-------------------------------------------------------------
This system uses 4 bytes per array element.
-------------------------------------------------------------
Array size = 13738 (elements), Offset = 0 (elements)
Memory per array = 0.1 MiB (= 0.0 GiB).
Total memory required = 0.2 MiB (= 0.0 GiB).
Each kernel will be executed 6512 times.
-------------------------------------------------------------
Function    Best Rate MB/s  Avg time     Min time     Max time
Copy:           28810.7     0.000005     0.000004     0.000023
Scale:          13968.8     0.000010     0.000008     0.000023
Add:            23843.3     0.000009     0.000007     0.000071
Triad:          20953.2     0.000010     0.000008     0.000036
-------------------------------------------------------------
Solution Validates: avg error less than 1.000000e-06 on all three arrays
-------------------------------------------------------------



--- run 1 ---
-------------------------------------------------------------
STREAM (dynamic) version — custom malloc-based implementation
-------------------------------------------------------------
This system uses 4 bytes per array element.
-------------------------------------------------------------
Array size = 15445 (elements), Offset = 0 (elements)
Memory per array = 0.1 MiB (= 0.0 GiB).
Total memory required = 0.2 MiB (= 0.0 GiB).
Each kernel will be executed 5793 times.
-------------------------------------------------------------
Function    Best Rate MB/s  Avg time     Min time     Max time
Copy:           25912.4     0.000006     0.000005     0.000020
Scale:          14006.7     0.000011     0.000009     0.000036
Add:            23556.7     0.000010     0.000008     0.000026
Triad:          21010.1     0.000011     0.000009     0.000024
-------------------------------------------------------------
Solution Validates: avg error less than 1.000000e-06 on all three arrays
-------------------------------------------------------------



--- run 2 ---
-------------------------------------------------------------
STREAM (dynamic) version — custom malloc-based implementation
-------------------------------------------------------------
This system uses 4 bytes per array element.
-------------------------------------------------------------
Array size = 15445 (elements), Offset = 0 (elements)
Memory per array = 0.1 MiB (= 0.0 GiB).
Total memory required = 0.2 MiB (= 0.0 GiB).
Each kernel will be executed 5793 times.
-------------------------------------------------------------
Function    Best Rate MB/s  Avg time     Min time     Max time
Copy:           25912.4     0.000006     0.000005     0.000026
Scale:          14006.7     0.000011     0.000009     0.000099
Add:            23556.7     0.000010     0.000008     0.000055
Triad:          21010.1     0.000011     0.000009     0.000025
-------------------------------------------------------------
Solution Validates: avg error less than 1.000000e-06 on all three arrays
-------------------------------------------------------------



--- run 3 ---
-------------------------------------------------------------
STREAM (dynamic) version — custom malloc-based implementation
-------------------------------------------------------------
This system uses 4 bytes per array element.
-------------------------------------------------------------
Array size = 15445 (elements), Offset = 0 (elements)
Memory per array = 0.1 MiB (= 0.0 GiB).
Total memory required = 0.2 MiB (= 0.0 GiB).
Each kernel will be executed 5793 times.
-------------------------------------------------------------
Function    Best Rate MB/s  Avg time     Min time     Max time
Copy:           25912.4     0.000006     0.000005     0.000029
Scale:          14006.7     0.000011     0.000009     0.000026
Add:            23556.7     0.000010     0.000008     0.000062
Triad:          21010.1     0.000011     0.000009     0.000039
-------------------------------------------------------------
Solution Validates: avg error less than 1.000000e-06 on all three arrays
-------------------------------------------------------------



--- run 4 ---
-------------------------------------------------------------
STREAM (dynamic) version — custom malloc-based implementation
-------------------------------------------------------------
This system uses 4 bytes per array element.
-------------------------------------------------------------
Array size = 15445 (elements), Offset = 0 (elements)
Memory per array = 0.1 MiB (= 0.0 GiB).
Total memory required = 0.2 MiB (= 0.0 GiB).
Each kernel will be executed 5793 times.
-------------------------------------------------------------
Function    Best Rate MB/s  Avg time     Min time     Max time
Copy:           25912.4     0.000006     0.000005     0.000021
Scale:          14006.7     0.000011     0.000009     0.000060
Add:            23556.7     0.000010     0.000008     0.000055
Triad:          21010.1     0.000011     0.000009     0.000065
-------------------------------------------------------------
Solution Validates: avg error less than 1.000000e-06 on all three arrays
-------------------------------------------------------------



--- run 5 ---
-------------------------------------------------------------
STREAM (dynamic) version — custom malloc-based implementation
-------------------------------------------------------------
This system uses 4 bytes per array element.
-------------------------------------------------------------
Array size = 15445 (elements), Offset = 0 (elements)
Memory per array = 0.1 MiB (= 0.0 GiB).
Total memory required = 0.2 MiB (= 0.0 GiB).
Each kernel will be executed 5793 times.
-------------------------------------------------------------
Function    Best Rate MB/s  Avg time     Min time     Max time
Copy:           25912.4     0.000006     0.000005     0.000039
Scale:          14006.7     0.000011     0.000009     0.000057
Add:            23556.7     0.000010     0.000008     0.000045
Triad:          21010.1     0.000011     0.000009     0.000022
-------------------------------------------------------------
Solution Validates: avg error less than 1.000000e-06 on all three arrays
-------------------------------------------------------------



--- run 1 ---
-------------------------------------------------------------
STREAM (dynamic) version — custom malloc-based implementation
-------------------------------------------------------------
This system uses 4 bytes per array element.
-------------------------------------------------------------
Array size = 17322 (elements), Offset = 0 (elements)
Memory per array = 0.1 MiB (= 0.0 GiB).
Total memory required = 0.2 MiB (= 0.0 GiB).
Each kernel will be executed 5165 times.
-------------------------------------------------------------
Function    Best Rate MB/s  Avg time     Min time     Max time
Copy:           29061.5     0.000006     0.000005     0.000019
Scale:          14176.3     0.000013     0.000010     0.000028
Add:            21264.5     0.000012     0.000010     0.000039
Triad:          21264.5     0.000013     0.000010     0.000029
-------------------------------------------------------------
Solution Validates: avg error less than 1.000000e-06 on all three arrays
-------------------------------------------------------------



--- run 2 ---
-------------------------------------------------------------
STREAM (dynamic) version — custom malloc-based implementation
-------------------------------------------------------------
This system uses 4 bytes per array element.
-------------------------------------------------------------
Array size = 17322 (elements), Offset = 0 (elements)
Memory per array = 0.1 MiB (= 0.0 GiB).
Total memory required = 0.2 MiB (= 0.0 GiB).
Each kernel will be executed 5165 times.
-------------------------------------------------------------
Function    Best Rate MB/s  Avg time     Min time     Max time
Copy:           29061.5     0.000007     0.000005     0.000023
Scale:          14176.3     0.000013     0.000010     0.000040
Add:            21264.5     0.000012     0.000010     0.000051
Triad:          21264.5     0.000013     0.000010     0.000073
-------------------------------------------------------------
Solution Validates: avg error less than 1.000000e-06 on all three arrays
-------------------------------------------------------------



--- run 3 ---
-------------------------------------------------------------
STREAM (dynamic) version — custom malloc-based implementation
-------------------------------------------------------------
This system uses 4 bytes per array element.
-------------------------------------------------------------
Array size = 17322 (elements), Offset = 0 (elements)
Memory per array = 0.1 MiB (= 0.0 GiB).
Total memory required = 0.2 MiB (= 0.0 GiB).
Each kernel will be executed 5165 times.
-------------------------------------------------------------
Function    Best Rate MB/s  Avg time     Min time     Max time
Copy:           29061.5     0.000006     0.000005     0.000020
Scale:          14176.3     0.000013     0.000010     0.000069
Add:            23563.4     0.000012     0.000009     0.000030
Triad:          21264.5     0.000013     0.000010     0.000037
-------------------------------------------------------------
Solution Validates: avg error less than 1.000000e-06 on all three arrays
-------------------------------------------------------------



--- run 4 ---
-------------------------------------------------------------
STREAM (dynamic) version — custom malloc-based implementation
-------------------------------------------------------------
This system uses 4 bytes per array element.
-------------------------------------------------------------
Array size = 17322 (elements), Offset = 0 (elements)
Memory per array = 0.1 MiB (= 0.0 GiB).
Total memory required = 0.2 MiB (= 0.0 GiB).
Each kernel will be executed 5165 times.
-------------------------------------------------------------
Function    Best Rate MB/s  Avg time     Min time     Max time
Copy:           29061.5     0.000006     0.000005     0.000053
Scale:          14176.3     0.000013     0.000010     0.000033
Add:            23563.4     0.000012     0.000009     0.000050
Triad:          21264.5     0.000013     0.000010     0.000031
-------------------------------------------------------------
Solution Validates: avg error less than 1.000000e-06 on all three arrays
-------------------------------------------------------------



--- run 5 ---
-------------------------------------------------------------
STREAM (dynamic) version — custom malloc-based implementation
-------------------------------------------------------------
This system uses 4 bytes per array element.
-------------------------------------------------------------
Array size = 17322 (elements), Offset = 0 (elements)
Memory per array = 0.1 MiB (= 0.0 GiB).
Total memory required = 0.2 MiB (= 0.0 GiB).
Each kernel will be executed 5165 times.
-------------------------------------------------------------
Function    Best Rate MB/s  Avg time     Min time     Max time
Copy:           29061.5     0.000007     0.000005     0.000025
Scale:          14176.3     0.000013     0.000010     0.000028
Add:            21264.5     0.000012     0.000010     0.000046
Triad:          21264.5     0.000013     0.000010     0.000070
-------------------------------------------------------------
Solution Validates: avg error less than 1.000000e-06 on all three arrays
-------------------------------------------------------------



--- run 1 ---
-------------------------------------------------------------
STREAM (dynamic) version — custom malloc-based implementation
-------------------------------------------------------------
This system uses 4 bytes per array element.
-------------------------------------------------------------
Array size = 19456 (elements), Offset = 0 (elements)
Memory per array = 0.1 MiB (= 0.0 GiB).
Total memory required = 0.2 MiB (= 0.0 GiB).
Each kernel will be executed 4599 times.
-------------------------------------------------------------
Function    Best Rate MB/s  Avg time     Min time     Max time
Copy:           26113.4     0.000007     0.000006     0.000018
Scale:          13056.7     0.000014     0.000012     0.000033
Add:            21288.1     0.000013     0.000011     0.000035
Triad:          19585.1     0.000014     0.000012     0.000046
-------------------------------------------------------------
Solution Validates: avg error less than 1.000000e-06 on all three arrays
-------------------------------------------------------------



--- run 2 ---
-------------------------------------------------------------
STREAM (dynamic) version — custom malloc-based implementation
-------------------------------------------------------------
This system uses 4 bytes per array element.
-------------------------------------------------------------
Array size = 19456 (elements), Offset = 0 (elements)
Memory per array = 0.1 MiB (= 0.0 GiB).
Total memory required = 0.2 MiB (= 0.0 GiB).
Each kernel will be executed 4599 times.
-------------------------------------------------------------
Function    Best Rate MB/s  Avg time     Min time     Max time
Copy:           26113.4     0.000007     0.000006     0.000022
Scale:          13056.7     0.000014     0.000012     0.000038
Add:            21288.1     0.000013     0.000011     0.000062
Triad:          19585.1     0.000014     0.000012     0.000030
-------------------------------------------------------------
Solution Validates: avg error less than 1.000000e-06 on all three arrays
-------------------------------------------------------------



--- run 3 ---
-------------------------------------------------------------
STREAM (dynamic) version — custom malloc-based implementation
-------------------------------------------------------------
This system uses 4 bytes per array element.
-------------------------------------------------------------
Array size = 19456 (elements), Offset = 0 (elements)
Memory per array = 0.1 MiB (= 0.0 GiB).
Total memory required = 0.2 MiB (= 0.0 GiB).
Each kernel will be executed 4599 times.
-------------------------------------------------------------
Function    Best Rate MB/s  Avg time     Min time     Max time
Copy:           26113.4     0.000007     0.000006     0.000067
Scale:          13056.7     0.000014     0.000012     0.000034
Add:            21288.1     0.000013     0.000011     0.000033
Triad:          19585.1     0.000014     0.000012     0.000031
-------------------------------------------------------------
Solution Validates: avg error less than 1.000000e-06 on all three arrays
-------------------------------------------------------------



--- run 4 ---
-------------------------------------------------------------
STREAM (dynamic) version — custom malloc-based implementation
-------------------------------------------------------------
This system uses 4 bytes per array element.
-------------------------------------------------------------
Array size = 19456 (elements), Offset = 0 (elements)
Memory per array = 0.1 MiB (= 0.0 GiB).
Total memory required = 0.2 MiB (= 0.0 GiB).
Each kernel will be executed 4599 times.
-------------------------------------------------------------
Function    Best Rate MB/s  Avg time     Min time     Max time
Copy:           26113.4     0.000007     0.000006     0.000017
Scale:          13056.7     0.000014     0.000012     0.000030
Add:            21288.1     0.000013     0.000011     0.000062
Triad:          19585.1     0.000014     0.000012     0.000085
-------------------------------------------------------------
Solution Validates: avg error less than 1.000000e-06 on all three arrays
-------------------------------------------------------------



--- run 5 ---
-------------------------------------------------------------
STREAM (dynamic) version — custom malloc-based implementation
-------------------------------------------------------------
This system uses 4 bytes per array element.
-------------------------------------------------------------
Array size = 19456 (elements), Offset = 0 (elements)
Memory per array = 0.1 MiB (= 0.0 GiB).
Total memory required = 0.2 MiB (= 0.0 GiB).
Each kernel will be executed 4599 times.
-------------------------------------------------------------
Function    Best Rate MB/s  Avg time     Min time     Max time
Copy:           26113.4     0.000007     0.000006     0.000065
Scale:          13056.7     0.000014     0.000012     0.000045
Add:            21288.1     0.000013     0.000011     0.000025
Triad:          19585.1     0.000014     0.000012     0.000034
-------------------------------------------------------------
Solution Validates: avg error less than 1.000000e-06 on all three arrays
-------------------------------------------------------------



--- run 1 ---
-------------------------------------------------------------
STREAM (dynamic) version — custom malloc-based implementation
-------------------------------------------------------------
This system uses 4 bytes per array element.
-------------------------------------------------------------
Array size = 21845 (elements), Offset = 0 (elements)
Memory per array = 0.1 MiB (= 0.0 GiB).
Total memory required = 0.2 MiB (= 0.0 GiB).
Each kernel will be executed 4096 times.
-------------------------------------------------------------
Function    Best Rate MB/s  Avg time     Min time     Max time
Copy:           25275.7     0.000008     0.000007     0.000018
Scale:          13574.0     0.000016     0.000013     0.000068
Add:            21989.9     0.000015     0.000012     0.000035
Triad:          20361.0     0.000016     0.000013     0.000036
-------------------------------------------------------------
Solution Validates: avg error less than 1.000000e-06 on all three arrays
-------------------------------------------------------------



--- run 2 ---
-------------------------------------------------------------
STREAM (dynamic) version — custom malloc-based implementation
-------------------------------------------------------------
This system uses 4 bytes per array element.
-------------------------------------------------------------
Array size = 21845 (elements), Offset = 0 (elements)
Memory per array = 0.1 MiB (= 0.0 GiB).
Total memory required = 0.2 MiB (= 0.0 GiB).
Each kernel will be executed 4096 times.
-------------------------------------------------------------
Function    Best Rate MB/s  Avg time     Min time     Max time
Copy:           25275.7     0.000008     0.000007     0.000024
Scale:          13574.0     0.000016     0.000013     0.000064
Add:            21989.9     0.000015     0.000012     0.000063
Triad:          20361.0     0.000016     0.000013     0.000034
-------------------------------------------------------------
Solution Validates: avg error less than 1.000000e-06 on all three arrays
-------------------------------------------------------------



--- run 3 ---
-------------------------------------------------------------
STREAM (dynamic) version — custom malloc-based implementation
-------------------------------------------------------------
This system uses 4 bytes per array element.
-------------------------------------------------------------
Array size = 21845 (elements), Offset = 0 (elements)
Memory per array = 0.1 MiB (= 0.0 GiB).
Total memory required = 0.2 MiB (= 0.0 GiB).
Each kernel will be executed 4096 times.
-------------------------------------------------------------
Function    Best Rate MB/s  Avg time     Min time     Max time
Copy:           25275.7     0.000008     0.000007     0.000024
Scale:          13574.0     0.000016     0.000013     0.000038
Add:            21989.9     0.000015     0.000012     0.000032
Triad:          20361.0     0.000016     0.000013     0.000076
-------------------------------------------------------------
Solution Validates: avg error less than 1.000000e-06 on all three arrays
-------------------------------------------------------------



--- run 4 ---
-------------------------------------------------------------
STREAM (dynamic) version — custom malloc-based implementation
-------------------------------------------------------------
This system uses 4 bytes per array element.
-------------------------------------------------------------
Array size = 21845 (elements), Offset = 0 (elements)
Memory per array = 0.1 MiB (= 0.0 GiB).
Total memory required = 0.2 MiB (= 0.0 GiB).
Each kernel will be executed 4096 times.
-------------------------------------------------------------
Function    Best Rate MB/s  Avg time     Min time     Max time
Copy:           25275.7     0.000008     0.000007     0.000058
Scale:          13574.0     0.000016     0.000013     0.000034
Add:            21989.9     0.000015     0.000012     0.000033
Triad:          20361.0     0.000016     0.000013     0.000032
-------------------------------------------------------------
Solution Validates: avg error less than 1.000000e-06 on all three arrays
-------------------------------------------------------------



--- run 5 ---
-------------------------------------------------------------
STREAM (dynamic) version — custom malloc-based implementation
-------------------------------------------------------------
This system uses 4 bytes per array element.
-------------------------------------------------------------
Array size = 21845 (elements), Offset = 0 (elements)
Memory per array = 0.1 MiB (= 0.0 GiB).
Total memory required = 0.2 MiB (= 0.0 GiB).
Each kernel will be executed 4096 times.
-------------------------------------------------------------
Function    Best Rate MB/s  Avg time     Min time     Max time
Copy:           25275.7     0.000008     0.000007     0.000027
Scale:          13574.0     0.000016     0.000013     0.000036
Add:            21989.9     0.000015     0.000012     0.000061
Triad:          20361.0     0.000016     0.000013     0.000037
-------------------------------------------------------------
Solution Validates: avg error less than 1.000000e-06 on all three arrays
-------------------------------------------------------------



--- run 1 ---
-------------------------------------------------------------
STREAM (dynamic) version — custom malloc-based implementation
-------------------------------------------------------------
This system uses 4 bytes per array element.
-------------------------------------------------------------
Array size = 24490 (elements), Offset = 0 (elements)
Memory per array = 0.1 MiB (= 0.0 GiB).
Total memory required = 0.3 MiB (= 0.0 GiB).
Each kernel will be executed 3653 times.
-------------------------------------------------------------
Function    Best Rate MB/s  Avg time     Min time     Max time
Copy:           28336.1     0.000009     0.000007     0.000022
Scale:          13254.0     0.000018     0.000015     0.000035
Add:            21252.1     0.000016     0.000014     0.000030
Triad:          19881.0     0.000018     0.000015     0.000035
-------------------------------------------------------------
Solution Validates: avg error less than 1.000000e-06 on all three arrays
-------------------------------------------------------------



--- run 2 ---
-------------------------------------------------------------
STREAM (dynamic) version — custom malloc-based implementation
-------------------------------------------------------------
This system uses 4 bytes per array element.
-------------------------------------------------------------
Array size = 24490 (elements), Offset = 0 (elements)
Memory per array = 0.1 MiB (= 0.0 GiB).
Total memory required = 0.3 MiB (= 0.0 GiB).
Each kernel will be executed 3653 times.
-------------------------------------------------------------
Function    Best Rate MB/s  Avg time     Min time     Max time
Copy:           28336.1     0.000009     0.000007     0.000062
Scale:          13254.0     0.000018     0.000015     0.000034
Add:            21252.1     0.000016     0.000014     0.000038
Triad:          19881.0     0.000018     0.000015     0.000034
-------------------------------------------------------------
Solution Validates: avg error less than 1.000000e-06 on all three arrays
-------------------------------------------------------------



--- run 3 ---
-------------------------------------------------------------
STREAM (dynamic) version — custom malloc-based implementation
-------------------------------------------------------------
This system uses 4 bytes per array element.
-------------------------------------------------------------
Array size = 24490 (elements), Offset = 0 (elements)
Memory per array = 0.1 MiB (= 0.0 GiB).
Total memory required = 0.3 MiB (= 0.0 GiB).
Each kernel will be executed 3653 times.
-------------------------------------------------------------
Function    Best Rate MB/s  Avg time     Min time     Max time
Copy:           28336.1     0.000009     0.000007     0.000024
Scale:          13254.0     0.000018     0.000015     0.000058
Add:            21252.1     0.000016     0.000014     0.000035
Triad:          19881.0     0.000018     0.000015     0.000072
-------------------------------------------------------------
Solution Validates: avg error less than 1.000000e-06 on all three arrays
-------------------------------------------------------------



--- run 4 ---
-------------------------------------------------------------
STREAM (dynamic) version — custom malloc-based implementation
-------------------------------------------------------------
This system uses 4 bytes per array element.
-------------------------------------------------------------
Array size = 24490 (elements), Offset = 0 (elements)
Memory per array = 0.1 MiB (= 0.0 GiB).
Total memory required = 0.3 MiB (= 0.0 GiB).
Each kernel will be executed 3653 times.
-------------------------------------------------------------
Function    Best Rate MB/s  Avg time     Min time     Max time
Copy:           28336.1     0.000009     0.000007     0.000036
Scale:          13254.0     0.000018     0.000015     0.000042
Add:            21252.1     0.000016     0.000014     0.000036
Triad:          19881.0     0.000018     0.000015     0.000064
-------------------------------------------------------------
Solution Validates: avg error less than 1.000000e-06 on all three arrays
-------------------------------------------------------------



--- run 5 ---
-------------------------------------------------------------
STREAM (dynamic) version — custom malloc-based implementation
-------------------------------------------------------------
This system uses 4 bytes per array element.
-------------------------------------------------------------
Array size = 24490 (elements), Offset = 0 (elements)
Memory per array = 0.1 MiB (= 0.0 GiB).
Total memory required = 0.3 MiB (= 0.0 GiB).
Each kernel will be executed 3653 times.
-------------------------------------------------------------
Function    Best Rate MB/s  Avg time     Min time     Max time
Copy:           28336.1     0.000009     0.000007     0.000061
Scale:          13254.0     0.000018     0.000015     0.000063
Add:            21252.1     0.000016     0.000014     0.000063
Triad:          19881.0     0.000018     0.000015     0.000054
-------------------------------------------------------------
Solution Validates: avg error less than 1.000000e-06 on all three arrays
-------------------------------------------------------------



--- run 1 ---
-------------------------------------------------------------
STREAM (dynamic) version — custom malloc-based implementation
-------------------------------------------------------------
This system uses 4 bytes per array element.
-------------------------------------------------------------
Array size = 27562 (elements), Offset = 0 (elements)
Memory per array = 0.1 MiB (= 0.0 GiB).
Total memory required = 0.3 MiB (= 0.0 GiB).
Each kernel will be executed 3246 times.
-------------------------------------------------------------
Function    Best Rate MB/s  Avg time     Min time     Max time
Copy:           28025.1     0.000010     0.000008     0.000025
Scale:          13025.7     0.000020     0.000017     0.000046
Add:            22374.9     0.000018     0.000015     0.000037
Triad:          19538.6     0.000020     0.000017     0.000031
-------------------------------------------------------------
Solution Validates: avg error less than 1.000000e-06 on all three arrays
-------------------------------------------------------------



--- run 2 ---
-------------------------------------------------------------
STREAM (dynamic) version — custom malloc-based implementation
-------------------------------------------------------------
This system uses 4 bytes per array element.
-------------------------------------------------------------
Array size = 27562 (elements), Offset = 0 (elements)
Memory per array = 0.1 MiB (= 0.0 GiB).
Total memory required = 0.3 MiB (= 0.0 GiB).
Each kernel will be executed 3246 times.
-------------------------------------------------------------
Function    Best Rate MB/s  Avg time     Min time     Max time
Copy:           28025.1     0.000010     0.000008     0.000036
Scale:          13025.7     0.000020     0.000017     0.000041
Add:            22374.9     0.000018     0.000015     0.000091
Triad:          19538.6     0.000020     0.000017     0.000034
-------------------------------------------------------------
Solution Validates: avg error less than 1.000000e-06 on all three arrays
-------------------------------------------------------------



--- run 3 ---
-------------------------------------------------------------
STREAM (dynamic) version — custom malloc-based implementation
-------------------------------------------------------------
This system uses 4 bytes per array element.
-------------------------------------------------------------
Array size = 27562 (elements), Offset = 0 (elements)
Memory per array = 0.1 MiB (= 0.0 GiB).
Total memory required = 0.3 MiB (= 0.0 GiB).
Each kernel will be executed 3246 times.
-------------------------------------------------------------
Function    Best Rate MB/s  Avg time     Min time     Max time
Copy:           28025.1     0.000010     0.000008     0.000044
Scale:          13025.7     0.000020     0.000017     0.000045
Add:            22374.9     0.000018     0.000015     0.000089
Triad:          19538.6     0.000020     0.000017     0.000041
-------------------------------------------------------------
Solution Validates: avg error less than 1.000000e-06 on all three arrays
-------------------------------------------------------------



--- run 4 ---
-------------------------------------------------------------
STREAM (dynamic) version — custom malloc-based implementation
-------------------------------------------------------------
This system uses 4 bytes per array element.
-------------------------------------------------------------
Array size = 27562 (elements), Offset = 0 (elements)
Memory per array = 0.1 MiB (= 0.0 GiB).
Total memory required = 0.3 MiB (= 0.0 GiB).
Each kernel will be executed 3246 times.
-------------------------------------------------------------
Function    Best Rate MB/s  Avg time     Min time     Max time
Copy:           28025.1     0.000010     0.000008     0.000066
Scale:          13025.7     0.000020     0.000017     0.000041
Add:            22374.9     0.000018     0.000015     0.000034
Triad:          19538.6     0.000020     0.000017     0.000044
-------------------------------------------------------------
Solution Validates: avg error less than 1.000000e-06 on all three arrays
-------------------------------------------------------------



--- run 5 ---
-------------------------------------------------------------
STREAM (dynamic) version — custom malloc-based implementation
-------------------------------------------------------------
This system uses 4 bytes per array element.
-------------------------------------------------------------
Array size = 27562 (elements), Offset = 0 (elements)
Memory per array = 0.1 MiB (= 0.0 GiB).
Total memory required = 0.3 MiB (= 0.0 GiB).
Each kernel will be executed 3246 times.
-------------------------------------------------------------
Function    Best Rate MB/s  Avg time     Min time     Max time
Copy:           28025.1     0.000010     0.000008     0.000030
Scale:          13025.7     0.000020     0.000017     0.000076
Add:            22374.9     0.000018     0.000015     0.000034
Triad:          19538.6     0.000020     0.000017     0.000035
-------------------------------------------------------------
Solution Validates: avg error less than 1.000000e-06 on all three arrays
-------------------------------------------------------------



--- run 1 ---
-------------------------------------------------------------
STREAM (dynamic) version — custom malloc-based implementation
-------------------------------------------------------------
This system uses 4 bytes per array element.
-------------------------------------------------------------
Array size = 30890 (elements), Offset = 0 (elements)
Memory per array = 0.1 MiB (= 0.0 GiB).
Total memory required = 0.4 MiB (= 0.0 GiB).
Each kernel will be executed 2896 times.
-------------------------------------------------------------
Function    Best Rate MB/s  Avg time     Min time     Max time
Copy:           28013.4     0.000011     0.000009     0.000040
Scale:          13120.2     0.000022     0.000019     0.000065
Add:            21897.8     0.000020     0.000017     0.000044
Triad:          19680.3     0.000022     0.000019     0.000063
-------------------------------------------------------------
Solution Validates: avg error less than 1.000000e-06 on all three arrays
-------------------------------------------------------------



--- run 2 ---
-------------------------------------------------------------
STREAM (dynamic) version — custom malloc-based implementation
-------------------------------------------------------------
This system uses 4 bytes per array element.
-------------------------------------------------------------
Array size = 30890 (elements), Offset = 0 (elements)
Memory per array = 0.1 MiB (= 0.0 GiB).
Total memory required = 0.4 MiB (= 0.0 GiB).
Each kernel will be executed 2896 times.
-------------------------------------------------------------
Function    Best Rate MB/s  Avg time     Min time     Max time
Copy:           28013.4     0.000011     0.000009     0.000068
Scale:          13120.2     0.000022     0.000019     0.000038
Add:            21897.8     0.000021     0.000017     0.000052
Triad:          19680.3     0.000023     0.000019     0.000040
-------------------------------------------------------------
Solution Validates: avg error less than 1.000000e-06 on all three arrays
-------------------------------------------------------------



--- run 3 ---
-------------------------------------------------------------
STREAM (dynamic) version — custom malloc-based implementation
-------------------------------------------------------------
This system uses 4 bytes per array element.
-------------------------------------------------------------
Array size = 30890 (elements), Offset = 0 (elements)
Memory per array = 0.1 MiB (= 0.0 GiB).
Total memory required = 0.4 MiB (= 0.0 GiB).
Each kernel will be executed 2896 times.
-------------------------------------------------------------
Function    Best Rate MB/s  Avg time     Min time     Max time
Copy:           28013.4     0.000011     0.000009     0.000031
Scale:          13120.2     0.000022     0.000019     0.000047
Add:            21897.8     0.000021     0.000017     0.000061
Triad:          19680.3     0.000022     0.000019     0.000040
-------------------------------------------------------------
Solution Validates: avg error less than 1.000000e-06 on all three arrays
-------------------------------------------------------------



--- run 4 ---
-------------------------------------------------------------
STREAM (dynamic) version — custom malloc-based implementation
-------------------------------------------------------------
This system uses 4 bytes per array element.
-------------------------------------------------------------
Array size = 30890 (elements), Offset = 0 (elements)
Memory per array = 0.1 MiB (= 0.0 GiB).
Total memory required = 0.4 MiB (= 0.0 GiB).
Each kernel will be executed 2896 times.
-------------------------------------------------------------
Function    Best Rate MB/s  Avg time     Min time     Max time
Copy:           28013.4     0.000011     0.000009     0.000031
Scale:          13120.2     0.000022     0.000019     0.000071
Add:            21897.8     0.000020     0.000017     0.000045
Triad:          19680.3     0.000023     0.000019     0.000040
-------------------------------------------------------------
Solution Validates: avg error less than 1.000000e-06 on all three arrays
-------------------------------------------------------------



--- run 5 ---
-------------------------------------------------------------
STREAM (dynamic) version — custom malloc-based implementation
-------------------------------------------------------------
This system uses 4 bytes per array element.
-------------------------------------------------------------
Array size = 30890 (elements), Offset = 0 (elements)
Memory per array = 0.1 MiB (= 0.0 GiB).
Total memory required = 0.4 MiB (= 0.0 GiB).
Each kernel will be executed 2896 times.
-------------------------------------------------------------
Function    Best Rate MB/s  Avg time     Min time     Max time
Copy:           28013.4     0.000011     0.000009     0.000045
Scale:          13120.2     0.000022     0.000019     0.000044
Add:            21897.8     0.000020     0.000017     0.000037
Triad:          19680.3     0.000022     0.000019     0.000076
-------------------------------------------------------------
Solution Validates: avg error less than 1.000000e-06 on all three arrays
-------------------------------------------------------------



--- run 1 ---
-------------------------------------------------------------
STREAM (dynamic) version — custom malloc-based implementation
-------------------------------------------------------------
This system uses 4 bytes per array element.
-------------------------------------------------------------
Array size = 34645 (elements), Offset = 0 (elements)
Memory per array = 0.1 MiB (= 0.0 GiB).
Total memory required = 0.4 MiB (= 0.0 GiB).
Each kernel will be executed 2582 times.
-------------------------------------------------------------
Function    Best Rate MB/s  Avg time     Min time     Max time
Copy:           25271.6     0.000013     0.000011     0.000027
Scale:          13210.2     0.000025     0.000021     0.000055
Add:            22072.7     0.000023     0.000019     0.000035
Triad:          19815.2     0.000025     0.000021     0.000048
-------------------------------------------------------------
Solution Validates: avg error less than 1.000000e-06 on all three arrays
-------------------------------------------------------------



--- run 2 ---
-------------------------------------------------------------
STREAM (dynamic) version — custom malloc-based implementation
-------------------------------------------------------------
This system uses 4 bytes per array element.
-------------------------------------------------------------
Array size = 34645 (elements), Offset = 0 (elements)
Memory per array = 0.1 MiB (= 0.0 GiB).
Total memory required = 0.4 MiB (= 0.0 GiB).
Each kernel will be executed 2582 times.
-------------------------------------------------------------
Function    Best Rate MB/s  Avg time     Min time     Max time
Copy:           25271.6     0.000013     0.000011     0.000030
Scale:          13210.2     0.000025     0.000021     0.000042
Add:            22072.7     0.000023     0.000019     0.000066
Triad:          19815.2     0.000025     0.000021     0.000060
-------------------------------------------------------------
Solution Validates: avg error less than 1.000000e-06 on all three arrays
-------------------------------------------------------------



--- run 3 ---
-------------------------------------------------------------
STREAM (dynamic) version — custom malloc-based implementation
-------------------------------------------------------------
This system uses 4 bytes per array element.
-------------------------------------------------------------
Array size = 34645 (elements), Offset = 0 (elements)
Memory per array = 0.1 MiB (= 0.0 GiB).
Total memory required = 0.4 MiB (= 0.0 GiB).
Each kernel will be executed 2582 times.
-------------------------------------------------------------
Function    Best Rate MB/s  Avg time     Min time     Max time
Copy:           27678.4     0.000013     0.000010     0.000041
Scale:          13210.2     0.000025     0.000021     0.000045
Add:            22072.7     0.000023     0.000019     0.000081
Triad:          19815.2     0.000025     0.000021     0.000067
-------------------------------------------------------------
Solution Validates: avg error less than 1.000000e-06 on all three arrays
-------------------------------------------------------------



--- run 4 ---
-------------------------------------------------------------
STREAM (dynamic) version — custom malloc-based implementation
-------------------------------------------------------------
This system uses 4 bytes per array element.
-------------------------------------------------------------
Array size = 34645 (elements), Offset = 0 (elements)
Memory per array = 0.1 MiB (= 0.0 GiB).
Total memory required = 0.4 MiB (= 0.0 GiB).
Each kernel will be executed 2582 times.
-------------------------------------------------------------
Function    Best Rate MB/s  Avg time     Min time     Max time
Copy:           27678.4     0.000013     0.000010     0.000055
Scale:          13210.2     0.000025     0.000021     0.000042
Add:            22072.7     0.000023     0.000019     0.000053
Triad:          19815.2     0.000025     0.000021     0.000040
-------------------------------------------------------------
Solution Validates: avg error less than 1.000000e-06 on all three arrays
-------------------------------------------------------------



--- run 5 ---
-------------------------------------------------------------
STREAM (dynamic) version — custom malloc-based implementation
-------------------------------------------------------------
This system uses 4 bytes per array element.
-------------------------------------------------------------
Array size = 34645 (elements), Offset = 0 (elements)
Memory per array = 0.1 MiB (= 0.0 GiB).
Total memory required = 0.4 MiB (= 0.0 GiB).
Each kernel will be executed 2582 times.
-------------------------------------------------------------
Function    Best Rate MB/s  Avg time     Min time     Max time
Copy:           27678.4     0.000013     0.000010     0.000026
Scale:          13210.2     0.000025     0.000021     0.000089
Add:            22072.7     0.000023     0.000019     0.000060
Triad:          19815.2     0.000025     0.000021     0.000045
-------------------------------------------------------------
Solution Validates: avg error less than 1.000000e-06 on all three arrays
-------------------------------------------------------------



--- run 1 ---
-------------------------------------------------------------
STREAM (dynamic) version — custom malloc-based implementation
-------------------------------------------------------------
This system uses 4 bytes per array element.
-------------------------------------------------------------
Array size = 38912 (elements), Offset = 0 (elements)
Memory per array = 0.1 MiB (= 0.0 GiB).
Total memory required = 0.4 MiB (= 0.0 GiB).
Each kernel will be executed 2299 times.
-------------------------------------------------------------
Function    Best Rate MB/s  Avg time     Min time     Max time
Copy:           26113.4     0.000014     0.000012     0.000026
Scale:          13056.7     0.000028     0.000024     0.000043
Add:            21288.1     0.000026     0.000022     0.000056
Triad:          19585.1     0.000028     0.000024     0.000053
-------------------------------------------------------------
Solution Validates: avg error less than 1.000000e-06 on all three arrays
-------------------------------------------------------------



--- run 2 ---
-------------------------------------------------------------
STREAM (dynamic) version — custom malloc-based implementation
-------------------------------------------------------------
This system uses 4 bytes per array element.
-------------------------------------------------------------
Array size = 38912 (elements), Offset = 0 (elements)
Memory per array = 0.1 MiB (= 0.0 GiB).
Total memory required = 0.4 MiB (= 0.0 GiB).
Each kernel will be executed 2299 times.
-------------------------------------------------------------
Function    Best Rate MB/s  Avg time     Min time     Max time
Copy:           26113.4     0.000014     0.000012     0.000031
Scale:          13056.7     0.000028     0.000024     0.000055
Add:            21288.1     0.000026     0.000022     0.000067
Triad:          19585.1     0.000028     0.000024     0.000060
-------------------------------------------------------------
Solution Validates: avg error less than 1.000000e-06 on all three arrays
-------------------------------------------------------------



--- run 3 ---
-------------------------------------------------------------
STREAM (dynamic) version — custom malloc-based implementation
-------------------------------------------------------------
This system uses 4 bytes per array element.
-------------------------------------------------------------
Array size = 38912 (elements), Offset = 0 (elements)
Memory per array = 0.1 MiB (= 0.0 GiB).
Total memory required = 0.4 MiB (= 0.0 GiB).
Each kernel will be executed 2299 times.
-------------------------------------------------------------
Function    Best Rate MB/s  Avg time     Min time     Max time
Copy:           26113.4     0.000014     0.000012     0.000030
Scale:          13056.7     0.000028     0.000024     0.000080
Add:            21288.1     0.000026     0.000022     0.000053
Triad:          19585.1     0.000028     0.000024     0.000045
-------------------------------------------------------------
Solution Validates: avg error less than 1.000000e-06 on all three arrays
-------------------------------------------------------------



--- run 4 ---
-------------------------------------------------------------
STREAM (dynamic) version — custom malloc-based implementation
-------------------------------------------------------------
This system uses 4 bytes per array element.
-------------------------------------------------------------
Array size = 38912 (elements), Offset = 0 (elements)
Memory per array = 0.1 MiB (= 0.0 GiB).
Total memory required = 0.4 MiB (= 0.0 GiB).
Each kernel will be executed 2299 times.
-------------------------------------------------------------
Function    Best Rate MB/s  Avg time     Min time     Max time
Copy:           26113.4     0.000014     0.000012     0.000024
Scale:          13056.7     0.000028     0.000024     0.000045
Add:            21288.1     0.000026     0.000022     0.000077
Triad:          19585.1     0.000028     0.000024     0.000051
-------------------------------------------------------------
Solution Validates: avg error less than 1.000000e-06 on all three arrays
-------------------------------------------------------------



--- run 5 ---
-------------------------------------------------------------
STREAM (dynamic) version — custom malloc-based implementation
-------------------------------------------------------------
This system uses 4 bytes per array element.
-------------------------------------------------------------
Array size = 38912 (elements), Offset = 0 (elements)
Memory per array = 0.1 MiB (= 0.0 GiB).
Total memory required = 0.4 MiB (= 0.0 GiB).
Each kernel will be executed 2299 times.
-------------------------------------------------------------
Function    Best Rate MB/s  Avg time     Min time     Max time
Copy:           26113.4     0.000014     0.000012     0.000028
Scale:          13056.7     0.000028     0.000024     0.000063
Add:            21288.1     0.000026     0.000022     0.000043
Triad:          19585.1     0.000028     0.000024     0.000079
-------------------------------------------------------------
Solution Validates: avg error less than 1.000000e-06 on all three arrays
-------------------------------------------------------------



--- run 1 ---
-------------------------------------------------------------
STREAM (dynamic) version — custom malloc-based implementation
-------------------------------------------------------------
This system uses 4 bytes per array element.
-------------------------------------------------------------
Array size = 43690 (elements), Offset = 0 (elements)
Memory per array = 0.2 MiB (= 0.0 GiB).
Total memory required = 0.5 MiB (= 0.0 GiB).
Each kernel will be executed 2048 times.
-------------------------------------------------------------
Function    Best Rate MB/s  Avg time     Min time     Max time
Copy:           27148.0     0.000016     0.000013     0.000031
Scale:          12973.4     0.000032     0.000027     0.000048
Add:            21772.2     0.000029     0.000024     0.000049
Triad:          19460.1     0.000032     0.000027     0.000071
-------------------------------------------------------------
Solution Validates: avg error less than 1.000000e-06 on all three arrays
-------------------------------------------------------------



--- run 2 ---
-------------------------------------------------------------
STREAM (dynamic) version — custom malloc-based implementation
-------------------------------------------------------------
This system uses 4 bytes per array element.
-------------------------------------------------------------
Array size = 43690 (elements), Offset = 0 (elements)
Memory per array = 0.2 MiB (= 0.0 GiB).
Total memory required = 0.5 MiB (= 0.0 GiB).
Each kernel will be executed 2048 times.
-------------------------------------------------------------
Function    Best Rate MB/s  Avg time     Min time     Max time
Copy:           27148.0     0.000016     0.000013     0.000077
Scale:          12973.4     0.000032     0.000027     0.000052
Add:            21772.2     0.000029     0.000024     0.000045
Triad:          19460.1     0.000032     0.000027     0.000048
-------------------------------------------------------------
Solution Validates: avg error less than 1.000000e-06 on all three arrays
-------------------------------------------------------------



--- run 3 ---
-------------------------------------------------------------
STREAM (dynamic) version — custom malloc-based implementation
-------------------------------------------------------------
This system uses 4 bytes per array element.
-------------------------------------------------------------
Array size = 43690 (elements), Offset = 0 (elements)
Memory per array = 0.2 MiB (= 0.0 GiB).
Total memory required = 0.5 MiB (= 0.0 GiB).
Each kernel will be executed 2048 times.
-------------------------------------------------------------
Function    Best Rate MB/s  Avg time     Min time     Max time
Copy:           27148.0     0.000016     0.000013     0.000029
Scale:          12973.4     0.000032     0.000027     0.000046
Add:            21144.1     0.000029     0.000025     0.000048
Triad:          19460.1     0.000032     0.000027     0.000071
-------------------------------------------------------------
Solution Validates: avg error less than 1.000000e-06 on all three arrays
-------------------------------------------------------------



--- run 4 ---
-------------------------------------------------------------
STREAM (dynamic) version — custom malloc-based implementation
-------------------------------------------------------------
This system uses 4 bytes per array element.
-------------------------------------------------------------
Array size = 43690 (elements), Offset = 0 (elements)
Memory per array = 0.2 MiB (= 0.0 GiB).
Total memory required = 0.5 MiB (= 0.0 GiB).
Each kernel will be executed 2048 times.
-------------------------------------------------------------
Function    Best Rate MB/s  Avg time     Min time     Max time
Copy:           27148.0     0.000016     0.000013     0.000030
Scale:          12973.4     0.000032     0.000027     0.000048
Add:            21144.1     0.000029     0.000025     0.000073
Triad:          19460.1     0.000032     0.000027     0.000068
-------------------------------------------------------------
Solution Validates: avg error less than 1.000000e-06 on all three arrays
-------------------------------------------------------------



--- run 5 ---
-------------------------------------------------------------
STREAM (dynamic) version — custom malloc-based implementation
-------------------------------------------------------------
This system uses 4 bytes per array element.
-------------------------------------------------------------
Array size = 43690 (elements), Offset = 0 (elements)
Memory per array = 0.2 MiB (= 0.0 GiB).
Total memory required = 0.5 MiB (= 0.0 GiB).
Each kernel will be executed 2048 times.
-------------------------------------------------------------
Function    Best Rate MB/s  Avg time     Min time     Max time
Copy:           27148.0     0.000016     0.000013     0.000032
Scale:          12973.4     0.000032     0.000027     0.000052
Add:            21772.2     0.000029     0.000024     0.000044
Triad:          19460.1     0.000032     0.000027     0.000088
-------------------------------------------------------------
Solution Validates: avg error less than 1.000000e-06 on all three arrays
-------------------------------------------------------------



--- run 1 ---
-------------------------------------------------------------
STREAM (dynamic) version — custom malloc-based implementation
-------------------------------------------------------------
This system uses 4 bytes per array element.
-------------------------------------------------------------
Array size = 49066 (elements), Offset = 0 (elements)
Memory per array = 0.2 MiB (= 0.0 GiB).
Total memory required = 0.6 MiB (= 0.0 GiB).
Each kernel will be executed 1823 times.
-------------------------------------------------------------
Function    Best Rate MB/s  Avg time     Min time     Max time
Copy:           26554.5     0.000018     0.000015     0.000030
Scale:          13171.1     0.000036     0.000030     0.000052
Add:            21107.5     0.000032     0.000028     0.000052
Triad:          19599.8     0.000036     0.000030     0.000071
-------------------------------------------------------------
Solution Validates: avg error less than 1.000000e-06 on all three arrays
-------------------------------------------------------------



--- run 2 ---
-------------------------------------------------------------
STREAM (dynamic) version — custom malloc-based implementation
-------------------------------------------------------------
This system uses 4 bytes per array element.
-------------------------------------------------------------
Array size = 49066 (elements), Offset = 0 (elements)
Memory per array = 0.2 MiB (= 0.0 GiB).
Total memory required = 0.6 MiB (= 0.0 GiB).
Each kernel will be executed 1823 times.
-------------------------------------------------------------
Function    Best Rate MB/s  Avg time     Min time     Max time
Copy:           26554.5     0.000018     0.000015     0.000067
Scale:          13171.1     0.000036     0.000030     0.000053
Add:            21107.5     0.000033     0.000028     0.000049
Triad:          19756.6     0.000036     0.000030     0.000086
-------------------------------------------------------------
Solution Validates: avg error less than 1.000000e-06 on all three arrays
-------------------------------------------------------------



--- run 3 ---
-------------------------------------------------------------
STREAM (dynamic) version — custom malloc-based implementation
-------------------------------------------------------------
This system uses 4 bytes per array element.
-------------------------------------------------------------
Array size = 49066 (elements), Offset = 0 (elements)
Memory per array = 0.2 MiB (= 0.0 GiB).
Total memory required = 0.6 MiB (= 0.0 GiB).
Each kernel will be executed 1823 times.
-------------------------------------------------------------
Function    Best Rate MB/s  Avg time     Min time     Max time
Copy:           26554.5     0.000018     0.000015     0.000037
Scale:          13171.1     0.000036     0.000030     0.000138
Add:            21107.5     0.000032     0.000028     0.000046
Triad:          19599.8     0.000036     0.000030     0.000051
-------------------------------------------------------------
Solution Validates: avg error less than 1.000000e-06 on all three arrays
-------------------------------------------------------------



--- run 4 ---
-------------------------------------------------------------
STREAM (dynamic) version — custom malloc-based implementation
-------------------------------------------------------------
This system uses 4 bytes per array element.
-------------------------------------------------------------
Array size = 49066 (elements), Offset = 0 (elements)
Memory per array = 0.2 MiB (= 0.0 GiB).
Total memory required = 0.6 MiB (= 0.0 GiB).
Each kernel will be executed 1823 times.
-------------------------------------------------------------
Function    Best Rate MB/s  Avg time     Min time     Max time
Copy:           26554.5     0.000018     0.000015     0.000031
Scale:          13171.1     0.000036     0.000030     0.000049
Add:            21107.5     0.000033     0.000028     0.000049
Triad:          19756.6     0.000036     0.000030     0.000092
-------------------------------------------------------------
Solution Validates: avg error less than 1.000000e-06 on all three arrays
-------------------------------------------------------------



--- run 5 ---
-------------------------------------------------------------
STREAM (dynamic) version — custom malloc-based implementation
-------------------------------------------------------------
This system uses 4 bytes per array element.
-------------------------------------------------------------
Array size = 49066 (elements), Offset = 0 (elements)
Memory per array = 0.2 MiB (= 0.0 GiB).
Total memory required = 0.6 MiB (= 0.0 GiB).
Each kernel will be executed 1823 times.
-------------------------------------------------------------
Function    Best Rate MB/s  Avg time     Min time     Max time
Copy:           26554.5     0.000018     0.000015     0.000038
Scale:          13171.1     0.000036     0.000030     0.000050
Add:            21107.5     0.000033     0.000028     0.000082
Triad:          19599.8     0.000036     0.000030     0.000051
-------------------------------------------------------------
Solution Validates: avg error less than 1.000000e-06 on all three arrays
-------------------------------------------------------------



--- run 1 ---
-------------------------------------------------------------
STREAM (dynamic) version — custom malloc-based implementation
-------------------------------------------------------------
This system uses 4 bytes per array element.
-------------------------------------------------------------
Array size = 55040 (elements), Offset = 0 (elements)
Memory per array = 0.2 MiB (= 0.0 GiB).
Total memory required = 0.6 MiB (= 0.0 GiB).
Each kernel will be executed 1625 times.
-------------------------------------------------------------
Function    Best Rate MB/s  Avg time     Min time     Max time
Copy:           26011.8     0.000020     0.000017     0.000033
Scale:          12914.9     0.000040     0.000034     0.000053
Add:            21309.6     0.000037     0.000031     0.000055
Triad:          19372.4     0.000040     0.000034     0.000065
-------------------------------------------------------------
Solution Validates: avg error less than 1.000000e-06 on all three arrays
-------------------------------------------------------------



--- run 2 ---
-------------------------------------------------------------
STREAM (dynamic) version — custom malloc-based implementation
-------------------------------------------------------------
This system uses 4 bytes per array element.
-------------------------------------------------------------
Array size = 55040 (elements), Offset = 0 (elements)
Memory per array = 0.2 MiB (= 0.0 GiB).
Total memory required = 0.6 MiB (= 0.0 GiB).
Each kernel will be executed 1625 times.
-------------------------------------------------------------
Function    Best Rate MB/s  Avg time     Min time     Max time
Copy:           26011.8     0.000020     0.000017     0.000034
Scale:          13005.9     0.000040     0.000034     0.000109
Add:            21309.6     0.000036     0.000031     0.000054
Triad:          19508.8     0.000040     0.000034     0.000056
-------------------------------------------------------------
Solution Validates: avg error less than 1.000000e-06 on all three arrays
-------------------------------------------------------------



--- run 3 ---
-------------------------------------------------------------
STREAM (dynamic) version — custom malloc-based implementation
-------------------------------------------------------------
This system uses 4 bytes per array element.
-------------------------------------------------------------
Array size = 55040 (elements), Offset = 0 (elements)
Memory per array = 0.2 MiB (= 0.0 GiB).
Total memory required = 0.6 MiB (= 0.0 GiB).
Each kernel will be executed 1625 times.
-------------------------------------------------------------
Function    Best Rate MB/s  Avg time     Min time     Max time
Copy:           26011.8     0.000020     0.000017     0.000057
Scale:          13005.9     0.000040     0.000034     0.000059
Add:            21309.6     0.000036     0.000031     0.000097
Triad:          19508.8     0.000040     0.000034     0.000053
-------------------------------------------------------------
Solution Validates: avg error less than 1.000000e-06 on all three arrays
-------------------------------------------------------------



--- run 4 ---
-------------------------------------------------------------
STREAM (dynamic) version — custom malloc-based implementation
-------------------------------------------------------------
This system uses 4 bytes per array element.
-------------------------------------------------------------
Array size = 55040 (elements), Offset = 0 (elements)
Memory per array = 0.2 MiB (= 0.0 GiB).
Total memory required = 0.6 MiB (= 0.0 GiB).
Each kernel will be executed 1625 times.
-------------------------------------------------------------
Function    Best Rate MB/s  Avg time     Min time     Max time
Copy:           26011.8     0.000020     0.000017     0.000038
Scale:          13005.9     0.000040     0.000034     0.000071
Add:            21309.6     0.000036     0.000031     0.000072
Triad:          19508.8     0.000040     0.000034     0.000085
-------------------------------------------------------------
Solution Validates: avg error less than 1.000000e-06 on all three arrays
-------------------------------------------------------------



--- run 5 ---
-------------------------------------------------------------
STREAM (dynamic) version — custom malloc-based implementation
-------------------------------------------------------------
This system uses 4 bytes per array element.
-------------------------------------------------------------
Array size = 55040 (elements), Offset = 0 (elements)
Memory per array = 0.2 MiB (= 0.0 GiB).
Total memory required = 0.6 MiB (= 0.0 GiB).
Each kernel will be executed 1625 times.
-------------------------------------------------------------
Function    Best Rate MB/s  Avg time     Min time     Max time
Copy:           26011.8     0.000020     0.000017     0.000046
Scale:          12649.6     0.000040     0.000035     0.000086
Add:            21309.6     0.000036     0.000031     0.000048
Triad:          19372.4     0.000040     0.000034     0.000088
-------------------------------------------------------------
Solution Validates: avg error less than 1.000000e-06 on all three arrays
-------------------------------------------------------------



--- run 1 ---
-------------------------------------------------------------
STREAM (dynamic) version — custom malloc-based implementation
-------------------------------------------------------------
This system uses 4 bytes per array element.
-------------------------------------------------------------
Array size = 61781 (elements), Offset = 0 (elements)
Memory per array = 0.2 MiB (= 0.0 GiB).
Total memory required = 0.7 MiB (= 0.0 GiB).
Each kernel will be executed 1448 times.
-------------------------------------------------------------
Function    Best Rate MB/s  Avg time     Min time     Max time
Copy:           26240.8     0.000023     0.000019     0.000040
Scale:          13037.9     0.000045     0.000038     0.000067
Add:            21298.2     0.000041     0.000035     0.000065
Triad:          19556.9     0.000045     0.000038     0.000061
-------------------------------------------------------------
Solution Validates: avg error less than 1.000000e-06 on all three arrays
-------------------------------------------------------------



--- run 2 ---
-------------------------------------------------------------
STREAM (dynamic) version — custom malloc-based implementation
-------------------------------------------------------------
This system uses 4 bytes per array element.
-------------------------------------------------------------
Array size = 61781 (elements), Offset = 0 (elements)
Memory per array = 0.2 MiB (= 0.0 GiB).
Total memory required = 0.7 MiB (= 0.0 GiB).
Each kernel will be executed 1448 times.
-------------------------------------------------------------
Function    Best Rate MB/s  Avg time     Min time     Max time
Copy:           26240.8     0.000023     0.000019     0.000049
Scale:          12123.0     0.000045     0.000041     0.000070
Add:            21298.2     0.000041     0.000035     0.000114
Triad:          18184.4     0.000045     0.000041     0.000060
-------------------------------------------------------------
Solution Validates: avg error less than 1.000000e-06 on all three arrays
-------------------------------------------------------------



--- run 3 ---
-------------------------------------------------------------
STREAM (dynamic) version — custom malloc-based implementation
-------------------------------------------------------------
This system uses 4 bytes per array element.
-------------------------------------------------------------
Array size = 61781 (elements), Offset = 0 (elements)
Memory per array = 0.2 MiB (= 0.0 GiB).
Total memory required = 0.7 MiB (= 0.0 GiB).
Each kernel will be executed 1448 times.
-------------------------------------------------------------
Function    Best Rate MB/s  Avg time     Min time     Max time
Copy:           26240.8     0.000023     0.000019     0.000081
Scale:          12956.4     0.000045     0.000038     0.000057
Add:            21298.2     0.000041     0.000035     0.000059
Triad:          18184.4     0.000045     0.000041     0.000064
-------------------------------------------------------------
Solution Validates: avg error less than 1.000000e-06 on all three arrays
-------------------------------------------------------------



--- run 4 ---
-------------------------------------------------------------
STREAM (dynamic) version — custom malloc-based implementation
-------------------------------------------------------------
This system uses 4 bytes per array element.
-------------------------------------------------------------
Array size = 61781 (elements), Offset = 0 (elements)
Memory per array = 0.2 MiB (= 0.0 GiB).
Total memory required = 0.7 MiB (= 0.0 GiB).
Each kernel will be executed 1448 times.
-------------------------------------------------------------
Function    Best Rate MB/s  Avg time     Min time     Max time
Copy:           26240.8     0.000023     0.000019     0.000055
Scale:          12123.0     0.000045     0.000041     0.000080
Add:            21298.2     0.000041     0.000035     0.000049
Triad:          18184.4     0.000045     0.000041     0.000069
-------------------------------------------------------------
Solution Validates: avg error less than 1.000000e-06 on all three arrays
-------------------------------------------------------------



--- run 5 ---
-------------------------------------------------------------
STREAM (dynamic) version — custom malloc-based implementation
-------------------------------------------------------------
This system uses 4 bytes per array element.
-------------------------------------------------------------
Array size = 61781 (elements), Offset = 0 (elements)
Memory per array = 0.2 MiB (= 0.0 GiB).
Total memory required = 0.7 MiB (= 0.0 GiB).
Each kernel will be executed 1448 times.
-------------------------------------------------------------
Function    Best Rate MB/s  Avg time     Min time     Max time
Copy:           26240.8     0.000023     0.000019     0.000068
Scale:          13037.9     0.000045     0.000038     0.000054
Add:            21153.3     0.000041     0.000035     0.000060
Triad:          19076.9     0.000045     0.000039     0.000077
-------------------------------------------------------------
Solution Validates: avg error less than 1.000000e-06 on all three arrays
-------------------------------------------------------------



--- run 1 ---
-------------------------------------------------------------
STREAM (dynamic) version — custom malloc-based implementation
-------------------------------------------------------------
This system uses 4 bytes per array element.
-------------------------------------------------------------
Array size = 69376 (elements), Offset = 0 (elements)
Memory per array = 0.3 MiB (= 0.0 GiB).
Total memory required = 0.8 MiB (= 0.0 GiB).
Each kernel will be executed 1289 times.
-------------------------------------------------------------
Function    Best Rate MB/s  Avg time     Min time     Max time
Copy:           26453.1     0.000025     0.000021     0.000044
Scale:          12124.3     0.000050     0.000046     0.000087
Add:            19839.8     0.000046     0.000042     0.000062
Triad:          19398.9     0.000050     0.000043     0.000102
-------------------------------------------------------------
Solution Validates: avg error less than 1.000000e-06 on all three arrays
-------------------------------------------------------------



--- run 2 ---
-------------------------------------------------------------
STREAM (dynamic) version — custom malloc-based implementation
-------------------------------------------------------------
This system uses 4 bytes per array element.
-------------------------------------------------------------
Array size = 69376 (elements), Offset = 0 (elements)
Memory per array = 0.3 MiB (= 0.0 GiB).
Total memory required = 0.8 MiB (= 0.0 GiB).
Each kernel will be executed 1289 times.
-------------------------------------------------------------
Function    Best Rate MB/s  Avg time     Min time     Max time
Copy:           26453.1     0.000025     0.000021     0.000038
Scale:          12124.3     0.000050     0.000046     0.000068
Add:            20784.6     0.000046     0.000040     0.000096
Triad:          19291.8     0.000050     0.000043     0.000076
-------------------------------------------------------------
Solution Validates: avg error less than 1.000000e-06 on all three arrays
-------------------------------------------------------------



--- run 3 ---
-------------------------------------------------------------
STREAM (dynamic) version — custom malloc-based implementation
-------------------------------------------------------------
This system uses 4 bytes per array element.
-------------------------------------------------------------
Array size = 69376 (elements), Offset = 0 (elements)
Memory per array = 0.3 MiB (= 0.0 GiB).
Total memory required = 0.8 MiB (= 0.0 GiB).
Each kernel will be executed 1289 times.
-------------------------------------------------------------
Function    Best Rate MB/s  Avg time     Min time     Max time
Copy:           26453.1     0.000025     0.000021     0.000037
Scale:          12124.3     0.000050     0.000046     0.000069
Add:            21291.5     0.000046     0.000039     0.000114
Triad:          18186.5     0.000051     0.000046     0.000066
-------------------------------------------------------------
Solution Validates: avg error less than 1.000000e-06 on all three arrays
-------------------------------------------------------------



--- run 4 ---
-------------------------------------------------------------
STREAM (dynamic) version — custom malloc-based implementation
-------------------------------------------------------------
This system uses 4 bytes per array element.
-------------------------------------------------------------
Array size = 69376 (elements), Offset = 0 (elements)
Memory per array = 0.3 MiB (= 0.0 GiB).
Total memory required = 0.8 MiB (= 0.0 GiB).
Each kernel will be executed 1289 times.
-------------------------------------------------------------
Function    Best Rate MB/s  Avg time     Min time     Max time
Copy:           26453.1     0.000025     0.000021     0.000070
Scale:          12932.6     0.000050     0.000043     0.000067
Add:            21291.5     0.000046     0.000039     0.000075
Triad:          19398.9     0.000050     0.000043     0.000069
-------------------------------------------------------------
Solution Validates: avg error less than 1.000000e-06 on all three arrays
-------------------------------------------------------------



--- run 5 ---
-------------------------------------------------------------
STREAM (dynamic) version — custom malloc-based implementation
-------------------------------------------------------------
This system uses 4 bytes per array element.
-------------------------------------------------------------
Array size = 69376 (elements), Offset = 0 (elements)
Memory per array = 0.3 MiB (= 0.0 GiB).
Total memory required = 0.8 MiB (= 0.0 GiB).
Each kernel will be executed 1289 times.
-------------------------------------------------------------
Function    Best Rate MB/s  Avg time     Min time     Max time
Copy:           26453.1     0.000025     0.000021     0.000039
Scale:          12124.3     0.000050     0.000046     0.000073
Add:            20784.6     0.000046     0.000040     0.000081
Triad:          18186.5     0.000051     0.000046     0.000100
-------------------------------------------------------------
Solution Validates: avg error less than 1.000000e-06 on all three arrays
-------------------------------------------------------------



--- run 1 ---
-------------------------------------------------------------
STREAM (dynamic) version — custom malloc-based implementation
-------------------------------------------------------------
This system uses 4 bytes per array element.
-------------------------------------------------------------
Array size = 77824 (elements), Offset = 0 (elements)
Memory per array = 0.3 MiB (= 0.0 GiB).
Total memory required = 0.9 MiB (= 0.0 GiB).
Each kernel will be executed 1149 times.
-------------------------------------------------------------
Function    Best Rate MB/s  Avg time     Min time     Max time
Copy:           26113.4     0.000028     0.000024     0.000042
Scale:          12259.8     0.000056     0.000051     0.000077
Add:            19883.3     0.000052     0.000047     0.000068
Triad:          18389.7     0.000057     0.000051     0.000071
-------------------------------------------------------------
Solution Validates: avg error less than 1.000000e-06 on all three arrays
-------------------------------------------------------------



--- run 2 ---
-------------------------------------------------------------
STREAM (dynamic) version — custom malloc-based implementation
-------------------------------------------------------------
This system uses 4 bytes per array element.
-------------------------------------------------------------
Array size = 77824 (elements), Offset = 0 (elements)
Memory per array = 0.3 MiB (= 0.0 GiB).
Total memory required = 0.9 MiB (= 0.0 GiB).
Each kernel will be executed 1149 times.
-------------------------------------------------------------
Function    Best Rate MB/s  Avg time     Min time     Max time
Copy:           26113.4     0.000028     0.000024     0.000050
Scale:          12991.7     0.000056     0.000048     0.000102
Add:            21288.1     0.000052     0.000044     0.000098
Triad:          19487.6     0.000056     0.000048     0.000072
-------------------------------------------------------------
Solution Validates: avg error less than 1.000000e-06 on all three arrays
-------------------------------------------------------------



--- run 3 ---
-------------------------------------------------------------
STREAM (dynamic) version — custom malloc-based implementation
-------------------------------------------------------------
This system uses 4 bytes per array element.
-------------------------------------------------------------
Array size = 77824 (elements), Offset = 0 (elements)
Memory per array = 0.3 MiB (= 0.0 GiB).
Total memory required = 0.9 MiB (= 0.0 GiB).
Each kernel will be executed 1149 times.
-------------------------------------------------------------
Function    Best Rate MB/s  Avg time     Min time     Max time
Copy:           26113.4     0.000028     0.000024     0.000041
Scale:          12738.2     0.000057     0.000049     0.000124
Add:            21288.1     0.000051     0.000044     0.000083
Triad:          19487.6     0.000057     0.000048     0.000094
-------------------------------------------------------------
Solution Validates: avg error less than 1.000000e-06 on all three arrays
-------------------------------------------------------------



--- run 4 ---
-------------------------------------------------------------
STREAM (dynamic) version — custom malloc-based implementation
-------------------------------------------------------------
This system uses 4 bytes per array element.
-------------------------------------------------------------
Array size = 77824 (elements), Offset = 0 (elements)
Memory per array = 0.3 MiB (= 0.0 GiB).
Total memory required = 0.9 MiB (= 0.0 GiB).
Each kernel will be executed 1149 times.
-------------------------------------------------------------
Function    Best Rate MB/s  Avg time     Min time     Max time
Copy:           26113.4     0.000028     0.000024     0.000063
Scale:          12259.8     0.000057     0.000051     0.000074
Add:            19883.3     0.000052     0.000047     0.000066
Triad:          18389.7     0.000056     0.000051     0.000114
-------------------------------------------------------------
Solution Validates: avg error less than 1.000000e-06 on all three arrays
-------------------------------------------------------------



--- run 5 ---
-------------------------------------------------------------
STREAM (dynamic) version — custom malloc-based implementation
-------------------------------------------------------------
This system uses 4 bytes per array element.
-------------------------------------------------------------
Array size = 77824 (elements), Offset = 0 (elements)
Memory per array = 0.3 MiB (= 0.0 GiB).
Total memory required = 0.9 MiB (= 0.0 GiB).
Each kernel will be executed 1149 times.
-------------------------------------------------------------
Function    Best Rate MB/s  Avg time     Min time     Max time
Copy:           26113.4     0.000029     0.000024     0.000060
Scale:          12259.8     0.000057     0.000051     0.000076
Add:            19883.3     0.000052     0.000047     0.000082
Triad:          18389.7     0.000056     0.000051     0.000100
-------------------------------------------------------------
Solution Validates: avg error less than 1.000000e-06 on all three arrays
-------------------------------------------------------------



--- run 1 ---
-------------------------------------------------------------
STREAM (dynamic) version — custom malloc-based implementation
-------------------------------------------------------------
This system uses 4 bytes per array element.
-------------------------------------------------------------
Array size = 87381 (elements), Offset = 0 (elements)
Memory per array = 0.3 MiB (= 0.0 GiB).
Total memory required = 1.0 MiB (= 0.0 GiB).
Each kernel will be executed 1024 times.
-------------------------------------------------------------
Function    Best Rate MB/s  Avg time     Min time     Max time
Copy:           25947.1     0.000032     0.000027     0.000057
Scale:          12973.5     0.000063     0.000054     0.000109
Add:            21043.2     0.000058     0.000050     0.000080
Triad:          19460.3     0.000063     0.000054     0.000086
-------------------------------------------------------------
Solution Validates: avg error less than 1.000000e-06 on all three arrays
-------------------------------------------------------------



--- run 2 ---
-------------------------------------------------------------
STREAM (dynamic) version — custom malloc-based implementation
-------------------------------------------------------------
This system uses 4 bytes per array element.
-------------------------------------------------------------
Array size = 87381 (elements), Offset = 0 (elements)
Memory per array = 0.3 MiB (= 0.0 GiB).
Total memory required = 1.0 MiB (= 0.0 GiB).
Each kernel will be executed 1024 times.
-------------------------------------------------------------
Function    Best Rate MB/s  Avg time     Min time     Max time
Copy:           25947.1     0.000032     0.000027     0.000047
Scale:          12267.9     0.000063     0.000057     0.000080
Add:            20174.4     0.000058     0.000052     0.000099
Triad:          18098.9     0.000064     0.000058     0.000079
-------------------------------------------------------------
Solution Validates: avg error less than 1.000000e-06 on all three arrays
-------------------------------------------------------------



--- run 3 ---
-------------------------------------------------------------
STREAM (dynamic) version — custom malloc-based implementation
-------------------------------------------------------------
This system uses 4 bytes per array element.
-------------------------------------------------------------
Array size = 87381 (elements), Offset = 0 (elements)
Memory per array = 0.3 MiB (= 0.0 GiB).
Total memory required = 1.0 MiB (= 0.0 GiB).
Each kernel will be executed 1024 times.
-------------------------------------------------------------
Function    Best Rate MB/s  Avg time     Min time     Max time
Copy:           25947.1     0.000032     0.000027     0.000043
Scale:          12267.9     0.000063     0.000057     0.000075
Add:            20174.4     0.000058     0.000052     0.000092
Triad:          18401.8     0.000063     0.000057     0.000106
-------------------------------------------------------------
Solution Validates: avg error less than 1.000000e-06 on all three arrays
-------------------------------------------------------------



--- run 4 ---
-------------------------------------------------------------
STREAM (dynamic) version — custom malloc-based implementation
-------------------------------------------------------------
This system uses 4 bytes per array element.
-------------------------------------------------------------
Array size = 87381 (elements), Offset = 0 (elements)
Memory per array = 0.3 MiB (= 0.0 GiB).
Total memory required = 1.0 MiB (= 0.0 GiB).
Each kernel will be executed 1024 times.
-------------------------------------------------------------
Function    Best Rate MB/s  Avg time     Min time     Max time
Copy:           25947.1     0.000032     0.000027     0.000044
Scale:          12267.9     0.000063     0.000057     0.000082
Add:            20174.4     0.000058     0.000052     0.000116
Triad:          18401.8     0.000063     0.000057     0.000090
-------------------------------------------------------------
Solution Validates: avg error less than 1.000000e-06 on all three arrays
-------------------------------------------------------------



--- run 5 ---
-------------------------------------------------------------
STREAM (dynamic) version — custom malloc-based implementation
-------------------------------------------------------------
This system uses 4 bytes per array element.
-------------------------------------------------------------
Array size = 87381 (elements), Offset = 0 (elements)
Memory per array = 0.3 MiB (= 0.0 GiB).
Total memory required = 1.0 MiB (= 0.0 GiB).
Each kernel will be executed 1024 times.
-------------------------------------------------------------
Function    Best Rate MB/s  Avg time     Min time     Max time
Copy:           25947.1     0.000032     0.000027     0.000053
Scale:          12973.5     0.000063     0.000054     0.000086
Add:            20943.0     0.000058     0.000050     0.000086
Triad:          19460.3     0.000064     0.000054     0.000128
-------------------------------------------------------------
Solution Validates: avg error less than 1.000000e-06 on all three arrays
-------------------------------------------------------------



--- run 1 ---
-------------------------------------------------------------
STREAM (dynamic) version — custom malloc-based implementation
-------------------------------------------------------------
This system uses 4 bytes per array element.
-------------------------------------------------------------
Array size = 98048 (elements), Offset = 0 (elements)
Memory per array = 0.4 MiB (= 0.0 GiB).
Total memory required = 1.1 MiB (= 0.0 GiB).
Each kernel will be executed 912 times.
-------------------------------------------------------------
Function    Best Rate MB/s  Avg time     Min time     Max time
Copy:           26110.7     0.000036     0.000030     0.000048
Scale:          11543.7     0.000071     0.000068     0.000100
Add:            19979.4     0.000065     0.000059     0.000088
Triad:          17315.5     0.000071     0.000068     0.000091
-------------------------------------------------------------
Solution Validates: avg error less than 1.000000e-06 on all three arrays
-------------------------------------------------------------



--- run 2 ---
-------------------------------------------------------------
STREAM (dynamic) version — custom malloc-based implementation
-------------------------------------------------------------
This system uses 4 bytes per array element.
-------------------------------------------------------------
Array size = 98048 (elements), Offset = 0 (elements)
Memory per array = 0.4 MiB (= 0.0 GiB).
Total memory required = 1.1 MiB (= 0.0 GiB).
Each kernel will be executed 912 times.
-------------------------------------------------------------
Function    Best Rate MB/s  Avg time     Min time     Max time
Copy:           26110.7     0.000036     0.000030     0.000050
Scale:          11543.7     0.000071     0.000068     0.000086
Add:            20308.3     0.000065     0.000058     0.000120
Triad:          17315.5     0.000071     0.000068     0.000093
-------------------------------------------------------------
Solution Validates: avg error less than 1.000000e-06 on all three arrays
-------------------------------------------------------------



--- run 3 ---
-------------------------------------------------------------
STREAM (dynamic) version — custom malloc-based implementation
-------------------------------------------------------------
This system uses 4 bytes per array element.
-------------------------------------------------------------
Array size = 98048 (elements), Offset = 0 (elements)
Memory per array = 0.4 MiB (= 0.0 GiB).
Total memory required = 1.1 MiB (= 0.0 GiB).
Each kernel will be executed 912 times.
-------------------------------------------------------------
Function    Best Rate MB/s  Avg time     Min time     Max time
Copy:           25307.3     0.000036     0.000031     0.000068
Scale:          12051.1     0.000071     0.000065     0.000089
Add:            20308.3     0.000065     0.000058     0.000079
Triad:          17315.5     0.000071     0.000068     0.000128
-------------------------------------------------------------
Solution Validates: avg error less than 1.000000e-06 on all three arrays
-------------------------------------------------------------



--- run 4 ---
-------------------------------------------------------------
STREAM (dynamic) version — custom malloc-based implementation
-------------------------------------------------------------
This system uses 4 bytes per array element.
-------------------------------------------------------------
Array size = 98048 (elements), Offset = 0 (elements)
Memory per array = 0.4 MiB (= 0.0 GiB).
Total memory required = 1.1 MiB (= 0.0 GiB).
Each kernel will be executed 912 times.
-------------------------------------------------------------
Function    Best Rate MB/s  Avg time     Min time     Max time
Copy:           26110.7     0.000036     0.000030     0.000051
Scale:          12851.3     0.000071     0.000061     0.000085
Add:            20999.6     0.000065     0.000056     0.000153
Triad:          19277.0     0.000071     0.000061     0.000087
-------------------------------------------------------------
Solution Validates: avg error less than 1.000000e-06 on all three arrays
-------------------------------------------------------------



--- run 5 ---
-------------------------------------------------------------
STREAM (dynamic) version — custom malloc-based implementation
-------------------------------------------------------------
This system uses 4 bytes per array element.
-------------------------------------------------------------
Array size = 98048 (elements), Offset = 0 (elements)
Memory per array = 0.4 MiB (= 0.0 GiB).
Total memory required = 1.1 MiB (= 0.0 GiB).
Each kernel will be executed 912 times.
-------------------------------------------------------------
Function    Best Rate MB/s  Avg time     Min time     Max time
Copy:           26110.7     0.000036     0.000030     0.000072
Scale:          11543.7     0.000071     0.000068     0.000127
Add:            19979.4     0.000065     0.000059     0.000079
Triad:          17315.5     0.000071     0.000068     0.000090
-------------------------------------------------------------
Solution Validates: avg error less than 1.000000e-06 on all three arrays
-------------------------------------------------------------



--- run 1 ---
-------------------------------------------------------------
STREAM (dynamic) version — custom malloc-based implementation
-------------------------------------------------------------
This system uses 4 bytes per array element.
-------------------------------------------------------------
Array size = 110080 (elements), Offset = 0 (elements)
Memory per array = 0.4 MiB (= 0.0 GiB).
Total memory required = 1.3 MiB (= 0.0 GiB).
Each kernel will be executed 812 times.
-------------------------------------------------------------
Function    Best Rate MB/s  Avg time     Min time     Max time
Copy:           25299.1     0.000040     0.000035     0.000051
Scale:          11763.3     0.000080     0.000075     0.000119
Add:            19171.3     0.000073     0.000069     0.000137
Triad:          17644.9     0.000080     0.000075     0.000098
-------------------------------------------------------------
Solution Validates: avg error less than 1.000000e-06 on all three arrays
-------------------------------------------------------------



--- run 2 ---
-------------------------------------------------------------
STREAM (dynamic) version — custom malloc-based implementation
-------------------------------------------------------------
This system uses 4 bytes per array element.
-------------------------------------------------------------
Array size = 110080 (elements), Offset = 0 (elements)
Memory per array = 0.4 MiB (= 0.0 GiB).
Total memory required = 1.3 MiB (= 0.0 GiB).
Each kernel will be executed 812 times.
-------------------------------------------------------------
Function    Best Rate MB/s  Avg time     Min time     Max time
Copy:           26011.8     0.000040     0.000034     0.000083
Scale:          12960.3     0.000080     0.000068     0.000120
Add:            21309.6     0.000073     0.000062     0.000108
Triad:          19171.3     0.000080     0.000069     0.000131
-------------------------------------------------------------
Solution Validates: avg error less than 1.000000e-06 on all three arrays
-------------------------------------------------------------



--- run 3 ---
-------------------------------------------------------------
STREAM (dynamic) version — custom malloc-based implementation
-------------------------------------------------------------
This system uses 4 bytes per array element.
-------------------------------------------------------------
Array size = 110080 (elements), Offset = 0 (elements)
Memory per array = 0.4 MiB (= 0.0 GiB).
Total memory required = 1.3 MiB (= 0.0 GiB).
Each kernel will be executed 812 times.
-------------------------------------------------------------
Function    Best Rate MB/s  Avg time     Min time     Max time
Copy:           25299.1     0.000040     0.000035     0.000057
Scale:          11763.3     0.000080     0.000075     0.000116
Add:            19171.3     0.000073     0.000069     0.000090
Triad:          17644.9     0.000080     0.000075     0.000148
-------------------------------------------------------------
Solution Validates: avg error less than 1.000000e-06 on all three arrays
-------------------------------------------------------------



--- run 4 ---
-------------------------------------------------------------
STREAM (dynamic) version — custom malloc-based implementation
-------------------------------------------------------------
This system uses 4 bytes per array element.
-------------------------------------------------------------
Array size = 110080 (elements), Offset = 0 (elements)
Memory per array = 0.4 MiB (= 0.0 GiB).
Total memory required = 1.3 MiB (= 0.0 GiB).
Each kernel will be executed 812 times.
-------------------------------------------------------------
Function    Best Rate MB/s  Avg time     Min time     Max time
Copy:           26011.8     0.000040     0.000034     0.000058
Scale:          11763.3     0.000080     0.000075     0.000096
Add:            19171.3     0.000073     0.000069     0.000112
Triad:          17644.9     0.000080     0.000075     0.000150
-------------------------------------------------------------
Solution Validates: avg error less than 1.000000e-06 on all three arrays
-------------------------------------------------------------



--- run 5 ---
-------------------------------------------------------------
STREAM (dynamic) version — custom malloc-based implementation
-------------------------------------------------------------
This system uses 4 bytes per array element.
-------------------------------------------------------------
Array size = 110080 (elements), Offset = 0 (elements)
Memory per array = 0.4 MiB (= 0.0 GiB).
Total memory required = 1.3 MiB (= 0.0 GiB).
Each kernel will be executed 812 times.
-------------------------------------------------------------
Function    Best Rate MB/s  Avg time     Min time     Max time
Copy:           26011.8     0.000040     0.000034     0.000055
Scale:          11763.3     0.000080     0.000075     0.000097
Add:            19717.1     0.000073     0.000067     0.000126
Triad:          19171.3     0.000080     0.000069     0.000093
-------------------------------------------------------------
Solution Validates: avg error less than 1.000000e-06 on all three arrays
-------------------------------------------------------------



--- run 1 ---
-------------------------------------------------------------
STREAM (dynamic) version — custom malloc-based implementation
-------------------------------------------------------------
This system uses 4 bytes per array element.
-------------------------------------------------------------
Array size = 123562 (elements), Offset = 0 (elements)
Memory per array = 0.5 MiB (= 0.0 GiB).
Total memory required = 1.4 MiB (= 0.0 GiB).
Each kernel will be executed 724 times.
-------------------------------------------------------------
Function    Best Rate MB/s  Avg time     Min time     Max time
Copy:           25280.8     0.000046     0.000039     0.000057
Scale:          11778.6     0.000090     0.000084     0.000102
Add:            19254.1     0.000083     0.000077     0.000097
Triad:          17667.8     0.000090     0.000084     0.000135
-------------------------------------------------------------
Solution Validates: avg error less than 1.000000e-06 on all three arrays
-------------------------------------------------------------



--- run 2 ---
-------------------------------------------------------------
STREAM (dynamic) version — custom malloc-based implementation
-------------------------------------------------------------
This system uses 4 bytes per array element.
-------------------------------------------------------------
Array size = 123562 (elements), Offset = 0 (elements)
Memory per array = 0.5 MiB (= 0.0 GiB).
Total memory required = 1.4 MiB (= 0.0 GiB).
Each kernel will be executed 724 times.
-------------------------------------------------------------
Function    Best Rate MB/s  Avg time     Min time     Max time
Copy:           24245.9     0.000045     0.000041     0.000062
Scale:          11778.6     0.000090     0.000084     0.000157
Add:            19313.9     0.000082     0.000077     0.000096
Triad:          17667.8     0.000090     0.000084     0.000102
-------------------------------------------------------------
Solution Validates: avg error less than 1.000000e-06 on all three arrays
-------------------------------------------------------------



--- run 3 ---
-------------------------------------------------------------
STREAM (dynamic) version — custom malloc-based implementation
-------------------------------------------------------------
This system uses 4 bytes per array element.
-------------------------------------------------------------
Array size = 123562 (elements), Offset = 0 (elements)
Memory per array = 0.5 MiB (= 0.0 GiB).
Total memory required = 1.4 MiB (= 0.0 GiB).
Each kernel will be executed 724 times.
-------------------------------------------------------------
Function    Best Rate MB/s  Avg time     Min time     Max time
Copy:           24245.9     0.000045     0.000041     0.000061
Scale:          11778.6     0.000090     0.000084     0.000104
Add:            20869.4     0.000082     0.000071     0.000097
Triad:          19254.1     0.000090     0.000077     0.000141
-------------------------------------------------------------
Solution Validates: avg error less than 1.000000e-06 on all three arrays
-------------------------------------------------------------



--- run 4 ---
-------------------------------------------------------------
STREAM (dynamic) version — custom malloc-based implementation
-------------------------------------------------------------
This system uses 4 bytes per array element.
-------------------------------------------------------------
Array size = 123562 (elements), Offset = 0 (elements)
Memory per array = 0.5 MiB (= 0.0 GiB).
Total memory required = 1.4 MiB (= 0.0 GiB).
Each kernel will be executed 724 times.
-------------------------------------------------------------
Function    Best Rate MB/s  Avg time     Min time     Max time
Copy:           25435.9     0.000045     0.000039     0.000060
Scale:          11778.6     0.000089     0.000084     0.000160
Add:            19313.9     0.000082     0.000077     0.000116
Triad:          17667.8     0.000090     0.000084     0.000138
-------------------------------------------------------------
Solution Validates: avg error less than 1.000000e-06 on all three arrays
-------------------------------------------------------------



--- run 5 ---
-------------------------------------------------------------
STREAM (dynamic) version — custom malloc-based implementation
-------------------------------------------------------------
This system uses 4 bytes per array element.
-------------------------------------------------------------
Array size = 123562 (elements), Offset = 0 (elements)
Memory per array = 0.5 MiB (= 0.0 GiB).
Total memory required = 1.4 MiB (= 0.0 GiB).
Each kernel will be executed 724 times.
-------------------------------------------------------------
Function    Best Rate MB/s  Avg time     Min time     Max time
Copy:           25912.8     0.000045     0.000038     0.000060
Scale:          12836.1     0.000089     0.000077     0.000101
Add:            21225.5     0.000082     0.000070     0.000099
Triad:          19254.1     0.000090     0.000077     0.000141
-------------------------------------------------------------
Solution Validates: avg error less than 1.000000e-06 on all three arrays
-------------------------------------------------------------



--- run 1 ---
-------------------------------------------------------------
STREAM (dynamic) version — custom malloc-based implementation
-------------------------------------------------------------
This system uses 4 bytes per array element.
-------------------------------------------------------------
Array size = 138666 (elements), Offset = 0 (elements)
Memory per array = 0.5 MiB (= 0.0 GiB).
Total memory required = 1.6 MiB (= 0.0 GiB).
Each kernel will be executed 645 times.
-------------------------------------------------------------
Function    Best Rate MB/s  Avg time     Min time     Max time
Copy:           24233.6     0.000050     0.000046     0.000074
Scale:          11809.3     0.000100     0.000094     0.000118
Add:            19386.9     0.000092     0.000086     0.000106
Triad:          17713.9     0.000101     0.000094     0.000117
-------------------------------------------------------------
Solution Validates: avg error less than 1.000000e-06 on all three arrays
-------------------------------------------------------------



--- run 2 ---
-------------------------------------------------------------
STREAM (dynamic) version — custom malloc-based implementation
-------------------------------------------------------------
This system uses 4 bytes per array element.
-------------------------------------------------------------
Array size = 138666 (elements), Offset = 0 (elements)
Memory per array = 0.5 MiB (= 0.0 GiB).
Total memory required = 1.6 MiB (= 0.0 GiB).
Each kernel will be executed 645 times.
-------------------------------------------------------------
Function    Best Rate MB/s  Avg time     Min time     Max time
Copy:           24233.6     0.000051     0.000046     0.000074
Scale:          11809.3     0.000100     0.000094     0.000166
Add:            19386.9     0.000092     0.000086     0.000104
Triad:          17713.9     0.000100     0.000094     0.000117
-------------------------------------------------------------
Solution Validates: avg error less than 1.000000e-06 on all three arrays
-------------------------------------------------------------



--- run 3 ---
-------------------------------------------------------------
STREAM (dynamic) version — custom malloc-based implementation
-------------------------------------------------------------
This system uses 4 bytes per array element.
-------------------------------------------------------------
Array size = 138666 (elements), Offset = 0 (elements)
Memory per array = 0.5 MiB (= 0.0 GiB).
Total memory required = 1.6 MiB (= 0.0 GiB).
Each kernel will be executed 645 times.
-------------------------------------------------------------
Function    Best Rate MB/s  Avg time     Min time     Max time
Copy:           24233.6     0.000050     0.000046     0.000061
Scale:          11809.3     0.000100     0.000094     0.000122
Add:            19386.9     0.000092     0.000086     0.000125
Triad:          17713.9     0.000101     0.000094     0.000153
-------------------------------------------------------------
Solution Validates: avg error less than 1.000000e-06 on all three arrays
-------------------------------------------------------------



--- run 4 ---
-------------------------------------------------------------
STREAM (dynamic) version — custom malloc-based implementation
-------------------------------------------------------------
This system uses 4 bytes per array element.
-------------------------------------------------------------
Array size = 138666 (elements), Offset = 0 (elements)
Memory per array = 0.5 MiB (= 0.0 GiB).
Total memory required = 1.6 MiB (= 0.0 GiB).
Each kernel will be executed 645 times.
-------------------------------------------------------------
Function    Best Rate MB/s  Avg time     Min time     Max time
Copy:           25849.2     0.000051     0.000043     0.000064
Scale:          12888.8     0.000100     0.000086     0.000176
Add:            21085.5     0.000092     0.000079     0.000112
Triad:          19173.9     0.000101     0.000087     0.000122
-------------------------------------------------------------
Solution Validates: avg error less than 1.000000e-06 on all three arrays
-------------------------------------------------------------



--- run 5 ---
-------------------------------------------------------------
STREAM (dynamic) version — custom malloc-based implementation
-------------------------------------------------------------
This system uses 4 bytes per array element.
-------------------------------------------------------------
Array size = 138666 (elements), Offset = 0 (elements)
Memory per array = 0.5 MiB (= 0.0 GiB).
Total memory required = 1.6 MiB (= 0.0 GiB).
Each kernel will be executed 645 times.
-------------------------------------------------------------
Function    Best Rate MB/s  Avg time     Min time     Max time
Copy:           24233.6     0.000051     0.000046     0.000074
Scale:          11809.3     0.000101     0.000094     0.000118
Add:            19386.9     0.000092     0.000086     0.000175
Triad:          17713.9     0.000101     0.000094     0.000116
-------------------------------------------------------------
Solution Validates: avg error less than 1.000000e-06 on all three arrays
-------------------------------------------------------------



--- run 1 ---
-------------------------------------------------------------
STREAM (dynamic) version — custom malloc-based implementation
-------------------------------------------------------------
This system uses 4 bytes per array element.
-------------------------------------------------------------
Array size = 155733 (elements), Offset = 0 (elements)
Memory per array = 0.6 MiB (= 0.0 GiB).
Total memory required = 1.8 MiB (= 0.0 GiB).
Each kernel will be executed 574 times.
-------------------------------------------------------------
Function    Best Rate MB/s  Avg time     Min time     Max time
Copy:           24418.4     0.000057     0.000051     0.000067
Scale:          11638.2     0.000113     0.000107     0.000146
Add:            19498.3     0.000103     0.000096     0.000116
Triad:          17496.2     0.000113     0.000107     0.000152
-------------------------------------------------------------
Solution Validates: avg error less than 1.000000e-06 on all three arrays
-------------------------------------------------------------



--- run 2 ---
-------------------------------------------------------------
STREAM (dynamic) version — custom malloc-based implementation
-------------------------------------------------------------
This system uses 4 bytes per array element.
-------------------------------------------------------------
Array size = 155733 (elements), Offset = 0 (elements)
Memory per array = 0.6 MiB (= 0.0 GiB).
Total memory required = 1.8 MiB (= 0.0 GiB).
Each kernel will be executed 574 times.
-------------------------------------------------------------
Function    Best Rate MB/s  Avg time     Min time     Max time
Copy:           25997.7     0.000057     0.000048     0.000091
Scale:          12870.8     0.000112     0.000097     0.000154
Add:            21184.6     0.000103     0.000088     0.000133
Triad:          19258.7     0.000113     0.000097     0.000147
-------------------------------------------------------------
Solution Validates: avg error less than 1.000000e-06 on all three arrays
-------------------------------------------------------------



--- run 3 ---
-------------------------------------------------------------
STREAM (dynamic) version — custom malloc-based implementation
-------------------------------------------------------------
This system uses 4 bytes per array element.
-------------------------------------------------------------
Array size = 155733 (elements), Offset = 0 (elements)
Memory per array = 0.6 MiB (= 0.0 GiB).
Total memory required = 1.8 MiB (= 0.0 GiB).
Each kernel will be executed 574 times.
-------------------------------------------------------------
Function    Best Rate MB/s  Avg time     Min time     Max time
Copy:           24418.4     0.000057     0.000051     0.000070
Scale:          11664.1     0.000113     0.000107     0.000194
Add:            19498.3     0.000103     0.000096     0.000122
Triad:          17496.2     0.000113     0.000107     0.000133
-------------------------------------------------------------
Solution Validates: avg error less than 1.000000e-06 on all three arrays
-------------------------------------------------------------



--- run 4 ---
-------------------------------------------------------------
STREAM (dynamic) version — custom malloc-based implementation
-------------------------------------------------------------
This system uses 4 bytes per array element.
-------------------------------------------------------------
Array size = 155733 (elements), Offset = 0 (elements)
Memory per array = 0.6 MiB (= 0.0 GiB).
Total memory required = 1.8 MiB (= 0.0 GiB).
Each kernel will be executed 574 times.
-------------------------------------------------------------
Function    Best Rate MB/s  Avg time     Min time     Max time
Copy:           25490.4     0.000056     0.000049     0.000067
Scale:          12870.8     0.000112     0.000097     0.000127
Add:            21014.2     0.000103     0.000089     0.000132
Triad:          19071.3     0.000113     0.000098     0.000169
-------------------------------------------------------------
Solution Validates: avg error less than 1.000000e-06 on all three arrays
-------------------------------------------------------------



--- run 5 ---
-------------------------------------------------------------
STREAM (dynamic) version — custom malloc-based implementation
-------------------------------------------------------------
This system uses 4 bytes per array element.
-------------------------------------------------------------
Array size = 155733 (elements), Offset = 0 (elements)
Memory per array = 0.6 MiB (= 0.0 GiB).
Total memory required = 1.8 MiB (= 0.0 GiB).
Each kernel will be executed 574 times.
-------------------------------------------------------------
Function    Best Rate MB/s  Avg time     Min time     Max time
Copy:           24418.4     0.000057     0.000051     0.000071
Scale:          11664.1     0.000113     0.000107     0.000131
Add:            19449.9     0.000103     0.000096     0.000138
Triad:          17496.2     0.000112     0.000107     0.000176
-------------------------------------------------------------
Solution Validates: avg error less than 1.000000e-06 on all three arrays
-------------------------------------------------------------



--- run 1 ---
-------------------------------------------------------------
STREAM (dynamic) version — custom malloc-based implementation
-------------------------------------------------------------
This system uses 4 bytes per array element.
-------------------------------------------------------------
Array size = 174762 (elements), Offset = 0 (elements)
Memory per array = 0.7 MiB (= 0.0 GiB).
Total memory required = 2.0 MiB (= 0.0 GiB).
Each kernel will be executed 512 times.
-------------------------------------------------------------
Function    Best Rate MB/s  Avg time     Min time     Max time
Copy:           25495.8     0.000064     0.000055     0.000088
Scale:          12831.6     0.000126     0.000109     0.000143
Add:            21195.3     0.000115     0.000099     0.000133
Triad:          19247.4     0.000126     0.000109     0.000147
-------------------------------------------------------------
Solution Validates: avg error less than 1.000000e-06 on all three arrays
-------------------------------------------------------------



--- run 2 ---
-------------------------------------------------------------
STREAM (dynamic) version — custom malloc-based implementation
-------------------------------------------------------------
This system uses 4 bytes per array element.
-------------------------------------------------------------
Array size = 174762 (elements), Offset = 0 (elements)
Memory per array = 0.7 MiB (= 0.0 GiB).
Total memory required = 2.0 MiB (= 0.0 GiB).
Each kernel will be executed 512 times.
-------------------------------------------------------------
Function    Best Rate MB/s  Avg time     Min time     Max time
Copy:           24433.5     0.000064     0.000057     0.000088
Scale:          11967.4     0.000127     0.000117     0.000188
Add:            19247.4     0.000116     0.000109     0.000145
Triad:          17592.1     0.000127     0.000119     0.000165
-------------------------------------------------------------
Solution Validates: avg error less than 1.000000e-06 on all three arrays
-------------------------------------------------------------



--- run 3 ---
-------------------------------------------------------------
STREAM (dynamic) version — custom malloc-based implementation
-------------------------------------------------------------
This system uses 4 bytes per array element.
-------------------------------------------------------------
Array size = 174762 (elements), Offset = 0 (elements)
Memory per array = 0.7 MiB (= 0.0 GiB).
Total memory required = 2.0 MiB (= 0.0 GiB).
Each kernel will be executed 512 times.
-------------------------------------------------------------
Function    Best Rate MB/s  Avg time     Min time     Max time
Copy:           23741.1     0.000066     0.000059     0.000080
Scale:          11751.6     0.000127     0.000119     0.000188
Add:            19080.4     0.000117     0.000110     0.000149
Triad:          17487.2     0.000128     0.000120     0.000167
-------------------------------------------------------------
Solution Validates: avg error less than 1.000000e-06 on all three arrays
-------------------------------------------------------------



--- run 4 ---
-------------------------------------------------------------
STREAM (dynamic) version — custom malloc-based implementation
-------------------------------------------------------------
This system uses 4 bytes per array element.
-------------------------------------------------------------
Array size = 174762 (elements), Offset = 0 (elements)
Memory per array = 0.7 MiB (= 0.0 GiB).
Total memory required = 2.0 MiB (= 0.0 GiB).
Each kernel will be executed 512 times.
-------------------------------------------------------------
Function    Best Rate MB/s  Avg time     Min time     Max time
Copy:           24032.9     0.000065     0.000058     0.000121
Scale:          11751.6     0.000126     0.000119     0.000193
Add:            19247.4     0.000117     0.000109     0.000143
Triad:          17487.2     0.000128     0.000120     0.000155
-------------------------------------------------------------
Solution Validates: avg error less than 1.000000e-06 on all three arrays
-------------------------------------------------------------



--- run 5 ---
-------------------------------------------------------------
STREAM (dynamic) version — custom malloc-based implementation
-------------------------------------------------------------
This system uses 4 bytes per array element.
-------------------------------------------------------------
Array size = 174762 (elements), Offset = 0 (elements)
Memory per array = 0.7 MiB (= 0.0 GiB).
Total memory required = 2.0 MiB (= 0.0 GiB).
Each kernel will be executed 512 times.
-------------------------------------------------------------
Function    Best Rate MB/s  Avg time     Min time     Max time
Copy:           24131.9     0.000065     0.000058     0.000081
Scale:          12803.6     0.000127     0.000109     0.000200
Add:            20551.5     0.000117     0.000102     0.000138
Triad:          18916.3     0.000128     0.000111     0.000149
-------------------------------------------------------------
Solution Validates: avg error less than 1.000000e-06 on all three arrays
-------------------------------------------------------------



--- run 1 ---
-------------------------------------------------------------
STREAM (dynamic) version — custom malloc-based implementation
-------------------------------------------------------------
This system uses 4 bytes per array element.
-------------------------------------------------------------
Array size = 196181 (elements), Offset = 0 (elements)
Memory per array = 0.7 MiB (= 0.0 GiB).
Total memory required = 2.2 MiB (= 0.0 GiB).
Each kernel will be executed 456 times.
-------------------------------------------------------------
Function    Best Rate MB/s  Avg time     Min time     Max time
Copy:           22164.1     0.000075     0.000071     0.000090
Scale:          11291.2     0.000142     0.000139     0.000156
Add:            18560.4     0.000133     0.000127     0.000183
Triad:          16821.3     0.000144     0.000140     0.000158
-------------------------------------------------------------
Solution Validates: avg error less than 1.000000e-06 on all three arrays
-------------------------------------------------------------



--- run 2 ---
-------------------------------------------------------------
STREAM (dynamic) version — custom malloc-based implementation
-------------------------------------------------------------
This system uses 4 bytes per array element.
-------------------------------------------------------------
Array size = 196181 (elements), Offset = 0 (elements)
Memory per array = 0.7 MiB (= 0.0 GiB).
Total memory required = 2.2 MiB (= 0.0 GiB).
Each kernel will be executed 456 times.
-------------------------------------------------------------
Function    Best Rate MB/s  Avg time     Min time     Max time
Copy:           22466.7     0.000074     0.000070     0.000090
Scale:          11291.2     0.000142     0.000139     0.000156
Add:            18701.0     0.000133     0.000126     0.000157
Triad:          16821.3     0.000146     0.000140     0.000212
-------------------------------------------------------------
Solution Validates: avg error less than 1.000000e-06 on all three arrays
-------------------------------------------------------------



--- run 3 ---
-------------------------------------------------------------
STREAM (dynamic) version — custom malloc-based implementation
-------------------------------------------------------------
This system uses 4 bytes per array element.
-------------------------------------------------------------
Array size = 196181 (elements), Offset = 0 (elements)
Memory per array = 0.7 MiB (= 0.0 GiB).
Total memory required = 2.2 MiB (= 0.0 GiB).
Each kernel will be executed 456 times.
-------------------------------------------------------------
Function    Best Rate MB/s  Avg time     Min time     Max time
Copy:           22466.7     0.000075     0.000070     0.000095
Scale:          11818.2     0.000143     0.000133     0.000224
Add:            19135.9     0.000134     0.000123     0.000155
Triad:          17172.4     0.000145     0.000137     0.000158
-------------------------------------------------------------
Solution Validates: avg error less than 1.000000e-06 on all three arrays
-------------------------------------------------------------



--- run 4 ---
-------------------------------------------------------------
STREAM (dynamic) version — custom malloc-based implementation
-------------------------------------------------------------
This system uses 4 bytes per array element.
-------------------------------------------------------------
Array size = 196181 (elements), Offset = 0 (elements)
Memory per array = 0.7 MiB (= 0.0 GiB).
Total memory required = 2.2 MiB (= 0.0 GiB).
Each kernel will be executed 456 times.
-------------------------------------------------------------
Function    Best Rate MB/s  Avg time     Min time     Max time
Copy:           24840.5     0.000074     0.000063     0.000091
Scale:          12782.0     0.000142     0.000123     0.000162
Add:            20831.5     0.000132     0.000113     0.000179
Triad:          18988.7     0.000144     0.000124     0.000244
-------------------------------------------------------------
Solution Validates: avg error less than 1.000000e-06 on all three arrays
-------------------------------------------------------------



--- run 5 ---
-------------------------------------------------------------
STREAM (dynamic) version — custom malloc-based implementation
-------------------------------------------------------------
This system uses 4 bytes per array element.
-------------------------------------------------------------
Array size = 196181 (elements), Offset = 0 (elements)
Memory per array = 0.7 MiB (= 0.0 GiB).
Total memory required = 2.2 MiB (= 0.0 GiB).
Each kernel will be executed 456 times.
-------------------------------------------------------------
Function    Best Rate MB/s  Avg time     Min time     Max time
Copy:           24934.6     0.000074     0.000063     0.000123
Scale:          12757.3     0.000142     0.000123     0.000182
Add:            20657.1     0.000134     0.000114     0.000186
Triad:          18701.0     0.000145     0.000126     0.000194
-------------------------------------------------------------
Solution Validates: avg error less than 1.000000e-06 on all three arrays
-------------------------------------------------------------



--- run 1 ---
-------------------------------------------------------------
STREAM (dynamic) version — custom malloc-based implementation
-------------------------------------------------------------
This system uses 4 bytes per array element.
-------------------------------------------------------------
Array size = 220160 (elements), Offset = 0 (elements)
Memory per array = 0.8 MiB (= 0.0 GiB).
Total memory required = 2.5 MiB (= 0.0 GiB).
Each kernel will be executed 406 times.
-------------------------------------------------------------
Function    Best Rate MB/s  Avg time     Min time     Max time
Copy:           22942.1     0.000090     0.000077     0.000108
Scale:          12780.9     0.000160     0.000138     0.000174
Add:            19006.9     0.000161     0.000139     0.000249
Triad:          18076.7     0.000168     0.000146     0.000193
-------------------------------------------------------------
Solution Validates: avg error less than 1.000000e-06 on all three arrays
-------------------------------------------------------------



--- run 2 ---
-------------------------------------------------------------
STREAM (dynamic) version — custom malloc-based implementation
-------------------------------------------------------------
This system uses 4 bytes per array element.
-------------------------------------------------------------
Array size = 220160 (elements), Offset = 0 (elements)
Memory per array = 0.8 MiB (= 0.0 GiB).
Total memory required = 2.5 MiB (= 0.0 GiB).
Each kernel will be executed 406 times.
-------------------------------------------------------------
Function    Best Rate MB/s  Avg time     Min time     Max time
Copy:           24141.6     0.000086     0.000073     0.000135
Scale:          12780.9     0.000160     0.000138     0.000186
Add:            20184.0     0.000157     0.000131     0.000246
Triad:          18592.3     0.000171     0.000142     0.000234
-------------------------------------------------------------
Solution Validates: avg error less than 1.000000e-06 on all three arrays
-------------------------------------------------------------



--- run 3 ---
-------------------------------------------------------------
STREAM (dynamic) version — custom malloc-based implementation
-------------------------------------------------------------
This system uses 4 bytes per array element.
-------------------------------------------------------------
Array size = 220160 (elements), Offset = 0 (elements)
Memory per array = 0.8 MiB (= 0.0 GiB).
Total memory required = 2.5 MiB (= 0.0 GiB).
Each kernel will be executed 406 times.
-------------------------------------------------------------
Function    Best Rate MB/s  Avg time     Min time     Max time
Copy:           21474.8     0.000090     0.000082     0.000134
Scale:          11435.5     0.000160     0.000154     0.000184
Add:            17153.3     0.000161     0.000154     0.000222
Triad:          16392.0     0.000168     0.000161     0.000197
-------------------------------------------------------------
Solution Validates: avg error less than 1.000000e-06 on all three arrays
-------------------------------------------------------------



--- run 4 ---
-------------------------------------------------------------
STREAM (dynamic) version — custom malloc-based implementation
-------------------------------------------------------------
This system uses 4 bytes per array element.
-------------------------------------------------------------
Array size = 220160 (elements), Offset = 0 (elements)
Memory per array = 0.8 MiB (= 0.0 GiB).
Total memory required = 2.5 MiB (= 0.0 GiB).
Each kernel will be executed 406 times.
-------------------------------------------------------------
Function    Best Rate MB/s  Avg time     Min time     Max time
Copy:           22251.0     0.000085     0.000079     0.000101
Scale:          11365.1     0.000161     0.000155     0.000185
Add:            17988.7     0.000155     0.000147     0.000243
Triad:          16416.3     0.000169     0.000161     0.000211
-------------------------------------------------------------
Solution Validates: avg error less than 1.000000e-06 on all three arrays
-------------------------------------------------------------



--- run 5 ---
-------------------------------------------------------------
STREAM (dynamic) version — custom malloc-based implementation
-------------------------------------------------------------
This system uses 4 bytes per array element.
-------------------------------------------------------------
Array size = 220160 (elements), Offset = 0 (elements)
Memory per array = 0.8 MiB (= 0.0 GiB).
Total memory required = 2.5 MiB (= 0.0 GiB).
Each kernel will be executed 406 times.
-------------------------------------------------------------
Function    Best Rate MB/s  Avg time     Min time     Max time
Copy:           21228.0     0.000090     0.000083     0.000152
Scale:          11435.5     0.000160     0.000154     0.000186
Add:            17395.6     0.000161     0.000152     0.000189
Triad:          16514.2     0.000167     0.000160     0.000226
-------------------------------------------------------------
Solution Validates: avg error less than 1.000000e-06 on all three arrays
-------------------------------------------------------------



--- run 1 ---
-------------------------------------------------------------
STREAM (dynamic) version — custom malloc-based implementation
-------------------------------------------------------------
This system uses 4 bytes per array element.
-------------------------------------------------------------
Array size = 247125 (elements), Offset = 0 (elements)
Memory per array = 0.9 MiB (= 0.0 GiB).
Total memory required = 2.8 MiB (= 0.0 GiB).
Each kernel will be executed 362 times.
-------------------------------------------------------------
Function    Best Rate MB/s  Avg time     Min time     Max time
Copy:           21482.2     0.000102     0.000092     0.000150
Scale:          11374.7     0.000179     0.000174     0.000222
Add:            17227.4     0.000182     0.000172     0.000224
Triad:          16474.4     0.000192     0.000180     0.000231
-------------------------------------------------------------
Solution Validates: avg error less than 1.000000e-06 on all three arrays
-------------------------------------------------------------



--- run 2 ---
-------------------------------------------------------------
STREAM (dynamic) version — custom malloc-based implementation
-------------------------------------------------------------
This system uses 4 bytes per array element.
-------------------------------------------------------------
Array size = 247125 (elements), Offset = 0 (elements)
Memory per array = 0.9 MiB (= 0.0 GiB).
Total memory required = 2.8 MiB (= 0.0 GiB).
Each kernel will be executed 362 times.
-------------------------------------------------------------
Function    Best Rate MB/s  Avg time     Min time     Max time
Copy:           21261.9     0.000101     0.000093     0.000120
Scale:          11297.2     0.000181     0.000175     0.000196
Add:            17543.3     0.000175     0.000169     0.000247
Triad:          16673.2     0.000186     0.000178     0.000246
-------------------------------------------------------------
Solution Validates: avg error less than 1.000000e-06 on all three arrays
-------------------------------------------------------------



--- run 3 ---
-------------------------------------------------------------
STREAM (dynamic) version — custom malloc-based implementation
-------------------------------------------------------------
This system uses 4 bytes per array element.
-------------------------------------------------------------
Array size = 247125 (elements), Offset = 0 (elements)
Memory per array = 0.9 MiB (= 0.0 GiB).
Total memory required = 2.8 MiB (= 0.0 GiB).
Each kernel will be executed 362 times.
-------------------------------------------------------------
Function    Best Rate MB/s  Avg time     Min time     Max time
Copy:           21995.1     0.000098     0.000090     0.000181
Scale:          11374.7     0.000179     0.000174     0.000230
Add:            17568.1     0.000175     0.000169     0.000205
Triad:          16584.3     0.000185     0.000179     0.000223
-------------------------------------------------------------
Solution Validates: avg error less than 1.000000e-06 on all three arrays
-------------------------------------------------------------



--- run 4 ---
-------------------------------------------------------------
STREAM (dynamic) version — custom malloc-based implementation
-------------------------------------------------------------
This system uses 4 bytes per array element.
-------------------------------------------------------------
Array size = 247125 (elements), Offset = 0 (elements)
Memory per array = 0.9 MiB (= 0.0 GiB).
Total memory required = 2.8 MiB (= 0.0 GiB).
Each kernel will be executed 362 times.
-------------------------------------------------------------
Function    Best Rate MB/s  Avg time     Min time     Max time
Copy:           23828.0     0.000103     0.000083     0.000191
Scale:          12679.1     0.000180     0.000156     0.000205
Add:            20159.2     0.000179     0.000147     0.000223
Triad:          18788.8     0.000188     0.000158     0.000216
-------------------------------------------------------------
Solution Validates: avg error less than 1.000000e-06 on all three arrays
-------------------------------------------------------------



--- run 5 ---
-------------------------------------------------------------
STREAM (dynamic) version — custom malloc-based implementation
-------------------------------------------------------------
This system uses 4 bytes per array element.
-------------------------------------------------------------
Array size = 247125 (elements), Offset = 0 (elements)
Memory per array = 0.9 MiB (= 0.0 GiB).
Total memory required = 2.8 MiB (= 0.0 GiB).
Each kernel will be executed 362 times.
-------------------------------------------------------------
Function    Best Rate MB/s  Avg time     Min time     Max time
Copy:           21995.1     0.000098     0.000090     0.000144
Scale:          11374.7     0.000180     0.000174     0.000258
Add:            17444.9     0.000182     0.000170     0.000217
Triad:          16474.4     0.000191     0.000180     0.000215
-------------------------------------------------------------
Solution Validates: avg error less than 1.000000e-06 on all three arrays
-------------------------------------------------------------



--- run 1 ---
-------------------------------------------------------------
STREAM (dynamic) version — custom malloc-based implementation
-------------------------------------------------------------
This system uses 4 bytes per array element.
-------------------------------------------------------------
Array size = 277418 (elements), Offset = 0 (elements)
Memory per array = 1.1 MiB (= 0.0 GiB).
Total memory required = 3.2 MiB (= 0.0 GiB).
Each kernel will be executed 322 times.
-------------------------------------------------------------
Function    Best Rate MB/s  Avg time     Min time     Max time
Copy:           19474.1     0.000124     0.000114     0.000140
Scale:          11201.7     0.000204     0.000198     0.000224
Add:            16563.4     0.000220     0.000201     0.000274
Triad:          15777.3     0.000235     0.000211     0.000267
-------------------------------------------------------------
Solution Validates: avg error less than 1.000000e-06 on all three arrays
-------------------------------------------------------------



--- run 2 ---
-------------------------------------------------------------
STREAM (dynamic) version — custom malloc-based implementation
-------------------------------------------------------------
This system uses 4 bytes per array element.
-------------------------------------------------------------
Array size = 277418 (elements), Offset = 0 (elements)
Memory per array = 1.1 MiB (= 0.0 GiB).
Total memory required = 3.2 MiB (= 0.0 GiB).
Each kernel will be executed 322 times.
-------------------------------------------------------------
Function    Best Rate MB/s  Avg time     Min time     Max time
Copy:           21301.2     0.000130     0.000104     0.000197
Scale:          12613.3     0.000205     0.000176     0.000234
Add:            19023.0     0.000223     0.000175     0.000305
Triad:          16822.8     0.000233     0.000198     0.000295
-------------------------------------------------------------
Solution Validates: avg error less than 1.000000e-06 on all three arrays
-------------------------------------------------------------



--- run 3 ---
-------------------------------------------------------------
STREAM (dynamic) version — custom malloc-based implementation
-------------------------------------------------------------
This system uses 4 bytes per array element.
-------------------------------------------------------------
Array size = 277418 (elements), Offset = 0 (elements)
Memory per array = 1.1 MiB (= 0.0 GiB).
Total memory required = 3.2 MiB (= 0.0 GiB).
Each kernel will be executed 322 times.
-------------------------------------------------------------
Function    Best Rate MB/s  Avg time     Min time     Max time
Copy:           19975.5     0.000127     0.000111     0.000179
Scale:          11161.4     0.000204     0.000199     0.000245
Add:            16407.6     0.000222     0.000203     0.000334
Triad:          15706.3     0.000229     0.000212     0.000294
-------------------------------------------------------------
Solution Validates: avg error less than 1.000000e-06 on all three arrays
-------------------------------------------------------------



--- run 4 ---
-------------------------------------------------------------
STREAM (dynamic) version — custom malloc-based implementation
-------------------------------------------------------------
This system uses 4 bytes per array element.
-------------------------------------------------------------
Array size = 277418 (elements), Offset = 0 (elements)
Memory per array = 1.1 MiB (= 0.0 GiB).
Total memory required = 3.2 MiB (= 0.0 GiB).
Each kernel will be executed 322 times.
-------------------------------------------------------------
Function    Best Rate MB/s  Avg time     Min time     Max time
Copy:           19153.5     0.000127     0.000116     0.000159
Scale:          11161.4     0.000204     0.000199     0.000286
Add:            16235.9     0.000226     0.000205     0.000287
Triad:          15636.0     0.000235     0.000213     0.000271
-------------------------------------------------------------
Solution Validates: avg error less than 1.000000e-06 on all three arrays
-------------------------------------------------------------



--- run 5 ---
-------------------------------------------------------------
STREAM (dynamic) version — custom malloc-based implementation
-------------------------------------------------------------
This system uses 4 bytes per array element.
-------------------------------------------------------------
Array size = 277418 (elements), Offset = 0 (elements)
Memory per array = 1.1 MiB (= 0.0 GiB).
Total memory required = 3.2 MiB (= 0.0 GiB).
Each kernel will be executed 322 times.
-------------------------------------------------------------
Function    Best Rate MB/s  Avg time     Min time     Max time
Copy:           20368.9     0.000127     0.000109     0.000148
Scale:          12682.0     0.000203     0.000175     0.000221
Add:            16986.5     0.000226     0.000196     0.000265
Triad:          16642.3     0.000235     0.000200     0.000342
-------------------------------------------------------------
Solution Validates: avg error less than 1.000000e-06 on all three arrays
-------------------------------------------------------------



--- run 1 ---
-------------------------------------------------------------
STREAM (dynamic) version — custom malloc-based implementation
-------------------------------------------------------------
This system uses 4 bytes per array element.
-------------------------------------------------------------
Array size = 311381 (elements), Offset = 0 (elements)
Memory per array = 1.2 MiB (= 0.0 GiB).
Total memory required = 3.6 MiB (= 0.0 GiB).
Each kernel will be executed 287 times.
-------------------------------------------------------------
Function    Best Rate MB/s  Avg time     Min time     Max time
Copy:           16717.1     0.000158     0.000149     0.000188
Scale:          11021.3     0.000233     0.000226     0.000267
Add:            15380.1     0.000257     0.000243     0.000299
Triad:          14715.8     0.000263     0.000254     0.000298
-------------------------------------------------------------
Solution Validates: avg error less than 1.000000e-06 on all three arrays
-------------------------------------------------------------



--- run 2 ---
-------------------------------------------------------------
STREAM (dynamic) version — custom malloc-based implementation
-------------------------------------------------------------
This system uses 4 bytes per array element.
-------------------------------------------------------------
Array size = 311381 (elements), Offset = 0 (elements)
Memory per array = 1.2 MiB (= 0.0 GiB).
Total memory required = 3.6 MiB (= 0.0 GiB).
Each kernel will be executed 287 times.
-------------------------------------------------------------
Function    Best Rate MB/s  Avg time     Min time     Max time
Copy:           17072.2     0.000155     0.000146     0.000180
Scale:          10883.6     0.000236     0.000229     0.000257
Add:            15127.7     0.000263     0.000247     0.000313
Triad:          14715.8     0.000266     0.000254     0.000339
-------------------------------------------------------------
Solution Validates: avg error less than 1.000000e-06 on all three arrays
-------------------------------------------------------------



--- run 3 ---
-------------------------------------------------------------
STREAM (dynamic) version — custom malloc-based implementation
-------------------------------------------------------------
This system uses 4 bytes per array element.
-------------------------------------------------------------
Array size = 311381 (elements), Offset = 0 (elements)
Memory per array = 1.2 MiB (= 0.0 GiB).
Total memory required = 3.6 MiB (= 0.0 GiB).
Each kernel will be executed 287 times.
-------------------------------------------------------------
Function    Best Rate MB/s  Avg time     Min time     Max time
Copy:           17799.3     0.000161     0.000140     0.000246
Scale:          12220.1     0.000237     0.000204     0.000278
Add:            15894.8     0.000273     0.000235     0.000336
Triad:          15320.0     0.000278     0.000244     0.000319
-------------------------------------------------------------
Solution Validates: avg error less than 1.000000e-06 on all three arrays
-------------------------------------------------------------



--- run 4 ---
-------------------------------------------------------------
STREAM (dynamic) version — custom malloc-based implementation
-------------------------------------------------------------
This system uses 4 bytes per array element.
-------------------------------------------------------------
Array size = 311381 (elements), Offset = 0 (elements)
Memory per array = 1.2 MiB (= 0.0 GiB).
Total memory required = 3.6 MiB (= 0.0 GiB).
Each kernel will be executed 287 times.
-------------------------------------------------------------
Function    Best Rate MB/s  Avg time     Min time     Max time
Copy:           17298.4     0.000163     0.000144     0.000207
Scale:          11162.6     0.000237     0.000223     0.000268
Add:            15011.8     0.000282     0.000249     0.000342
Triad:          14418.0     0.000285     0.000259     0.000416
-------------------------------------------------------------
Solution Validates: avg error less than 1.000000e-06 on all three arrays
-------------------------------------------------------------



--- run 5 ---
-------------------------------------------------------------
STREAM (dynamic) version — custom malloc-based implementation
-------------------------------------------------------------
This system uses 4 bytes per array element.
-------------------------------------------------------------
Array size = 311381 (elements), Offset = 0 (elements)
Memory per array = 1.2 MiB (= 0.0 GiB).
Total memory required = 3.6 MiB (= 0.0 GiB).
Each kernel will be executed 287 times.
-------------------------------------------------------------
Function    Best Rate MB/s  Avg time     Min time     Max time
Copy:           16505.9     0.000162     0.000151     0.000190
Scale:          10782.5     0.000239     0.000231     0.000338
Add:            14431.2     0.000271     0.000259     0.000319
Triad:          14325.7     0.000270     0.000261     0.000336
-------------------------------------------------------------
Solution Validates: avg error less than 1.000000e-06 on all three arrays
-------------------------------------------------------------



--- run 1 ---
-------------------------------------------------------------
STREAM (dynamic) version — custom malloc-based implementation
-------------------------------------------------------------
This system uses 4 bytes per array element.
-------------------------------------------------------------
Array size = 349525 (elements), Offset = 0 (elements)
Memory per array = 1.3 MiB (= 0.0 GiB).
Total memory required = 4.0 MiB (= 0.0 GiB).
Each kernel will be executed 256 times.
-------------------------------------------------------------
Function    Best Rate MB/s  Avg time     Min time     Max time
Copy:           17046.7     0.000195     0.000164     0.000233
Scale:          12053.6     0.000273     0.000232     0.000301
Add:            14972.1     0.000334     0.000280     0.000418
Triad:          15036.0     0.000333     0.000279     0.000387
-------------------------------------------------------------
Solution Validates: avg error less than 1.000000e-06 on all three arrays
-------------------------------------------------------------



--- run 2 ---
-------------------------------------------------------------
STREAM (dynamic) version — custom malloc-based implementation
-------------------------------------------------------------
This system uses 4 bytes per array element.
-------------------------------------------------------------
Array size = 349525 (elements), Offset = 0 (elements)
Memory per array = 1.3 MiB (= 0.0 GiB).
Total memory required = 4.0 MiB (= 0.0 GiB).
Each kernel will be executed 256 times.
-------------------------------------------------------------
Function    Best Rate MB/s  Avg time     Min time     Max time
Copy:           14808.2     0.000201     0.000189     0.000233
Scale:          10556.4     0.000271     0.000265     0.000293
Add:            13277.1     0.000331     0.000316     0.000446
Triad:          13658.5     0.000324     0.000307     0.000367
-------------------------------------------------------------
Solution Validates: avg error less than 1.000000e-06 on all three arrays
-------------------------------------------------------------



--- run 3 ---
-------------------------------------------------------------
STREAM (dynamic) version — custom malloc-based implementation
-------------------------------------------------------------
This system uses 4 bytes per array element.
-------------------------------------------------------------
Array size = 349525 (elements), Offset = 0 (elements)
Memory per array = 1.3 MiB (= 0.0 GiB).
Total memory required = 4.0 MiB (= 0.0 GiB).
Each kernel will be executed 256 times.
-------------------------------------------------------------
Function    Best Rate MB/s  Avg time     Min time     Max time
Copy:           16176.7     0.000200     0.000173     0.000261
Scale:          11894.6     0.000274     0.000235     0.000309
Add:            13522.0     0.000352     0.000310     0.000411
Triad:          13187.5     0.000351     0.000318     0.000438
-------------------------------------------------------------
Solution Validates: avg error less than 1.000000e-06 on all three arrays
-------------------------------------------------------------



--- run 4 ---
-------------------------------------------------------------
STREAM (dynamic) version — custom malloc-based implementation
-------------------------------------------------------------
This system uses 4 bytes per array element.
-------------------------------------------------------------
Array size = 349525 (elements), Offset = 0 (elements)
Memory per array = 1.3 MiB (= 0.0 GiB).
Total memory required = 4.0 MiB (= 0.0 GiB).
Each kernel will be executed 256 times.
-------------------------------------------------------------
Function    Best Rate MB/s  Avg time     Min time     Max time
Copy:           15036.0     0.000200     0.000186     0.000242
Scale:          10584.9     0.000272     0.000264     0.000325
Add:            13357.8     0.000329     0.000314     0.000425
Triad:          13754.6     0.000319     0.000305     0.000378
-------------------------------------------------------------
Solution Validates: avg error less than 1.000000e-06 on all three arrays
-------------------------------------------------------------



--- run 5 ---
-------------------------------------------------------------
STREAM (dynamic) version — custom malloc-based implementation
-------------------------------------------------------------
This system uses 4 bytes per array element.
-------------------------------------------------------------
Array size = 349525 (elements), Offset = 0 (elements)
Memory per array = 1.3 MiB (= 0.0 GiB).
Total memory required = 4.0 MiB (= 0.0 GiB).
Each kernel will be executed 256 times.
-------------------------------------------------------------
Function    Best Rate MB/s  Avg time     Min time     Max time
Copy:           15870.2     0.000207     0.000176     0.000257
Scale:          11894.6     0.000277     0.000235     0.000298
Add:            14770.9     0.000358     0.000284     0.000458
Triad:          14984.8     0.000359     0.000280     0.000475
-------------------------------------------------------------
Solution Validates: avg error less than 1.000000e-06 on all three arrays
-------------------------------------------------------------



--- run 1 ---
-------------------------------------------------------------
STREAM (dynamic) version — custom malloc-based implementation
-------------------------------------------------------------
This system uses 4 bytes per array element.
-------------------------------------------------------------
Array size = 392362 (elements), Offset = 0 (elements)
Memory per array = 1.5 MiB (= 0.0 GiB).
Total memory required = 4.5 MiB (= 0.0 GiB).
Each kernel will be executed 228 times.
-------------------------------------------------------------
Function    Best Rate MB/s  Avg time     Min time     Max time
Copy:           14080.7     0.000241     0.000223     0.000282
Scale:          10325.9     0.000313     0.000304     0.000356
Add:            11596.1     0.000443     0.000406     0.000516
Triad:          12296.5     0.000407     0.000383     0.000465
-------------------------------------------------------------
Solution Validates: avg error less than 1.000000e-06 on all three arrays
-------------------------------------------------------------



--- run 2 ---
-------------------------------------------------------------
STREAM (dynamic) version — custom malloc-based implementation
-------------------------------------------------------------
This system uses 4 bytes per array element.
-------------------------------------------------------------
Array size = 392362 (elements), Offset = 0 (elements)
Memory per array = 1.5 MiB (= 0.0 GiB).
Total memory required = 4.5 MiB (= 0.0 GiB).
Each kernel will be executed 228 times.
-------------------------------------------------------------
Function    Best Rate MB/s  Avg time     Min time     Max time
Copy:           14467.6     0.000252     0.000217     0.000318
Scale:          11498.2     0.000319     0.000273     0.000354
Add:            11402.0     0.000464     0.000413     0.000544
Triad:          12100.6     0.000441     0.000389     0.000519
-------------------------------------------------------------
Solution Validates: avg error less than 1.000000e-06 on all three arrays
-------------------------------------------------------------



--- run 3 ---
-------------------------------------------------------------
STREAM (dynamic) version — custom malloc-based implementation
-------------------------------------------------------------
This system uses 4 bytes per array element.
-------------------------------------------------------------
Array size = 392362 (elements), Offset = 0 (elements)
Memory per array = 1.5 MiB (= 0.0 GiB).
Total memory required = 4.5 MiB (= 0.0 GiB).
Each kernel will be executed 228 times.
-------------------------------------------------------------
Function    Best Rate MB/s  Avg time     Min time     Max time
Copy:           15543.7     0.000243     0.000202     0.000282
Scale:          11754.9     0.000315     0.000267     0.000422
Add:            12932.7     0.000436     0.000364     0.000508
Triad:          13926.8     0.000420     0.000338     0.000468
-------------------------------------------------------------
Solution Validates: avg error less than 1.000000e-06 on all three arrays
-------------------------------------------------------------



--- run 4 ---
-------------------------------------------------------------
STREAM (dynamic) version — custom malloc-based implementation
-------------------------------------------------------------
This system uses 4 bytes per array element.
-------------------------------------------------------------
Array size = 392362 (elements), Offset = 0 (elements)
Memory per array = 1.5 MiB (= 0.0 GiB).
Total memory required = 4.5 MiB (= 0.0 GiB).
Each kernel will be executed 228 times.
-------------------------------------------------------------
Function    Best Rate MB/s  Avg time     Min time     Max time
Copy:           13829.3     0.000244     0.000227     0.000282
Scale:          10229.6     0.000318     0.000307     0.000372
Add:            11481.5     0.000446     0.000410     0.000528
Triad:          12228.0     0.000418     0.000385     0.000487
-------------------------------------------------------------
Solution Validates: avg error less than 1.000000e-06 on all three arrays
-------------------------------------------------------------



--- run 5 ---
-------------------------------------------------------------
STREAM (dynamic) version — custom malloc-based implementation
-------------------------------------------------------------
This system uses 4 bytes per array element.
-------------------------------------------------------------
Array size = 392362 (elements), Offset = 0 (elements)
Memory per array = 1.5 MiB (= 0.0 GiB).
Total memory required = 4.5 MiB (= 0.0 GiB).
Each kernel will be executed 228 times.
-------------------------------------------------------------
Function    Best Rate MB/s  Avg time     Min time     Max time
Copy:           15380.2     0.000245     0.000204     0.000289
Scale:          11713.1     0.000318     0.000268     0.000396
Add:            13043.7     0.000434     0.000361     0.000496
Triad:          13848.7     0.000410     0.000340     0.000482
-------------------------------------------------------------
Solution Validates: avg error less than 1.000000e-06 on all three arrays
-------------------------------------------------------------



--- run 1 ---
-------------------------------------------------------------
STREAM (dynamic) version — custom malloc-based implementation
-------------------------------------------------------------
This system uses 4 bytes per array element.
-------------------------------------------------------------
Array size = 440405 (elements), Offset = 0 (elements)
Memory per array = 1.7 MiB (= 0.0 GiB).
Total memory required = 5.0 MiB (= 0.0 GiB).
Each kernel will be executed 203 times.
-------------------------------------------------------------
Function    Best Rate MB/s  Avg time     Min time     Max time
Copy:           13241.5     0.000278     0.000266     0.000340
Scale:          10212.5     0.000357     0.000345     0.000405
Add:            10611.0     0.000515     0.000498     0.000581
Triad:          11414.2     0.000484     0.000463     0.000560
-------------------------------------------------------------
Solution Validates: avg error less than 1.000000e-06 on all three arrays
-------------------------------------------------------------



--- run 2 ---
-------------------------------------------------------------
STREAM (dynamic) version — custom malloc-based implementation
-------------------------------------------------------------
This system uses 4 bytes per array element.
-------------------------------------------------------------
Array size = 440405 (elements), Offset = 0 (elements)
Memory per array = 1.7 MiB (= 0.0 GiB).
Total memory required = 5.0 MiB (= 0.0 GiB).
Each kernel will be executed 203 times.
-------------------------------------------------------------
Function    Best Rate MB/s  Avg time     Min time     Max time
Copy:           13458.6     0.000283     0.000262     0.000335
Scale:          11254.8     0.000366     0.000313     0.000457
Add:            11828.3     0.000531     0.000447     0.000608
Triad:          11485.1     0.000504     0.000460     0.000591
-------------------------------------------------------------
Solution Validates: avg error less than 1.000000e-06 on all three arrays
-------------------------------------------------------------



--- run 3 ---
-------------------------------------------------------------
STREAM (dynamic) version — custom malloc-based implementation
-------------------------------------------------------------
This system uses 4 bytes per array element.
-------------------------------------------------------------
Array size = 440405 (elements), Offset = 0 (elements)
Memory per array = 1.7 MiB (= 0.0 GiB).
Total memory required = 5.0 MiB (= 0.0 GiB).
Each kernel will be executed 203 times.
-------------------------------------------------------------
Function    Best Rate MB/s  Avg time     Min time     Max time
Copy:           14987.4     0.000283     0.000235     0.000332
Scale:          11402.4     0.000357     0.000309     0.000429
Add:            11666.5     0.000521     0.000453     0.000637
Triad:          13046.7     0.000486     0.000405     0.000544
-------------------------------------------------------------
Solution Validates: avg error less than 1.000000e-06 on all three arrays
-------------------------------------------------------------



--- run 4 ---
-------------------------------------------------------------
STREAM (dynamic) version — custom malloc-based implementation
-------------------------------------------------------------
This system uses 4 bytes per array element.
-------------------------------------------------------------
Array size = 440405 (elements), Offset = 0 (elements)
Memory per array = 1.7 MiB (= 0.0 GiB).
Total memory required = 5.0 MiB (= 0.0 GiB).
Each kernel will be executed 203 times.
-------------------------------------------------------------
Function    Best Rate MB/s  Avg time     Min time     Max time
Copy:           13446.4     0.000279     0.000262     0.000331
Scale:          10011.9     0.000363     0.000352     0.000393
Add:            10698.0     0.000519     0.000494     0.000598
Triad:          11515.0     0.000486     0.000459     0.000603
-------------------------------------------------------------
Solution Validates: avg error less than 1.000000e-06 on all three arrays
-------------------------------------------------------------



--- run 5 ---
-------------------------------------------------------------
STREAM (dynamic) version — custom malloc-based implementation
-------------------------------------------------------------
This system uses 4 bytes per array element.
-------------------------------------------------------------
Array size = 440405 (elements), Offset = 0 (elements)
Memory per array = 1.7 MiB (= 0.0 GiB).
Total memory required = 5.0 MiB (= 0.0 GiB).
Each kernel will be executed 203 times.
-------------------------------------------------------------
Function    Best Rate MB/s  Avg time     Min time     Max time
Copy:           14807.2     0.000284     0.000238     0.000383
Scale:          11220.6     0.000361     0.000314     0.000390
Add:            11771.8     0.000517     0.000449     0.000579
Triad:          12551.7     0.000490     0.000421     0.000597
-------------------------------------------------------------
Solution Validates: avg error less than 1.000000e-06 on all three arrays
-------------------------------------------------------------



--- run 1 ---
-------------------------------------------------------------
STREAM (dynamic) version — custom malloc-based implementation
-------------------------------------------------------------
This system uses 4 bytes per array element.
-------------------------------------------------------------
Array size = 494336 (elements), Offset = 0 (elements)
Memory per array = 1.9 MiB (= 0.0 GiB).
Total memory required = 5.7 MiB (= 0.0 GiB).
Each kernel will be executed 181 times.
-------------------------------------------------------------
Function    Best Rate MB/s  Avg time     Min time     Max time
Copy:           12888.2     0.000334     0.000307     0.000392
Scale:          10089.5     0.000408     0.000392     0.000459
Add:             9711.5     0.000649     0.000611     0.000719
Triad:          10596.6     0.000618     0.000560     0.000679
-------------------------------------------------------------
Solution Validates: avg error less than 1.000000e-06 on all three arrays
-------------------------------------------------------------



--- run 2 ---
-------------------------------------------------------------
STREAM (dynamic) version — custom malloc-based implementation
-------------------------------------------------------------
This system uses 4 bytes per array element.
-------------------------------------------------------------
Array size = 494336 (elements), Offset = 0 (elements)
Memory per array = 1.9 MiB (= 0.0 GiB).
Total memory required = 5.7 MiB (= 0.0 GiB).
Each kernel will be executed 181 times.
-------------------------------------------------------------
Function    Best Rate MB/s  Avg time     Min time     Max time
Copy:           13974.0     0.000331     0.000283     0.000405
Scale:          11268.5     0.000410     0.000351     0.000483
Add:             9904.8     0.000647     0.000599     0.000763
Triad:          11814.2     0.000602     0.000502     0.000687
-------------------------------------------------------------
Solution Validates: avg error less than 1.000000e-06 on all three arrays
-------------------------------------------------------------



--- run 3 ---
-------------------------------------------------------------
STREAM (dynamic) version — custom malloc-based implementation
-------------------------------------------------------------
This system uses 4 bytes per array element.
-------------------------------------------------------------
Array size = 494336 (elements), Offset = 0 (elements)
Memory per array = 1.9 MiB (= 0.0 GiB).
Total memory required = 5.7 MiB (= 0.0 GiB).
Each kernel will be executed 181 times.
-------------------------------------------------------------
Function    Best Rate MB/s  Avg time     Min time     Max time
Copy:           12838.4     0.000330     0.000308     0.000422
Scale:           9962.3     0.000409     0.000397     0.000464
Add:             9787.9     0.000629     0.000606     0.000696
Triad:          10729.1     0.000586     0.000553     0.000691
-------------------------------------------------------------
Solution Validates: avg error less than 1.000000e-06 on all three arrays
-------------------------------------------------------------



--- run 4 ---
-------------------------------------------------------------
STREAM (dynamic) version — custom malloc-based implementation
-------------------------------------------------------------
This system uses 4 bytes per array element.
-------------------------------------------------------------
Array size = 494336 (elements), Offset = 0 (elements)
Memory per array = 1.9 MiB (= 0.0 GiB).
Total memory required = 5.7 MiB (= 0.0 GiB).
Each kernel will be executed 181 times.
-------------------------------------------------------------
Function    Best Rate MB/s  Avg time     Min time     Max time
Copy:           13009.5     0.000324     0.000304     0.000382
Scale:          10065.0     0.000405     0.000393     0.000512
Add:             9757.2     0.000629     0.000608     0.000812
Triad:          10538.2     0.000587     0.000563     0.000764
-------------------------------------------------------------
Solution Validates: avg error less than 1.000000e-06 on all three arrays
-------------------------------------------------------------



--- run 5 ---
-------------------------------------------------------------
STREAM (dynamic) version — custom malloc-based implementation
-------------------------------------------------------------
This system uses 4 bytes per array element.
-------------------------------------------------------------
Array size = 494336 (elements), Offset = 0 (elements)
Memory per array = 1.9 MiB (= 0.0 GiB).
Total memory required = 5.7 MiB (= 0.0 GiB).
Each kernel will be executed 181 times.
-------------------------------------------------------------
Function    Best Rate MB/s  Avg time     Min time     Max time
Copy:           14324.0     0.000347     0.000276     0.000402
Scale:          11431.5     0.000408     0.000346     0.000445
Add:            10159.6     0.000675     0.000584     0.000742
Triad:          10315.4     0.000634     0.000575     0.000735
-------------------------------------------------------------
Solution Validates: avg error less than 1.000000e-06 on all three arrays
-------------------------------------------------------------



--- run 1 ---
-------------------------------------------------------------
STREAM (dynamic) version — custom malloc-based implementation
-------------------------------------------------------------
This system uses 4 bytes per array element.
-------------------------------------------------------------
Array size = 554837 (elements), Offset = 0 (elements)
Memory per array = 2.1 MiB (= 0.0 GiB).
Total memory required = 6.3 MiB (= 0.0 GiB).
Each kernel will be executed 161 times.
-------------------------------------------------------------
Function    Best Rate MB/s  Avg time     Min time     Max time
Copy:           14179.2     0.000397     0.000313     0.000515
Scale:          11499.2     0.000454     0.000386     0.000490
Add:            10293.4     0.000786     0.000647     0.000876
Triad:           9846.9     0.000754     0.000676     0.000837
-------------------------------------------------------------
Solution Validates: avg error less than 1.000000e-06 on all three arrays
-------------------------------------------------------------



--- run 2 ---
-------------------------------------------------------------
STREAM (dynamic) version — custom malloc-based implementation
-------------------------------------------------------------
This system uses 4 bytes per array element.
-------------------------------------------------------------
Array size = 554837 (elements), Offset = 0 (elements)
Memory per array = 2.1 MiB (= 0.0 GiB).
Total memory required = 6.3 MiB (= 0.0 GiB).
Each kernel will be executed 161 times.
-------------------------------------------------------------
Function    Best Rate MB/s  Avg time     Min time     Max time
Copy:           12536.9     0.000386     0.000354     0.000449
Scale:          10134.6     0.000450     0.000438     0.000508
Add:             9324.2     0.000766     0.000714     0.000880
Triad:           9720.1     0.000731     0.000685     0.000799
-------------------------------------------------------------
Solution Validates: avg error less than 1.000000e-06 on all three arrays
-------------------------------------------------------------



--- run 3 ---
-------------------------------------------------------------
STREAM (dynamic) version — custom malloc-based implementation
-------------------------------------------------------------
This system uses 4 bytes per array element.
-------------------------------------------------------------
Array size = 554837 (elements), Offset = 0 (elements)
Memory per array = 2.1 MiB (= 0.0 GiB).
Total memory required = 6.3 MiB (= 0.0 GiB).
Each kernel will be executed 161 times.
-------------------------------------------------------------
Function    Best Rate MB/s  Avg time     Min time     Max time
Copy:           12469.7     0.000378     0.000356     0.000443
Scale:          10112.6     0.000452     0.000439     0.000561
Add:             9198.2     0.000749     0.000724     0.000830
Triad:           9878.3     0.000701     0.000674     0.000784
-------------------------------------------------------------
Solution Validates: avg error less than 1.000000e-06 on all three arrays
-------------------------------------------------------------



--- run 4 ---
-------------------------------------------------------------
STREAM (dynamic) version — custom malloc-based implementation
-------------------------------------------------------------
This system uses 4 bytes per array element.
-------------------------------------------------------------
Array size = 554837 (elements), Offset = 0 (elements)
Memory per array = 2.1 MiB (= 0.0 GiB).
Total memory required = 6.3 MiB (= 0.0 GiB).
Each kernel will be executed 161 times.
-------------------------------------------------------------
Function    Best Rate MB/s  Avg time     Min time     Max time
Copy:           12469.7     0.000398     0.000356     0.000527
Scale:          10156.7     0.000455     0.000437     0.000507
Add:             9207.3     0.000783     0.000723     0.000948
Triad:           9878.3     0.000755     0.000674     0.000895
-------------------------------------------------------------
Solution Validates: avg error less than 1.000000e-06 on all three arrays
-------------------------------------------------------------



--- run 5 ---
-------------------------------------------------------------
STREAM (dynamic) version — custom malloc-based implementation
-------------------------------------------------------------
This system uses 4 bytes per array element.
-------------------------------------------------------------
Array size = 554837 (elements), Offset = 0 (elements)
Memory per array = 2.1 MiB (= 0.0 GiB).
Total memory required = 6.3 MiB (= 0.0 GiB).
Each kernel will be executed 161 times.
-------------------------------------------------------------
Function    Best Rate MB/s  Avg time     Min time     Max time
Copy:           12536.9     0.000381     0.000354     0.000464
Scale:          10134.6     0.000450     0.000438     0.000478
Add:             9247.0     0.000754     0.000720     0.000909
Triad:           9836.5     0.000712     0.000677     0.000800
-------------------------------------------------------------
Solution Validates: avg error less than 1.000000e-06 on all three arrays
-------------------------------------------------------------



--- run 1 ---
-------------------------------------------------------------
STREAM (dynamic) version — custom malloc-based implementation
-------------------------------------------------------------
This system uses 4 bytes per array element.
-------------------------------------------------------------
Array size = 622762 (elements), Offset = 0 (elements)
Memory per array = 2.4 MiB (= 0.0 GiB).
Total memory required = 7.1 MiB (= 0.0 GiB).
Each kernel will be executed 143 times.
-------------------------------------------------------------
Function    Best Rate MB/s  Avg time     Min time     Max time
Copy:           12423.6     0.000436     0.000401     0.000554
Scale:          10188.4     0.000507     0.000489     0.000594
Add:             8960.7     0.000882     0.000834     0.001080
Triad:           9424.1     0.000842     0.000793     0.001016
-------------------------------------------------------------
Solution Validates: avg error less than 1.000000e-06 on all three arrays
-------------------------------------------------------------



--- run 2 ---
-------------------------------------------------------------
STREAM (dynamic) version — custom malloc-based implementation
-------------------------------------------------------------
This system uses 4 bytes per array element.
-------------------------------------------------------------
Array size = 622762 (elements), Offset = 0 (elements)
Memory per array = 2.4 MiB (= 0.0 GiB).
Total memory required = 7.1 MiB (= 0.0 GiB).
Each kernel will be executed 143 times.
-------------------------------------------------------------
Function    Best Rate MB/s  Avg time     Min time     Max time
Copy:           12335.6     0.000428     0.000404     0.000478
Scale:          10339.6     0.000495     0.000482     0.000597
Add:             8960.7     0.000859     0.000834     0.000950
Triad:           9401.5     0.000821     0.000795     0.000923
-------------------------------------------------------------
Solution Validates: avg error less than 1.000000e-06 on all three arrays
-------------------------------------------------------------



--- run 3 ---
-------------------------------------------------------------
STREAM (dynamic) version — custom malloc-based implementation
-------------------------------------------------------------
This system uses 4 bytes per array element.
-------------------------------------------------------------
Array size = 622762 (elements), Offset = 0 (elements)
Memory per array = 2.4 MiB (= 0.0 GiB).
Total memory required = 7.1 MiB (= 0.0 GiB).
Each kernel will be executed 143 times.
-------------------------------------------------------------
Function    Best Rate MB/s  Avg time     Min time     Max time
Copy:           12270.4     0.000445     0.000406     0.000601
Scale:          10666.9     0.000502     0.000467     0.000584
Add:             8930.1     0.000889     0.000837     0.001077
Triad:           9390.2     0.000852     0.000796     0.001021
-------------------------------------------------------------
Solution Validates: avg error less than 1.000000e-06 on all three arrays
-------------------------------------------------------------



--- run 4 ---
-------------------------------------------------------------
STREAM (dynamic) version — custom malloc-based implementation
-------------------------------------------------------------
This system uses 4 bytes per array element.
-------------------------------------------------------------
Array size = 622762 (elements), Offset = 0 (elements)
Memory per array = 2.4 MiB (= 0.0 GiB).
Total memory required = 7.1 MiB (= 0.0 GiB).
Each kernel will be executed 143 times.
-------------------------------------------------------------
Function    Best Rate MB/s  Avg time     Min time     Max time
Copy:           12357.4     0.000441     0.000403     0.000513
Scale:          10228.3     0.000498     0.000487     0.000527
Add:             8950.5     0.000893     0.000835     0.000963
Triad:           9339.9     0.000858     0.000800     0.000975
-------------------------------------------------------------
Solution Validates: avg error less than 1.000000e-06 on all three arrays
-------------------------------------------------------------



--- run 5 ---
-------------------------------------------------------------
STREAM (dynamic) version — custom malloc-based implementation
-------------------------------------------------------------
This system uses 4 bytes per array element.
-------------------------------------------------------------
Array size = 622762 (elements), Offset = 0 (elements)
Memory per array = 2.4 MiB (= 0.0 GiB).
Total memory required = 7.1 MiB (= 0.0 GiB).
Each kernel will be executed 143 times.
-------------------------------------------------------------
Function    Best Rate MB/s  Avg time     Min time     Max time
Copy:           12328.3     0.000435     0.000404     0.000575
Scale:          10293.8     0.000496     0.000484     0.000530
Add:             8994.2     0.000874     0.000831     0.000950
Triad:           9401.5     0.000853     0.000795     0.000933
-------------------------------------------------------------
Solution Validates: avg error less than 1.000000e-06 on all three arrays
-------------------------------------------------------------



--- run 1 ---
-------------------------------------------------------------
STREAM (dynamic) version — custom malloc-based implementation
-------------------------------------------------------------
This system uses 4 bytes per array element.
-------------------------------------------------------------
Array size = 699050 (elements), Offset = 0 (elements)
Memory per array = 2.7 MiB (= 0.0 GiB).
Total memory required = 8.0 MiB (= 0.0 GiB).
Each kernel will be executed 128 times.
-------------------------------------------------------------
Function    Best Rate MB/s  Avg time     Min time     Max time
Copy:           12047.4     0.000501     0.000464     0.000578
Scale:          10551.6     0.000545     0.000530     0.000607
Add:             8943.7     0.001002     0.000938     0.001063
Triad:           9237.2     0.000970     0.000908     0.001040
-------------------------------------------------------------
Solution Validates: avg error less than 1.000000e-06 on all three arrays
-------------------------------------------------------------



--- run 2 ---
-------------------------------------------------------------
STREAM (dynamic) version — custom malloc-based implementation
-------------------------------------------------------------
This system uses 4 bytes per array element.
-------------------------------------------------------------
Array size = 699050 (elements), Offset = 0 (elements)
Memory per array = 2.7 MiB (= 0.0 GiB).
Total memory required = 8.0 MiB (= 0.0 GiB).
Each kernel will be executed 128 times.
-------------------------------------------------------------
Function    Best Rate MB/s  Avg time     Min time     Max time
Copy:           13126.0     0.000500     0.000426     0.000571
Scale:          12109.6     0.000546     0.000462     0.000569
Add:            10009.8     0.000994     0.000838     0.001070
Triad:          10434.3     0.000976     0.000804     0.001048
-------------------------------------------------------------
Solution Validates: avg error less than 1.000000e-06 on all three arrays
-------------------------------------------------------------



--- run 3 ---
-------------------------------------------------------------
STREAM (dynamic) version — custom malloc-based implementation
-------------------------------------------------------------
This system uses 4 bytes per array element.
-------------------------------------------------------------
Array size = 699050 (elements), Offset = 0 (elements)
Memory per array = 2.7 MiB (= 0.0 GiB).
Total memory required = 8.0 MiB (= 0.0 GiB).
Each kernel will be executed 128 times.
-------------------------------------------------------------
Function    Best Rate MB/s  Avg time     Min time     Max time
Copy:           11822.7     0.000532     0.000473     0.000669
Scale:          10476.2     0.000561     0.000534     0.000681
Add:             8849.2     0.001043     0.000948     0.001198
Triad:           9179.3     0.001017     0.000914     0.001221
-------------------------------------------------------------
Solution Validates: avg error less than 1.000000e-06 on all three arrays
-------------------------------------------------------------



--- run 4 ---
-------------------------------------------------------------
STREAM (dynamic) version — custom malloc-based implementation
-------------------------------------------------------------
This system uses 4 bytes per array element.
-------------------------------------------------------------
Array size = 699050 (elements), Offset = 0 (elements)
Memory per array = 2.7 MiB (= 0.0 GiB).
Total memory required = 8.0 MiB (= 0.0 GiB).
Each kernel will be executed 128 times.
-------------------------------------------------------------
Function    Best Rate MB/s  Avg time     Min time     Max time
Copy:           12103.3     0.000485     0.000462     0.000576
Scale:          10814.3     0.000546     0.000517     0.000570
Add:             8943.7     0.000963     0.000938     0.001054
Triad:           9249.3     0.000933     0.000907     0.001011
-------------------------------------------------------------
Solution Validates: avg error less than 1.000000e-06 on all three arrays
-------------------------------------------------------------



--- run 5 ---
-------------------------------------------------------------
STREAM (dynamic) version — custom malloc-based implementation
-------------------------------------------------------------
This system uses 4 bytes per array element.
-------------------------------------------------------------
Array size = 699050 (elements), Offset = 0 (elements)
Memory per array = 2.7 MiB (= 0.0 GiB).
Total memory required = 8.0 MiB (= 0.0 GiB).
Each kernel will be executed 128 times.
-------------------------------------------------------------
Function    Best Rate MB/s  Avg time     Min time     Max time
Copy:           13637.3     0.000506     0.000410     0.000630
Scale:          11973.6     0.000554     0.000467     0.000639
Add:             8961.9     0.001009     0.000936     0.001189
Triad:          10305.9     0.000978     0.000814     0.001171
-------------------------------------------------------------
Solution Validates: avg error less than 1.000000e-06 on all three arrays
-------------------------------------------------------------



--- run 1 ---
-------------------------------------------------------------
STREAM (dynamic) version — custom malloc-based implementation
-------------------------------------------------------------
This system uses 4 bytes per array element.
-------------------------------------------------------------
Array size = 784640 (elements), Offset = 0 (elements)
Memory per array = 3.0 MiB (= 0.0 GiB).
Total memory required = 9.0 MiB (= 0.0 GiB).
Each kernel will be executed 114 times.
-------------------------------------------------------------
Function    Best Rate MB/s  Avg time     Min time     Max time
Copy:           11891.7     0.000558     0.000528     0.000617
Scale:          10586.3     0.000604     0.000593     0.000649
Add:             8924.8     0.001130     0.001055     0.001198
Triad:           9105.9     0.001084     0.001034     0.001219
-------------------------------------------------------------
Solution Validates: avg error less than 1.000000e-06 on all three arrays
-------------------------------------------------------------



--- run 2 ---
-------------------------------------------------------------
STREAM (dynamic) version — custom malloc-based implementation
-------------------------------------------------------------
This system uses 4 bytes per array element.
-------------------------------------------------------------
Array size = 784640 (elements), Offset = 0 (elements)
Memory per array = 3.0 MiB (= 0.0 GiB).
Total memory required = 9.0 MiB (= 0.0 GiB).
Each kernel will be executed 114 times.
-------------------------------------------------------------
Function    Best Rate MB/s  Avg time     Min time     Max time
Copy:           11913.2     0.000575     0.000527     0.000705
Scale:          10586.3     0.000616     0.000593     0.000731
Add:             8900.7     0.001139     0.001058     0.001263
Triad:           9194.9     0.001116     0.001024     0.001278
-------------------------------------------------------------
Solution Validates: avg error less than 1.000000e-06 on all three arrays
-------------------------------------------------------------



--- run 3 ---
-------------------------------------------------------------
STREAM (dynamic) version — custom malloc-based implementation
-------------------------------------------------------------
This system uses 4 bytes per array element.
-------------------------------------------------------------
Array size = 784640 (elements), Offset = 0 (elements)
Memory per array = 3.0 MiB (= 0.0 GiB).
Total memory required = 9.0 MiB (= 0.0 GiB).
Each kernel will be executed 114 times.
-------------------------------------------------------------
Function    Best Rate MB/s  Avg time     Min time     Max time
Copy:           11891.7     0.000575     0.000528     0.000641
Scale:          10620.5     0.000603     0.000591     0.000666
Add:             8943.0     0.001092     0.001053     0.001255
Triad:           9089.1     0.001072     0.001036     0.001168
-------------------------------------------------------------
Solution Validates: avg error less than 1.000000e-06 on all three arrays
-------------------------------------------------------------



--- run 4 ---
-------------------------------------------------------------
STREAM (dynamic) version — custom malloc-based implementation
-------------------------------------------------------------
This system uses 4 bytes per array element.
-------------------------------------------------------------
Array size = 784640 (elements), Offset = 0 (elements)
Memory per array = 3.0 MiB (= 0.0 GiB).
Total memory required = 9.0 MiB (= 0.0 GiB).
Each kernel will be executed 114 times.
-------------------------------------------------------------
Function    Best Rate MB/s  Avg time     Min time     Max time
Copy:           11870.2     0.000563     0.000529     0.000665
Scale:          10746.2     0.000616     0.000584     0.000699
Add:             9942.7     0.001097     0.000947     0.001243
Triad:           9912.7     0.001077     0.000950     0.001263
-------------------------------------------------------------
Solution Validates: avg error less than 1.000000e-06 on all three arrays
-------------------------------------------------------------



--- run 5 ---
-------------------------------------------------------------
STREAM (dynamic) version — custom malloc-based implementation
-------------------------------------------------------------
This system uses 4 bytes per array element.
-------------------------------------------------------------
Array size = 784640 (elements), Offset = 0 (elements)
Memory per array = 3.0 MiB (= 0.0 GiB).
Total memory required = 9.0 MiB (= 0.0 GiB).
Each kernel will be executed 114 times.
-------------------------------------------------------------
Function    Best Rate MB/s  Avg time     Min time     Max time
Copy:           11956.5     0.000562     0.000525     0.000625
Scale:          10586.3     0.000605     0.000593     0.000633
Add:             8898.7     0.001143     0.001058     0.001244
Triad:           9124.8     0.001080     0.001032     0.001174
-------------------------------------------------------------
Solution Validates: avg error less than 1.000000e-06 on all three arrays
-------------------------------------------------------------



--- run 1 ---
-------------------------------------------------------------
STREAM (dynamic) version — custom malloc-based implementation
-------------------------------------------------------------
This system uses 4 bytes per array element.
-------------------------------------------------------------
Array size = 880725 (elements), Offset = 0 (elements)
Memory per array = 3.4 MiB (= 0.0 GiB).
Total memory required = 10.1 MiB (= 0.0 GiB).
Each kernel will be executed 101 times.
-------------------------------------------------------------
Function    Best Rate MB/s  Avg time     Min time     Max time
Copy:           13093.6     0.000649     0.000538     0.000793
Scale:          12146.4     0.000679     0.000580     0.000792
Add:             9833.3     0.001253     0.001075     0.001435
Triad:           9704.1     0.001240     0.001089     0.001526
-------------------------------------------------------------
Solution Validates: avg error less than 1.000000e-06 on all three arrays
-------------------------------------------------------------



--- run 2 ---
-------------------------------------------------------------
STREAM (dynamic) version — custom malloc-based implementation
-------------------------------------------------------------
This system uses 4 bytes per array element.
-------------------------------------------------------------
Array size = 880725 (elements), Offset = 0 (elements)
Memory per array = 3.4 MiB (= 0.0 GiB).
Total memory required = 10.1 MiB (= 0.0 GiB).
Each kernel will be executed 101 times.
-------------------------------------------------------------
Function    Best Rate MB/s  Avg time     Min time     Max time
Copy:           11820.9     0.000622     0.000596     0.000711
Scale:          10645.6     0.000672     0.000662     0.000727
Add:             8935.4     0.001206     0.001183     0.001274
Triad:           9048.4     0.001189     0.001168     0.001272
-------------------------------------------------------------
Solution Validates: avg error less than 1.000000e-06 on all three arrays
-------------------------------------------------------------



--- run 3 ---
-------------------------------------------------------------
STREAM (dynamic) version — custom malloc-based implementation
-------------------------------------------------------------
This system uses 4 bytes per array element.
-------------------------------------------------------------
Array size = 880725 (elements), Offset = 0 (elements)
Memory per array = 3.4 MiB (= 0.0 GiB).
Total memory required = 10.1 MiB (= 0.0 GiB).
Each kernel will be executed 101 times.
-------------------------------------------------------------
Function    Best Rate MB/s  Avg time     Min time     Max time
Copy:           11983.9     0.000621     0.000588     0.000736
Scale:          10676.4     0.000674     0.000660     0.000715
Add:             8933.6     0.001210     0.001183     0.001307
Triad:           9080.0     0.001196     0.001164     0.001303
-------------------------------------------------------------
Solution Validates: avg error less than 1.000000e-06 on all three arrays
-------------------------------------------------------------



--- run 4 ---
-------------------------------------------------------------
STREAM (dynamic) version — custom malloc-based implementation
-------------------------------------------------------------
This system uses 4 bytes per array element.
-------------------------------------------------------------
Array size = 880725 (elements), Offset = 0 (elements)
Memory per array = 3.4 MiB (= 0.0 GiB).
Total memory required = 10.1 MiB (= 0.0 GiB).
Each kernel will be executed 101 times.
-------------------------------------------------------------
Function    Best Rate MB/s  Avg time     Min time     Max time
Copy:           11901.8     0.000632     0.000592     0.000769
Scale:          12427.3     0.000678     0.000567     0.000735
Add:             9119.2     0.001221     0.001159     0.001417
Triad:           9104.2     0.001207     0.001161     0.001483
-------------------------------------------------------------
Solution Validates: avg error less than 1.000000e-06 on all three arrays
-------------------------------------------------------------



--- run 5 ---
-------------------------------------------------------------
STREAM (dynamic) version — custom malloc-based implementation
-------------------------------------------------------------
This system uses 4 bytes per array element.
-------------------------------------------------------------
Array size = 880725 (elements), Offset = 0 (elements)
Memory per array = 3.4 MiB (= 0.0 GiB).
Total memory required = 10.1 MiB (= 0.0 GiB).
Each kernel will be executed 101 times.
-------------------------------------------------------------
Function    Best Rate MB/s  Avg time     Min time     Max time
Copy:           11783.2     0.000636     0.000598     0.000703
Scale:          10657.1     0.000673     0.000661     0.000707
Add:             8904.8     0.001233     0.001187     0.001332
Triad:           9048.4     0.001213     0.001168     0.001320
-------------------------------------------------------------
Solution Validates: avg error less than 1.000000e-06 on all three arrays
-------------------------------------------------------------



--- run 1 ---
-------------------------------------------------------------
STREAM (dynamic) version — custom malloc-based implementation
-------------------------------------------------------------
This system uses 4 bytes per array element.
-------------------------------------------------------------
Array size = 988586 (elements), Offset = 0 (elements)
Memory per array = 3.8 MiB (= 0.0 GiB).
Total memory required = 11.3 MiB (= 0.0 GiB).
Each kernel will be executed 90 times.
-------------------------------------------------------------
Function    Best Rate MB/s  Avg time     Min time     Max time
Copy:           11788.0     0.000721     0.000671     0.000810
Scale:          10731.6     0.000749     0.000737     0.000768
Add:             8994.4     0.001409     0.001319     0.001528
Triad:           9063.2     0.001402     0.001309     0.001506
-------------------------------------------------------------
Solution Validates: avg error less than 1.000000e-06 on all three arrays
-------------------------------------------------------------



--- run 2 ---
-------------------------------------------------------------
STREAM (dynamic) version — custom malloc-based implementation
-------------------------------------------------------------
This system uses 4 bytes per array element.
-------------------------------------------------------------
Array size = 988586 (elements), Offset = 0 (elements)
Memory per array = 3.8 MiB (= 0.0 GiB).
Total memory required = 11.3 MiB (= 0.0 GiB).
Each kernel will be executed 90 times.
-------------------------------------------------------------
Function    Best Rate MB/s  Avg time     Min time     Max time
Copy:           11663.7     0.000725     0.000678     0.000789
Scale:          10776.9     0.000749     0.000734     0.000788
Add:             8987.9     0.001358     0.001320     0.001475
Triad:           9104.7     0.001343     0.001303     0.001486
-------------------------------------------------------------
Solution Validates: avg error less than 1.000000e-06 on all three arrays
-------------------------------------------------------------



--- run 3 ---
-------------------------------------------------------------
STREAM (dynamic) version — custom malloc-based implementation
-------------------------------------------------------------
This system uses 4 bytes per array element.
-------------------------------------------------------------
Array size = 988586 (elements), Offset = 0 (elements)
Memory per array = 3.8 MiB (= 0.0 GiB).
Total memory required = 11.3 MiB (= 0.0 GiB).
Each kernel will be executed 90 times.
-------------------------------------------------------------
Function    Best Rate MB/s  Avg time     Min time     Max time
Copy:           12753.3     0.000733     0.000620     0.000816
Scale:          12437.7     0.000749     0.000636     0.000805
Add:             9217.7     0.001397     0.001287     0.001555
Triad:           9224.5     0.001386     0.001286     0.001555
-------------------------------------------------------------
Solution Validates: avg error less than 1.000000e-06 on all three arrays
-------------------------------------------------------------



--- run 4 ---
-------------------------------------------------------------
STREAM (dynamic) version — custom malloc-based implementation
-------------------------------------------------------------
This system uses 4 bytes per array element.
-------------------------------------------------------------
Array size = 988586 (elements), Offset = 0 (elements)
Memory per array = 3.8 MiB (= 0.0 GiB).
Total memory required = 11.3 MiB (= 0.0 GiB).
Each kernel will be executed 90 times.
-------------------------------------------------------------
Function    Best Rate MB/s  Avg time     Min time     Max time
Copy:           11771.3     0.000706     0.000672     0.000748
Scale:          10731.6     0.000749     0.000737     0.000814
Add:             9000.9     0.001354     0.001318     0.001505
Triad:           9089.7     0.001367     0.001305     0.001466
-------------------------------------------------------------
Solution Validates: avg error less than 1.000000e-06 on all three arrays
-------------------------------------------------------------



--- run 5 ---
-------------------------------------------------------------
STREAM (dynamic) version — custom malloc-based implementation
-------------------------------------------------------------
This system uses 4 bytes per array element.
-------------------------------------------------------------
Array size = 988586 (elements), Offset = 0 (elements)
Memory per array = 3.8 MiB (= 0.0 GiB).
Total memory required = 11.3 MiB (= 0.0 GiB).
Each kernel will be executed 90 times.
-------------------------------------------------------------
Function    Best Rate MB/s  Avg time     Min time     Max time
Copy:           11684.2     0.000711     0.000677     0.000792
Scale:          10714.3     0.000754     0.000738     0.000811
Add:             8960.4     0.001375     0.001324     0.001505
Triad:           9069.8     0.001348     0.001308     0.001476
-------------------------------------------------------------
Solution Validates: avg error less than 1.000000e-06 on all three arrays
-------------------------------------------------------------



--- run 1 ---
-------------------------------------------------------------
STREAM (dynamic) version — custom malloc-based implementation
-------------------------------------------------------------
This system uses 4 bytes per array element.
-------------------------------------------------------------
Array size = 1109674 (elements), Offset = 0 (elements)
Memory per array = 4.2 MiB (= 0.0 GiB).
Total memory required = 12.7 MiB (= 0.0 GiB).
Each kernel will be executed 80 times.
-------------------------------------------------------------
Function    Best Rate MB/s  Avg time     Min time     Max time
Copy:           11574.3     0.000819     0.000767     0.000890
Scale:          10786.4     0.000838     0.000823     0.000863
Add:             8962.1     0.001569     0.001486     0.001693
Triad:           9063.9     0.001565     0.001469     0.001648
-------------------------------------------------------------
Solution Validates: avg error less than 1.000000e-06 on all three arrays
-------------------------------------------------------------



--- run 2 ---
-------------------------------------------------------------
STREAM (dynamic) version — custom malloc-based implementation
-------------------------------------------------------------
This system uses 4 bytes per array element.
-------------------------------------------------------------
Array size = 1109674 (elements), Offset = 0 (elements)
Memory per array = 4.2 MiB (= 0.0 GiB).
Total memory required = 12.7 MiB (= 0.0 GiB).
Each kernel will be executed 80 times.
-------------------------------------------------------------
Function    Best Rate MB/s  Avg time     Min time     Max time
Copy:           13350.5     0.000833     0.000665     0.001071
Scale:          10798.9     0.000849     0.000822     0.001006
Add:             8936.3     0.001598     0.001490     0.001759
Triad:           9945.1     0.001578     0.001339     0.001776
-------------------------------------------------------------
Solution Validates: avg error less than 1.000000e-06 on all three arrays
-------------------------------------------------------------



--- run 3 ---
-------------------------------------------------------------
STREAM (dynamic) version — custom malloc-based implementation
-------------------------------------------------------------
This system uses 4 bytes per array element.
-------------------------------------------------------------
Array size = 1109674 (elements), Offset = 0 (elements)
Memory per array = 4.2 MiB (= 0.0 GiB).
Total memory required = 12.7 MiB (= 0.0 GiB).
Each kernel will be executed 80 times.
-------------------------------------------------------------
Function    Best Rate MB/s  Avg time     Min time     Max time
Copy:           11545.6     0.000831     0.000769     0.000884
Scale:          10745.9     0.000841     0.000826     0.000904
Add:             9009.8     0.001592     0.001478     0.001659
Triad:           9040.4     0.001591     0.001473     0.001750
-------------------------------------------------------------
Solution Validates: avg error less than 1.000000e-06 on all three arrays
-------------------------------------------------------------



--- run 4 ---
-------------------------------------------------------------
STREAM (dynamic) version — custom malloc-based implementation
-------------------------------------------------------------
This system uses 4 bytes per array element.
-------------------------------------------------------------
Array size = 1109674 (elements), Offset = 0 (elements)
Memory per array = 4.2 MiB (= 0.0 GiB).
Total memory required = 12.7 MiB (= 0.0 GiB).
Each kernel will be executed 80 times.
-------------------------------------------------------------
Function    Best Rate MB/s  Avg time     Min time     Max time
Copy:           11592.3     0.000818     0.000766     0.000892
Scale:          10693.4     0.000841     0.000830     0.000881
Add:             8966.4     0.001563     0.001485     0.001663
Triad:           9009.8     0.001555     0.001478     0.001700
-------------------------------------------------------------
Solution Validates: avg error less than 1.000000e-06 on all three arrays
-------------------------------------------------------------



--- run 5 ---
-------------------------------------------------------------
STREAM (dynamic) version — custom malloc-based implementation
-------------------------------------------------------------
This system uses 4 bytes per array element.
-------------------------------------------------------------
Array size = 1109674 (elements), Offset = 0 (elements)
Memory per array = 4.2 MiB (= 0.0 GiB).
Total memory required = 12.7 MiB (= 0.0 GiB).
Each kernel will be executed 80 times.
-------------------------------------------------------------
Function    Best Rate MB/s  Avg time     Min time     Max time
Copy:           12826.2     0.000817     0.000692     0.001071
Scale:          12176.1     0.000850     0.000729     0.000998
Add:             9108.2     0.001555     0.001462     0.001777
Triad:           9108.2     0.001553     0.001462     0.001835
-------------------------------------------------------------
Solution Validates: avg error less than 1.000000e-06 on all three arrays
-------------------------------------------------------------



--- run 1 ---
-------------------------------------------------------------
STREAM (dynamic) version — custom malloc-based implementation
-------------------------------------------------------------
This system uses 4 bytes per array element.
-------------------------------------------------------------
Array size = 1245525 (elements), Offset = 0 (elements)
Memory per array = 4.8 MiB (= 0.0 GiB).
Total memory required = 14.3 MiB (= 0.0 GiB).
Each kernel will be executed 71 times.
-------------------------------------------------------------
Function    Best Rate MB/s  Avg time     Min time     Max time
Copy:           11400.1     0.000920     0.000874     0.000997
Scale:          12546.6     0.000944     0.000794     0.000992
Add:             8971.0     0.001778     0.001666     0.001945
Triad:           8981.3     0.001773     0.001664     0.001907
-------------------------------------------------------------
Solution Validates: avg error less than 1.000000e-06 on all three arrays
-------------------------------------------------------------



--- run 2 ---
-------------------------------------------------------------
STREAM (dynamic) version — custom malloc-based implementation
-------------------------------------------------------------
This system uses 4 bytes per array element.
-------------------------------------------------------------
Array size = 1245525 (elements), Offset = 0 (elements)
Memory per array = 4.8 MiB (= 0.0 GiB).
Total memory required = 14.3 MiB (= 0.0 GiB).
Each kernel will be executed 71 times.
-------------------------------------------------------------
Function    Best Rate MB/s  Avg time     Min time     Max time
Copy:           11503.7     0.000930     0.000866     0.000998
Scale:          10771.4     0.000937     0.000925     0.000970
Add:             8950.5     0.001739     0.001670     0.001853
Triad:           9042.2     0.001737     0.001653     0.001870
-------------------------------------------------------------
Solution Validates: avg error less than 1.000000e-06 on all three arrays
-------------------------------------------------------------



--- run 3 ---
-------------------------------------------------------------
STREAM (dynamic) version — custom malloc-based implementation
-------------------------------------------------------------
This system uses 4 bytes per array element.
-------------------------------------------------------------
Array size = 1245525 (elements), Offset = 0 (elements)
Memory per array = 4.8 MiB (= 0.0 GiB).
Total memory required = 14.3 MiB (= 0.0 GiB).
Each kernel will be executed 71 times.
-------------------------------------------------------------
Function    Best Rate MB/s  Avg time     Min time     Max time
Copy:           11545.0     0.000898     0.000863     0.000954
Scale:          10760.3     0.000940     0.000926     0.000986
Add:             8955.6     0.001696     0.001669     0.001850
Triad:           8987.7     0.001690     0.001663     0.001819
-------------------------------------------------------------
Solution Validates: avg error less than 1.000000e-06 on all three arrays
-------------------------------------------------------------



--- run 4 ---
-------------------------------------------------------------
STREAM (dynamic) version — custom malloc-based implementation
-------------------------------------------------------------
This system uses 4 bytes per array element.
-------------------------------------------------------------
Array size = 1245525 (elements), Offset = 0 (elements)
Memory per array = 4.8 MiB (= 0.0 GiB).
Total memory required = 14.3 MiB (= 0.0 GiB).
Each kernel will be executed 71 times.
-------------------------------------------------------------
Function    Best Rate MB/s  Avg time     Min time     Max time
Copy:           13301.4     0.000913     0.000749     0.001043
Scale:          12565.5     0.000938     0.000793     0.001038
Add:            10011.1     0.001750     0.001493     0.001976
Triad:           9412.8     0.001765     0.001588     0.001958
-------------------------------------------------------------
Solution Validates: avg error less than 1.000000e-06 on all three arrays
-------------------------------------------------------------



--- run 5 ---
-------------------------------------------------------------
STREAM (dynamic) version — custom malloc-based implementation
-------------------------------------------------------------
This system uses 4 bytes per array element.
-------------------------------------------------------------
Array size = 1245525 (elements), Offset = 0 (elements)
Memory per array = 4.8 MiB (= 0.0 GiB).
Total memory required = 14.3 MiB (= 0.0 GiB).
Each kernel will be executed 71 times.
-------------------------------------------------------------
Function    Best Rate MB/s  Avg time     Min time     Max time
Copy:           11561.0     0.000894     0.000862     0.000943
Scale:          10782.5     0.000941     0.000924     0.001041
Add:             9009.7     0.001691     0.001659     0.001883
Triad:           9004.5     0.001681     0.001660     0.001716
-------------------------------------------------------------
Solution Validates: avg error less than 1.000000e-06 on all three arrays
-------------------------------------------------------------



--- run 1 ---
-------------------------------------------------------------
STREAM (dynamic) version — custom malloc-based implementation
-------------------------------------------------------------
This system uses 4 bytes per array element.
-------------------------------------------------------------
Array size = 1398101 (elements), Offset = 0 (elements)
Memory per array = 5.3 MiB (= 0.0 GiB).
Total memory required = 16.0 MiB (= 0.0 GiB).
Each kernel will be executed 64 times.
-------------------------------------------------------------
Function    Best Rate MB/s  Avg time     Min time     Max time
Copy:           11566.2     0.001013     0.000967     0.001076
Scale:          10777.0     0.001051     0.001038     0.001090
Add:             8985.9     0.001913     0.001867     0.002060
Triad:           9029.7     0.001963     0.001858     0.002108
-------------------------------------------------------------
Solution Validates: avg error less than 1.000000e-06 on all three arrays
-------------------------------------------------------------



--- run 2 ---
-------------------------------------------------------------
STREAM (dynamic) version — custom malloc-based implementation
-------------------------------------------------------------
This system uses 4 bytes per array element.
-------------------------------------------------------------
Array size = 1398101 (elements), Offset = 0 (elements)
Memory per array = 5.3 MiB (= 0.0 GiB).
Total memory required = 16.0 MiB (= 0.0 GiB).
Each kernel will be executed 64 times.
-------------------------------------------------------------
Function    Best Rate MB/s  Avg time     Min time     Max time
Copy:           11554.8     0.001015     0.000968     0.001101
Scale:          10745.0     0.001056     0.001041     0.001169
Add:             8987.1     0.001940     0.001867     0.002104
Triad:           9048.3     0.001923     0.001854     0.002086
-------------------------------------------------------------
Solution Validates: avg error less than 1.000000e-06 on all three arrays
-------------------------------------------------------------



--- run 3 ---
-------------------------------------------------------------
STREAM (dynamic) version — custom malloc-based implementation
-------------------------------------------------------------
This system uses 4 bytes per array element.
-------------------------------------------------------------
Array size = 1398101 (elements), Offset = 0 (elements)
Memory per array = 5.3 MiB (= 0.0 GiB).
Total memory required = 16.0 MiB (= 0.0 GiB).
Each kernel will be executed 64 times.
-------------------------------------------------------------
Function    Best Rate MB/s  Avg time     Min time     Max time
Copy:           11495.3     0.001063     0.000973     0.001241
Scale:          10932.8     0.001063     0.001023     0.001152
Add:             8952.8     0.001969     0.001874     0.002199
Triad:           9054.1     0.001986     0.001853     0.002238
-------------------------------------------------------------
Solution Validates: avg error less than 1.000000e-06 on all three arrays
-------------------------------------------------------------



--- run 4 ---
-------------------------------------------------------------
STREAM (dynamic) version — custom malloc-based implementation
-------------------------------------------------------------
This system uses 4 bytes per array element.
-------------------------------------------------------------
Array size = 1398101 (elements), Offset = 0 (elements)
Memory per array = 5.3 MiB (= 0.0 GiB).
Total memory required = 16.0 MiB (= 0.0 GiB).
Each kernel will be executed 64 times.
-------------------------------------------------------------
Function    Best Rate MB/s  Avg time     Min time     Max time
Copy:           11461.6     0.001012     0.000976     0.001078
Scale:          10777.0     0.001050     0.001038     0.001077
Add:             8976.7     0.001945     0.001869     0.002066
Triad:           9019.3     0.001895     0.001860     0.002064
-------------------------------------------------------------
Solution Validates: avg error less than 1.000000e-06 on all three arrays
-------------------------------------------------------------



--- run 5 ---
-------------------------------------------------------------
STREAM (dynamic) version — custom malloc-based implementation
-------------------------------------------------------------
This system uses 4 bytes per array element.
-------------------------------------------------------------
Array size = 1398101 (elements), Offset = 0 (elements)
Memory per array = 5.3 MiB (= 0.0 GiB).
Total memory required = 16.0 MiB (= 0.0 GiB).
Each kernel will be executed 64 times.
-------------------------------------------------------------
Function    Best Rate MB/s  Avg time     Min time     Max time
Copy:           11353.5     0.001069     0.000985     0.001143
Scale:          10836.8     0.001055     0.001032     0.001112
Add:             8981.3     0.001986     0.001868     0.002155
Triad:           8981.3     0.001996     0.001868     0.002195
-------------------------------------------------------------
Solution Validates: avg error less than 1.000000e-06 on all three arrays
-------------------------------------------------------------



--- run 1 ---
-------------------------------------------------------------
STREAM (dynamic) version — custom malloc-based implementation
-------------------------------------------------------------
This system uses 4 bytes per array element.
-------------------------------------------------------------
Array size = 1569280 (elements), Offset = 0 (elements)
Memory per array = 6.0 MiB (= 0.0 GiB).
Total memory required = 18.0 MiB (= 0.0 GiB).
Each kernel will be executed 57 times.
-------------------------------------------------------------
Function    Best Rate MB/s  Avg time     Min time     Max time
Copy:           11201.1     0.001184     0.001121     0.001242
Scale:          10759.4     0.001182     0.001167     0.001252
Add:             8980.6     0.002196     0.002097     0.002315
Triad:           8865.7     0.002274     0.002124     0.002349
-------------------------------------------------------------
Solution Validates: avg error less than 1.000000e-06 on all three arrays
-------------------------------------------------------------



--- run 2 ---
-------------------------------------------------------------
STREAM (dynamic) version — custom malloc-based implementation
-------------------------------------------------------------
This system uses 4 bytes per array element.
-------------------------------------------------------------
Array size = 1569280 (elements), Offset = 0 (elements)
Memory per array = 6.0 MiB (= 0.0 GiB).
Total memory required = 18.0 MiB (= 0.0 GiB).
Each kernel will be executed 57 times.
-------------------------------------------------------------
Function    Best Rate MB/s  Avg time     Min time     Max time
Copy:           12308.6     0.001182     0.001020     0.001366
Scale:          12540.2     0.001200     0.001001     0.001394
Add:             8967.4     0.002250     0.002100     0.002623
Triad:           8992.9     0.002281     0.002094     0.002526
-------------------------------------------------------------
Solution Validates: avg error less than 1.000000e-06 on all three arrays
-------------------------------------------------------------



--- run 3 ---
-------------------------------------------------------------
STREAM (dynamic) version — custom malloc-based implementation
-------------------------------------------------------------
This system uses 4 bytes per array element.
-------------------------------------------------------------
Array size = 1569280 (elements), Offset = 0 (elements)
Memory per array = 6.0 MiB (= 0.0 GiB).
Total memory required = 18.0 MiB (= 0.0 GiB).
Each kernel will be executed 57 times.
-------------------------------------------------------------
Function    Best Rate MB/s  Avg time     Min time     Max time
Copy:           11392.5     0.001168     0.001102     0.001242
Scale:          10785.8     0.001180     0.001164     0.001214
Add:             8992.9     0.002146     0.002094     0.002317
Triad:           9019.6     0.002138     0.002088     0.002299
-------------------------------------------------------------
Solution Validates: avg error less than 1.000000e-06 on all three arrays
-------------------------------------------------------------



--- run 4 ---
-------------------------------------------------------------
STREAM (dynamic) version — custom malloc-based implementation
-------------------------------------------------------------
This system uses 4 bytes per array element.
-------------------------------------------------------------
Array size = 1569280 (elements), Offset = 0 (elements)
Memory per array = 6.0 MiB (= 0.0 GiB).
Total memory required = 18.0 MiB (= 0.0 GiB).
Each kernel will be executed 57 times.
-------------------------------------------------------------
Function    Best Rate MB/s  Avg time     Min time     Max time
Copy:           11560.1     0.001138     0.001086     0.001285
Scale:          10766.0     0.001182     0.001166     0.001225
Add:             8979.6     0.002136     0.002097     0.002404
Triad:           9049.5     0.002138     0.002081     0.002432
-------------------------------------------------------------
Solution Validates: avg error less than 1.000000e-06 on all three arrays
-------------------------------------------------------------



--- run 5 ---
-------------------------------------------------------------
STREAM (dynamic) version — custom malloc-based implementation
-------------------------------------------------------------
This system uses 4 bytes per array element.
-------------------------------------------------------------
Array size = 1569280 (elements), Offset = 0 (elements)
Memory per array = 6.0 MiB (= 0.0 GiB).
Total memory required = 18.0 MiB (= 0.0 GiB).
Each kernel will be executed 57 times.
-------------------------------------------------------------
Function    Best Rate MB/s  Avg time     Min time     Max time
Copy:           11382.7     0.001183     0.001103     0.001419
Scale:          10785.8     0.001184     0.001164     0.001215
Add:             8988.8     0.002212     0.002095     0.002349
Triad:           8903.7     0.002240     0.002115     0.002351
-------------------------------------------------------------
Solution Validates: avg error less than 1.000000e-06 on all three arrays
-------------------------------------------------------------



--- run 1 ---
-------------------------------------------------------------
STREAM (dynamic) version — custom malloc-based implementation
-------------------------------------------------------------
This system uses 4 bytes per array element.
-------------------------------------------------------------
Array size = 1761536 (elements), Offset = 0 (elements)
Memory per array = 6.7 MiB (= 0.0 GiB).
Total memory required = 20.2 MiB (= 0.0 GiB).
Each kernel will be executed 50 times.
-------------------------------------------------------------
Function    Best Rate MB/s  Avg time     Min time     Max time
Copy:           11524.1     0.001319     0.001223     0.001624
Scale:          12189.6     0.001330     0.001156     0.001372
Add:            10153.6     0.002495     0.002082     0.002771
Triad:           9595.3     0.002444     0.002203     0.002768
-------------------------------------------------------------
Solution Validates: avg error less than 1.000000e-06 on all three arrays
-------------------------------------------------------------



--- run 2 ---
-------------------------------------------------------------
STREAM (dynamic) version — custom malloc-based implementation
-------------------------------------------------------------
This system uses 4 bytes per array element.
-------------------------------------------------------------
Array size = 1761536 (elements), Offset = 0 (elements)
Memory per array = 6.7 MiB (= 0.0 GiB).
Total memory required = 20.2 MiB (= 0.0 GiB).
Each kernel will be executed 50 times.
-------------------------------------------------------------
Function    Best Rate MB/s  Avg time     Min time     Max time
Copy:           11560.2     0.001294     0.001219     0.001376
Scale:          10774.2     0.001325     0.001308     0.001362
Add:             8991.1     0.002513     0.002351     0.002687
Triad:           9013.9     0.002455     0.002345     0.002593
-------------------------------------------------------------
Solution Validates: avg error less than 1.000000e-06 on all three arrays
-------------------------------------------------------------



--- run 3 ---
-------------------------------------------------------------
STREAM (dynamic) version — custom malloc-based implementation
-------------------------------------------------------------
This system uses 4 bytes per array element.
-------------------------------------------------------------
Array size = 1761536 (elements), Offset = 0 (elements)
Memory per array = 6.7 MiB (= 0.0 GiB).
Total memory required = 20.2 MiB (= 0.0 GiB).
Each kernel will be executed 50 times.
-------------------------------------------------------------
Function    Best Rate MB/s  Avg time     Min time     Max time
Copy:           11512.9     0.001270     0.001224     0.001350
Scale:          10815.6     0.001322     0.001303     0.001358
Add:             9060.0     0.002413     0.002333     0.002648
Triad:           9013.9     0.002378     0.002345     0.002571
-------------------------------------------------------------
Solution Validates: avg error less than 1.000000e-06 on all three arrays
-------------------------------------------------------------



--- run 4 ---
-------------------------------------------------------------
STREAM (dynamic) version — custom malloc-based implementation
-------------------------------------------------------------
This system uses 4 bytes per array element.
-------------------------------------------------------------
Array size = 1761536 (elements), Offset = 0 (elements)
Memory per array = 6.7 MiB (= 0.0 GiB).
Total memory required = 20.2 MiB (= 0.0 GiB).
Each kernel will be executed 50 times.
-------------------------------------------------------------
Function    Best Rate MB/s  Avg time     Min time     Max time
Copy:           11345.0     0.001331     0.001242     0.001569
Scale:          10815.6     0.001340     0.001303     0.001633
Add:             8972.9     0.002516     0.002356     0.002774
Triad:           8995.6     0.002545     0.002350     0.002756
-------------------------------------------------------------
Solution Validates: avg error less than 1.000000e-06 on all three arrays
-------------------------------------------------------------



--- run 5 ---
-------------------------------------------------------------
STREAM (dynamic) version — custom malloc-based implementation
-------------------------------------------------------------
This system uses 4 bytes per array element.
-------------------------------------------------------------
Array size = 1761536 (elements), Offset = 0 (elements)
Memory per array = 6.7 MiB (= 0.0 GiB).
Total memory required = 20.2 MiB (= 0.0 GiB).
Each kernel will be executed 50 times.
-------------------------------------------------------------
Function    Best Rate MB/s  Avg time     Min time     Max time
Copy:           11530.9     0.001281     0.001222     0.001378
Scale:          10748.7     0.001325     0.001311     0.001386
Add:             8963.8     0.002537     0.002358     0.002715
Triad:           9006.6     0.002464     0.002347     0.002598
-------------------------------------------------------------
Solution Validates: avg error less than 1.000000e-06 on all three arrays
-------------------------------------------------------------



--- run 1 ---
-------------------------------------------------------------
STREAM (dynamic) version — custom malloc-based implementation
-------------------------------------------------------------
This system uses 4 bytes per array element.
-------------------------------------------------------------
Array size = 1977173 (elements), Offset = 0 (elements)
Memory per array = 7.5 MiB (= 0.0 GiB).
Total memory required = 22.6 MiB (= 0.0 GiB).
Each kernel will be executed 45 times.
-------------------------------------------------------------
Function    Best Rate MB/s  Avg time     Min time     Max time
Copy:           11537.9     0.001426     0.001371     0.001567
Scale:          10789.2     0.001481     0.001466     0.001507
Add:             8994.4     0.002735     0.002638     0.002908
Triad:           9014.8     0.002709     0.002632     0.002893
-------------------------------------------------------------
Solution Validates: avg error less than 1.000000e-06 on all three arrays
-------------------------------------------------------------



--- run 2 ---
-------------------------------------------------------------
STREAM (dynamic) version — custom malloc-based implementation
-------------------------------------------------------------
This system uses 4 bytes per array element.
-------------------------------------------------------------
Array size = 1977173 (elements), Offset = 0 (elements)
Memory per array = 7.5 MiB (= 0.0 GiB).
Total memory required = 22.6 MiB (= 0.0 GiB).
Each kernel will be executed 45 times.
-------------------------------------------------------------
Function    Best Rate MB/s  Avg time     Min time     Max time
Copy:           11389.3     0.001446     0.001389     0.001552
Scale:          10775.2     0.001488     0.001468     0.001510
Add:             8977.4     0.002721     0.002643     0.002910
Triad:           8990.4     0.002724     0.002639     0.002914
-------------------------------------------------------------
Solution Validates: avg error less than 1.000000e-06 on all three arrays
-------------------------------------------------------------



--- run 3 ---
-------------------------------------------------------------
STREAM (dynamic) version — custom malloc-based implementation
-------------------------------------------------------------
This system uses 4 bytes per array element.
-------------------------------------------------------------
Array size = 1977173 (elements), Offset = 0 (elements)
Memory per array = 7.5 MiB (= 0.0 GiB).
Total memory required = 22.6 MiB (= 0.0 GiB).
Each kernel will be executed 45 times.
-------------------------------------------------------------
Function    Best Rate MB/s  Avg time     Min time     Max time
Copy:           11379.6     0.001462     0.001390     0.001843
Scale:          10754.2     0.001519     0.001471     0.002259
Add:             8933.1     0.002757     0.002656     0.003119
Triad:           8993.6     0.002798     0.002638     0.003138
-------------------------------------------------------------
Solution Validates: avg error less than 1.000000e-06 on all three arrays
-------------------------------------------------------------



--- run 4 ---
-------------------------------------------------------------
STREAM (dynamic) version — custom malloc-based implementation
-------------------------------------------------------------
This system uses 4 bytes per array element.
-------------------------------------------------------------
Array size = 1977173 (elements), Offset = 0 (elements)
Memory per array = 7.5 MiB (= 0.0 GiB).
Total memory required = 22.6 MiB (= 0.0 GiB).
Each kernel will be executed 45 times.
-------------------------------------------------------------
Function    Best Rate MB/s  Avg time     Min time     Max time
Copy:           11470.1     0.001456     0.001379     0.001579
Scale:          10775.2     0.001485     0.001468     0.001509
Add:             8970.1     0.002754     0.002645     0.002906
Triad:           9034.4     0.002749     0.002626     0.002897
-------------------------------------------------------------
Solution Validates: avg error less than 1.000000e-06 on all three arrays
-------------------------------------------------------------



--- run 5 ---
-------------------------------------------------------------
STREAM (dynamic) version — custom malloc-based implementation
-------------------------------------------------------------
This system uses 4 bytes per array element.
-------------------------------------------------------------
Array size = 1977173 (elements), Offset = 0 (elements)
Memory per array = 7.5 MiB (= 0.0 GiB).
Total memory required = 22.6 MiB (= 0.0 GiB).
Each kernel will be executed 45 times.
-------------------------------------------------------------
Function    Best Rate MB/s  Avg time     Min time     Max time
Copy:           11470.1     0.001494     0.001379     0.002262
Scale:          10789.2     0.001506     0.001466     0.001757
Add:             9021.3     0.002793     0.002630     0.003147
Triad:           9055.8     0.002830     0.002620     0.003237
-------------------------------------------------------------
Solution Validates: avg error less than 1.000000e-06 on all three arrays
-------------------------------------------------------------



--- run 1 ---
-------------------------------------------------------------
STREAM (dynamic) version — custom malloc-based implementation
-------------------------------------------------------------
This system uses 4 bytes per array element.
-------------------------------------------------------------
Array size = 2219349 (elements), Offset = 0 (elements)
Memory per array = 8.5 MiB (= 0.0 GiB).
Total memory required = 25.4 MiB (= 0.0 GiB).
Each kernel will be executed 40 times.
-------------------------------------------------------------
Function    Best Rate MB/s  Avg time     Min time     Max time
Copy:           11439.2     0.001677     0.001552     0.001894
Scale:          10747.4     0.001697     0.001652     0.002006
Add:             8949.2     0.003193     0.002976     0.003388
Triad:           8916.3     0.003196     0.002987     0.003356
-------------------------------------------------------------
Solution Validates: avg error less than 1.000000e-06 on all three arrays
-------------------------------------------------------------



--- run 2 ---
-------------------------------------------------------------
STREAM (dynamic) version — custom malloc-based implementation
-------------------------------------------------------------
This system uses 4 bytes per array element.
-------------------------------------------------------------
Array size = 2219349 (elements), Offset = 0 (elements)
Memory per array = 8.5 MiB (= 0.0 GiB).
Total memory required = 25.4 MiB (= 0.0 GiB).
Each kernel will be executed 40 times.
-------------------------------------------------------------
Function    Best Rate MB/s  Avg time     Min time     Max time
Copy:           11404.1     0.001610     0.001557     0.001710
Scale:          10780.1     0.001680     0.001647     0.001749
Add:             8967.1     0.003059     0.002970     0.003264
Triad:           8985.2     0.003040     0.002964     0.003231
-------------------------------------------------------------
Solution Validates: avg error less than 1.000000e-06 on all three arrays
-------------------------------------------------------------



--- run 3 ---
-------------------------------------------------------------
STREAM (dynamic) version — custom malloc-based implementation
-------------------------------------------------------------
This system uses 4 bytes per array element.
-------------------------------------------------------------
Array size = 2219349 (elements), Offset = 0 (elements)
Memory per array = 8.5 MiB (= 0.0 GiB).
Total memory required = 25.4 MiB (= 0.0 GiB).
Each kernel will be executed 40 times.
-------------------------------------------------------------
Function    Best Rate MB/s  Avg time     Min time     Max time
Copy:           11485.0     0.001601     0.001546     0.001697
Scale:          10728.9     0.001674     0.001655     0.001726
Add:             8979.4     0.003087     0.002966     0.003273
Triad:           9018.5     0.003020     0.002953     0.003289
-------------------------------------------------------------
Solution Validates: avg error less than 1.000000e-06 on all three arrays
-------------------------------------------------------------



--- run 4 ---
-------------------------------------------------------------
STREAM (dynamic) version — custom malloc-based implementation
-------------------------------------------------------------
This system uses 4 bytes per array element.
-------------------------------------------------------------
Array size = 2219349 (elements), Offset = 0 (elements)
Memory per array = 8.5 MiB (= 0.0 GiB).
Total memory required = 25.4 MiB (= 0.0 GiB).
Each kernel will be executed 40 times.
-------------------------------------------------------------
Function    Best Rate MB/s  Avg time     Min time     Max time
Copy:           11365.8     0.001643     0.001562     0.001895
Scale:          10792.6     0.001700     0.001645     0.001974
Add:             8958.5     0.003149     0.002973     0.003478
Triad:           9039.7     0.003164     0.002946     0.003510
-------------------------------------------------------------
Solution Validates: avg error less than 1.000000e-06 on all three arrays
-------------------------------------------------------------



--- run 5 ---
-------------------------------------------------------------
STREAM (dynamic) version — custom malloc-based implementation
-------------------------------------------------------------
This system uses 4 bytes per array element.
-------------------------------------------------------------
Array size = 2219349 (elements), Offset = 0 (elements)
Memory per array = 8.5 MiB (= 0.0 GiB).
Total memory required = 25.4 MiB (= 0.0 GiB).
Each kernel will be executed 40 times.
-------------------------------------------------------------
Function    Best Rate MB/s  Avg time     Min time     Max time
Copy:           11418.1     0.001613     0.001555     0.001715
Scale:          10741.2     0.001672     0.001653     0.001733
Add:             8931.3     0.003138     0.002982     0.003316
Triad:           8967.1     0.003055     0.002970     0.003267
-------------------------------------------------------------
Solution Validates: avg error less than 1.000000e-06 on all three arrays
-------------------------------------------------------------



--- run 1 ---
-------------------------------------------------------------
STREAM (dynamic) version — custom malloc-based implementation
-------------------------------------------------------------
This system uses 4 bytes per array element.
-------------------------------------------------------------
Array size = 2491136 (elements), Offset = 0 (elements)
Memory per array = 9.5 MiB (= 0.0 GiB).
Total memory required = 28.5 MiB (= 0.0 GiB).
Each kernel will be executed 35 times.
-------------------------------------------------------------
Function    Best Rate MB/s  Avg time     Min time     Max time
Copy:           11507.2     0.001815     0.001732     0.001916
Scale:          10742.7     0.001872     0.001855     0.001891
Add:             8931.7     0.003438     0.003347     0.003718
Triad:           8982.2     0.003425     0.003328     0.003665
-------------------------------------------------------------
Solution Validates: avg error less than 1.000000e-06 on all three arrays
-------------------------------------------------------------



--- run 2 ---
-------------------------------------------------------------
STREAM (dynamic) version — custom malloc-based implementation
-------------------------------------------------------------
This system uses 4 bytes per array element.
-------------------------------------------------------------
Array size = 2491136 (elements), Offset = 0 (elements)
Memory per array = 9.5 MiB (= 0.0 GiB).
Total memory required = 28.5 MiB (= 0.0 GiB).
Each kernel will be executed 35 times.
-------------------------------------------------------------
Function    Best Rate MB/s  Avg time     Min time     Max time
Copy:           11532.7     0.001814     0.001728     0.001931
Scale:          10760.6     0.001874     0.001852     0.001922
Add:             9006.8     0.003438     0.003319     0.003717
Triad:           8980.3     0.003572     0.003329     0.003715
-------------------------------------------------------------
Solution Validates: avg error less than 1.000000e-06 on all three arrays
-------------------------------------------------------------



--- run 3 ---
-------------------------------------------------------------
STREAM (dynamic) version — custom malloc-based implementation
-------------------------------------------------------------
This system uses 4 bytes per array element.
-------------------------------------------------------------
Array size = 2491136 (elements), Offset = 0 (elements)
Memory per array = 9.5 MiB (= 0.0 GiB).
Total memory required = 28.5 MiB (= 0.0 GiB).
Each kernel will be executed 35 times.
-------------------------------------------------------------
Function    Best Rate MB/s  Avg time     Min time     Max time
Copy:           11349.4     0.001879     0.001756     0.001978
Scale:          10726.1     0.001894     0.001858     0.001972
Add:             8950.2     0.003571     0.003340     0.004002
Triad:           8955.9     0.003640     0.003338     0.003910
-------------------------------------------------------------
Solution Validates: avg error less than 1.000000e-06 on all three arrays
-------------------------------------------------------------



--- run 4 ---
-------------------------------------------------------------
STREAM (dynamic) version — custom malloc-based implementation
-------------------------------------------------------------
This system uses 4 bytes per array element.
-------------------------------------------------------------
Array size = 2491136 (elements), Offset = 0 (elements)
Memory per array = 9.5 MiB (= 0.0 GiB).
Total memory required = 28.5 MiB (= 0.0 GiB).
Each kernel will be executed 35 times.
-------------------------------------------------------------
Function    Best Rate MB/s  Avg time     Min time     Max time
Copy:           11447.4     0.001790     0.001741     0.001891
Scale:          10755.1     0.001873     0.001853     0.001900
Add:             8974.5     0.003376     0.003331     0.003637
Triad:           9015.2     0.003383     0.003316     0.003645
-------------------------------------------------------------
Solution Validates: avg error less than 1.000000e-06 on all three arrays
-------------------------------------------------------------



--- run 5 ---
-------------------------------------------------------------
STREAM (dynamic) version — custom malloc-based implementation
-------------------------------------------------------------
This system uses 4 bytes per array element.
-------------------------------------------------------------
Array size = 2491136 (elements), Offset = 0 (elements)
Memory per array = 9.5 MiB (= 0.0 GiB).
Total memory required = 28.5 MiB (= 0.0 GiB).
Each kernel will be executed 35 times.
-------------------------------------------------------------
Function    Best Rate MB/s  Avg time     Min time     Max time
Copy:           11388.1     0.001835     0.001750     0.001923
Scale:          12294.3     0.001870     0.001621     0.001956
Add:             8988.0     0.003452     0.003326     0.003648
Triad:           8961.0     0.003484     0.003336     0.003691
-------------------------------------------------------------
Solution Validates: avg error less than 1.000000e-06 on all three arrays
-------------------------------------------------------------



--- run 1 ---
-------------------------------------------------------------
STREAM (dynamic) version — custom malloc-based implementation
-------------------------------------------------------------
This system uses 4 bytes per array element.
-------------------------------------------------------------
Array size = 2796202 (elements), Offset = 0 (elements)
Memory per array = 10.7 MiB (= 0.0 GiB).
Total memory required = 32.0 MiB (= 0.0 GiB).
Each kernel will be executed 32 times.
-------------------------------------------------------------
Function    Best Rate MB/s  Avg time     Min time     Max time
Copy:           11442.1     0.002064     0.001955     0.002171
Scale:          10743.7     0.002101     0.002082     0.002130
Add:             8938.0     0.003959     0.003754     0.004205
Triad:           8993.4     0.003941     0.003731     0.004193
-------------------------------------------------------------
Solution Validates: avg error less than 1.000000e-06 on all three arrays
-------------------------------------------------------------



--- run 2 ---
-------------------------------------------------------------
STREAM (dynamic) version — custom malloc-based implementation
-------------------------------------------------------------
This system uses 4 bytes per array element.
-------------------------------------------------------------
Array size = 2796202 (elements), Offset = 0 (elements)
Memory per array = 10.7 MiB (= 0.0 GiB).
Total memory required = 32.0 MiB (= 0.0 GiB).
Each kernel will be executed 32 times.
-------------------------------------------------------------
Function    Best Rate MB/s  Avg time     Min time     Max time
Copy:           11478.5     0.002068     0.001949     0.002425
Scale:          10870.7     0.002119     0.002058     0.002421
Add:             8962.5     0.003968     0.003744     0.004440
Triad:           9000.9     0.003953     0.003728     0.004476
-------------------------------------------------------------
Solution Validates: avg error less than 1.000000e-06 on all three arrays
-------------------------------------------------------------



--- run 3 ---
-------------------------------------------------------------
STREAM (dynamic) version — custom malloc-based implementation
-------------------------------------------------------------
This system uses 4 bytes per array element.
-------------------------------------------------------------
Array size = 2796202 (elements), Offset = 0 (elements)
Memory per array = 10.7 MiB (= 0.0 GiB).
Total memory required = 32.0 MiB (= 0.0 GiB).
Each kernel will be executed 32 times.
-------------------------------------------------------------
Function    Best Rate MB/s  Avg time     Min time     Max time
Copy:           11620.6     0.001996     0.001925     0.002153
Scale:          10759.7     0.002105     0.002079     0.002162
Add:             8962.5     0.003819     0.003744     0.004141
Triad:           8993.4     0.003796     0.003731     0.004079
-------------------------------------------------------------
Solution Validates: avg error less than 1.000000e-06 on all three arrays
-------------------------------------------------------------



--- run 4 ---
-------------------------------------------------------------
STREAM (dynamic) version — custom malloc-based implementation
-------------------------------------------------------------
This system uses 4 bytes per array element.
-------------------------------------------------------------
Array size = 2796202 (elements), Offset = 0 (elements)
Memory per array = 10.7 MiB (= 0.0 GiB).
Total memory required = 32.0 MiB (= 0.0 GiB).
Each kernel will be executed 32 times.
-------------------------------------------------------------
Function    Best Rate MB/s  Avg time     Min time     Max time
Copy:           11560.5     0.002016     0.001935     0.002222
Scale:          10733.9     0.002116     0.002084     0.002177
Add:             8995.7     0.003877     0.003730     0.004364
Triad:           8979.0     0.003902     0.003737     0.004363
-------------------------------------------------------------
Solution Validates: avg error less than 1.000000e-06 on all three arrays
-------------------------------------------------------------



--- run 5 ---
-------------------------------------------------------------
STREAM (dynamic) version — custom malloc-based implementation
-------------------------------------------------------------
This system uses 4 bytes per array element.
-------------------------------------------------------------
Array size = 2796202 (elements), Offset = 0 (elements)
Memory per array = 10.7 MiB (= 0.0 GiB).
Total memory required = 32.0 MiB (= 0.0 GiB).
Each kernel will be executed 32 times.
-------------------------------------------------------------
Function    Best Rate MB/s  Avg time     Min time     Max time
Copy:           11626.4     0.001983     0.001924     0.002113
Scale:          10729.0     0.002108     0.002085     0.002231
Add:             8969.3     0.003790     0.003741     0.004114
Triad:           9019.9     0.003762     0.003720     0.004087
-------------------------------------------------------------
Solution Validates: avg error less than 1.000000e-06 on all three arrays
-------------------------------------------------------------



--- run 1 ---
-------------------------------------------------------------
STREAM (dynamic) version — custom malloc-based implementation
-------------------------------------------------------------
This system uses 4 bytes per array element.
-------------------------------------------------------------
Array size = 3138645 (elements), Offset = 0 (elements)
Memory per array = 12.0 MiB (= 0.0 GiB).
Total memory required = 35.9 MiB (= 0.0 GiB).
Each kernel will be executed 28 times.
-------------------------------------------------------------
Function    Best Rate MB/s  Avg time     Min time     Max time
Copy:           11528.8     0.002276     0.002178     0.002392
Scale:          10734.4     0.002377     0.002339     0.002451
Add:             8944.2     0.004441     0.004211     0.004675
Triad:           9018.8     0.004427     0.004176     0.004749
-------------------------------------------------------------
Solution Validates: avg error less than 1.000000e-06 on all three arrays
-------------------------------------------------------------



--- run 2 ---
-------------------------------------------------------------
STREAM (dynamic) version — custom malloc-based implementation
-------------------------------------------------------------
This system uses 4 bytes per array element.
-------------------------------------------------------------
Array size = 3138645 (elements), Offset = 0 (elements)
Memory per array = 12.0 MiB (= 0.0 GiB).
Total memory required = 35.9 MiB (= 0.0 GiB).
Each kernel will be executed 28 times.
-------------------------------------------------------------
Function    Best Rate MB/s  Avg time     Min time     Max time
Copy:           11733.0     0.002184     0.002140     0.002254
Scale:          10818.2     0.002349     0.002321     0.002374
Add:             9066.9     0.004192     0.004154     0.004246
Triad:           9058.1     0.004185     0.004158     0.004224
-------------------------------------------------------------
Solution Validates: avg error less than 1.000000e-06 on all three arrays
-------------------------------------------------------------



--- run 3 ---
-------------------------------------------------------------
STREAM (dynamic) version — custom malloc-based implementation
-------------------------------------------------------------
This system uses 4 bytes per array element.
-------------------------------------------------------------
Array size = 3138645 (elements), Offset = 0 (elements)
Memory per array = 12.0 MiB (= 0.0 GiB).
Total memory required = 35.9 MiB (= 0.0 GiB).
Each kernel will be executed 28 times.
-------------------------------------------------------------
Function    Best Rate MB/s  Avg time     Min time     Max time
Copy:           11821.2     0.002268     0.002124     0.002383
Scale:          10730.1     0.002377     0.002340     0.002423
Add:             9019.3     0.004376     0.004176     0.004855
Triad:           9345.9     0.004348     0.004030     0.004579
-------------------------------------------------------------
Solution Validates: avg error less than 1.000000e-06 on all three arrays
-------------------------------------------------------------



--- run 4 ---
-------------------------------------------------------------
STREAM (dynamic) version — custom malloc-based implementation
-------------------------------------------------------------
This system uses 4 bytes per array element.
-------------------------------------------------------------
Array size = 3138645 (elements), Offset = 0 (elements)
Memory per array = 12.0 MiB (= 0.0 GiB).
Total memory required = 35.9 MiB (= 0.0 GiB).
Each kernel will be executed 28 times.
-------------------------------------------------------------
Function    Best Rate MB/s  Avg time     Min time     Max time
Copy:           11695.2     0.002215     0.002147     0.002323
Scale:          10803.8     0.002352     0.002324     0.002383
Add:             9066.9     0.004259     0.004154     0.004549
Triad:           9062.8     0.004272     0.004156     0.004523
-------------------------------------------------------------
Solution Validates: avg error less than 1.000000e-06 on all three arrays
-------------------------------------------------------------



--- run 5 ---
-------------------------------------------------------------
STREAM (dynamic) version — custom malloc-based implementation
-------------------------------------------------------------
This system uses 4 bytes per array element.
-------------------------------------------------------------
Array size = 3138645 (elements), Offset = 0 (elements)
Memory per array = 12.0 MiB (= 0.0 GiB).
Total memory required = 35.9 MiB (= 0.0 GiB).
Each kernel will be executed 28 times.
-------------------------------------------------------------
Function    Best Rate MB/s  Avg time     Min time     Max time
Copy:           11727.8     0.002195     0.002141     0.002278
Scale:          10748.7     0.002357     0.002336     0.002383
Add:             9012.6     0.004221     0.004179     0.004501
Triad:           9095.1     0.004204     0.004141     0.004561
-------------------------------------------------------------
Solution Validates: avg error less than 1.000000e-06 on all three arrays
-------------------------------------------------------------



--- run 1 ---
-------------------------------------------------------------
STREAM (dynamic) version — custom malloc-based implementation
-------------------------------------------------------------
This system uses 4 bytes per array element.
-------------------------------------------------------------
Array size = 3522986 (elements), Offset = 0 (elements)
Memory per array = 13.4 MiB (= 0.0 GiB).
Total memory required = 40.3 MiB (= 0.0 GiB).
Each kernel will be executed 25 times.
-------------------------------------------------------------
Function    Best Rate MB/s  Avg time     Min time     Max time
Copy:           11847.2     0.002463     0.002379     0.002601
Scale:          10749.5     0.002647     0.002622     0.002704
Add:             9006.4     0.004847     0.004694     0.005201
Triad:           9117.1     0.004898     0.004637     0.005107
-------------------------------------------------------------
Solution Validates: avg error less than 1.000000e-06 on all three arrays
-------------------------------------------------------------



--- run 2 ---
-------------------------------------------------------------
STREAM (dynamic) version — custom malloc-based implementation
-------------------------------------------------------------
This system uses 4 bytes per array element.
-------------------------------------------------------------
Array size = 3522986 (elements), Offset = 0 (elements)
Memory per array = 13.4 MiB (= 0.0 GiB).
Total memory required = 40.3 MiB (= 0.0 GiB).
Each kernel will be executed 25 times.
-------------------------------------------------------------
Function    Best Rate MB/s  Avg time     Min time     Max time
Copy:           12280.5     0.002556     0.002295     0.002719
Scale:          10790.7     0.002654     0.002612     0.002725
Add:             9023.8     0.004894     0.004685     0.005423
Triad:           9031.6     0.004943     0.004681     0.005440
-------------------------------------------------------------
Solution Validates: avg error less than 1.000000e-06 on all three arrays
-------------------------------------------------------------



--- run 3 ---
-------------------------------------------------------------
STREAM (dynamic) version — custom malloc-based implementation
-------------------------------------------------------------
This system uses 4 bytes per array element.
-------------------------------------------------------------
Array size = 3522986 (elements), Offset = 0 (elements)
Memory per array = 13.4 MiB (= 0.0 GiB).
Total memory required = 40.3 MiB (= 0.0 GiB).
Each kernel will be executed 25 times.
-------------------------------------------------------------
Function    Best Rate MB/s  Avg time     Min time     Max time
Copy:           11728.5     0.002521     0.002403     0.002629
Scale:          10729.0     0.002654     0.002627     0.002695
Add:             8979.5     0.004965     0.004708     0.005170
Triad:           9052.4     0.004898     0.004670     0.005126
-------------------------------------------------------------
Solution Validates: avg error less than 1.000000e-06 on all three arrays
-------------------------------------------------------------



--- run 4 ---
-------------------------------------------------------------
STREAM (dynamic) version — custom malloc-based implementation
-------------------------------------------------------------
This system uses 4 bytes per array element.
-------------------------------------------------------------
Array size = 3522986 (elements), Offset = 0 (elements)
Memory per array = 13.4 MiB (= 0.0 GiB).
Total memory required = 40.3 MiB (= 0.0 GiB).
Each kernel will be executed 25 times.
-------------------------------------------------------------
Function    Best Rate MB/s  Avg time     Min time     Max time
Copy:           11651.1     0.002523     0.002419     0.002727
Scale:          10785.7     0.002652     0.002613     0.002732
Add:             9099.3     0.004881     0.004646     0.005373
Triad:           8924.8     0.005113     0.004737     0.005396
-------------------------------------------------------------
Solution Validates: avg error less than 1.000000e-06 on all three arrays
-------------------------------------------------------------



--- run 5 ---
-------------------------------------------------------------
STREAM (dynamic) version — custom malloc-based implementation
-------------------------------------------------------------
This system uses 4 bytes per array element.
-------------------------------------------------------------
Array size = 3522986 (elements), Offset = 0 (elements)
Memory per array = 13.4 MiB (= 0.0 GiB).
Total memory required = 40.3 MiB (= 0.0 GiB).
Each kernel will be executed 25 times.
-------------------------------------------------------------
Function    Best Rate MB/s  Avg time     Min time     Max time
Copy:           11816.5     0.002460     0.002385     0.002810
Scale:          10724.1     0.002657     0.002628     0.002714
Add:             9002.7     0.004808     0.004696     0.005226
Triad:           9066.2     0.004953     0.004663     0.005177
-------------------------------------------------------------
Solution Validates: avg error less than 1.000000e-06 on all three arrays
-------------------------------------------------------------



--- run 1 ---
-------------------------------------------------------------
STREAM (dynamic) version — custom malloc-based implementation
-------------------------------------------------------------
This system uses 4 bytes per array element.
-------------------------------------------------------------
Array size = 3954432 (elements), Offset = 0 (elements)
Memory per array = 15.1 MiB (= 0.0 GiB).
Total memory required = 45.3 MiB (= 0.0 GiB).
Each kernel will be executed 22 times.
-------------------------------------------------------------
Function    Best Rate MB/s  Avg time     Min time     Max time
Copy:           11848.3     0.002862     0.002670     0.003347
Scale:          10735.3     0.003008     0.002947     0.003438
Add:             9033.4     0.005484     0.005253     0.005872
Triad:           9071.7     0.005500     0.005231     0.005775
-------------------------------------------------------------
Solution Validates: avg error less than 1.000000e-06 on all three arrays
-------------------------------------------------------------



--- run 2 ---
-------------------------------------------------------------
STREAM (dynamic) version — custom malloc-based implementation
-------------------------------------------------------------
This system uses 4 bytes per array element.
-------------------------------------------------------------
Array size = 3954432 (elements), Offset = 0 (elements)
Memory per array = 15.1 MiB (= 0.0 GiB).
Total memory required = 45.3 MiB (= 0.0 GiB).
Each kernel will be executed 22 times.
-------------------------------------------------------------
Function    Best Rate MB/s  Avg time     Min time     Max time
Copy:           11813.5     0.002765     0.002678     0.002916
Scale:          10807.9     0.002952     0.002927     0.002975
Add:             9042.0     0.005341     0.005248     0.005733
Triad:           9031.8     0.005287     0.005254     0.005320
-------------------------------------------------------------
Solution Validates: avg error less than 1.000000e-06 on all three arrays
-------------------------------------------------------------



--- run 3 ---
-------------------------------------------------------------
STREAM (dynamic) version — custom malloc-based implementation
-------------------------------------------------------------
This system uses 4 bytes per array element.
-------------------------------------------------------------
Array size = 3954432 (elements), Offset = 0 (elements)
Memory per array = 15.1 MiB (= 0.0 GiB).
Total memory required = 45.3 MiB (= 0.0 GiB).
Each kernel will be executed 22 times.
-------------------------------------------------------------
Function    Best Rate MB/s  Avg time     Min time     Max time
Copy:           12157.7     0.002801     0.002602     0.003235
Scale:          10734.5     0.003018     0.002947     0.003466
Add:             9018.3     0.005460     0.005262     0.006136
Triad:           9092.4     0.005428     0.005219     0.006030
-------------------------------------------------------------
Solution Validates: avg error less than 1.000000e-06 on all three arrays
-------------------------------------------------------------



--- run 4 ---
-------------------------------------------------------------
STREAM (dynamic) version — custom malloc-based implementation
-------------------------------------------------------------
This system uses 4 bytes per array element.
-------------------------------------------------------------
Array size = 3954432 (elements), Offset = 0 (elements)
Memory per array = 15.1 MiB (= 0.0 GiB).
Total memory required = 45.3 MiB (= 0.0 GiB).
Each kernel will be executed 22 times.
-------------------------------------------------------------
Function    Best Rate MB/s  Avg time     Min time     Max time
Copy:           11630.2     0.002763     0.002720     0.002838
Scale:          10808.8     0.002953     0.002927     0.002981
Add:             9059.3     0.005286     0.005238     0.005391
Triad:           9033.4     0.005293     0.005253     0.005372
-------------------------------------------------------------
Solution Validates: avg error less than 1.000000e-06 on all three arrays
-------------------------------------------------------------



--- run 5 ---
-------------------------------------------------------------
STREAM (dynamic) version — custom malloc-based implementation
-------------------------------------------------------------
This system uses 4 bytes per array element.
-------------------------------------------------------------
Array size = 3954432 (elements), Offset = 0 (elements)
Memory per array = 15.1 MiB (= 0.0 GiB).
Total memory required = 45.3 MiB (= 0.0 GiB).
Each kernel will be executed 22 times.
-------------------------------------------------------------
Function    Best Rate MB/s  Avg time     Min time     Max time
Copy:           11817.7     0.002741     0.002677     0.002788
Scale:          10735.3     0.002975     0.002947     0.003013
Add:             9042.0     0.005296     0.005248     0.005326
Triad:           9073.4     0.005258     0.005230     0.005294
-------------------------------------------------------------
Solution Validates: avg error less than 1.000000e-06 on all three arrays
-------------------------------------------------------------



--- run 1 ---
-------------------------------------------------------------
STREAM (dynamic) version — custom malloc-based implementation
-------------------------------------------------------------
This system uses 4 bytes per array element.
-------------------------------------------------------------
Array size = 4438698 (elements), Offset = 0 (elements)
Memory per array = 16.9 MiB (= 0.0 GiB).
Total memory required = 50.8 MiB (= 0.0 GiB).
Each kernel will be executed 20 times.
-------------------------------------------------------------
Function    Best Rate MB/s  Avg time     Min time     Max time
Copy:           11684.2     0.003099     0.003039     0.003298
Scale:          10777.0     0.003325     0.003295     0.003359
Add:             9023.3     0.005947     0.005903     0.006062
Triad:           9060.2     0.005914     0.005879     0.005950
-------------------------------------------------------------
Solution Validates: avg error less than 1.000000e-06 on all three arrays
-------------------------------------------------------------



--- run 2 ---
-------------------------------------------------------------
STREAM (dynamic) version — custom malloc-based implementation
-------------------------------------------------------------
This system uses 4 bytes per array element.
-------------------------------------------------------------
Array size = 4438698 (elements), Offset = 0 (elements)
Memory per array = 16.9 MiB (= 0.0 GiB).
Total memory required = 50.8 MiB (= 0.0 GiB).
Each kernel will be executed 20 times.
-------------------------------------------------------------
Function    Best Rate MB/s  Avg time     Min time     Max time
Copy:           11608.6     0.003321     0.003059     0.004323
Scale:          10805.9     0.003344     0.003286     0.003454
Add:             9005.1     0.006340     0.005915     0.006807
Triad:           8415.8     0.006529     0.006329     0.006866
-------------------------------------------------------------
Solution Validates: avg error less than 1.000000e-06 on all three arrays
-------------------------------------------------------------



--- run 3 ---
-------------------------------------------------------------
STREAM (dynamic) version — custom malloc-based implementation
-------------------------------------------------------------
This system uses 4 bytes per array element.
-------------------------------------------------------------
Array size = 4438698 (elements), Offset = 0 (elements)
Memory per array = 16.9 MiB (= 0.0 GiB).
Total memory required = 50.8 MiB (= 0.0 GiB).
Each kernel will be executed 20 times.
-------------------------------------------------------------
Function    Best Rate MB/s  Avg time     Min time     Max time
Copy:           11619.4     0.003200     0.003056     0.003325
Scale:          10728.1     0.003336     0.003310     0.003374
Add:             9005.1     0.006235     0.005915     0.006495
Triad:           9095.6     0.006224     0.005856     0.006491
-------------------------------------------------------------
Solution Validates: avg error less than 1.000000e-06 on all three arrays
-------------------------------------------------------------



--- run 4 ---
-------------------------------------------------------------
STREAM (dynamic) version — custom malloc-based implementation
-------------------------------------------------------------
This system uses 4 bytes per array element.
-------------------------------------------------------------
Array size = 4438698 (elements), Offset = 0 (elements)
Memory per array = 16.9 MiB (= 0.0 GiB).
Total memory required = 50.8 MiB (= 0.0 GiB).
Each kernel will be executed 20 times.
-------------------------------------------------------------
Function    Best Rate MB/s  Avg time     Min time     Max time
Copy:           12773.4     0.003242     0.002780     0.004045
Scale:          11355.4     0.003340     0.003127     0.003824
Add:             9120.5     0.006190     0.005840     0.006802
Triad:           9052.5     0.006261     0.005884     0.007097
-------------------------------------------------------------
Solution Validates: avg error less than 1.000000e-06 on all three arrays
-------------------------------------------------------------



--- run 5 ---
-------------------------------------------------------------
STREAM (dynamic) version — custom malloc-based implementation
-------------------------------------------------------------
This system uses 4 bytes per array element.
-------------------------------------------------------------
Array size = 4438698 (elements), Offset = 0 (elements)
Memory per array = 16.9 MiB (= 0.0 GiB).
Total memory required = 50.8 MiB (= 0.0 GiB).
Each kernel will be executed 20 times.
-------------------------------------------------------------
Function    Best Rate MB/s  Avg time     Min time     Max time
Copy:           11761.7     0.003076     0.003019     0.003176
Scale:          10721.9     0.003332     0.003312     0.003370
Add:             9027.6     0.005941     0.005900     0.005978
Triad:           9052.5     0.005930     0.005884     0.006219
-------------------------------------------------------------
Solution Validates: avg error less than 1.000000e-06 on all three arrays
-------------------------------------------------------------



--- run 1 ---
-------------------------------------------------------------
STREAM (dynamic) version — custom malloc-based implementation
-------------------------------------------------------------
This system uses 4 bytes per array element.
-------------------------------------------------------------
Array size = 4982272 (elements), Offset = 0 (elements)
Memory per array = 19.0 MiB (= 0.0 GiB).
Total memory required = 57.0 MiB (= 0.1 GiB).
Each kernel will be executed 17 times.
-------------------------------------------------------------
Function    Best Rate MB/s  Avg time     Min time     Max time
Copy:           11579.8     0.003526     0.003442     0.003784
Scale:          10728.9     0.003749     0.003715     0.003786
Add:             9000.3     0.006764     0.006643     0.007271
Triad:           9015.2     0.006721     0.006632     0.007231
-------------------------------------------------------------
Solution Validates: avg error less than 1.000000e-06 on all three arrays
-------------------------------------------------------------



--- run 2 ---
-------------------------------------------------------------
STREAM (dynamic) version — custom malloc-based implementation
-------------------------------------------------------------
This system uses 4 bytes per array element.
-------------------------------------------------------------
Array size = 4982272 (elements), Offset = 0 (elements)
Memory per array = 19.0 MiB (= 0.0 GiB).
Total memory required = 57.0 MiB (= 0.1 GiB).
Each kernel will be executed 17 times.
-------------------------------------------------------------
Function    Best Rate MB/s  Avg time     Min time     Max time
Copy:           11463.1     0.003637     0.003477     0.003764
Scale:          10743.4     0.003726     0.003710     0.003746
Add:             9189.6     0.006777     0.006506     0.007246
Triad:           9006.8     0.006956     0.006638     0.007277
-------------------------------------------------------------
Solution Validates: avg error less than 1.000000e-06 on all three arrays
-------------------------------------------------------------



--- run 3 ---
-------------------------------------------------------------
STREAM (dynamic) version — custom malloc-based implementation
-------------------------------------------------------------
This system uses 4 bytes per array element.
-------------------------------------------------------------
Array size = 4982272 (elements), Offset = 0 (elements)
Memory per array = 19.0 MiB (= 0.0 GiB).
Total memory required = 57.0 MiB (= 0.1 GiB).
Each kernel will be executed 17 times.
-------------------------------------------------------------
Function    Best Rate MB/s  Avg time     Min time     Max time
Copy:           11737.5     0.003641     0.003396     0.005414
Scale:          11623.3     0.003745     0.003429     0.003849
Add:             8986.7     0.006794     0.006653     0.007060
Triad:           9047.7     0.006797     0.006608     0.007343
-------------------------------------------------------------
Solution Validates: avg error less than 1.000000e-06 on all three arrays
-------------------------------------------------------------



--- run 4 ---
-------------------------------------------------------------
STREAM (dynamic) version — custom malloc-based implementation
-------------------------------------------------------------
This system uses 4 bytes per array element.
-------------------------------------------------------------
Array size = 4982272 (elements), Offset = 0 (elements)
Memory per array = 19.0 MiB (= 0.0 GiB).
Total memory required = 57.0 MiB (= 0.1 GiB).
Each kernel will be executed 17 times.
-------------------------------------------------------------
Function    Best Rate MB/s  Avg time     Min time     Max time
Copy:           11855.7     0.003483     0.003362     0.003560
Scale:          12652.5     0.003684     0.003150     0.003742
Add:             9017.4     0.006686     0.006630     0.006938
Triad:           9042.2     0.006760     0.006612     0.007237
-------------------------------------------------------------
Solution Validates: avg error less than 1.000000e-06 on all three arrays
-------------------------------------------------------------



--- run 5 ---
-------------------------------------------------------------
STREAM (dynamic) version — custom malloc-based implementation
-------------------------------------------------------------
This system uses 4 bytes per array element.
-------------------------------------------------------------
Array size = 4982272 (elements), Offset = 0 (elements)
Memory per array = 19.0 MiB (= 0.0 GiB).
Total memory required = 57.0 MiB (= 0.1 GiB).
Each kernel will be executed 17 times.
-------------------------------------------------------------
Function    Best Rate MB/s  Avg time     Min time     Max time
Copy:           11674.4     0.003572     0.003414     0.003870
Scale:          10697.3     0.003779     0.003726     0.003955
Add:             8974.5     0.006902     0.006662     0.007473
Triad:           9058.8     0.006892     0.006600     0.007623
-------------------------------------------------------------
Solution Validates: avg error less than 1.000000e-06 on all three arrays
-------------------------------------------------------------



--- run 1 ---
-------------------------------------------------------------
STREAM (dynamic) version — custom malloc-based implementation
-------------------------------------------------------------
This system uses 4 bytes per array element.
-------------------------------------------------------------
Array size = 5592405 (elements), Offset = 0 (elements)
Memory per array = 21.3 MiB (= 0.0 GiB).
Total memory required = 64.0 MiB (= 0.1 GiB).
Each kernel will be executed 16 times.
-------------------------------------------------------------
Function    Best Rate MB/s  Avg time     Min time     Max time
Copy:           11596.9     0.004063     0.003858     0.004367
Scale:          10700.2     0.004224     0.004181     0.004360
Add:             9015.0     0.007731     0.007444     0.008154
Triad:           9004.0     0.008061     0.007453     0.008645
-------------------------------------------------------------
Solution Validates: avg error less than 1.000000e-06 on all three arrays
-------------------------------------------------------------



--- run 2 ---
-------------------------------------------------------------
STREAM (dynamic) version — custom malloc-based implementation
-------------------------------------------------------------
This system uses 4 bytes per array element.
-------------------------------------------------------------
Array size = 5592405 (elements), Offset = 0 (elements)
Memory per array = 21.3 MiB (= 0.0 GiB).
Total memory required = 64.0 MiB (= 0.1 GiB).
Each kernel will be executed 16 times.
-------------------------------------------------------------
Function    Best Rate MB/s  Avg time     Min time     Max time
Copy:           11581.9     0.003941     0.003863     0.004165
Scale:          10749.9     0.004189     0.004162     0.004266
Add:             9039.3     0.007507     0.007424     0.007743
Triad:           9942.2     0.007447     0.006750     0.007920
-------------------------------------------------------------
Solution Validates: avg error less than 1.000000e-06 on all three arrays
-------------------------------------------------------------



--- run 3 ---
-------------------------------------------------------------
STREAM (dynamic) version — custom malloc-based implementation
-------------------------------------------------------------
This system uses 4 bytes per array element.
-------------------------------------------------------------
Array size = 5592405 (elements), Offset = 0 (elements)
Memory per array = 21.3 MiB (= 0.0 GiB).
Total memory required = 64.0 MiB (= 0.1 GiB).
Each kernel will be executed 16 times.
-------------------------------------------------------------
Function    Best Rate MB/s  Avg time     Min time     Max time
Copy:           11755.3     0.003882     0.003806     0.003937
Scale:          10708.2     0.004196     0.004178     0.004227
Add:             9041.9     0.007469     0.007422     0.007560
Triad:           9056.5     0.007454     0.007410     0.007523
-------------------------------------------------------------
Solution Validates: avg error less than 1.000000e-06 on all three arrays
-------------------------------------------------------------



--- run 4 ---
-------------------------------------------------------------
STREAM (dynamic) version — custom malloc-based implementation
-------------------------------------------------------------
This system uses 4 bytes per array element.
-------------------------------------------------------------
Array size = 5592405 (elements), Offset = 0 (elements)
Memory per array = 21.3 MiB (= 0.0 GiB).
Total memory required = 64.0 MiB (= 0.1 GiB).
Each kernel will be executed 16 times.
-------------------------------------------------------------
Function    Best Rate MB/s  Avg time     Min time     Max time
Copy:           11453.9     0.004187     0.003906     0.004332
Scale:          10744.3     0.004203     0.004164     0.004321
Add:             8989.9     0.007573     0.007465     0.008253
Triad:           9305.3     0.007533     0.007212     0.008236
-------------------------------------------------------------
Solution Validates: avg error less than 1.000000e-06 on all three arrays
-------------------------------------------------------------



--- run 5 ---
-------------------------------------------------------------
STREAM (dynamic) version — custom malloc-based implementation
-------------------------------------------------------------
This system uses 4 bytes per array element.
-------------------------------------------------------------
Array size = 5592405 (elements), Offset = 0 (elements)
Memory per array = 21.3 MiB (= 0.0 GiB).
Total memory required = 64.0 MiB (= 0.1 GiB).
Each kernel will be executed 16 times.
-------------------------------------------------------------
Function    Best Rate MB/s  Avg time     Min time     Max time
Copy:           11624.2     0.004081     0.003849     0.004217
Scale:          10729.0     0.004198     0.004170     0.004220
Add:             8950.2     0.008034     0.007498     0.008149
Triad:           9049.2     0.007967     0.007416     0.008194
-------------------------------------------------------------
Solution Validates: avg error less than 1.000000e-06 on all three arrays
-------------------------------------------------------------



--- run 1 ---
-------------------------------------------------------------
STREAM (dynamic) version — custom malloc-based implementation
-------------------------------------------------------------
This system uses 4 bytes per array element.
-------------------------------------------------------------
Array size = 6277290 (elements), Offset = 0 (elements)
Memory per array = 23.9 MiB (= 0.0 GiB).
Total memory required = 71.8 MiB (= 0.1 GiB).
Each kernel will be executed 14 times.
-------------------------------------------------------------
Function    Best Rate MB/s  Avg time     Min time     Max time
Copy:           11894.7     0.004756     0.004222     0.007743
Scale:          10714.2     0.004704     0.004687     0.004744
Add:             9033.2     0.008850     0.008339     0.009144
Triad:           8948.3     0.008910     0.008418     0.009091
-------------------------------------------------------------
Solution Validates: avg error less than 1.000000e-06 on all three arrays
-------------------------------------------------------------



--- run 2 ---
-------------------------------------------------------------
STREAM (dynamic) version — custom malloc-based implementation
-------------------------------------------------------------
This system uses 4 bytes per array element.
-------------------------------------------------------------
Array size = 6277290 (elements), Offset = 0 (elements)
Memory per array = 23.9 MiB (= 0.0 GiB).
Total memory required = 71.8 MiB (= 0.1 GiB).
Each kernel will be executed 14 times.
-------------------------------------------------------------
Function    Best Rate MB/s  Avg time     Min time     Max time
Copy:           11605.6     0.004505     0.004327     0.004864
Scale:          10719.1     0.004751     0.004685     0.004859
Add:             8994.4     0.008677     0.008375     0.009692
Triad:           8615.7     0.009212     0.008743     0.009618
-------------------------------------------------------------
Solution Validates: avg error less than 1.000000e-06 on all three arrays
-------------------------------------------------------------



--- run 3 ---
-------------------------------------------------------------
STREAM (dynamic) version — custom malloc-based implementation
-------------------------------------------------------------
This system uses 4 bytes per array element.
-------------------------------------------------------------
Array size = 6277290 (elements), Offset = 0 (elements)
Memory per array = 23.9 MiB (= 0.0 GiB).
Total memory required = 71.8 MiB (= 0.1 GiB).
Each kernel will be executed 14 times.
-------------------------------------------------------------
Function    Best Rate MB/s  Avg time     Min time     Max time
Copy:           11874.6     0.004302     0.004229     0.004348
Scale:          10726.2     0.004707     0.004682     0.004742
Add:             9058.1     0.008361     0.008316     0.008415
Triad:           9088.6     0.008342     0.008288     0.008389
-------------------------------------------------------------
Solution Validates: avg error less than 1.000000e-06 on all three arrays
-------------------------------------------------------------



--- run 4 ---
-------------------------------------------------------------
STREAM (dynamic) version — custom malloc-based implementation
-------------------------------------------------------------
This system uses 4 bytes per array element.
-------------------------------------------------------------
Array size = 6277290 (elements), Offset = 0 (elements)
Memory per array = 23.9 MiB (= 0.0 GiB).
Total memory required = 71.8 MiB (= 0.1 GiB).
Each kernel will be executed 14 times.
-------------------------------------------------------------
Function    Best Rate MB/s  Avg time     Min time     Max time
Copy:           11664.8     0.004422     0.004305     0.004741
Scale:          10799.4     0.004707     0.004650     0.004762
Add:             8939.9     0.008884     0.008426     0.009403
Triad:           9044.9     0.008753     0.008328     0.009392
-------------------------------------------------------------
Solution Validates: avg error less than 1.000000e-06 on all three arrays
-------------------------------------------------------------



--- run 5 ---
-------------------------------------------------------------
STREAM (dynamic) version — custom malloc-based implementation
-------------------------------------------------------------
This system uses 4 bytes per array element.
-------------------------------------------------------------
Array size = 6277290 (elements), Offset = 0 (elements)
Memory per array = 23.9 MiB (= 0.0 GiB).
Total memory required = 71.8 MiB (= 0.1 GiB).
Each kernel will be executed 14 times.
-------------------------------------------------------------
Function    Best Rate MB/s  Avg time     Min time     Max time
Copy:           11805.3     0.004475     0.004254     0.004708
Scale:          10742.1     0.004703     0.004675     0.004726
Add:             9019.1     0.008381     0.008352     0.008417
Triad:           9061.5     0.008391     0.008313     0.008852
-------------------------------------------------------------
Solution Validates: avg error less than 1.000000e-06 on all three arrays
-------------------------------------------------------------



--- run 1 ---
-------------------------------------------------------------
STREAM (dynamic) version — custom malloc-based implementation
-------------------------------------------------------------
This system uses 4 bytes per array element.
-------------------------------------------------------------
Array size = 7045973 (elements), Offset = 0 (elements)
Memory per array = 26.9 MiB (= 0.0 GiB).
Total memory required = 80.6 MiB (= 0.1 GiB).
Each kernel will be executed 12 times.
-------------------------------------------------------------
Function    Best Rate MB/s  Avg time     Min time     Max time
Copy:           11909.9     0.004894     0.004733     0.005164
Scale:          10718.3     0.005289     0.005259     0.005316
Add:             9031.4     0.009748     0.009362     0.010254
Triad:           9098.6     0.009587     0.009293     0.010089
-------------------------------------------------------------
Solution Validates: avg error less than 1.000000e-06 on all three arrays
-------------------------------------------------------------



--- run 2 ---
-------------------------------------------------------------
STREAM (dynamic) version — custom malloc-based implementation
-------------------------------------------------------------
This system uses 4 bytes per array element.
-------------------------------------------------------------
Array size = 7045973 (elements), Offset = 0 (elements)
Memory per array = 26.9 MiB (= 0.0 GiB).
Total memory required = 80.6 MiB (= 0.1 GiB).
Each kernel will be executed 12 times.
-------------------------------------------------------------
Function    Best Rate MB/s  Avg time     Min time     Max time
Copy:           11704.1     0.005050     0.004816     0.005216
Scale:          10738.7     0.005268     0.005249     0.005298
Add:             9028.4     0.009680     0.009365     0.010180
Triad:           9088.8     0.009729     0.009303     0.010204
-------------------------------------------------------------
Solution Validates: avg error less than 1.000000e-06 on all three arrays
-------------------------------------------------------------



--- run 3 ---
-------------------------------------------------------------
STREAM (dynamic) version — custom malloc-based implementation
-------------------------------------------------------------
This system uses 4 bytes per array element.
-------------------------------------------------------------
Array size = 7045973 (elements), Offset = 0 (elements)
Memory per array = 26.9 MiB (= 0.0 GiB).
Total memory required = 80.6 MiB (= 0.1 GiB).
Each kernel will be executed 12 times.
-------------------------------------------------------------
Function    Best Rate MB/s  Avg time     Min time     Max time
Copy:           11804.7     0.005069     0.004775     0.005180
Scale:          10734.3     0.005277     0.005251     0.005299
Add:             9047.7     0.009494     0.009345     0.010090
Triad:           9072.0     0.009579     0.009320     0.010304
-------------------------------------------------------------
Solution Validates: avg error less than 1.000000e-06 on all three arrays
-------------------------------------------------------------



--- run 4 ---
-------------------------------------------------------------
STREAM (dynamic) version — custom malloc-based implementation
-------------------------------------------------------------
This system uses 4 bytes per array element.
-------------------------------------------------------------
Array size = 7045973 (elements), Offset = 0 (elements)
Memory per array = 26.9 MiB (= 0.0 GiB).
Total memory required = 80.6 MiB (= 0.1 GiB).
Each kernel will be executed 12 times.
-------------------------------------------------------------
Function    Best Rate MB/s  Avg time     Min time     Max time
Copy:           11770.0     0.004903     0.004789     0.005220
Scale:          10779.8     0.005259     0.005229     0.005282
Add:             9079.9     0.009486     0.009312     0.010152
Triad:           9145.7     0.009687     0.009245     0.010165
-------------------------------------------------------------
Solution Validates: avg error less than 1.000000e-06 on all three arrays
-------------------------------------------------------------



--- run 5 ---
-------------------------------------------------------------
STREAM (dynamic) version — custom malloc-based implementation
-------------------------------------------------------------
This system uses 4 bytes per array element.
-------------------------------------------------------------
Array size = 7045973 (elements), Offset = 0 (elements)
Memory per array = 26.9 MiB (= 0.0 GiB).
Total memory required = 80.6 MiB (= 0.1 GiB).
Each kernel will be executed 12 times.
-------------------------------------------------------------
Function    Best Rate MB/s  Avg time     Min time     Max time
Copy:           11789.9     0.005024     0.004781     0.005325
Scale:          10716.3     0.005315     0.005260     0.005461
Add:             9050.7     0.009776     0.009342     0.010271
Triad:           8478.0     0.010251     0.009973     0.010703
-------------------------------------------------------------
Solution Validates: avg error less than 1.000000e-06 on all three arrays
-------------------------------------------------------------



--- run 1 ---
-------------------------------------------------------------
STREAM (dynamic) version — custom malloc-based implementation
-------------------------------------------------------------
This system uses 4 bytes per array element.
-------------------------------------------------------------
Array size = 7908864 (elements), Offset = 0 (elements)
Memory per array = 30.2 MiB (= 0.0 GiB).
Total memory required = 90.5 MiB (= 0.1 GiB).
Each kernel will be executed 11 times.
-------------------------------------------------------------
Function    Best Rate MB/s  Avg time     Min time     Max time
Copy:           11967.4     0.005421     0.005287     0.005660
Scale:          10707.6     0.005954     0.005909     0.006008
Add:             9050.0     0.010929     0.010487     0.011472
Triad:           9039.6     0.011036     0.010499     0.011710
-------------------------------------------------------------
Solution Validates: avg error less than 1.000000e-06 on all three arrays
-------------------------------------------------------------



--- run 2 ---
-------------------------------------------------------------
STREAM (dynamic) version — custom malloc-based implementation
-------------------------------------------------------------
This system uses 4 bytes per array element.
-------------------------------------------------------------
Array size = 7908864 (elements), Offset = 0 (elements)
Memory per array = 30.2 MiB (= 0.0 GiB).
Total memory required = 90.5 MiB (= 0.1 GiB).
Each kernel will be executed 11 times.
-------------------------------------------------------------
Function    Best Rate MB/s  Avg time     Min time     Max time
Copy:           11844.0     0.005446     0.005342     0.005698
Scale:          10756.7     0.005913     0.005882     0.005997
Add:             9058.5     0.010809     0.010477     0.011463
Triad:           9097.6     0.010761     0.010432     0.011472
-------------------------------------------------------------
Solution Validates: avg error less than 1.000000e-06 on all three arrays
-------------------------------------------------------------



--- run 3 ---
-------------------------------------------------------------
STREAM (dynamic) version — custom malloc-based implementation
-------------------------------------------------------------
This system uses 4 bytes per array element.
-------------------------------------------------------------
Array size = 7908864 (elements), Offset = 0 (elements)
Memory per array = 30.2 MiB (= 0.0 GiB).
Total memory required = 90.5 MiB (= 0.1 GiB).
Each kernel will be executed 11 times.
-------------------------------------------------------------
Function    Best Rate MB/s  Avg time     Min time     Max time
Copy:           11956.1     0.005569     0.005292     0.005804
Scale:          10682.2     0.005970     0.005923     0.006033
Add:             9049.0     0.011075     0.010488     0.011683
Triad:           9034.2     0.011208     0.010505     0.011664
-------------------------------------------------------------
Solution Validates: avg error less than 1.000000e-06 on all three arrays
-------------------------------------------------------------



--- run 4 ---
-------------------------------------------------------------
STREAM (dynamic) version — custom malloc-based implementation
-------------------------------------------------------------
This system uses 4 bytes per array element.
-------------------------------------------------------------
Array size = 7908864 (elements), Offset = 0 (elements)
Memory per array = 30.2 MiB (= 0.0 GiB).
Total memory required = 90.5 MiB (= 0.1 GiB).
Each kernel will be executed 11 times.
-------------------------------------------------------------
Function    Best Rate MB/s  Avg time     Min time     Max time
Copy:           11844.0     0.005397     0.005342     0.005458
Scale:          10753.2     0.005922     0.005884     0.005978
Add:             9069.6     0.010514     0.010464     0.010547
Triad:           9137.1     0.010422     0.010387     0.010467
-------------------------------------------------------------
Solution Validates: avg error less than 1.000000e-06 on all three arrays
-------------------------------------------------------------



--- run 5 ---
-------------------------------------------------------------
STREAM (dynamic) version — custom malloc-based implementation
-------------------------------------------------------------
This system uses 4 bytes per array element.
-------------------------------------------------------------
Array size = 7908864 (elements), Offset = 0 (elements)
Memory per array = 30.2 MiB (= 0.0 GiB).
Total memory required = 90.5 MiB (= 0.1 GiB).
Each kernel will be executed 11 times.
-------------------------------------------------------------
Function    Best Rate MB/s  Avg time     Min time     Max time
Copy:           12086.2     0.005658     0.005235     0.007527
Scale:          10721.9     0.005960     0.005901     0.006065
Add:             9104.5     0.010824     0.010424     0.011528
Triad:           9114.1     0.010717     0.010413     0.011612
-------------------------------------------------------------
Solution Validates: avg error less than 1.000000e-06 on all three arrays
-------------------------------------------------------------



--- run 1 ---
-------------------------------------------------------------
STREAM (dynamic) version — custom malloc-based implementation
-------------------------------------------------------------
This system uses 4 bytes per array element.
-------------------------------------------------------------
Array size = 8877397 (elements), Offset = 0 (elements)
Memory per array = 33.9 MiB (= 0.0 GiB).
Total memory required = 101.6 MiB (= 0.1 GiB).
Each kernel will be executed 10 times.
-------------------------------------------------------------
Function    Best Rate MB/s  Avg time     Min time     Max time
Copy:           11880.3     0.006256     0.005978     0.006548
Scale:          10706.9     0.006696     0.006633     0.006814
Add:             9084.0     0.012321     0.011727     0.013697
Triad:           9050.9     0.012640     0.011770     0.013526
-------------------------------------------------------------
Solution Validates: avg error less than 1.000000e-06 on all three arrays
-------------------------------------------------------------



--- run 2 ---
-------------------------------------------------------------
STREAM (dynamic) version — custom malloc-based implementation
-------------------------------------------------------------
This system uses 4 bytes per array element.
-------------------------------------------------------------
Array size = 8877397 (elements), Offset = 0 (elements)
Memory per array = 33.9 MiB (= 0.0 GiB).
Total memory required = 101.6 MiB (= 0.1 GiB).
Each kernel will be executed 10 times.
-------------------------------------------------------------
Function    Best Rate MB/s  Avg time     Min time     Max time
Copy:           11982.1     0.006133     0.005927     0.006460
Scale:          10773.5     0.006621     0.006592     0.006653
Add:             9084.2     0.012004     0.011727     0.012813
Triad:           9111.2     0.012196     0.011692     0.012778
-------------------------------------------------------------
Solution Validates: avg error less than 1.000000e-06 on all three arrays
-------------------------------------------------------------



--- run 3 ---
-------------------------------------------------------------
STREAM (dynamic) version — custom malloc-based implementation
-------------------------------------------------------------
This system uses 4 bytes per array element.
-------------------------------------------------------------
Array size = 8877397 (elements), Offset = 0 (elements)
Memory per array = 33.9 MiB (= 0.0 GiB).
Total memory required = 101.6 MiB (= 0.1 GiB).
Each kernel will be executed 10 times.
-------------------------------------------------------------
Function    Best Rate MB/s  Avg time     Min time     Max time
Copy:           13634.0     0.006018     0.005209     0.006639
Scale:          10702.3     0.006721     0.006636     0.006824
Add:             9060.0     0.012607     0.011758     0.013613
Triad:           9053.2     0.012427     0.011767     0.013353
-------------------------------------------------------------
Solution Validates: avg error less than 1.000000e-06 on all three arrays
-------------------------------------------------------------



--- run 4 ---
-------------------------------------------------------------
STREAM (dynamic) version — custom malloc-based implementation
-------------------------------------------------------------
This system uses 4 bytes per array element.
-------------------------------------------------------------
Array size = 8877397 (elements), Offset = 0 (elements)
Memory per array = 33.9 MiB (= 0.0 GiB).
Total memory required = 101.6 MiB (= 0.1 GiB).
Each kernel will be executed 10 times.
-------------------------------------------------------------
Function    Best Rate MB/s  Avg time     Min time     Max time
Copy:           11908.4     0.006120     0.005964     0.006434
Scale:          10760.6     0.006638     0.006600     0.006704
Add:             9060.0     0.012507     0.011758     0.013220
Triad:           9115.1     0.012062     0.011687     0.012781
-------------------------------------------------------------
Solution Validates: avg error less than 1.000000e-06 on all three arrays
-------------------------------------------------------------



--- run 5 ---
-------------------------------------------------------------
STREAM (dynamic) version — custom malloc-based implementation
-------------------------------------------------------------
This system uses 4 bytes per array element.
-------------------------------------------------------------
Array size = 8877397 (elements), Offset = 0 (elements)
Memory per array = 33.9 MiB (= 0.0 GiB).
Total memory required = 101.6 MiB (= 0.1 GiB).
Each kernel will be executed 10 times.
-------------------------------------------------------------
Function    Best Rate MB/s  Avg time     Min time     Max time
Copy:           11903.6     0.006512     0.005966     0.008724
Scale:          11159.7     0.006664     0.006364     0.006792
Add:             8908.5     0.012752     0.011958     0.013648
Triad:           9047.7     0.012723     0.011774     0.013592
-------------------------------------------------------------
Solution Validates: avg error less than 1.000000e-06 on all three arrays
-------------------------------------------------------------



--- run 1 ---
-------------------------------------------------------------
STREAM (dynamic) version — custom malloc-based implementation
-------------------------------------------------------------
This system uses 4 bytes per array element.
-------------------------------------------------------------
Array size = 9964544 (elements), Offset = 0 (elements)
Memory per array = 38.0 MiB (= 0.0 GiB).
Total memory required = 114.0 MiB (= 0.1 GiB).
Each kernel will be executed 8 times.
-------------------------------------------------------------
Function    Best Rate MB/s  Avg time     Min time     Max time
Copy:           11733.4     0.007115     0.006794     0.007514
Scale:          10704.5     0.007529     0.007447     0.007719
Add:             8760.7     0.014463     0.013649     0.015195
Triad:           8868.5     0.014504     0.013483     0.015358
-------------------------------------------------------------
Solution Validates: avg error less than 1.000000e-06 on all three arrays
-------------------------------------------------------------



--- run 2 ---
-------------------------------------------------------------
STREAM (dynamic) version — custom malloc-based implementation
-------------------------------------------------------------
This system uses 4 bytes per array element.
-------------------------------------------------------------
Array size = 9964544 (elements), Offset = 0 (elements)
Memory per array = 38.0 MiB (= 0.0 GiB).
Total memory required = 114.0 MiB (= 0.1 GiB).
Each kernel will be executed 8 times.
-------------------------------------------------------------
Function    Best Rate MB/s  Avg time     Min time     Max time
Copy:           11846.5     0.007065     0.006729     0.007355
Scale:          10734.7     0.007445     0.007426     0.007461
Add:             9071.8     0.013873     0.013181     0.014406
Triad:           9080.8     0.013885     0.013168     0.014412
-------------------------------------------------------------
Solution Validates: avg error less than 1.000000e-06 on all three arrays
-------------------------------------------------------------



--- run 3 ---
-------------------------------------------------------------
STREAM (dynamic) version — custom malloc-based implementation
-------------------------------------------------------------
This system uses 4 bytes per array element.
-------------------------------------------------------------
Array size = 9964544 (elements), Offset = 0 (elements)
Memory per array = 38.0 MiB (= 0.0 GiB).
Total memory required = 114.0 MiB (= 0.1 GiB).
Each kernel will be executed 8 times.
-------------------------------------------------------------
Function    Best Rate MB/s  Avg time     Min time     Max time
Copy:           11451.7     0.007177     0.006961     0.007388
Scale:          10704.5     0.007542     0.007447     0.007699
Add:             8661.6     0.014423     0.013805     0.015142
Triad:           8655.5     0.014318     0.013815     0.014983
-------------------------------------------------------------
Solution Validates: avg error less than 1.000000e-06 on all three arrays
-------------------------------------------------------------



--- run 4 ---
-------------------------------------------------------------
STREAM (dynamic) version — custom malloc-based implementation
-------------------------------------------------------------
This system uses 4 bytes per array element.
-------------------------------------------------------------
Array size = 9964544 (elements), Offset = 0 (elements)
Memory per array = 38.0 MiB (= 0.0 GiB).
Total memory required = 114.0 MiB (= 0.1 GiB).
Each kernel will be executed 8 times.
-------------------------------------------------------------
Function    Best Rate MB/s  Avg time     Min time     Max time
Copy:           11360.2     0.007216     0.007017     0.007348
Scale:          10743.4     0.007441     0.007420     0.007485
Add:             8319.9     0.014454     0.014372     0.014843
Triad:           8368.3     0.014332     0.014289     0.014370
-------------------------------------------------------------
Solution Validates: avg error less than 1.000000e-06 on all three arrays
-------------------------------------------------------------



--- run 5 ---
-------------------------------------------------------------
STREAM (dynamic) version — custom malloc-based implementation
-------------------------------------------------------------
This system uses 4 bytes per array element.
-------------------------------------------------------------
Array size = 9964544 (elements), Offset = 0 (elements)
Memory per array = 38.0 MiB (= 0.0 GiB).
Total memory required = 114.0 MiB (= 0.1 GiB).
Each kernel will be executed 8 times.
-------------------------------------------------------------
Function    Best Rate MB/s  Avg time     Min time     Max time
Copy:           12005.1     0.007080     0.006640     0.007510
Scale:          10724.4     0.007512     0.007433     0.007643
Add:             9109.0     0.014173     0.013127     0.015128
Triad:           9112.6     0.014253     0.013122     0.015011
-------------------------------------------------------------
Solution Validates: avg error less than 1.000000e-06 on all three arrays
-------------------------------------------------------------



--- run 1 ---
-------------------------------------------------------------
STREAM (dynamic) version — custom malloc-based implementation
-------------------------------------------------------------
This system uses 4 bytes per array element.
-------------------------------------------------------------
Array size = 11184810 (elements), Offset = 0 (elements)
Memory per array = 42.7 MiB (= 0.0 GiB).
Total memory required = 128.0 MiB (= 0.1 GiB).
Each kernel will be executed 8 times.
-------------------------------------------------------------
Function    Best Rate MB/s  Avg time     Min time     Max time
Copy:           12187.4     0.007933     0.007342     0.008475
Scale:          11536.7     0.008357     0.007756     0.008608
Add:             9023.7     0.015806     0.014874     0.016436
Triad:           9014.6     0.015596     0.014889     0.017017
-------------------------------------------------------------
Solution Validates: avg error less than 1.000000e-06 on all three arrays
-------------------------------------------------------------



--- run 2 ---
-------------------------------------------------------------
STREAM (dynamic) version — custom malloc-based implementation
-------------------------------------------------------------
This system uses 4 bytes per array element.
-------------------------------------------------------------
Array size = 11184810 (elements), Offset = 0 (elements)
Memory per array = 42.7 MiB (= 0.0 GiB).
Total memory required = 128.0 MiB (= 0.1 GiB).
Each kernel will be executed 8 times.
-------------------------------------------------------------
Function    Best Rate MB/s  Avg time     Min time     Max time
Copy:           11698.1     0.007881     0.007649     0.008155
Scale:          10756.0     0.008366     0.008319     0.008411
Add:             8970.6     0.015527     0.014962     0.016221
Triad:           9076.8     0.015112     0.014787     0.016180
-------------------------------------------------------------
Solution Validates: avg error less than 1.000000e-06 on all three arrays
-------------------------------------------------------------



--- run 3 ---
-------------------------------------------------------------
STREAM (dynamic) version — custom malloc-based implementation
-------------------------------------------------------------
This system uses 4 bytes per array element.
-------------------------------------------------------------
Array size = 11184810 (elements), Offset = 0 (elements)
Memory per array = 42.7 MiB (= 0.0 GiB).
Total memory required = 128.0 MiB (= 0.1 GiB).
Each kernel will be executed 8 times.
-------------------------------------------------------------
Function    Best Rate MB/s  Avg time     Min time     Max time
Copy:           11813.8     0.007910     0.007574     0.008262
Scale:          11397.2     0.008343     0.007851     0.008583
Add:             9056.5     0.015321     0.014820     0.016471
Triad:           9090.8     0.015476     0.014764     0.016453
-------------------------------------------------------------
Solution Validates: avg error less than 1.000000e-06 on all three arrays
-------------------------------------------------------------



--- run 4 ---
-------------------------------------------------------------
STREAM (dynamic) version — custom malloc-based implementation
-------------------------------------------------------------
This system uses 4 bytes per array element.
-------------------------------------------------------------
Array size = 11184810 (elements), Offset = 0 (elements)
Memory per array = 42.7 MiB (= 0.0 GiB).
Total memory required = 128.0 MiB (= 0.1 GiB).
Each kernel will be executed 8 times.
-------------------------------------------------------------
Function    Best Rate MB/s  Avg time     Min time     Max time
Copy:           11730.3     0.007709     0.007628     0.007905
Scale:          10740.7     0.008355     0.008331     0.008375
Add:             9057.8     0.015146     0.014818     0.015860
Triad:           9060.1     0.015056     0.014814     0.015640
-------------------------------------------------------------
Solution Validates: avg error less than 1.000000e-06 on all three arrays
-------------------------------------------------------------



--- run 5 ---
-------------------------------------------------------------
STREAM (dynamic) version — custom malloc-based implementation
-------------------------------------------------------------
This system uses 4 bytes per array element.
-------------------------------------------------------------
Array size = 11184810 (elements), Offset = 0 (elements)
Memory per array = 42.7 MiB (= 0.0 GiB).
Total memory required = 128.0 MiB (= 0.1 GiB).
Each kernel will be executed 8 times.
-------------------------------------------------------------
Function    Best Rate MB/s  Avg time     Min time     Max time
Copy:           11328.1     0.008118     0.007899     0.008222
Scale:          10726.5     0.008386     0.008342     0.008439
Add:             9026.1     0.015858     0.014870     0.016226
Triad:           8585.5     0.016077     0.015633     0.016265
-------------------------------------------------------------
Solution Validates: avg error less than 1.000000e-06 on all three arrays
-------------------------------------------------------------



--- run 1 ---
-------------------------------------------------------------
STREAM (dynamic) version — custom malloc-based implementation
-------------------------------------------------------------
This system uses 4 bytes per array element.
-------------------------------------------------------------
Array size = 12554496 (elements), Offset = 0 (elements)
Memory per array = 47.9 MiB (= 0.0 GiB).
Total memory required = 143.7 MiB (= 0.1 GiB).
Each kernel will be executed 7 times.
-------------------------------------------------------------
Function    Best Rate MB/s  Avg time     Min time     Max time
Copy:           11688.0     0.008635     0.008593     0.008690
Scale:          10726.7     0.009418     0.009363     0.009488
Add:             8983.0     0.017518     0.016771     0.018302
Triad:           9037.4     0.017232     0.016670     0.018208
-------------------------------------------------------------
Solution Validates: avg error less than 1.000000e-06 on all three arrays
-------------------------------------------------------------



--- run 2 ---
-------------------------------------------------------------
STREAM (dynamic) version — custom malloc-based implementation
-------------------------------------------------------------
This system uses 4 bytes per array element.
-------------------------------------------------------------
Array size = 12554496 (elements), Offset = 0 (elements)
Memory per array = 47.9 MiB (= 0.0 GiB).
Total memory required = 143.7 MiB (= 0.1 GiB).
Each kernel will be executed 7 times.
-------------------------------------------------------------
Function    Best Rate MB/s  Avg time     Min time     Max time
Copy:           11623.2     0.008987     0.008641     0.009496
Scale:          10673.4     0.009462     0.009410     0.009636
Add:             8562.4     0.018092     0.017595     0.018704
Triad:           9016.8     0.017969     0.016708     0.019171
-------------------------------------------------------------
Solution Validates: avg error less than 1.000000e-06 on all three arrays
-------------------------------------------------------------



--- run 3 ---
-------------------------------------------------------------
STREAM (dynamic) version — custom malloc-based implementation
-------------------------------------------------------------
This system uses 4 bytes per array element.
-------------------------------------------------------------
Array size = 12554496 (elements), Offset = 0 (elements)
Memory per array = 47.9 MiB (= 0.0 GiB).
Total memory required = 143.7 MiB (= 0.1 GiB).
Each kernel will be executed 7 times.
-------------------------------------------------------------
Function    Best Rate MB/s  Avg time     Min time     Max time
Copy:           11704.6     0.008695     0.008581     0.008892
Scale:          10679.1     0.009452     0.009405     0.009553
Add:             9044.9     0.017025     0.016656     0.018235
Triad:           9012.6     0.016820     0.016716     0.017045
-------------------------------------------------------------
Solution Validates: avg error less than 1.000000e-06 on all three arrays
-------------------------------------------------------------



--- run 4 ---
-------------------------------------------------------------
STREAM (dynamic) version — custom malloc-based implementation
-------------------------------------------------------------
This system uses 4 bytes per array element.
-------------------------------------------------------------
Array size = 12554496 (elements), Offset = 0 (elements)
Memory per array = 47.9 MiB (= 0.0 GiB).
Total memory required = 143.7 MiB (= 0.1 GiB).
Each kernel will be executed 7 times.
-------------------------------------------------------------
Function    Best Rate MB/s  Avg time     Min time     Max time
Copy:           11502.0     0.009142     0.008732     0.009666
Scale:          10642.7     0.009533     0.009437     0.009690
Add:             8781.5     0.018122     0.017156     0.018934
Triad:           8803.5     0.017966     0.017113     0.018788
-------------------------------------------------------------
Solution Validates: avg error less than 1.000000e-06 on all three arrays
-------------------------------------------------------------



--- run 5 ---
-------------------------------------------------------------
STREAM (dynamic) version — custom malloc-based implementation
-------------------------------------------------------------
This system uses 4 bytes per array element.
-------------------------------------------------------------
Array size = 12554496 (elements), Offset = 0 (elements)
Memory per array = 47.9 MiB (= 0.0 GiB).
Total memory required = 143.7 MiB (= 0.1 GiB).
Each kernel will be executed 7 times.
-------------------------------------------------------------
Function    Best Rate MB/s  Avg time     Min time     Max time
Copy:           11674.7     0.008648     0.008603     0.008674
Scale:          10744.2     0.009406     0.009348     0.009458
Add:             8990.0     0.017679     0.016758     0.018189
Triad:           9039.1     0.016726     0.016667     0.016787
-------------------------------------------------------------
Solution Validates: avg error less than 1.000000e-06 on all three arrays
-------------------------------------------------------------



--- run 1 ---
-------------------------------------------------------------
STREAM (dynamic) version — custom malloc-based implementation
-------------------------------------------------------------
This system uses 4 bytes per array element.
-------------------------------------------------------------
Array size = 14091946 (elements), Offset = 0 (elements)
Memory per array = 53.8 MiB (= 0.1 GiB).
Total memory required = 161.3 MiB (= 0.2 GiB).
Each kernel will be executed 6 times.
-------------------------------------------------------------
Function    Best Rate MB/s  Avg time     Min time     Max time
Copy:           11104.7     0.010240     0.010152     0.010403
Scale:          10690.9     0.010582     0.010545     0.010634
Add:             9033.8     0.020102     0.018719     0.020835
Triad:           8902.5     0.020189     0.018995     0.020726
-------------------------------------------------------------
Solution Validates: avg error less than 1.000000e-06 on all three arrays
-------------------------------------------------------------



--- run 2 ---
-------------------------------------------------------------
STREAM (dynamic) version — custom malloc-based implementation
-------------------------------------------------------------
This system uses 4 bytes per array element.
-------------------------------------------------------------
Array size = 14091946 (elements), Offset = 0 (elements)
Memory per array = 53.8 MiB (= 0.1 GiB).
Total memory required = 161.3 MiB (= 0.2 GiB).
Each kernel will be executed 6 times.
-------------------------------------------------------------
Function    Best Rate MB/s  Avg time     Min time     Max time
Copy:           11547.2     0.010247     0.009763     0.010463
Scale:          10682.7     0.010610     0.010553     0.010657
Add:             8775.0     0.020321     0.019271     0.020653
Triad:           8295.5     0.020428     0.020385     0.020480
-------------------------------------------------------------
Solution Validates: avg error less than 1.000000e-06 on all three arrays
-------------------------------------------------------------



--- run 3 ---
-------------------------------------------------------------
STREAM (dynamic) version — custom malloc-based implementation
-------------------------------------------------------------
This system uses 4 bytes per array element.
-------------------------------------------------------------
Array size = 14091946 (elements), Offset = 0 (elements)
Memory per array = 53.8 MiB (= 0.1 GiB).
Total memory required = 161.3 MiB (= 0.2 GiB).
Each kernel will be executed 6 times.
-------------------------------------------------------------
Function    Best Rate MB/s  Avg time     Min time     Max time
Copy:           12693.9     0.009611     0.008881     0.010271
Scale:          10704.2     0.010544     0.010532     0.010562
Add:             9066.8     0.019156     0.018651     0.020467
Triad:           9021.3     0.019334     0.018745     0.020922
-------------------------------------------------------------
Solution Validates: avg error less than 1.000000e-06 on all three arrays
-------------------------------------------------------------



--- run 4 ---
-------------------------------------------------------------
STREAM (dynamic) version — custom malloc-based implementation
-------------------------------------------------------------
This system uses 4 bytes per array element.
-------------------------------------------------------------
Array size = 14091946 (elements), Offset = 0 (elements)
Memory per array = 53.8 MiB (= 0.1 GiB).
Total memory required = 161.3 MiB (= 0.2 GiB).
Each kernel will be executed 6 times.
-------------------------------------------------------------
Function    Best Rate MB/s  Avg time     Min time     Max time
Copy:           11537.6     0.010323     0.009771     0.010541
Scale:          10619.3     0.010629     0.010616     0.010644
Add:             8231.3     0.020648     0.020544     0.020840
Triad:           8298.3     0.020529     0.020378     0.020889
-------------------------------------------------------------
Solution Validates: avg error less than 1.000000e-06 on all three arrays
-------------------------------------------------------------



--- run 5 ---
-------------------------------------------------------------
STREAM (dynamic) version — custom malloc-based implementation
-------------------------------------------------------------
This system uses 4 bytes per array element.
-------------------------------------------------------------
Array size = 14091946 (elements), Offset = 0 (elements)
Memory per array = 53.8 MiB (= 0.1 GiB).
Total memory required = 161.3 MiB (= 0.2 GiB).
Each kernel will be executed 6 times.
-------------------------------------------------------------
Function    Best Rate MB/s  Avg time     Min time     Max time
Copy:           11677.5     0.010302     0.009654     0.012029
Scale:          10688.7     0.010699     0.010547     0.011131
Add:             9013.1     0.019524     0.018762     0.021450
Triad:           9029.0     0.019855     0.018729     0.021353
-------------------------------------------------------------
Solution Validates: avg error less than 1.000000e-06 on all three arrays
-------------------------------------------------------------



--- run 1 ---
-------------------------------------------------------------
STREAM (dynamic) version — custom malloc-based implementation
-------------------------------------------------------------
This system uses 4 bytes per array element.
-------------------------------------------------------------
Array size = 15817728 (elements), Offset = 0 (elements)
Memory per array = 60.3 MiB (= 0.1 GiB).
Total memory required = 181.0 MiB (= 0.2 GiB).
Each kernel will be executed 5 times.
-------------------------------------------------------------
Function    Best Rate MB/s  Avg time     Min time     Max time
Copy:           11568.1     0.011262     0.010939     0.011393
Scale:          10662.4     0.011898     0.011868     0.011917
Add:             9048.6     0.022260     0.020977     0.022818
Triad:           8766.9     0.022646     0.021651     0.023520
-------------------------------------------------------------
Solution Validates: avg error less than 1.000000e-06 on all three arrays
-------------------------------------------------------------



--- run 2 ---
-------------------------------------------------------------
STREAM (dynamic) version — custom malloc-based implementation
-------------------------------------------------------------
This system uses 4 bytes per array element.
-------------------------------------------------------------
Array size = 15817728 (elements), Offset = 0 (elements)
Memory per array = 60.3 MiB (= 0.1 GiB).
Total memory required = 181.0 MiB (= 0.2 GiB).
Each kernel will be executed 5 times.
-------------------------------------------------------------
Function    Best Rate MB/s  Avg time     Min time     Max time
Copy:           11662.9     0.012384     0.010850     0.016285
Scale:          10685.8     0.011884     0.011842     0.011929
Add:             8970.0     0.022413     0.021161     0.023351
Triad:           9104.2     0.022250     0.020849     0.022809
-------------------------------------------------------------
Solution Validates: avg error less than 1.000000e-06 on all three arrays
-------------------------------------------------------------



--- run 3 ---
-------------------------------------------------------------
STREAM (dynamic) version — custom malloc-based implementation
-------------------------------------------------------------
This system uses 4 bytes per array element.
-------------------------------------------------------------
Array size = 15817728 (elements), Offset = 0 (elements)
Memory per array = 60.3 MiB (= 0.1 GiB).
Total memory required = 181.0 MiB (= 0.2 GiB).
Each kernel will be executed 5 times.
-------------------------------------------------------------
Function    Best Rate MB/s  Avg time     Min time     Max time
Copy:           11932.4     0.010711     0.010605     0.010821
Scale:          10718.4     0.011843     0.011806     0.011883
Add:             9038.7     0.021281     0.021000     0.021980
Triad:           9048.1     0.021466     0.020978     0.022821
-------------------------------------------------------------
Solution Validates: avg error less than 1.000000e-06 on all three arrays
-------------------------------------------------------------



--- run 4 ---
-------------------------------------------------------------
STREAM (dynamic) version — custom malloc-based implementation
-------------------------------------------------------------
This system uses 4 bytes per array element.
-------------------------------------------------------------
Array size = 15817728 (elements), Offset = 0 (elements)
Memory per array = 60.3 MiB (= 0.1 GiB).
Total memory required = 181.0 MiB (= 0.2 GiB).
Each kernel will be executed 5 times.
-------------------------------------------------------------
Function    Best Rate MB/s  Avg time     Min time     Max time
Copy:           11727.8     0.010853     0.010790     0.010959
Scale:          10814.7     0.011870     0.011701     0.011974
Add:             8947.0     0.021502     0.021215     0.022324
Triad:           9096.8     0.021268     0.020866     0.022164
-------------------------------------------------------------
Solution Validates: avg error less than 1.000000e-06 on all three arrays
-------------------------------------------------------------



--- run 5 ---
-------------------------------------------------------------
STREAM (dynamic) version — custom malloc-based implementation
-------------------------------------------------------------
This system uses 4 bytes per array element.
-------------------------------------------------------------
Array size = 15817728 (elements), Offset = 0 (elements)
Memory per array = 60.3 MiB (= 0.1 GiB).
Total memory required = 181.0 MiB (= 0.2 GiB).
Each kernel will be executed 5 times.
-------------------------------------------------------------
Function    Best Rate MB/s  Avg time     Min time     Max time
Copy:           11914.2     0.011063     0.010621     0.011506
Scale:          10705.7     0.011841     0.011820     0.011863
Add:             9073.2     0.021622     0.020920     0.023141
Triad:           9051.2     0.021919     0.020971     0.022884
-------------------------------------------------------------
Solution Validates: avg error less than 1.000000e-06 on all three arrays
-------------------------------------------------------------



--- run 1 ---
-------------------------------------------------------------
STREAM (dynamic) version — custom malloc-based implementation
-------------------------------------------------------------
This system uses 4 bytes per array element.
-------------------------------------------------------------
Array size = 17754794 (elements), Offset = 0 (elements)
Memory per array = 67.7 MiB (= 0.1 GiB).
Total memory required = 203.2 MiB (= 0.2 GiB).
Each kernel will be executed 5 times.
-------------------------------------------------------------
Function    Best Rate MB/s  Avg time     Min time     Max time
Copy:           11804.1     0.012116     0.012033     0.012267
Scale:          10679.6     0.013311     0.013300     0.013331
Add:             9050.9     0.023685     0.023540     0.024039
Triad:           8998.2     0.024265     0.023678     0.025254
-------------------------------------------------------------
Solution Validates: avg error less than 1.000000e-06 on all three arrays
-------------------------------------------------------------



--- run 2 ---
-------------------------------------------------------------
STREAM (dynamic) version — custom malloc-based implementation
-------------------------------------------------------------
This system uses 4 bytes per array element.
-------------------------------------------------------------
Array size = 17754794 (elements), Offset = 0 (elements)
Memory per array = 67.7 MiB (= 0.1 GiB).
Total memory required = 203.2 MiB (= 0.2 GiB).
Each kernel will be executed 5 times.
-------------------------------------------------------------
Function    Best Rate MB/s  Avg time     Min time     Max time
Copy:           11729.9     0.012353     0.012109     0.012935
Scale:          10637.1     0.013364     0.013353     0.013383
Add:             8964.4     0.023814     0.023767     0.023876
Triad:           9078.3     0.023492     0.023469     0.023547
-------------------------------------------------------------
Solution Validates: avg error less than 1.000000e-06 on all three arrays
-------------------------------------------------------------



--- run 3 ---
-------------------------------------------------------------
STREAM (dynamic) version — custom malloc-based implementation
-------------------------------------------------------------
This system uses 4 bytes per array element.
-------------------------------------------------------------
Array size = 17754794 (elements), Offset = 0 (elements)
Memory per array = 67.7 MiB (= 0.1 GiB).
Total memory required = 203.2 MiB (= 0.2 GiB).
Each kernel will be executed 5 times.
-------------------------------------------------------------
Function    Best Rate MB/s  Avg time     Min time     Max time
Copy:           11804.1     0.012679     0.012033     0.013483
Scale:          10640.5     0.013917     0.013349     0.015536
Add:             9016.8     0.025789     0.023629     0.028380
Triad:           8958.8     0.025431     0.023782     0.026106
-------------------------------------------------------------
Solution Validates: avg error less than 1.000000e-06 on all three arrays
-------------------------------------------------------------



--- run 4 ---
-------------------------------------------------------------
STREAM (dynamic) version — custom malloc-based implementation
-------------------------------------------------------------
This system uses 4 bytes per array element.
-------------------------------------------------------------
Array size = 17754794 (elements), Offset = 0 (elements)
Memory per array = 67.7 MiB (= 0.1 GiB).
Total memory required = 203.2 MiB (= 0.2 GiB).
Each kernel will be executed 5 times.
-------------------------------------------------------------
Function    Best Rate MB/s  Avg time     Min time     Max time
Copy:           11813.0     0.012147     0.012024     0.012294
Scale:          10661.8     0.013344     0.013322     0.013372
Add:             8988.7     0.023991     0.023703     0.024473
Triad:           9093.0     0.024020     0.023431     0.025560
-------------------------------------------------------------
Solution Validates: avg error less than 1.000000e-06 on all three arrays
-------------------------------------------------------------



--- run 5 ---
-------------------------------------------------------------
STREAM (dynamic) version — custom malloc-based implementation
-------------------------------------------------------------
This system uses 4 bytes per array element.
-------------------------------------------------------------
Array size = 17754794 (elements), Offset = 0 (elements)
Memory per array = 67.7 MiB (= 0.1 GiB).
Total memory required = 203.2 MiB (= 0.2 GiB).
Each kernel will be executed 5 times.
-------------------------------------------------------------
Function    Best Rate MB/s  Avg time     Min time     Max time
Copy:           11920.0     0.012636     0.011916     0.012952
Scale:          10733.7     0.013272     0.013233     0.013318
Add:             9081.4     0.023996     0.023461     0.025510
Triad:           9009.9     0.024633     0.023647     0.025632
-------------------------------------------------------------
Solution Validates: avg error less than 1.000000e-06 on all three arrays
-------------------------------------------------------------



--- run 1 ---
-------------------------------------------------------------
STREAM (dynamic) version — custom malloc-based implementation
-------------------------------------------------------------
This system uses 4 bytes per array element.
-------------------------------------------------------------
Array size = 19929088 (elements), Offset = 0 (elements)
Memory per array = 76.0 MiB (= 0.1 GiB).
Total memory required = 228.1 MiB (= 0.2 GiB).
Each kernel will be executed 5 times.
-------------------------------------------------------------
Function    Best Rate MB/s  Avg time     Min time     Max time
Copy:           11774.1     0.013583     0.013541     0.013616
Scale:          10716.0     0.014897     0.014878     0.014911
Add:             9055.6     0.026501     0.026409     0.026614
Triad:           9009.9     0.026653     0.026543     0.026800
-------------------------------------------------------------
Solution Validates: avg error less than 1.000000e-06 on all three arrays
-------------------------------------------------------------



--- run 2 ---
-------------------------------------------------------------
STREAM (dynamic) version — custom malloc-based implementation
-------------------------------------------------------------
This system uses 4 bytes per array element.
-------------------------------------------------------------
Array size = 19929088 (elements), Offset = 0 (elements)
Memory per array = 76.0 MiB (= 0.1 GiB).
Total memory required = 228.1 MiB (= 0.2 GiB).
Each kernel will be executed 5 times.
-------------------------------------------------------------
Function    Best Rate MB/s  Avg time     Min time     Max time
Copy:           11627.1     0.013970     0.013712     0.014547
Scale:          10674.4     0.014971     0.014936     0.015032
Add:             8919.5     0.027697     0.026812     0.029070
Triad:           9045.0     0.027562     0.026440     0.028731
-------------------------------------------------------------
Solution Validates: avg error less than 1.000000e-06 on all three arrays
-------------------------------------------------------------



--- run 3 ---
-------------------------------------------------------------
STREAM (dynamic) version — custom malloc-based implementation
-------------------------------------------------------------
This system uses 4 bytes per array element.
-------------------------------------------------------------
Array size = 19929088 (elements), Offset = 0 (elements)
Memory per array = 76.0 MiB (= 0.1 GiB).
Total memory required = 228.1 MiB (= 0.2 GiB).
Each kernel will be executed 5 times.
-------------------------------------------------------------
Function    Best Rate MB/s  Avg time     Min time     Max time
Copy:           11794.2     0.014585     0.013518     0.016730
Scale:          10673.6     0.015091     0.014937     0.015493
Add:             8992.0     0.028689     0.026596     0.030334
Triad:           8959.8     0.028662     0.026691     0.032020
-------------------------------------------------------------
Solution Validates: avg error less than 1.000000e-06 on all three arrays
-------------------------------------------------------------



--- run 4 ---
-------------------------------------------------------------
STREAM (dynamic) version — custom malloc-based implementation
-------------------------------------------------------------
This system uses 4 bytes per array element.
-------------------------------------------------------------
Array size = 19929088 (elements), Offset = 0 (elements)
Memory per array = 76.0 MiB (= 0.1 GiB).
Total memory required = 228.1 MiB (= 0.2 GiB).
Each kernel will be executed 5 times.
-------------------------------------------------------------
Function    Best Rate MB/s  Avg time     Min time     Max time
Copy:           11652.0     0.013963     0.013683     0.014627
Scale:          10640.8     0.015003     0.014983     0.015031
Add:             8933.5     0.027425     0.026770     0.029135
Triad:           9074.5     0.027794     0.026354     0.029478
-------------------------------------------------------------
Solution Validates: avg error less than 1.000000e-06 on all three arrays
-------------------------------------------------------------



--- run 5 ---
-------------------------------------------------------------
STREAM (dynamic) version — custom malloc-based implementation
-------------------------------------------------------------
This system uses 4 bytes per array element.
-------------------------------------------------------------
Array size = 19929088 (elements), Offset = 0 (elements)
Memory per array = 76.0 MiB (= 0.1 GiB).
Total memory required = 228.1 MiB (= 0.2 GiB).
Each kernel will be executed 5 times.
-------------------------------------------------------------
Function    Best Rate MB/s  Avg time     Min time     Max time
Copy:           11861.8     0.013527     0.013441     0.013557
Scale:          10720.3     0.014921     0.014872     0.014941
Add:             9060.4     0.026478     0.026395     0.026516
Triad:           8994.3     0.026648     0.026589     0.026710
-------------------------------------------------------------
Solution Validates: avg error less than 1.000000e-06 on all three arrays
-------------------------------------------------------------



--- run 1 ---
-------------------------------------------------------------
STREAM (dynamic) version — custom malloc-based implementation
-------------------------------------------------------------
This system uses 4 bytes per array element.
-------------------------------------------------------------
Array size = 22369621 (elements), Offset = 0 (elements)
Memory per array = 85.3 MiB (= 0.1 GiB).
Total memory required = 256.0 MiB (= 0.2 GiB).
Each kernel will be executed 5 times.
-------------------------------------------------------------
Function    Best Rate MB/s  Avg time     Min time     Max time
Copy:           11761.2     0.015807     0.015216     0.016377
Scale:          10673.1     0.016961     0.016767     0.017354
Add:             8975.4     0.032089     0.029908     0.033568
Triad:           8971.2     0.031371     0.029922     0.033091
-------------------------------------------------------------
Solution Validates: avg error less than 1.000000e-06 on all three arrays
-------------------------------------------------------------



--- run 2 ---
-------------------------------------------------------------
STREAM (dynamic) version — custom malloc-based implementation
-------------------------------------------------------------
This system uses 4 bytes per array element.
-------------------------------------------------------------
Array size = 22369621 (elements), Offset = 0 (elements)
Memory per array = 85.3 MiB (= 0.1 GiB).
Total memory required = 256.0 MiB (= 0.2 GiB).
Each kernel will be executed 5 times.
-------------------------------------------------------------
Function    Best Rate MB/s  Avg time     Min time     Max time
Copy:           11641.7     0.015744     0.015372     0.016235
Scale:          10681.4     0.016918     0.016754     0.017217
Add:             8908.9     0.030757     0.030131     0.032539
Triad:           8996.1     0.030928     0.029839     0.033977
-------------------------------------------------------------
Solution Validates: avg error less than 1.000000e-06 on all three arrays
-------------------------------------------------------------



--- run 3 ---
-------------------------------------------------------------
STREAM (dynamic) version — custom malloc-based implementation
-------------------------------------------------------------
This system uses 4 bytes per array element.
-------------------------------------------------------------
Array size = 22369621 (elements), Offset = 0 (elements)
Memory per array = 85.3 MiB (= 0.1 GiB).
Total memory required = 256.0 MiB (= 0.2 GiB).
Each kernel will be executed 5 times.
-------------------------------------------------------------
Function    Best Rate MB/s  Avg time     Min time     Max time
Copy:           11859.3     0.015551     0.015090     0.016450
Scale:          10673.8     0.016807     0.016766     0.016848
Add:             9001.5     0.031050     0.029821     0.032525
Triad:           8969.0     0.029966     0.029929     0.029994
-------------------------------------------------------------
Solution Validates: avg error less than 1.000000e-06 on all three arrays
-------------------------------------------------------------



--- run 4 ---
-------------------------------------------------------------
STREAM (dynamic) version — custom malloc-based implementation
-------------------------------------------------------------
This system uses 4 bytes per array element.
-------------------------------------------------------------
Array size = 22369621 (elements), Offset = 0 (elements)
Memory per array = 85.3 MiB (= 0.1 GiB).
Total memory required = 256.0 MiB (= 0.2 GiB).
Each kernel will be executed 5 times.
-------------------------------------------------------------
Function    Best Rate MB/s  Avg time     Min time     Max time
Copy:           11581.5     0.015795     0.015452     0.016555
Scale:          10632.6     0.016860     0.016831     0.016902
Add:             8944.6     0.030810     0.030011     0.033033
Triad:           9051.6     0.029851     0.029656     0.030316
-------------------------------------------------------------
Solution Validates: avg error less than 1.000000e-06 on all three arrays
-------------------------------------------------------------



--- run 5 ---
-------------------------------------------------------------
STREAM (dynamic) version — custom malloc-based implementation
-------------------------------------------------------------
This system uses 4 bytes per array element.
-------------------------------------------------------------
Array size = 22369621 (elements), Offset = 0 (elements)
Memory per array = 85.3 MiB (= 0.1 GiB).
Total memory required = 256.0 MiB (= 0.2 GiB).
Each kernel will be executed 5 times.
-------------------------------------------------------------
Function    Best Rate MB/s  Avg time     Min time     Max time
Copy:           11686.7     0.015848     0.015313     0.016334
Scale:          10684.7     0.016807     0.016749     0.016875
Add:             8958.3     0.030400     0.029965     0.031547
Triad:           8950.8     0.031448     0.029990     0.032816
-------------------------------------------------------------
Solution Validates: avg error less than 1.000000e-06 on all three arrays
-------------------------------------------------------------



--- run 1 ---
-------------------------------------------------------------
STREAM (dynamic) version — custom malloc-based implementation
-------------------------------------------------------------
This system uses 4 bytes per array element.
-------------------------------------------------------------
Array size = 25109077 (elements), Offset = 0 (elements)
Memory per array = 95.8 MiB (= 0.1 GiB).
Total memory required = 287.4 MiB (= 0.3 GiB).
Each kernel will be executed 5 times.
-------------------------------------------------------------
Function    Best Rate MB/s  Avg time     Min time     Max time
Copy:           11272.2     0.018545     0.017820     0.019314
Scale:          10712.1     0.018991     0.018752     0.019308
Add:             9001.6     0.034868     0.033473     0.037233
Triad:           8955.0     0.036408     0.033647     0.038490
-------------------------------------------------------------
Solution Validates: avg error less than 1.000000e-06 on all three arrays
-------------------------------------------------------------



--- run 2 ---
-------------------------------------------------------------
STREAM (dynamic) version — custom malloc-based implementation
-------------------------------------------------------------
This system uses 4 bytes per array element.
-------------------------------------------------------------
Array size = 25109077 (elements), Offset = 0 (elements)
Memory per array = 95.8 MiB (= 0.1 GiB).
Total memory required = 287.4 MiB (= 0.3 GiB).
Each kernel will be executed 5 times.
-------------------------------------------------------------
Function    Best Rate MB/s  Avg time     Min time     Max time
Copy:           11551.0     0.018355     0.017390     0.019180
Scale:          10591.2     0.019152     0.018966     0.019570
Add:             8890.8     0.035818     0.033890     0.036948
Triad:           9028.0     0.036141     0.033375     0.038210
-------------------------------------------------------------
Solution Validates: avg error less than 1.000000e-06 on all three arrays
-------------------------------------------------------------



--- run 3 ---
-------------------------------------------------------------
STREAM (dynamic) version — custom malloc-based implementation
-------------------------------------------------------------
This system uses 4 bytes per array element.
-------------------------------------------------------------
Array size = 25109077 (elements), Offset = 0 (elements)
Memory per array = 95.8 MiB (= 0.1 GiB).
Total memory required = 287.4 MiB (= 0.3 GiB).
Each kernel will be executed 5 times.
-------------------------------------------------------------
Function    Best Rate MB/s  Avg time     Min time     Max time
Copy:           11147.1     0.018486     0.018020     0.018801
Scale:          10581.1     0.019082     0.018984     0.019344
Add:             8941.2     0.035535     0.033699     0.036642
Triad:           8248.3     0.037339     0.036530     0.038889
-------------------------------------------------------------
Solution Validates: avg error less than 1.000000e-06 on all three arrays
-------------------------------------------------------------



--- run 4 ---
-------------------------------------------------------------
STREAM (dynamic) version — custom malloc-based implementation
-------------------------------------------------------------
This system uses 4 bytes per array element.
-------------------------------------------------------------
Array size = 25109077 (elements), Offset = 0 (elements)
Memory per array = 95.8 MiB (= 0.1 GiB).
Total memory required = 287.4 MiB (= 0.3 GiB).
Each kernel will be executed 5 times.
-------------------------------------------------------------
Function    Best Rate MB/s  Avg time     Min time     Max time
Copy:           11591.1     0.017635     0.017330     0.018358
Scale:          10531.1     0.019213     0.019074     0.019596
Add:             8866.7     0.034523     0.033982     0.035937
Triad:           9005.1     0.035059     0.033460     0.038058
-------------------------------------------------------------
Solution Validates: avg error less than 1.000000e-06 on all three arrays
-------------------------------------------------------------



--- run 5 ---
-------------------------------------------------------------
STREAM (dynamic) version — custom malloc-based implementation
-------------------------------------------------------------
This system uses 4 bytes per array element.
-------------------------------------------------------------
Array size = 25109077 (elements), Offset = 0 (elements)
Memory per array = 95.8 MiB (= 0.1 GiB).
Total memory required = 287.4 MiB (= 0.3 GiB).
Each kernel will be executed 5 times.
-------------------------------------------------------------
Function    Best Rate MB/s  Avg time     Min time     Max time
Copy:           11632.5     0.017976     0.017268     0.018718
Scale:          10669.4     0.018853     0.018827     0.018891
Add:             8988.9     0.033580     0.033520     0.033666
Triad:           8882.2     0.035407     0.033923     0.036797
-------------------------------------------------------------
Solution Validates: avg error less than 1.000000e-06 on all three arrays
-------------------------------------------------------------



--- run 1 ---
-------------------------------------------------------------
STREAM (dynamic) version — custom malloc-based implementation
-------------------------------------------------------------
This system uses 4 bytes per array element.
-------------------------------------------------------------
Array size = 28183978 (elements), Offset = 0 (elements)
Memory per array = 107.5 MiB (= 0.1 GiB).
Total memory required = 322.5 MiB (= 0.3 GiB).
Each kernel will be executed 5 times.
-------------------------------------------------------------
Function    Best Rate MB/s  Avg time     Min time     Max time
Copy:           11610.9     0.020165     0.019419     0.020876
Scale:          10690.9     0.021163     0.021090     0.021291
Add:             8958.2     0.040096     0.037754     0.041314
Triad:           8897.7     0.040258     0.038011     0.043585
-------------------------------------------------------------
Solution Validates: avg error less than 1.000000e-06 on all three arrays
-------------------------------------------------------------



--- run 2 ---
-------------------------------------------------------------
STREAM (dynamic) version — custom malloc-based implementation
-------------------------------------------------------------
This system uses 4 bytes per array element.
-------------------------------------------------------------
Array size = 28183978 (elements), Offset = 0 (elements)
Memory per array = 107.5 MiB (= 0.1 GiB).
Total memory required = 322.5 MiB (= 0.3 GiB).
Each kernel will be executed 5 times.
-------------------------------------------------------------
Function    Best Rate MB/s  Avg time     Min time     Max time
Copy:           11554.3     0.019558     0.019514     0.019616
Scale:          10633.9     0.021274     0.021203     0.021349
Add:             8861.5     0.038537     0.038166     0.038916
Triad:           8995.6     0.038643     0.037597     0.041585
-------------------------------------------------------------
Solution Validates: avg error less than 1.000000e-06 on all three arrays
-------------------------------------------------------------



--- run 3 ---
-------------------------------------------------------------
STREAM (dynamic) version — custom malloc-based implementation
-------------------------------------------------------------
This system uses 4 bytes per array element.
-------------------------------------------------------------
Array size = 28183978 (elements), Offset = 0 (elements)
Memory per array = 107.5 MiB (= 0.1 GiB).
Total memory required = 322.5 MiB (= 0.3 GiB).
Each kernel will be executed 5 times.
-------------------------------------------------------------
Function    Best Rate MB/s  Avg time     Min time     Max time
Copy:           11578.8     0.019821     0.019473     0.020819
Scale:          10682.3     0.021173     0.021107     0.021344
Add:             9003.7     0.039182     0.037563     0.040998
Triad:           8924.9     0.040125     0.037895     0.042512
-------------------------------------------------------------
Solution Validates: avg error less than 1.000000e-06 on all three arrays
-------------------------------------------------------------



--- run 4 ---
-------------------------------------------------------------
STREAM (dynamic) version — custom malloc-based implementation
-------------------------------------------------------------
This system uses 4 bytes per array element.
-------------------------------------------------------------
Array size = 28183978 (elements), Offset = 0 (elements)
Memory per array = 107.5 MiB (= 0.1 GiB).
Total memory required = 322.5 MiB (= 0.3 GiB).
Each kernel will be executed 5 times.
-------------------------------------------------------------
Function    Best Rate MB/s  Avg time     Min time     Max time
Copy:           11515.5     0.019936     0.019580     0.020858
Scale:          10601.9     0.021304     0.021267     0.021326
Add:             8837.2     0.039864     0.038271     0.041291
Triad:           8995.8     0.040853     0.037596     0.043854
-------------------------------------------------------------
Solution Validates: avg error less than 1.000000e-06 on all three arrays
-------------------------------------------------------------



--- run 5 ---
-------------------------------------------------------------
STREAM (dynamic) version — custom malloc-based implementation
-------------------------------------------------------------
This system uses 4 bytes per array element.
-------------------------------------------------------------
Array size = 28183978 (elements), Offset = 0 (elements)
Memory per array = 107.5 MiB (= 0.1 GiB).
Total memory required = 322.5 MiB (= 0.3 GiB).
Each kernel will be executed 5 times.
-------------------------------------------------------------
Function    Best Rate MB/s  Avg time     Min time     Max time
Copy:           11621.6     0.019479     0.019401     0.019615
Scale:          10689.5     0.021116     0.021093     0.021136
Add:             8960.0     0.037841     0.037746     0.038013
Triad:           8939.7     0.039000     0.037832     0.042433
-------------------------------------------------------------
Solution Validates: avg error less than 1.000000e-06 on all three arrays
-------------------------------------------------------------



--- run 1 ---
-------------------------------------------------------------
STREAM (dynamic) version — custom malloc-based implementation
-------------------------------------------------------------
This system uses 4 bytes per array element.
-------------------------------------------------------------
Array size = 31635456 (elements), Offset = 0 (elements)
Memory per array = 120.7 MiB (= 0.1 GiB).
Total memory required = 362.0 MiB (= 0.4 GiB).
Each kernel will be executed 5 times.
-------------------------------------------------------------
Function    Best Rate MB/s  Avg time     Min time     Max time
Copy:           11453.2     0.022784     0.022097     0.024527
Scale:          10677.7     0.023913     0.023702     0.024169
Add:             9014.9     0.044257     0.042111     0.046881
Triad:           8960.6     0.043908     0.042366     0.047965
-------------------------------------------------------------
Solution Validates: avg error less than 1.000000e-06 on all three arrays
-------------------------------------------------------------



--- run 2 ---
-------------------------------------------------------------
STREAM (dynamic) version — custom malloc-based implementation
-------------------------------------------------------------
This system uses 4 bytes per array element.
-------------------------------------------------------------
Array size = 31635456 (elements), Offset = 0 (elements)
Memory per array = 120.7 MiB (= 0.1 GiB).
Total memory required = 362.0 MiB (= 0.4 GiB).
Each kernel will be executed 5 times.
-------------------------------------------------------------
Function    Best Rate MB/s  Avg time     Min time     Max time
Copy:           11214.8     0.023562     0.022567     0.024827
Scale:          10593.3     0.023952     0.023891     0.024027
Add:             8819.5     0.045296     0.043044     0.046714
Triad:           8893.9     0.046089     0.042684     0.048707
-------------------------------------------------------------
Solution Validates: avg error less than 1.000000e-06 on all three arrays
-------------------------------------------------------------



--- run 3 ---
-------------------------------------------------------------
STREAM (dynamic) version — custom malloc-based implementation
-------------------------------------------------------------
This system uses 4 bytes per array element.
-------------------------------------------------------------
Array size = 31635456 (elements), Offset = 0 (elements)
Memory per array = 120.7 MiB (= 0.1 GiB).
Total memory required = 362.0 MiB (= 0.4 GiB).
Each kernel will be executed 5 times.
-------------------------------------------------------------
Function    Best Rate MB/s  Avg time     Min time     Max time
Copy:           11483.4     0.023038     0.022039     0.024021
Scale:          10662.9     0.023870     0.023735     0.024155
Add:             8920.6     0.044264     0.042556     0.046349
Triad:           8899.5     0.043650     0.042657     0.046405
-------------------------------------------------------------
Solution Validates: avg error less than 1.000000e-06 on all three arrays
-------------------------------------------------------------



--- run 4 ---
-------------------------------------------------------------
STREAM (dynamic) version — custom malloc-based implementation
-------------------------------------------------------------
This system uses 4 bytes per array element.
-------------------------------------------------------------
Array size = 31635456 (elements), Offset = 0 (elements)
Memory per array = 120.7 MiB (= 0.1 GiB).
Total memory required = 362.0 MiB (= 0.4 GiB).
Each kernel will be executed 5 times.
-------------------------------------------------------------
Function    Best Rate MB/s  Avg time     Min time     Max time
Copy:           11435.2     0.022469     0.022132     0.022917
Scale:          10683.1     0.023725     0.023690     0.023811
Add:             8938.9     0.042529     0.042469     0.042636
Triad:           9022.0     0.042210     0.042078     0.042280
-------------------------------------------------------------
Solution Validates: avg error less than 1.000000e-06 on all three arrays
-------------------------------------------------------------



--- run 5 ---
-------------------------------------------------------------
STREAM (dynamic) version — custom malloc-based implementation
-------------------------------------------------------------
This system uses 4 bytes per array element.
-------------------------------------------------------------
Array size = 31635456 (elements), Offset = 0 (elements)
Memory per array = 120.7 MiB (= 0.1 GiB).
Total memory required = 362.0 MiB (= 0.4 GiB).
Each kernel will be executed 5 times.
-------------------------------------------------------------
Function    Best Rate MB/s  Avg time     Min time     Max time
Copy:           11478.3     0.022602     0.022049     0.023802
Scale:          10663.7     0.023851     0.023733     0.024099
Add:             8878.1     0.043644     0.042760     0.045780
Triad:           8947.7     0.043979     0.042427     0.046274
-------------------------------------------------------------
Solution Validates: avg error less than 1.000000e-06 on all three arrays
-------------------------------------------------------------



--- run 1 ---
-------------------------------------------------------------
STREAM (dynamic) version — custom malloc-based implementation
-------------------------------------------------------------
This system uses 4 bytes per array element.
-------------------------------------------------------------
Array size = 35509589 (elements), Offset = 0 (elements)
Memory per array = 135.5 MiB (= 0.1 GiB).
Total memory required = 406.4 MiB (= 0.4 GiB).
Each kernel will be executed 5 times.
-------------------------------------------------------------
Function    Best Rate MB/s  Avg time     Min time     Max time
Copy:           11147.7     0.026740     0.025483     0.027492
Scale:          10670.0     0.026793     0.026624     0.027061
Add:             8965.4     0.049805     0.047529     0.052874
Triad:           8926.9     0.050082     0.047734     0.053027
-------------------------------------------------------------
Solution Validates: avg error less than 1.000000e-06 on all three arrays
-------------------------------------------------------------



--- run 2 ---
-------------------------------------------------------------
STREAM (dynamic) version — custom malloc-based implementation
-------------------------------------------------------------
This system uses 4 bytes per array element.
-------------------------------------------------------------
Array size = 35509589 (elements), Offset = 0 (elements)
Memory per array = 135.5 MiB (= 0.1 GiB).
Total memory required = 406.4 MiB (= 0.4 GiB).
Each kernel will be executed 5 times.
-------------------------------------------------------------
Function    Best Rate MB/s  Avg time     Min time     Max time
Copy:           11167.4     0.026456     0.025438     0.027467
Scale:          10719.5     0.026590     0.026501     0.026720
Add:             8940.5     0.048753     0.047661     0.051563
Triad:           8979.9     0.048581     0.047452     0.051597
-------------------------------------------------------------
Solution Validates: avg error less than 1.000000e-06 on all three arrays
-------------------------------------------------------------



--- run 3 ---
-------------------------------------------------------------
STREAM (dynamic) version — custom malloc-based implementation
-------------------------------------------------------------
This system uses 4 bytes per array element.
-------------------------------------------------------------
Array size = 35509589 (elements), Offset = 0 (elements)
Memory per array = 135.5 MiB (= 0.1 GiB).
Total memory required = 406.4 MiB (= 0.4 GiB).
Each kernel will be executed 5 times.
-------------------------------------------------------------
Function    Best Rate MB/s  Avg time     Min time     Max time
Copy:           11179.7     0.026339     0.025410     0.027314
Scale:          10694.9     0.026583     0.026562     0.026624
Add:             8994.3     0.048100     0.047376     0.049917
Triad:           8929.5     0.048723     0.047720     0.050435
-------------------------------------------------------------
Solution Validates: avg error less than 1.000000e-06 on all three arrays
-------------------------------------------------------------



--- run 4 ---
-------------------------------------------------------------
STREAM (dynamic) version — custom malloc-based implementation
-------------------------------------------------------------
This system uses 4 bytes per array element.
-------------------------------------------------------------
Array size = 35509589 (elements), Offset = 0 (elements)
Memory per array = 135.5 MiB (= 0.1 GiB).
Total memory required = 406.4 MiB (= 0.4 GiB).
Each kernel will be executed 5 times.
-------------------------------------------------------------
Function    Best Rate MB/s  Avg time     Min time     Max time
Copy:           11243.8     0.025914     0.025265     0.027553
Scale:          10725.9     0.026590     0.026485     0.026700
Add:             8951.3     0.050876     0.047604     0.054473
Triad:           8986.9     0.051158     0.047415     0.054152
-------------------------------------------------------------
Solution Validates: avg error less than 1.000000e-06 on all three arrays
-------------------------------------------------------------



--- run 5 ---
-------------------------------------------------------------
STREAM (dynamic) version — custom malloc-based implementation
-------------------------------------------------------------
This system uses 4 bytes per array element.
-------------------------------------------------------------
Array size = 35509589 (elements), Offset = 0 (elements)
Memory per array = 135.5 MiB (= 0.1 GiB).
Total memory required = 406.4 MiB (= 0.4 GiB).
Each kernel will be executed 5 times.
-------------------------------------------------------------
Function    Best Rate MB/s  Avg time     Min time     Max time
Copy:           11434.0     0.025314     0.024845     0.026474
Scale:          10666.7     0.026793     0.026632     0.027159
Add:             9008.6     0.048072     0.047301     0.049986
Triad:           8982.7     0.049499     0.047437     0.055277
-------------------------------------------------------------
Solution Validates: avg error less than 1.000000e-06 on all three arrays
-------------------------------------------------------------



--- run 1 ---
-------------------------------------------------------------
STREAM (dynamic) version — custom malloc-based implementation
-------------------------------------------------------------
This system uses 4 bytes per array element.
-------------------------------------------------------------
Array size = 39858176 (elements), Offset = 0 (elements)
Memory per array = 152.0 MiB (= 0.1 GiB).
Total memory required = 456.1 MiB (= 0.4 GiB).
Each kernel will be executed 5 times.
-------------------------------------------------------------
Function    Best Rate MB/s  Avg time     Min time     Max time
Copy:           11405.6     0.029190     0.027957     0.030569
Scale:          10696.3     0.029952     0.029811     0.030203
Add:             9018.2     0.055309     0.053037     0.061449
Triad:           8948.5     0.055500     0.053450     0.058304
-------------------------------------------------------------
Solution Validates: avg error less than 1.000000e-06 on all three arrays
-------------------------------------------------------------



--- run 2 ---
-------------------------------------------------------------
STREAM (dynamic) version — custom malloc-based implementation
-------------------------------------------------------------
This system uses 4 bytes per array element.
-------------------------------------------------------------
Array size = 39858176 (elements), Offset = 0 (elements)
Memory per array = 152.0 MiB (= 0.1 GiB).
Total memory required = 456.1 MiB (= 0.4 GiB).
Each kernel will be executed 5 times.
-------------------------------------------------------------
Function    Best Rate MB/s  Avg time     Min time     Max time
Copy:           10671.2     0.029986     0.029881     0.030181
Scale:          10757.5     0.029763     0.029641     0.029849
Add:             8935.1     0.056802     0.053530     0.057935
Triad:           8969.1     0.055986     0.053327     0.057817
-------------------------------------------------------------
Solution Validates: avg error less than 1.000000e-06 on all three arrays
-------------------------------------------------------------



--- run 3 ---
-------------------------------------------------------------
STREAM (dynamic) version — custom malloc-based implementation
-------------------------------------------------------------
This system uses 4 bytes per array element.
-------------------------------------------------------------
Array size = 39858176 (elements), Offset = 0 (elements)
Memory per array = 152.0 MiB (= 0.1 GiB).
Total memory required = 456.1 MiB (= 0.4 GiB).
Each kernel will be executed 5 times.
-------------------------------------------------------------
Function    Best Rate MB/s  Avg time     Min time     Max time
Copy:           11447.8     0.028954     0.027854     0.031395
Scale:          10722.2     0.030089     0.029739     0.030960
Add:             9007.6     0.054912     0.053099     0.059942
Triad:           8972.6     0.055353     0.053307     0.058318
-------------------------------------------------------------
Solution Validates: avg error less than 1.000000e-06 on all three arrays
-------------------------------------------------------------



--- run 4 ---
-------------------------------------------------------------
STREAM (dynamic) version — custom malloc-based implementation
-------------------------------------------------------------
This system uses 4 bytes per array element.
-------------------------------------------------------------
Array size = 39858176 (elements), Offset = 0 (elements)
Memory per array = 152.0 MiB (= 0.1 GiB).
Total memory required = 456.1 MiB (= 0.4 GiB).
Each kernel will be executed 5 times.
-------------------------------------------------------------
Function    Best Rate MB/s  Avg time     Min time     Max time
Copy:           11271.7     0.028495     0.028289     0.028890
Scale:          10747.1     0.030150     0.029670     0.031345
Add:             8935.5     0.054903     0.053528     0.058892
Triad:           9007.2     0.055095     0.053102     0.060531
-------------------------------------------------------------
Solution Validates: avg error less than 1.000000e-06 on all three arrays
-------------------------------------------------------------



--- run 5 ---
-------------------------------------------------------------
STREAM (dynamic) version — custom malloc-based implementation
-------------------------------------------------------------
This system uses 4 bytes per array element.
-------------------------------------------------------------
Array size = 39858176 (elements), Offset = 0 (elements)
Memory per array = 152.0 MiB (= 0.1 GiB).
Total memory required = 456.1 MiB (= 0.4 GiB).
Each kernel will be executed 5 times.
-------------------------------------------------------------
Function    Best Rate MB/s  Avg time     Min time     Max time
Copy:           11362.8     0.029453     0.028062     0.030193
Scale:          10673.0     0.029959     0.029876     0.030064
Add:             9003.4     0.056031     0.053124     0.057585
Triad:           8599.4     0.057679     0.055620     0.058538
-------------------------------------------------------------
Solution Validates: avg error less than 1.000000e-06 on all three arrays
-------------------------------------------------------------



--- run 1 ---
-------------------------------------------------------------
STREAM (dynamic) version — custom malloc-based implementation
-------------------------------------------------------------
This system uses 4 bytes per array element.
-------------------------------------------------------------
Array size = 44739242 (elements), Offset = 0 (elements)
Memory per array = 170.7 MiB (= 0.2 GiB).
Total memory required = 512.0 MiB (= 0.5 GiB).
Each kernel will be executed 5 times.
-------------------------------------------------------------
Function    Best Rate MB/s  Avg time     Min time     Max time
Copy:           11293.2     0.034801     0.031693     0.041458
Scale:          10678.9     0.033593     0.033516     0.033661
Add:             8949.5     0.062237     0.059989     0.065467
Triad:           8880.5     0.064390     0.060455     0.066902
-------------------------------------------------------------
Solution Validates: avg error less than 1.000000e-06 on all three arrays
-------------------------------------------------------------



--- run 2 ---
-------------------------------------------------------------
STREAM (dynamic) version — custom malloc-based implementation
-------------------------------------------------------------
This system uses 4 bytes per array element.
-------------------------------------------------------------
Array size = 44739242 (elements), Offset = 0 (elements)
Memory per array = 170.7 MiB (= 0.2 GiB).
Total memory required = 512.0 MiB (= 0.5 GiB).
Each kernel will be executed 5 times.
-------------------------------------------------------------
Function    Best Rate MB/s  Avg time     Min time     Max time
Copy:           10769.9     0.034677     0.033233     0.036341
Scale:          10714.4     0.033591     0.033405     0.033972
Add:             8844.8     0.061356     0.060699     0.062938
Triad:           8843.9     0.063610     0.060705     0.065543
-------------------------------------------------------------
Solution Validates: avg error less than 1.000000e-06 on all three arrays
-------------------------------------------------------------



--- run 3 ---
-------------------------------------------------------------
STREAM (dynamic) version — custom malloc-based implementation
-------------------------------------------------------------
This system uses 4 bytes per array element.
-------------------------------------------------------------
Array size = 44739242 (elements), Offset = 0 (elements)
Memory per array = 170.7 MiB (= 0.2 GiB).
Total memory required = 512.0 MiB (= 0.5 GiB).
Each kernel will be executed 5 times.
-------------------------------------------------------------
Function    Best Rate MB/s  Avg time     Min time     Max time
Copy:           11010.7     0.033930     0.032506     0.035769
Scale:          10682.4     0.033621     0.033505     0.033813
Add:             8840.7     0.063397     0.060727     0.065843
Triad:           8842.0     0.063331     0.060718     0.069201
-------------------------------------------------------------
Solution Validates: avg error less than 1.000000e-06 on all three arrays
-------------------------------------------------------------



--- run 4 ---
-------------------------------------------------------------
STREAM (dynamic) version — custom malloc-based implementation
-------------------------------------------------------------
This system uses 4 bytes per array element.
-------------------------------------------------------------
Array size = 44739242 (elements), Offset = 0 (elements)
Memory per array = 170.7 MiB (= 0.2 GiB).
Total memory required = 512.0 MiB (= 0.5 GiB).
Each kernel will be executed 5 times.
-------------------------------------------------------------
Function    Best Rate MB/s  Avg time     Min time     Max time
Copy:           11656.5     0.032034     0.030705     0.033038
Scale:          10687.2     0.033607     0.033490     0.033789
Add:             8971.0     0.063850     0.059845     0.065307
Triad:           8998.7     0.063909     0.059661     0.066171
-------------------------------------------------------------
Solution Validates: avg error less than 1.000000e-06 on all three arrays
-------------------------------------------------------------



--- run 5 ---
-------------------------------------------------------------
STREAM (dynamic) version — custom malloc-based implementation
-------------------------------------------------------------
This system uses 4 bytes per array element.
-------------------------------------------------------------
Array size = 44739242 (elements), Offset = 0 (elements)
Memory per array = 170.7 MiB (= 0.2 GiB).
Total memory required = 512.0 MiB (= 0.5 GiB).
Each kernel will be executed 5 times.
-------------------------------------------------------------
Function    Best Rate MB/s  Avg time     Min time     Max time
Copy:           11966.8     0.031392     0.029909     0.033254
Scale:          10994.8     0.033283     0.032553     0.033629
Add:             9037.8     0.062272     0.059403     0.065183
Triad:           9034.6     0.064320     0.059424     0.073304
-------------------------------------------------------------
Solution Validates: avg error less than 1.000000e-06 on all three arrays
-------------------------------------------------------------



--- run 1 ---
-------------------------------------------------------------
STREAM (dynamic) version — custom malloc-based implementation
-------------------------------------------------------------
This system uses 4 bytes per array element.
-------------------------------------------------------------
Array size = 50218069 (elements), Offset = 0 (elements)
Memory per array = 191.6 MiB (= 0.2 GiB).
Total memory required = 574.7 MiB (= 0.6 GiB).
Each kernel will be executed 5 times.
-------------------------------------------------------------
Function    Best Rate MB/s  Avg time     Min time     Max time
Copy:           12117.5     0.033849     0.033154     0.035703
Scale:          10706.6     0.037704     0.037523     0.038055
Add:             9035.2     0.070598     0.066697     0.076954
Triad:           9050.6     0.069819     0.066583     0.073459
-------------------------------------------------------------
Solution Validates: avg error less than 1.000000e-06 on all three arrays
-------------------------------------------------------------



--- run 2 ---
-------------------------------------------------------------
STREAM (dynamic) version — custom malloc-based implementation
-------------------------------------------------------------
This system uses 4 bytes per array element.
-------------------------------------------------------------
Array size = 50218069 (elements), Offset = 0 (elements)
Memory per array = 191.6 MiB (= 0.2 GiB).
Total memory required = 574.7 MiB (= 0.6 GiB).
Each kernel will be executed 5 times.
-------------------------------------------------------------
Function    Best Rate MB/s  Avg time     Min time     Max time
Copy:           10321.3     0.040337     0.038924     0.040980
Scale:          10697.8     0.037630     0.037554     0.037718
Add:             8816.6     0.071981     0.068350     0.074534
Triad:           8361.6     0.074194     0.072070     0.075499
-------------------------------------------------------------
Solution Validates: avg error less than 1.000000e-06 on all three arrays
-------------------------------------------------------------



--- run 3 ---
-------------------------------------------------------------
STREAM (dynamic) version — custom malloc-based implementation
-------------------------------------------------------------
This system uses 4 bytes per array element.
-------------------------------------------------------------
Array size = 50218069 (elements), Offset = 0 (elements)
Memory per array = 191.6 MiB (= 0.2 GiB).
Total memory required = 574.7 MiB (= 0.6 GiB).
Each kernel will be executed 5 times.
-------------------------------------------------------------
Function    Best Rate MB/s  Avg time     Min time     Max time
Copy:           12215.2     0.033231     0.032889     0.033795
Scale:          10695.8     0.037862     0.037561     0.038652
Add:             9033.0     0.069602     0.066713     0.078075
Triad:           9114.1     0.069512     0.066119     0.072889
-------------------------------------------------------------
Solution Validates: avg error less than 1.000000e-06 on all three arrays
-------------------------------------------------------------



--- run 4 ---
-------------------------------------------------------------
STREAM (dynamic) version — custom malloc-based implementation
-------------------------------------------------------------
This system uses 4 bytes per array element.
-------------------------------------------------------------
Array size = 50218069 (elements), Offset = 0 (elements)
Memory per array = 191.6 MiB (= 0.2 GiB).
Total memory required = 574.7 MiB (= 0.6 GiB).
Each kernel will be executed 5 times.
-------------------------------------------------------------
Function    Best Rate MB/s  Avg time     Min time     Max time
Copy:           11917.7     0.035766     0.033710     0.036551
Scale:          10683.9     0.037706     0.037603     0.037781
Add:             9006.6     0.071562     0.066908     0.079515
Triad:           8992.7     0.070361     0.067012     0.074255
-------------------------------------------------------------
Solution Validates: avg error less than 1.000000e-06 on all three arrays
-------------------------------------------------------------



--- run 5 ---
-------------------------------------------------------------
STREAM (dynamic) version — custom malloc-based implementation
-------------------------------------------------------------
This system uses 4 bytes per array element.
-------------------------------------------------------------
Array size = 50218069 (elements), Offset = 0 (elements)
Memory per array = 191.6 MiB (= 0.2 GiB).
Total memory required = 574.7 MiB (= 0.6 GiB).
Each kernel will be executed 5 times.
-------------------------------------------------------------
Function    Best Rate MB/s  Avg time     Min time     Max time
Copy:           11623.5     0.035977     0.034563     0.036726
Scale:          10671.1     0.037720     0.037648     0.037801
Add:             8797.4     0.073717     0.068499     0.080266
Triad:           8942.6     0.069941     0.067387     0.072972
-------------------------------------------------------------
Solution Validates: avg error less than 1.000000e-06 on all three arrays
-------------------------------------------------------------



--- run 1 ---
-------------------------------------------------------------
STREAM (dynamic) version — custom malloc-based implementation
-------------------------------------------------------------
This system uses 4 bytes per array element.
-------------------------------------------------------------
Array size = 56367872 (elements), Offset = 0 (elements)
Memory per array = 215.0 MiB (= 0.2 GiB).
Total memory required = 645.1 MiB (= 0.6 GiB).
Each kernel will be executed 5 times.
-------------------------------------------------------------
Function    Best Rate MB/s  Avg time     Min time     Max time
Copy:           10852.0     0.041609     0.041554     0.041716
Scale:          10657.3     0.042459     0.042313     0.042597
Add:             8929.6     0.079440     0.075750     0.085979
Triad:           9027.4     0.079937     0.074929     0.085664
-------------------------------------------------------------
Solution Validates: avg error less than 1.000000e-06 on all three arrays
-------------------------------------------------------------



--- run 2 ---
-------------------------------------------------------------
STREAM (dynamic) version — custom malloc-based implementation
-------------------------------------------------------------
This system uses 4 bytes per array element.
-------------------------------------------------------------
Array size = 56367872 (elements), Offset = 0 (elements)
Memory per array = 215.0 MiB (= 0.2 GiB).
Total memory required = 645.1 MiB (= 0.6 GiB).
Each kernel will be executed 5 times.
-------------------------------------------------------------
Function    Best Rate MB/s  Avg time     Min time     Max time
Copy:           11158.1     0.041911     0.040414     0.043676
Scale:          10631.9     0.044414     0.042414     0.050171
Add:             8843.8     0.081914     0.076484     0.084184
Triad:           8849.7     0.080720     0.076434     0.083157
-------------------------------------------------------------
Solution Validates: avg error less than 1.000000e-06 on all three arrays
-------------------------------------------------------------



--- run 3 ---
-------------------------------------------------------------
STREAM (dynamic) version — custom malloc-based implementation
-------------------------------------------------------------
This system uses 4 bytes per array element.
-------------------------------------------------------------
Array size = 56367872 (elements), Offset = 0 (elements)
Memory per array = 215.0 MiB (= 0.2 GiB).
Total memory required = 645.1 MiB (= 0.6 GiB).
Each kernel will be executed 5 times.
-------------------------------------------------------------
Function    Best Rate MB/s  Avg time     Min time     Max time
Copy:           11533.7     0.040316     0.039098     0.041989
Scale:          10625.4     0.043220     0.042440     0.045349
Add:             8273.4     0.084182     0.081758     0.088990
Triad:           8271.6     0.082123     0.081776     0.082624
-------------------------------------------------------------
Solution Validates: avg error less than 1.000000e-06 on all three arrays
-------------------------------------------------------------



--- run 4 ---
-------------------------------------------------------------
STREAM (dynamic) version — custom malloc-based implementation
-------------------------------------------------------------
This system uses 4 bytes per array element.
-------------------------------------------------------------
Array size = 56367872 (elements), Offset = 0 (elements)
Memory per array = 215.0 MiB (= 0.2 GiB).
Total memory required = 645.1 MiB (= 0.6 GiB).
Each kernel will be executed 5 times.
-------------------------------------------------------------
Function    Best Rate MB/s  Avg time     Min time     Max time
Copy:           10780.9     0.045843     0.041828     0.055113
Scale:          10707.7     0.042413     0.042114     0.042844
Add:             8807.4     0.081237     0.076801     0.084232
Triad:           8826.1     0.080080     0.076638     0.083840
-------------------------------------------------------------
Solution Validates: avg error less than 1.000000e-06 on all three arrays
-------------------------------------------------------------



--- run 5 ---
-------------------------------------------------------------
STREAM (dynamic) version — custom malloc-based implementation
-------------------------------------------------------------
This system uses 4 bytes per array element.
-------------------------------------------------------------
Array size = 56367872 (elements), Offset = 0 (elements)
Memory per array = 215.0 MiB (= 0.2 GiB).
Total memory required = 645.1 MiB (= 0.6 GiB).
Each kernel will be executed 5 times.
-------------------------------------------------------------
Function    Best Rate MB/s  Avg time     Min time     Max time
Copy:           11182.9     0.041884     0.040324     0.044040
Scale:          10688.1     0.042609     0.042191     0.043530
Add:             8834.6     0.079176     0.076564     0.082786
Triad:           8917.5     0.080059     0.075853     0.082726
-------------------------------------------------------------
Solution Validates: avg error less than 1.000000e-06 on all three arrays
-------------------------------------------------------------



--- run 1 ---
-------------------------------------------------------------
STREAM (dynamic) version — custom malloc-based implementation
-------------------------------------------------------------
This system uses 4 bytes per array element.
-------------------------------------------------------------
Array size = 63270826 (elements), Offset = 0 (elements)
Memory per array = 241.4 MiB (= 0.2 GiB).
Total memory required = 724.1 MiB (= 0.7 GiB).
Each kernel will be executed 5 times.
-------------------------------------------------------------
Function    Best Rate MB/s  Avg time     Min time     Max time
Copy:           10665.1     0.048234     0.047460     0.049913
Scale:          10582.0     0.047880     0.047833     0.047988
Add:             8733.1     0.088713     0.086939     0.092429
Triad:           8798.8     0.086917     0.086290     0.088299
-------------------------------------------------------------
Solution Validates: avg error less than 1.000000e-06 on all three arrays
-------------------------------------------------------------



--- run 2 ---
-------------------------------------------------------------
STREAM (dynamic) version — custom malloc-based implementation
-------------------------------------------------------------
This system uses 4 bytes per array element.
-------------------------------------------------------------
Array size = 63270826 (elements), Offset = 0 (elements)
Memory per array = 241.4 MiB (= 0.2 GiB).
Total memory required = 724.1 MiB (= 0.7 GiB).
Each kernel will be executed 5 times.
-------------------------------------------------------------
Function    Best Rate MB/s  Avg time     Min time     Max time
Copy:           10473.8     0.049679     0.048327     0.052241
Scale:          10587.7     0.048160     0.047807     0.049055
Add:             8696.0     0.091144     0.087310     0.094933
Triad:           8643.6     0.092602     0.087840     0.096130
-------------------------------------------------------------
Solution Validates: avg error less than 1.000000e-06 on all three arrays
-------------------------------------------------------------



--- run 3 ---
-------------------------------------------------------------
STREAM (dynamic) version — custom malloc-based implementation
-------------------------------------------------------------
This system uses 4 bytes per array element.
-------------------------------------------------------------
Array size = 63270826 (elements), Offset = 0 (elements)
Memory per array = 241.4 MiB (= 0.2 GiB).
Total memory required = 724.1 MiB (= 0.7 GiB).
Each kernel will be executed 5 times.
-------------------------------------------------------------
Function    Best Rate MB/s  Avg time     Min time     Max time
Copy:           11741.8     0.044065     0.043108     0.044696
Scale:          10574.2     0.048291     0.047868     0.049186
Add:             8951.8     0.088578     0.084815     0.092351
Triad:           9054.5     0.089116     0.083853     0.094034
-------------------------------------------------------------
Solution Validates: avg error less than 1.000000e-06 on all three arrays
-------------------------------------------------------------



--- run 4 ---
-------------------------------------------------------------
STREAM (dynamic) version — custom malloc-based implementation
-------------------------------------------------------------
This system uses 4 bytes per array element.
-------------------------------------------------------------
Array size = 63270826 (elements), Offset = 0 (elements)
Memory per array = 241.4 MiB (= 0.2 GiB).
Total memory required = 724.1 MiB (= 0.7 GiB).
Each kernel will be executed 5 times.
-------------------------------------------------------------
Function    Best Rate MB/s  Avg time     Min time     Max time
Copy:           11450.7     0.045630     0.044204     0.047363
Scale:          10703.4     0.047865     0.047290     0.048334
Add:             8883.8     0.088891     0.085465     0.092542
Triad:           8973.7     0.089244     0.084608     0.095624
-------------------------------------------------------------
Solution Validates: avg error less than 1.000000e-06 on all three arrays
-------------------------------------------------------------



--- run 5 ---
-------------------------------------------------------------
STREAM (dynamic) version — custom malloc-based implementation
-------------------------------------------------------------
This system uses 4 bytes per array element.
-------------------------------------------------------------
Array size = 63270826 (elements), Offset = 0 (elements)
Memory per array = 241.4 MiB (= 0.2 GiB).
Total memory required = 724.1 MiB (= 0.7 GiB).
Each kernel will be executed 5 times.
-------------------------------------------------------------
Function    Best Rate MB/s  Avg time     Min time     Max time
Copy:           11617.1     0.044708     0.043571     0.045264
Scale:          10576.8     0.048325     0.047856     0.048806
Add:             8955.3     0.087645     0.084782     0.092498
Triad:           8948.0     0.090343     0.084851     0.093240
-------------------------------------------------------------
Solution Validates: avg error less than 1.000000e-06 on all three arrays
-------------------------------------------------------------



--- run 1 ---
-------------------------------------------------------------
STREAM (dynamic) version — custom malloc-based implementation
-------------------------------------------------------------
This system uses 4 bytes per array element.
-------------------------------------------------------------
Array size = 71019093 (elements), Offset = 0 (elements)
Memory per array = 270.9 MiB (= 0.3 GiB).
Total memory required = 812.7 MiB (= 0.8 GiB).
Each kernel will be executed 5 times.
-------------------------------------------------------------
Function    Best Rate MB/s  Avg time     Min time     Max time
Copy:           10708.9     0.054822     0.053054     0.055982
Scale:          10678.4     0.053624     0.053206     0.054512
Add:             8786.8     0.104034     0.096990     0.111411
Triad:           8390.7     0.103954     0.101568     0.105159
-------------------------------------------------------------
Solution Validates: avg error less than 1.000000e-06 on all three arrays
-------------------------------------------------------------



--- run 2 ---
-------------------------------------------------------------
STREAM (dynamic) version — custom malloc-based implementation
-------------------------------------------------------------
This system uses 4 bytes per array element.
-------------------------------------------------------------
Array size = 71019093 (elements), Offset = 0 (elements)
Memory per array = 270.9 MiB (= 0.3 GiB).
Total memory required = 812.7 MiB (= 0.8 GiB).
Each kernel will be executed 5 times.
-------------------------------------------------------------
Function    Best Rate MB/s  Avg time     Min time     Max time
Copy:           10739.5     0.055001     0.052903     0.057167
Scale:          10673.3     0.053409     0.053231     0.053503
Add:             8757.5     0.103854     0.097314     0.110642
Triad:           8180.9     0.105338     0.104173     0.108268
-------------------------------------------------------------
Solution Validates: avg error less than 1.000000e-06 on all three arrays
-------------------------------------------------------------



--- run 3 ---
-------------------------------------------------------------
STREAM (dynamic) version — custom malloc-based implementation
-------------------------------------------------------------
This system uses 4 bytes per array element.
-------------------------------------------------------------
Array size = 71019093 (elements), Offset = 0 (elements)
Memory per array = 270.9 MiB (= 0.3 GiB).
Total memory required = 812.7 MiB (= 0.8 GiB).
Each kernel will be executed 5 times.
-------------------------------------------------------------
Function    Best Rate MB/s  Avg time     Min time     Max time
Copy:           11129.6     0.052226     0.051049     0.054736
Scale:          10645.4     0.053817     0.053371     0.055011
Add:             8808.2     0.098796     0.096754     0.103942
Triad:           8928.1     0.097429     0.095455     0.103085
-------------------------------------------------------------
Solution Validates: avg error less than 1.000000e-06 on all three arrays
-------------------------------------------------------------



--- run 4 ---
-------------------------------------------------------------
STREAM (dynamic) version — custom malloc-based implementation
-------------------------------------------------------------
This system uses 4 bytes per array element.
-------------------------------------------------------------
Array size = 71019093 (elements), Offset = 0 (elements)
Memory per array = 270.9 MiB (= 0.3 GiB).
Total memory required = 812.7 MiB (= 0.8 GiB).
Each kernel will be executed 5 times.
-------------------------------------------------------------
Function    Best Rate MB/s  Avg time     Min time     Max time
Copy:           10828.7     0.055005     0.052467     0.056551
Scale:          10691.4     0.053585     0.053141     0.054693
Add:             8742.3     0.104240     0.097484     0.107326
Triad:           8861.5     0.102627     0.096172     0.105090
-------------------------------------------------------------
Solution Validates: avg error less than 1.000000e-06 on all three arrays
-------------------------------------------------------------



--- run 5 ---
-------------------------------------------------------------
STREAM (dynamic) version — custom malloc-based implementation
-------------------------------------------------------------
This system uses 4 bytes per array element.
-------------------------------------------------------------
Array size = 71019093 (elements), Offset = 0 (elements)
Memory per array = 270.9 MiB (= 0.3 GiB).
Total memory required = 812.7 MiB (= 0.8 GiB).
Each kernel will be executed 5 times.
-------------------------------------------------------------
Function    Best Rate MB/s  Avg time     Min time     Max time
Copy:           10851.7     0.053739     0.052356     0.056294
Scale:          10677.9     0.054346     0.053208     0.057681
Add:             8802.8     0.100647     0.096813     0.106989
Triad:           8862.2     0.100742     0.096164     0.107730
-------------------------------------------------------------
Solution Validates: avg error less than 1.000000e-06 on all three arrays
-------------------------------------------------------------



--- run 1 ---
-------------------------------------------------------------
STREAM (dynamic) version — custom malloc-based implementation
-------------------------------------------------------------
This system uses 4 bytes per array element.
-------------------------------------------------------------
Array size = 79716266 (elements), Offset = 0 (elements)
Memory per array = 304.1 MiB (= 0.3 GiB).
Total memory required = 912.3 MiB (= 0.9 GiB).
Each kernel will be executed 5 times.
-------------------------------------------------------------
Function    Best Rate MB/s  Avg time     Min time     Max time
Copy:           11589.2     0.055277     0.055028     0.055413
Scale:          10619.1     0.060213     0.060055     0.060395
Add:             8866.4     0.114894     0.107890     0.125285
Triad:           8922.9     0.111579     0.107207     0.118310
-------------------------------------------------------------
Solution Validates: avg error less than 1.000000e-06 on all three arrays
-------------------------------------------------------------



--- run 2 ---
-------------------------------------------------------------
STREAM (dynamic) version — custom malloc-based implementation
-------------------------------------------------------------
This system uses 4 bytes per array element.
-------------------------------------------------------------
Array size = 79716266 (elements), Offset = 0 (elements)
Memory per array = 304.1 MiB (= 0.3 GiB).
Total memory required = 912.3 MiB (= 0.9 GiB).
Each kernel will be executed 5 times.
-------------------------------------------------------------
Function    Best Rate MB/s  Avg time     Min time     Max time
Copy:           11401.7     0.057311     0.055933     0.060363
Scale:          10608.3     0.061791     0.060116     0.066574
Add:             8941.5     0.107238     0.106984     0.107827
Triad:           8992.7     0.108798     0.106375     0.112571
-------------------------------------------------------------
Solution Validates: avg error less than 1.000000e-06 on all three arrays
-------------------------------------------------------------



--- run 3 ---
-------------------------------------------------------------
STREAM (dynamic) version — custom malloc-based implementation
-------------------------------------------------------------
This system uses 4 bytes per array element.
-------------------------------------------------------------
Array size = 79716266 (elements), Offset = 0 (elements)
Memory per array = 304.1 MiB (= 0.3 GiB).
Total memory required = 912.3 MiB (= 0.9 GiB).
Each kernel will be executed 5 times.
-------------------------------------------------------------
Function    Best Rate MB/s  Avg time     Min time     Max time
Copy:           11765.6     0.055396     0.054203     0.058018
Scale:          10703.7     0.059725     0.059580     0.059872
Add:             8983.7     0.110451     0.106482     0.122263
Triad:           9097.4     0.110123     0.105150     0.116920
-------------------------------------------------------------
Solution Validates: avg error less than 1.000000e-06 on all three arrays
-------------------------------------------------------------



--- run 4 ---
-------------------------------------------------------------
STREAM (dynamic) version — custom malloc-based implementation
-------------------------------------------------------------
This system uses 4 bytes per array element.
-------------------------------------------------------------
Array size = 79716266 (elements), Offset = 0 (elements)
Memory per array = 304.1 MiB (= 0.3 GiB).
Total memory required = 912.3 MiB (= 0.9 GiB).
Each kernel will be executed 5 times.
-------------------------------------------------------------
Function    Best Rate MB/s  Avg time     Min time     Max time
Copy:           11613.7     0.056791     0.054912     0.059252
Scale:          10594.4     0.060510     0.060195     0.061203
Add:             8835.8     0.109235     0.108264     0.111740
Triad:           8922.2     0.111051     0.107215     0.116437
-------------------------------------------------------------
Solution Validates: avg error less than 1.000000e-06 on all three arrays
-------------------------------------------------------------



--- run 5 ---
-------------------------------------------------------------
STREAM (dynamic) version — custom malloc-based implementation
-------------------------------------------------------------
This system uses 4 bytes per array element.
-------------------------------------------------------------
Array size = 79716266 (elements), Offset = 0 (elements)
Memory per array = 304.1 MiB (= 0.3 GiB).
Total memory required = 912.3 MiB (= 0.9 GiB).
Each kernel will be executed 5 times.
-------------------------------------------------------------
Function    Best Rate MB/s  Avg time     Min time     Max time
Copy:           11440.1     0.057177     0.055745     0.059834
Scale:          10639.2     0.060185     0.059942     0.060410
Add:             8570.4     0.114233     0.111616     0.115874
Triad:           8446.3     0.115264     0.113256     0.118950
-------------------------------------------------------------
Solution Validates: avg error less than 1.000000e-06 on all three arrays
-------------------------------------------------------------



--- run 1 ---
-------------------------------------------------------------
STREAM (dynamic) version — custom malloc-based implementation
-------------------------------------------------------------
This system uses 4 bytes per array element.
-------------------------------------------------------------
Array size = 89478485 (elements), Offset = 0 (elements)
Memory per array = 341.3 MiB (= 0.3 GiB).
Total memory required = 1024.0 MiB (= 1.0 GiB).
Each kernel will be executed 5 times.
-------------------------------------------------------------
Function    Best Rate MB/s  Avg time     Min time     Max time
Copy:           11530.9     0.062901     0.062079     0.064596
Scale:          10651.0     0.067352     0.067208     0.067621
Add:             8898.5     0.122855     0.120665     0.129234
Triad:           9047.4     0.123349     0.118679     0.133790
-------------------------------------------------------------
Solution Validates: avg error less than 1.000000e-06 on all three arrays
-------------------------------------------------------------



--- run 2 ---
-------------------------------------------------------------
STREAM (dynamic) version — custom malloc-based implementation
-------------------------------------------------------------
This system uses 4 bytes per array element.
-------------------------------------------------------------
Array size = 89478485 (elements), Offset = 0 (elements)
Memory per array = 341.3 MiB (= 0.3 GiB).
Total memory required = 1024.0 MiB (= 1.0 GiB).
Each kernel will be executed 5 times.
-------------------------------------------------------------
Function    Best Rate MB/s  Avg time     Min time     Max time
Copy:           11208.4     0.066169     0.063865     0.068465
Scale:          10780.5     0.067035     0.066400     0.067352
Add:             8883.8     0.126334     0.120866     0.132054
Triad:           8776.6     0.129068     0.122341     0.135552
-------------------------------------------------------------
Solution Validates: avg error less than 1.000000e-06 on all three arrays
-------------------------------------------------------------



--- run 3 ---
-------------------------------------------------------------
STREAM (dynamic) version — custom malloc-based implementation
-------------------------------------------------------------
This system uses 4 bytes per array element.
-------------------------------------------------------------
Array size = 89478485 (elements), Offset = 0 (elements)
Memory per array = 341.3 MiB (= 0.3 GiB).
Total memory required = 1024.0 MiB (= 1.0 GiB).
Each kernel will be executed 5 times.
-------------------------------------------------------------
Function    Best Rate MB/s  Avg time     Min time     Max time
Copy:           11389.8     0.063507     0.062848     0.065208
Scale:          10799.4     0.066979     0.066284     0.067378
Add:             8839.3     0.123505     0.121473     0.127745
Triad:           8946.6     0.126774     0.120016     0.134293
-------------------------------------------------------------
Solution Validates: avg error less than 1.000000e-06 on all three arrays
-------------------------------------------------------------



--- run 4 ---
-------------------------------------------------------------
STREAM (dynamic) version — custom malloc-based implementation
-------------------------------------------------------------
This system uses 4 bytes per array element.
-------------------------------------------------------------
Array size = 89478485 (elements), Offset = 0 (elements)
Memory per array = 341.3 MiB (= 0.3 GiB).
Total memory required = 1024.0 MiB (= 1.0 GiB).
Each kernel will be executed 5 times.
-------------------------------------------------------------
Function    Best Rate MB/s  Avg time     Min time     Max time
Copy:           10942.4     0.067859     0.065418     0.070435
Scale:          10657.4     0.067440     0.067167     0.067969
Add:             8852.8     0.126531     0.121289     0.132276
Triad:           8920.9     0.125768     0.120363     0.131844
-------------------------------------------------------------
Solution Validates: avg error less than 1.000000e-06 on all three arrays
-------------------------------------------------------------



--- run 5 ---
-------------------------------------------------------------
STREAM (dynamic) version — custom malloc-based implementation
-------------------------------------------------------------
This system uses 4 bytes per array element.
-------------------------------------------------------------
Array size = 89478485 (elements), Offset = 0 (elements)
Memory per array = 341.3 MiB (= 0.3 GiB).
Total memory required = 1024.0 MiB (= 1.0 GiB).
Each kernel will be executed 5 times.
-------------------------------------------------------------
Function    Best Rate MB/s  Avg time     Min time     Max time
Copy:           11644.2     0.063685     0.061475     0.068059
Scale:          10668.2     0.067183     0.067099     0.067361
Add:             8951.9     0.121776     0.119945     0.123833
Triad:           9117.2     0.122929     0.117771     0.132724
-------------------------------------------------------------
Solution Validates: avg error less than 1.000000e-06 on all three arrays
-------------------------------------------------------------



--- run 1 ---
-------------------------------------------------------------
STREAM (dynamic) version — custom malloc-based implementation
-------------------------------------------------------------
This system uses 4 bytes per array element.
-------------------------------------------------------------
Array size = 100436224 (elements), Offset = 0 (elements)
Memory per array = 383.1 MiB (= 0.4 GiB).
Total memory required = 1149.4 MiB (= 1.1 GiB).
Each kernel will be executed 5 times.
-------------------------------------------------------------
Function    Best Rate MB/s  Avg time     Min time     Max time
Copy:           11105.4     0.076842     0.072351     0.081673
Scale:          10494.6     0.077042     0.076562     0.077897
Add:             8589.5     0.150180     0.140315     0.155192
Triad:           8668.8     0.148434     0.139032     0.153058
-------------------------------------------------------------
Solution Validates: avg error less than 1.000000e-06 on all three arrays
-------------------------------------------------------------



--- run 2 ---
-------------------------------------------------------------
STREAM (dynamic) version — custom malloc-based implementation
-------------------------------------------------------------
This system uses 4 bytes per array element.
-------------------------------------------------------------
Array size = 100436224 (elements), Offset = 0 (elements)
Memory per array = 383.1 MiB (= 0.4 GiB).
Total memory required = 1149.4 MiB (= 1.1 GiB).
Each kernel will be executed 5 times.
-------------------------------------------------------------
Function    Best Rate MB/s  Avg time     Min time     Max time
Copy:           10880.8     0.076860     0.073845     0.079337
Scale:          10502.0     0.077538     0.076508     0.080420
Add:             8405.2     0.149822     0.143392     0.154198
Triad:           8498.8     0.151984     0.141813     0.158146
-------------------------------------------------------------
Solution Validates: avg error less than 1.000000e-06 on all three arrays
-------------------------------------------------------------



--- run 3 ---
-------------------------------------------------------------
STREAM (dynamic) version — custom malloc-based implementation
-------------------------------------------------------------
This system uses 4 bytes per array element.
-------------------------------------------------------------
Array size = 100436224 (elements), Offset = 0 (elements)
Memory per array = 383.1 MiB (= 0.4 GiB).
Total memory required = 1149.4 MiB (= 1.1 GiB).
Each kernel will be executed 5 times.
-------------------------------------------------------------
Function    Best Rate MB/s  Avg time     Min time     Max time
Copy:           11518.6     0.070588     0.069756     0.071715
Scale:          10493.1     0.076754     0.076573     0.077013
Add:             8739.4     0.139933     0.137908     0.142097
Triad:           8817.0     0.142681     0.136694     0.156647
-------------------------------------------------------------
Solution Validates: avg error less than 1.000000e-06 on all three arrays
-------------------------------------------------------------



--- run 4 ---
-------------------------------------------------------------
STREAM (dynamic) version — custom malloc-based implementation
-------------------------------------------------------------
This system uses 4 bytes per array element.
-------------------------------------------------------------
Array size = 100436224 (elements), Offset = 0 (elements)
Memory per array = 383.1 MiB (= 0.4 GiB).
Total memory required = 1149.4 MiB (= 1.1 GiB).
Each kernel will be executed 5 times.
-------------------------------------------------------------
Function    Best Rate MB/s  Avg time     Min time     Max time
Copy:           10831.0     0.077502     0.074184     0.081277
Scale:          10495.8     0.076943     0.076554     0.077769
Add:             8439.5     0.148748     0.142808     0.159088
Triad:           8557.7     0.144701     0.140837     0.151452
-------------------------------------------------------------
Solution Validates: avg error less than 1.000000e-06 on all three arrays
-------------------------------------------------------------



--- run 5 ---
-------------------------------------------------------------
STREAM (dynamic) version — custom malloc-based implementation
-------------------------------------------------------------
This system uses 4 bytes per array element.
-------------------------------------------------------------
Array size = 100436224 (elements), Offset = 0 (elements)
Memory per array = 383.1 MiB (= 0.4 GiB).
Total memory required = 1149.4 MiB (= 1.1 GiB).
Each kernel will be executed 5 times.
-------------------------------------------------------------
Function    Best Rate MB/s  Avg time     Min time     Max time
Copy:           11011.5     0.075950     0.072968     0.078899
Scale:          10521.1     0.076775     0.076369     0.077741
Add:             8554.1     0.147180     0.140895     0.158472
Triad:           8636.0     0.148994     0.139559     0.154970
-------------------------------------------------------------
Solution Validates: avg error less than 1.000000e-06 on all three arrays
-------------------------------------------------------------



--- run 1 ---
-------------------------------------------------------------
STREAM (dynamic) version — custom malloc-based implementation
-------------------------------------------------------------
This system uses 4 bytes per array element.
-------------------------------------------------------------
Array size = 112735829 (elements), Offset = 0 (elements)
Memory per array = 430.1 MiB (= 0.4 GiB).
Total memory required = 1290.2 MiB (= 1.3 GiB).
Each kernel will be executed 5 times.
-------------------------------------------------------------
Function    Best Rate MB/s  Avg time     Min time     Max time
Copy:           11477.9     0.081071     0.078576     0.084427
Scale:          10774.8     0.083931     0.083703     0.084118
Add:             9003.9     0.157549     0.150249     0.165513
Triad:           9092.3     0.152704     0.148789     0.155938
-------------------------------------------------------------
Solution Validates: avg error less than 1.000000e-06 on all three arrays
-------------------------------------------------------------



--- run 2 ---
-------------------------------------------------------------
STREAM (dynamic) version — custom malloc-based implementation
-------------------------------------------------------------
This system uses 4 bytes per array element.
-------------------------------------------------------------
Array size = 112735829 (elements), Offset = 0 (elements)
Memory per array = 430.1 MiB (= 0.4 GiB).
Total memory required = 1290.2 MiB (= 1.3 GiB).
Each kernel will be executed 5 times.
-------------------------------------------------------------
Function    Best Rate MB/s  Avg time     Min time     Max time
Copy:           11063.1     0.082388     0.081522     0.084375
Scale:          10798.3     0.083750     0.083521     0.083954
Add:             8895.2     0.159913     0.152085     0.167025
Triad:           8428.2     0.162127     0.160512     0.166540
-------------------------------------------------------------
Solution Validates: avg error less than 1.000000e-06 on all three arrays
-------------------------------------------------------------



--- run 3 ---
-------------------------------------------------------------
STREAM (dynamic) version — custom malloc-based implementation
-------------------------------------------------------------
This system uses 4 bytes per array element.
-------------------------------------------------------------
Array size = 112735829 (elements), Offset = 0 (elements)
Memory per array = 430.1 MiB (= 0.4 GiB).
Total memory required = 1290.2 MiB (= 1.3 GiB).
Each kernel will be executed 5 times.
-------------------------------------------------------------
Function    Best Rate MB/s  Avg time     Min time     Max time
Copy:           11587.2     0.079222     0.077835     0.082019
Scale:          10790.9     0.083800     0.083579     0.084010
Add:             8991.9     0.158876     0.150450     0.167844
Triad:           9138.5     0.155268     0.148036     0.164193
-------------------------------------------------------------
Solution Validates: avg error less than 1.000000e-06 on all three arrays
-------------------------------------------------------------



--- run 4 ---
-------------------------------------------------------------
STREAM (dynamic) version — custom malloc-based implementation
-------------------------------------------------------------
This system uses 4 bytes per array element.
-------------------------------------------------------------
Array size = 112735829 (elements), Offset = 0 (elements)
Memory per array = 430.1 MiB (= 0.4 GiB).
Total memory required = 1290.2 MiB (= 1.3 GiB).
Each kernel will be executed 5 times.
-------------------------------------------------------------
Function    Best Rate MB/s  Avg time     Min time     Max time
Copy:           10901.4     0.087588     0.082731     0.089489
Scale:          10771.7     0.083813     0.083727     0.083905
Add:             8406.7     0.164805     0.160922     0.172009
Triad:           8330.7     0.163007     0.162390     0.163590
-------------------------------------------------------------
Solution Validates: avg error less than 1.000000e-06 on all three arrays
-------------------------------------------------------------



--- run 5 ---
-------------------------------------------------------------
STREAM (dynamic) version — custom malloc-based implementation
-------------------------------------------------------------
This system uses 4 bytes per array element.
-------------------------------------------------------------
Array size = 112735829 (elements), Offset = 0 (elements)
Memory per array = 430.1 MiB (= 0.4 GiB).
Total memory required = 1290.2 MiB (= 1.3 GiB).
Each kernel will be executed 5 times.
-------------------------------------------------------------
Function    Best Rate MB/s  Avg time     Min time     Max time
Copy:           10969.8     0.086489     0.082216     0.088547
Scale:          10764.9     0.083990     0.083780     0.084488
Add:             9004.1     0.160713     0.150246     0.168780
Triad:           9045.6     0.157226     0.149556     0.162323
-------------------------------------------------------------
Solution Validates: avg error less than 1.000000e-06 on all three arrays
-------------------------------------------------------------



--- run 1 ---
-------------------------------------------------------------
STREAM (dynamic) version — custom malloc-based implementation
-------------------------------------------------------------
This system uses 4 bytes per array element.
-------------------------------------------------------------
Array size = 126541653 (elements), Offset = 0 (elements)
Memory per array = 482.7 MiB (= 0.5 GiB).
Total memory required = 1448.2 MiB (= 1.4 GiB).
Each kernel will be executed 5 times.
-------------------------------------------------------------
Function    Best Rate MB/s  Avg time     Min time     Max time
Copy:           11046.8     0.095569     0.091640     0.098489
Scale:          10644.3     0.095354     0.095106     0.095877
Add:             8858.4     0.182443     0.171419     0.191013
Triad:           8925.7     0.181161     0.170126     0.190541
-------------------------------------------------------------
Solution Validates: avg error less than 1.000000e-06 on all three arrays
-------------------------------------------------------------



--- run 2 ---
-------------------------------------------------------------
STREAM (dynamic) version — custom malloc-based implementation
-------------------------------------------------------------
This system uses 4 bytes per array element.
-------------------------------------------------------------
Array size = 126541653 (elements), Offset = 0 (elements)
Memory per array = 482.7 MiB (= 0.5 GiB).
Total memory required = 1448.2 MiB (= 1.4 GiB).
Each kernel will be executed 5 times.
-------------------------------------------------------------
Function    Best Rate MB/s  Avg time     Min time     Max time
Copy:           11225.0     0.094107     0.090186     0.095973
Scale:          10831.3     0.094226     0.093464     0.094601
Add:             8281.9     0.187401     0.183351     0.191858
Triad:           8684.0     0.180417     0.174861     0.183691
-------------------------------------------------------------
Solution Validates: avg error less than 1.000000e-06 on all three arrays
-------------------------------------------------------------



--- run 3 ---
-------------------------------------------------------------
STREAM (dynamic) version — custom malloc-based implementation
-------------------------------------------------------------
This system uses 4 bytes per array element.
-------------------------------------------------------------
Array size = 126541653 (elements), Offset = 0 (elements)
Memory per array = 482.7 MiB (= 0.5 GiB).
Total memory required = 1448.2 MiB (= 1.4 GiB).
Each kernel will be executed 5 times.
-------------------------------------------------------------
Function    Best Rate MB/s  Avg time     Min time     Max time
Copy:           11270.2     0.091613     0.089824     0.096617
Scale:          10720.7     0.095024     0.094428     0.095373
Add:             8838.7     0.182660     0.171801     0.198062
Triad:           8946.5     0.176618     0.169731     0.184109
-------------------------------------------------------------
Solution Validates: avg error less than 1.000000e-06 on all three arrays
-------------------------------------------------------------



--- run 4 ---
-------------------------------------------------------------
STREAM (dynamic) version — custom malloc-based implementation
-------------------------------------------------------------
This system uses 4 bytes per array element.
-------------------------------------------------------------
Array size = 126541653 (elements), Offset = 0 (elements)
Memory per array = 482.7 MiB (= 0.5 GiB).
Total memory required = 1448.2 MiB (= 1.4 GiB).
Each kernel will be executed 5 times.
-------------------------------------------------------------
Function    Best Rate MB/s  Avg time     Min time     Max time
Copy:           11342.4     0.089852     0.089252     0.091295
Scale:          10645.0     0.095226     0.095099     0.095381
Add:             8979.4     0.177892     0.169110     0.186705
Triad:           9047.0     0.178317     0.167846     0.192126
-------------------------------------------------------------
Solution Validates: avg error less than 1.000000e-06 on all three arrays
-------------------------------------------------------------



--- run 5 ---
-------------------------------------------------------------
STREAM (dynamic) version — custom malloc-based implementation
-------------------------------------------------------------
This system uses 4 bytes per array element.
-------------------------------------------------------------
Array size = 126541653 (elements), Offset = 0 (elements)
Memory per array = 482.7 MiB (= 0.5 GiB).
Total memory required = 1448.2 MiB (= 1.4 GiB).
Each kernel will be executed 5 times.
-------------------------------------------------------------
Function    Best Rate MB/s  Avg time     Min time     Max time
Copy:           10962.4     0.100049     0.092346     0.113197
Scale:          10636.8     0.095932     0.095173     0.096653
Add:             8881.5     0.179698     0.170973     0.191273
Triad:           8902.2     0.180077     0.170575     0.190317
-------------------------------------------------------------
Solution Validates: avg error less than 1.000000e-06 on all three arrays
-------------------------------------------------------------



--- run 1 ---
-------------------------------------------------------------
STREAM (dynamic) version — custom malloc-based implementation
-------------------------------------------------------------
This system uses 4 bytes per array element.
-------------------------------------------------------------
Array size = 142038272 (elements), Offset = 0 (elements)
Memory per array = 541.8 MiB (= 0.5 GiB).
Total memory required = 1625.5 MiB (= 1.6 GiB).
Each kernel will be executed 5 times.
-------------------------------------------------------------
Function    Best Rate MB/s  Avg time     Min time     Max time
Copy:           11328.9     0.106361     0.100302     0.109207
Scale:          10727.0     0.106354     0.105930     0.107076
Add:             8652.2     0.203970     0.196998     0.209205
Triad:           8399.2     0.203579     0.202930     0.205444
-------------------------------------------------------------
Solution Validates: avg error less than 1.000000e-06 on all three arrays
-------------------------------------------------------------



--- run 2 ---
-------------------------------------------------------------
STREAM (dynamic) version — custom malloc-based implementation
-------------------------------------------------------------
This system uses 4 bytes per array element.
-------------------------------------------------------------
Array size = 142038272 (elements), Offset = 0 (elements)
Memory per array = 541.8 MiB (= 0.5 GiB).
Total memory required = 1625.5 MiB (= 1.6 GiB).
Each kernel will be executed 5 times.
-------------------------------------------------------------
Function    Best Rate MB/s  Avg time     Min time     Max time
Copy:           11276.2     0.103663     0.100770     0.108433
Scale:          10482.9     0.108684     0.108396     0.109420
Add:             8657.7     0.204263     0.196872     0.210203
Triad:           8931.9     0.203041     0.190828     0.207296
-------------------------------------------------------------
Solution Validates: avg error less than 1.000000e-06 on all three arrays
-------------------------------------------------------------



--- run 3 ---
-------------------------------------------------------------
STREAM (dynamic) version — custom malloc-based implementation
-------------------------------------------------------------
This system uses 4 bytes per array element.
-------------------------------------------------------------
Array size = 142038272 (elements), Offset = 0 (elements)
Memory per array = 541.8 MiB (= 0.5 GiB).
Total memory required = 1625.5 MiB (= 1.6 GiB).
Each kernel will be executed 5 times.
-------------------------------------------------------------
Function    Best Rate MB/s  Avg time     Min time     Max time
Copy:           10918.2     0.109817     0.104075     0.121293
Scale:          10690.7     0.106460     0.106289     0.106652
Add:             8969.1     0.198961     0.190036     0.207135
Triad:           9081.4     0.197421     0.187686     0.202701
-------------------------------------------------------------
Solution Validates: avg error less than 1.000000e-06 on all three arrays
-------------------------------------------------------------



--- run 4 ---
-------------------------------------------------------------
STREAM (dynamic) version — custom malloc-based implementation
-------------------------------------------------------------
This system uses 4 bytes per array element.
-------------------------------------------------------------
Array size = 142038272 (elements), Offset = 0 (elements)
Memory per array = 541.8 MiB (= 0.5 GiB).
Total memory required = 1625.5 MiB (= 1.6 GiB).
Each kernel will be executed 5 times.
-------------------------------------------------------------
Function    Best Rate MB/s  Avg time     Min time     Max time
Copy:           10715.4     0.107673     0.106044     0.109419
Scale:          10684.7     0.106539     0.106349     0.106946
Add:             9015.9     0.195967     0.189050     0.204064
Triad:           8685.8     0.203997     0.196235     0.213506
-------------------------------------------------------------
Solution Validates: avg error less than 1.000000e-06 on all three arrays
-------------------------------------------------------------



--- run 5 ---
-------------------------------------------------------------
STREAM (dynamic) version — custom malloc-based implementation
-------------------------------------------------------------
This system uses 4 bytes per array element.
-------------------------------------------------------------
Array size = 142038272 (elements), Offset = 0 (elements)
Memory per array = 541.8 MiB (= 0.5 GiB).
Total memory required = 1625.5 MiB (= 1.6 GiB).
Each kernel will be executed 5 times.
-------------------------------------------------------------
Function    Best Rate MB/s  Avg time     Min time     Max time
Copy:           10959.1     0.114644     0.103686     0.141630
Scale:          10692.1     0.106376     0.106275     0.106586
Add:             8572.7     0.204636     0.198824     0.207448
Triad:           8381.2     0.204705     0.203366     0.206993
-------------------------------------------------------------
Solution Validates: avg error less than 1.000000e-06 on all three arrays
-------------------------------------------------------------



--- run 1 ---
-------------------------------------------------------------
STREAM (dynamic) version — custom malloc-based implementation
-------------------------------------------------------------
This system uses 4 bytes per array element.
-------------------------------------------------------------
Array size = 159432533 (elements), Offset = 0 (elements)
Memory per array = 608.2 MiB (= 0.6 GiB).
Total memory required = 1824.6 MiB (= 1.8 GiB).
Each kernel will be executed 5 times.
-------------------------------------------------------------
Function    Best Rate MB/s  Avg time     Min time     Max time
Copy:           10626.4     0.123848     0.120028     0.127201
Scale:          10781.3     0.118638     0.118303     0.119252
Add:             9024.4     0.217727     0.212003     0.227907
Triad:           8430.5     0.227492     0.226937     0.228083
-------------------------------------------------------------
Solution Validates: avg error less than 1.000000e-06 on all three arrays
-------------------------------------------------------------



--- run 2 ---
-------------------------------------------------------------
STREAM (dynamic) version — custom malloc-based implementation
-------------------------------------------------------------
This system uses 4 bytes per array element.
-------------------------------------------------------------
Array size = 159432533 (elements), Offset = 0 (elements)
Memory per array = 608.2 MiB (= 0.6 GiB).
Total memory required = 1824.6 MiB (= 1.8 GiB).
Each kernel will be executed 5 times.
-------------------------------------------------------------
Function    Best Rate MB/s  Avg time     Min time     Max time
Copy:           11016.3     0.136951     0.115779     0.183386
Scale:          10712.4     0.119569     0.119064     0.120357
Add:             8550.8     0.228664     0.223745     0.234474
Triad:           8970.7     0.224308     0.213270     0.233183
-------------------------------------------------------------
Solution Validates: avg error less than 1.000000e-06 on all three arrays
-------------------------------------------------------------



--- run 3 ---
-------------------------------------------------------------
STREAM (dynamic) version — custom malloc-based implementation
-------------------------------------------------------------
This system uses 4 bytes per array element.
-------------------------------------------------------------
Array size = 159432533 (elements), Offset = 0 (elements)
Memory per array = 608.2 MiB (= 0.6 GiB).
Total memory required = 1824.6 MiB (= 1.8 GiB).
Each kernel will be executed 5 times.
-------------------------------------------------------------
Function    Best Rate MB/s  Avg time     Min time     Max time
Copy:           10717.7     0.126214     0.119005     0.134268
Scale:          10678.0     0.123971     0.119447     0.136987
Add:             8992.9     0.225253     0.212744     0.229764
Triad:           8329.3     0.232904     0.229695     0.236922
-------------------------------------------------------------
Solution Validates: avg error less than 1.000000e-06 on all three arrays
-------------------------------------------------------------



--- run 4 ---
-------------------------------------------------------------
STREAM (dynamic) version — custom malloc-based implementation
-------------------------------------------------------------
This system uses 4 bytes per array element.
-------------------------------------------------------------
Array size = 159432533 (elements), Offset = 0 (elements)
Memory per array = 608.2 MiB (= 0.6 GiB).
Total memory required = 1824.6 MiB (= 1.8 GiB).
Each kernel will be executed 5 times.
-------------------------------------------------------------
Function    Best Rate MB/s  Avg time     Min time     Max time
Copy:           11153.8     0.117435     0.114352     0.123211
Scale:          10740.8     0.118884     0.118749     0.119285
Add:             9043.5     0.222540     0.211555     0.230431
Triad:           9084.9     0.221490     0.210591     0.230472
-------------------------------------------------------------
Solution Validates: avg error less than 1.000000e-06 on all three arrays
-------------------------------------------------------------



--- run 5 ---
-------------------------------------------------------------
STREAM (dynamic) version — custom malloc-based implementation
-------------------------------------------------------------
This system uses 4 bytes per array element.
-------------------------------------------------------------
Array size = 159432533 (elements), Offset = 0 (elements)
Memory per array = 608.2 MiB (= 0.6 GiB).
Total memory required = 1824.6 MiB (= 1.8 GiB).
Each kernel will be executed 5 times.
-------------------------------------------------------------
Function    Best Rate MB/s  Avg time     Min time     Max time
Copy:           10491.4     0.126263     0.121572     0.128791
Scale:          10790.8     0.118352     0.118199     0.118457
Add:             9040.0     0.222041     0.211637     0.229423
Triad:           8959.4     0.220094     0.213539     0.228256
-------------------------------------------------------------
Solution Validates: avg error less than 1.000000e-06 on all three arrays
-------------------------------------------------------------



--- run 1 ---
-------------------------------------------------------------
STREAM (dynamic) version — custom malloc-based implementation
-------------------------------------------------------------
This system uses 4 bytes per array element.
-------------------------------------------------------------
Array size = 178956970 (elements), Offset = 0 (elements)
Memory per array = 682.7 MiB (= 0.7 GiB).
Total memory required = 2048.0 MiB (= 2.0 GiB).
Each kernel will be executed 5 times.
-------------------------------------------------------------
Function    Best Rate MB/s  Avg time     Min time     Max time
Copy:           11506.2     0.128853     0.124425     0.133203
Scale:          10665.0     0.134503     0.134239     0.135004
Add:             8280.7     0.263429     0.259336     0.268170
Triad:           8289.8     0.262666     0.259051     0.266464
-------------------------------------------------------------
Solution Validates: avg error less than 1.000000e-06 on all three arrays
-------------------------------------------------------------



--- run 2 ---
-------------------------------------------------------------
STREAM (dynamic) version — custom malloc-based implementation
-------------------------------------------------------------
This system uses 4 bytes per array element.
-------------------------------------------------------------
Array size = 178956970 (elements), Offset = 0 (elements)
Memory per array = 682.7 MiB (= 0.7 GiB).
Total memory required = 2048.0 MiB (= 2.0 GiB).
Each kernel will be executed 5 times.
-------------------------------------------------------------
Function    Best Rate MB/s  Avg time     Min time     Max time
Copy:           11030.7     0.131743     0.129788     0.132718
Scale:          10698.1     0.134930     0.133823     0.136954
Add:             8246.9     0.262913     0.260400     0.266025
Triad:           8456.4     0.259565     0.253948     0.265984
-------------------------------------------------------------
Solution Validates: avg error less than 1.000000e-06 on all three arrays
-------------------------------------------------------------



--- run 3 ---
-------------------------------------------------------------
STREAM (dynamic) version — custom malloc-based implementation
-------------------------------------------------------------
This system uses 4 bytes per array element.
-------------------------------------------------------------
Array size = 178956970 (elements), Offset = 0 (elements)
Memory per array = 682.7 MiB (= 0.7 GiB).
Total memory required = 2048.0 MiB (= 2.0 GiB).
Each kernel will be executed 5 times.
-------------------------------------------------------------
Function    Best Rate MB/s  Avg time     Min time     Max time
Copy:           11619.1     0.129146     0.123215     0.132612
Scale:          10681.6     0.134310     0.134030     0.135052
Add:             8870.9     0.259652     0.242081     0.269768
Triad:           8682.3     0.255942     0.247340     0.269042
-------------------------------------------------------------
Solution Validates: avg error less than 1.000000e-06 on all three arrays
-------------------------------------------------------------



--- run 4 ---
-------------------------------------------------------------
STREAM (dynamic) version — custom malloc-based implementation
-------------------------------------------------------------
This system uses 4 bytes per array element.
-------------------------------------------------------------
Array size = 178956970 (elements), Offset = 0 (elements)
Memory per array = 682.7 MiB (= 0.7 GiB).
Total memory required = 2048.0 MiB (= 2.0 GiB).
Each kernel will be executed 5 times.
-------------------------------------------------------------
Function    Best Rate MB/s  Avg time     Min time     Max time
Copy:           11399.2     0.127580     0.125593     0.131986
Scale:          10715.3     0.133896     0.133609     0.134365
Add:             8887.7     0.257877     0.241625     0.267438
Triad:           8404.3     0.257968     0.255523     0.258901
-------------------------------------------------------------
Solution Validates: avg error less than 1.000000e-06 on all three arrays
-------------------------------------------------------------



--- run 5 ---
-------------------------------------------------------------
STREAM (dynamic) version — custom malloc-based implementation
-------------------------------------------------------------
This system uses 4 bytes per array element.
-------------------------------------------------------------
Array size = 178956970 (elements), Offset = 0 (elements)
Memory per array = 682.7 MiB (= 0.7 GiB).
Total memory required = 2048.0 MiB (= 2.0 GiB).
Each kernel will be executed 5 times.
-------------------------------------------------------------
Function    Best Rate MB/s  Avg time     Min time     Max time
Copy:           11309.4     0.132127     0.126590     0.136028
Scale:          10696.0     0.134582     0.133850     0.136498
Add:             8916.9     0.259710     0.240833     0.269462
Triad:           8758.4     0.252853     0.245191     0.260929
-------------------------------------------------------------
Solution Validates: avg error less than 1.000000e-06 on all three arrays
-------------------------------------------------------------


